#
# There is insufficient memory for the Java Runtime Environment to continue.
# Native memory allocation (malloc) failed to allocate 1646736 bytes. Error detail: Chunk::new
# Possible reasons:
#   The system is out of physical RAM or swap space
#   This process is running with CompressedOops enabled, and the Java Heap may be blocking the growth of the native heap
# Possible solutions:
#   Reduce memory load on the system
#   Increase physical memory or swap space
#   Check if swap backing store is full
#   Decrease Java heap size (-Xmx/-Xms)
#   Decrease number of Java threads
#   Decrease Java thread stack sizes (-Xss)
#   Set larger code cache with -XX:ReservedCodeCacheSize=
#   JVM is running with Zero Based Compressed Oops mode in which the Java heap is
#     placed in the first 32GB address space. The Java Heap base address is the
#     maximum limit for the native heap growth. Please use -XX:HeapBaseMinAddress
#     to set the Java Heap base and to place the Java Heap above 32GB virtual address.
# This output file may be truncated or incomplete.
#
#  Out of Memory Error (arena.cpp:168), pid=19740, tid=10804
#
# JRE version: OpenJDK Runtime Environment Temurin-21.0.7+6 (21.0.7+6) (build 21.0.7+6-LTS)
# Java VM: OpenJDK 64-Bit Server VM Temurin-21.0.7+6 (21.0.7+6-LTS, mixed mode, sharing, tiered, compressed oops, compressed class ptrs, g1 gc, windows-amd64)
# No core dump will be written. Minidumps are not enabled by default on client versions of Windows
#

---------------  S U M M A R Y ------------

Command Line: -DkotlinLanguageServer.version=1.3.13 org.javacs.kt.MainKt

Host: Intel(R) Core(TM) i9-14900HX, 32 cores, 15G,  Windows 11 , 64 bit Build 26100 (10.0.26100.9168)
Time: Tue Sep  1 10:03:49 2026  Windows 11 , 64 bit Build 26100 (10.0.26100.9168) elapsed time: 39.134838 seconds (0d 0h 0m 39s)

---------------  T H R E A D  ---------------

Current thread (0x0000015cc9b9df30):  JavaThread "C2 CompilerThread1" daemon [_thread_in_native, id=10804, stack(0x000000392e100000,0x000000392e200000) (1024K)]


Current CompileTask:
C2:39135 24739       4       org.jetbrains.kotlin.resolve.calls.KotlinCallResolver::resolveAndCompleteCall (75 bytes)

Stack: [0x000000392e100000,0x000000392e200000]
Native frames: (J=compiled Java code, j=interpreted, Vv=VM code, C=native code)
V  [jvm.dll+0x6ce119]
V  [jvm.dll+0x8a84a1]
V  [jvm.dll+0x8aa9ce]
V  [jvm.dll+0x8ab0b3]
V  [jvm.dll+0x27f8a6]
V  [jvm.dll+0xc507d]
V  [jvm.dll+0xc55b3]
V  [jvm.dll+0x3b68f2]
V  [jvm.dll+0x382aa5]
V  [jvm.dll+0x381f0a]
V  [jvm.dll+0x247af0]
V  [jvm.dll+0x2470cf]
V  [jvm.dll+0x1c760e]
V  [jvm.dll+0x25695a]
V  [jvm.dll+0x254efa]
V  [jvm.dll+0x3f03f6]
V  [jvm.dll+0x851f6b]
V  [jvm.dll+0x6cc7dd]
C  [ucrtbase.dll+0x2cd30]
C  [KERNEL32.DLL+0x2ccb7]
C  [ntdll.dll+0xaad6c]


---------------  P R O C E S S  ---------------

Threads class SMR info:
_java_thread_list=0x0000015cca1b4d40, length=22, elements={
0x0000015cf82829c0, 0x0000015cf8285420, 0x0000015cf8289e90, 0x0000015cf828a8e0,
0x0000015cf828b330, 0x0000015cf828dd90, 0x0000015cf8290e80, 0x0000015cf82a73c0,
0x0000015cf9a69aa0, 0x0000015cf9b538b0, 0x0000015cf9b55900, 0x0000015ccbe9eb10,
0x0000015cd84f1840, 0x0000015ccbc55060, 0x0000015ccc7f8930, 0x0000015ccbe7e830,
0x0000015ccbebb020, 0x0000015ccbe7fbe0, 0x0000015ccbe81cb0, 0x0000015cc9b41a00,
0x0000015ccbe80f90, 0x0000015cc9b9df30
}

Java Threads: ( => current thread )
  0x0000015cf82829c0 JavaThread "Reference Handler"          daemon [_thread_blocked, id=7092, stack(0x000000392d600000,0x000000392d700000) (1024K)]
  0x0000015cf8285420 JavaThread "Finalizer"                  daemon [_thread_blocked, id=25824, stack(0x000000392d700000,0x000000392d800000) (1024K)]
  0x0000015cf8289e90 JavaThread "Signal Dispatcher"          daemon [_thread_blocked, id=26776, stack(0x000000392d800000,0x000000392d900000) (1024K)]
  0x0000015cf828a8e0 JavaThread "Attach Listener"            daemon [_thread_blocked, id=6092, stack(0x000000392d900000,0x000000392da00000) (1024K)]
  0x0000015cf828b330 JavaThread "Service Thread"             daemon [_thread_blocked, id=16148, stack(0x000000392da00000,0x000000392db00000) (1024K)]
  0x0000015cf828dd90 JavaThread "Monitor Deflation Thread"   daemon [_thread_blocked, id=15552, stack(0x000000392db00000,0x000000392dc00000) (1024K)]
  0x0000015cf8290e80 JavaThread "C2 CompilerThread0"         daemon [_thread_in_native, id=11960, stack(0x000000392dc00000,0x000000392dd00000) (1024K)]
  0x0000015cf82a73c0 JavaThread "C1 CompilerThread0"         daemon [_thread_blocked, id=2200, stack(0x000000392dd00000,0x000000392de00000) (1024K)]
  0x0000015cf9a69aa0 JavaThread "C1 CompilerThread1"         daemon [_thread_blocked, id=16968, stack(0x000000392de00000,0x000000392df00000) (1024K)]
  0x0000015cf9b538b0 JavaThread "Notification Thread"        daemon [_thread_blocked, id=19896, stack(0x000000392df00000,0x000000392e000000) (1024K)]
  0x0000015cf9b55900 JavaThread "Common-Cleaner"             daemon [_thread_blocked, id=22352, stack(0x000000392e000000,0x000000392e100000) (1024K)]
  0x0000015ccbe9eb10 JavaThread "client"                            [_thread_in_native, id=8548, stack(0x000000392fc00000,0x000000392fd00000) (1024K)]
  0x0000015cd84f1840 JavaThread "DestroyJavaVM"                     [_thread_blocked, id=13488, stack(0x000000392ce00000,0x000000392cf00000) (1024K)]
  0x0000015ccbc55060 JavaThread "async0"                            [_thread_blocked, id=15960, stack(0x000000392fd00000,0x000000392fe00000) (1024K)]
  0x0000015ccc7f8930 JavaThread "C1 CompilerThread2"         daemon [_thread_blocked, id=17604, stack(0x000000392e200000,0x000000392e300000) (1024K)]
  0x0000015ccbe7e830 JavaThread "async1"                            [_thread_blocked, id=29436, stack(0x000000392e300000,0x000000392e400000) (1024K)]
  0x0000015ccbebb020 JavaThread "C1 CompilerThread3"         daemon [_thread_blocked, id=3948, stack(0x000000392e400000,0x000000392e500000) (1024K)]
  0x0000015ccbe7fbe0 JavaThread "debounce0"                         [_thread_in_native, id=18164, stack(0x0000003930300000,0x0000003930400000) (1024K)]
  0x0000015ccbe81cb0 JavaThread "async2"                            [_thread_blocked, id=12372, stack(0x0000003930400000,0x0000003930500000) (1024K)]
  0x0000015cc9b41a00 JavaThread "C1 CompilerThread4"         daemon [_thread_blocked, id=16024, stack(0x0000003930500000,0x0000003930600000) (1024K)]
  0x0000015ccbe80f90 JavaThread "async3"                            [_thread_blocked, id=23068, stack(0x000000392ee00000,0x000000392ef00000) (1024K)]
=>0x0000015cc9b9df30 JavaThread "C2 CompilerThread1"         daemon [_thread_in_native, id=10804, stack(0x000000392e100000,0x000000392e200000) (1024K)]
Total: 22

Other Threads:
  0x0000015cf8262100 VMThread "VM Thread"                           [id=24308, stack(0x000000392d500000,0x000000392d600000) (1024K)]
  0x0000015cf99a0390 WatcherThread "VM Periodic Task Thread"        [id=29976, stack(0x000000392d400000,0x000000392d500000) (1024K)]
  0x0000015cd855ad90 WorkerThread "GC Thread#0"                     [id=29228, stack(0x000000392cf00000,0x000000392d000000) (1024K)]
  0x0000015cfe7a66f0 WorkerThread "GC Thread#1"                     [id=10852, stack(0x000000392e500000,0x000000392e600000) (1024K)]
  0x0000015cfe71a3f0 WorkerThread "GC Thread#2"                     [id=26996, stack(0x000000392e600000,0x000000392e700000) (1024K)]
  0x0000015cfe71aba0 WorkerThread "GC Thread#3"                     [id=18392, stack(0x000000392e700000,0x000000392e800000) (1024K)]
  0x0000015cfe781c80 WorkerThread "GC Thread#4"                     [id=21196, stack(0x000000392e800000,0x000000392e900000) (1024K)]
  0x0000015cfe782020 WorkerThread "GC Thread#5"                     [id=16132, stack(0x000000392e900000,0x000000392ea00000) (1024K)]
  0x0000015cfec0f830 WorkerThread "GC Thread#6"                     [id=8208, stack(0x000000392ea00000,0x000000392eb00000) (1024K)]
  0x0000015cfeed22d0 WorkerThread "GC Thread#7"                     [id=28400, stack(0x000000392eb00000,0x000000392ec00000) (1024K)]
  0x0000015cfeed2670 WorkerThread "GC Thread#8"                     [id=724, stack(0x000000392ec00000,0x000000392ed00000) (1024K)]
  0x0000015cfeed0d10 WorkerThread "GC Thread#9"                     [id=25264, stack(0x000000392ed00000,0x000000392ee00000) (1024K)]
  0x0000015cff787f30 WorkerThread "GC Thread#10"                    [id=8532, stack(0x000000392ef00000,0x000000392f000000) (1024K)]
  0x0000015cff788670 WorkerThread "GC Thread#11"                    [id=26408, stack(0x000000392f000000,0x000000392f100000) (1024K)]
  0x0000015cff788db0 WorkerThread "GC Thread#12"                    [id=30004, stack(0x000000392f100000,0x000000392f200000) (1024K)]
  0x0000015cff78a710 WorkerThread "GC Thread#13"                    [id=17988, stack(0x000000392f700000,0x000000392f800000) (1024K)]
  0x0000015cff787450 WorkerThread "GC Thread#14"                    [id=18764, stack(0x000000392f800000,0x000000392f900000) (1024K)]
  0x0000015ccbccd0a0 WorkerThread "GC Thread#15"                    [id=10868, stack(0x000000392f900000,0x000000392fa00000) (1024K)]
  0x0000015ccbccd7e0 WorkerThread "GC Thread#16"                    [id=29420, stack(0x000000392fa00000,0x000000392fb00000) (1024K)]
  0x0000015ccbccb3a0 WorkerThread "GC Thread#17"                    [id=11756, stack(0x000000392fb00000,0x000000392fc00000) (1024K)]
  0x0000015ccbccdb80 WorkerThread "GC Thread#18"                    [id=14936, stack(0x000000392fe00000,0x000000392ff00000) (1024K)]
  0x0000015ccbccc220 WorkerThread "GC Thread#19"                    [id=25924, stack(0x000000392ff00000,0x0000003930000000) (1024K)]
  0x0000015ccbccbae0 WorkerThread "GC Thread#20"                    [id=27660, stack(0x0000003930000000,0x0000003930100000) (1024K)]
  0x0000015ccbccd440 WorkerThread "GC Thread#21"                    [id=4240, stack(0x0000003930200000,0x0000003930300000) (1024K)]
  0x0000015ccbccdf20 WorkerThread "GC Thread#22"                    [id=20936, stack(0x0000003930600000,0x0000003930700000) (1024K)]
  0x0000015cd856c6c0 ConcurrentGCThread "G1 Main Marker"            [id=3580, stack(0x000000392d000000,0x000000392d100000) (1024K)]
  0x0000015cd856e970 WorkerThread "G1 Conc#0"                       [id=25460, stack(0x000000392d100000,0x000000392d200000) (1024K)]
  0x0000015cff787b90 WorkerThread "G1 Conc#1"                       [id=25908, stack(0x000000392f200000,0x000000392f300000) (1024K)]
  0x0000015cff788a10 WorkerThread "G1 Conc#2"                       [id=11864, stack(0x000000392f300000,0x000000392f400000) (1024K)]
  0x0000015cff7894f0 WorkerThread "G1 Conc#3"                       [id=21004, stack(0x000000392f400000,0x000000392f500000) (1024K)]
  0x0000015cff7882d0 WorkerThread "G1 Conc#4"                       [id=3880, stack(0x000000392f500000,0x000000392f600000) (1024K)]
  0x0000015cff789fd0 WorkerThread "G1 Conc#5"                       [id=19780, stack(0x000000392f600000,0x000000392f700000) (1024K)]
  0x0000015cf819c0b0 ConcurrentGCThread "G1 Refine#0"               [id=19532, stack(0x000000392d200000,0x000000392d300000) (1024K)]
  0x0000015cf819d9e0 ConcurrentGCThread "G1 Service"                [id=23544, stack(0x000000392d300000,0x000000392d400000) (1024K)]
Total: 34

Threads with active compile tasks:
C2 CompilerThread0  39169 24687       4       org.jetbrains.kotlin.resolve.QualifiedExpressionResolver::resolveToPackageOrClassPrefix (543 bytes)
C2 CompilerThread1  39169 24739       4       org.jetbrains.kotlin.resolve.calls.KotlinCallResolver::resolveAndCompleteCall (75 bytes)
Total: 2

VM state: not at safepoint (normal execution)

VM Mutex/Monitor currently owned by a thread: None

Heap address: 0x0000000705e00000, size: 4002 MB, Compressed Oops mode: Zero based, Oop shift amount: 3

CDS archive(s) mapped at: [0x0000015c80000000-0x0000015c80c80000-0x0000015c80c80000), size 13107200, SharedBaseAddress: 0x0000015c80000000, ArchiveRelocationMode: 1.
Compressed class space mapped at: 0x0000015c81000000-0x0000015cc1000000, reserved size: 1073741824
Narrow klass base: 0x0000015c80000000, Narrow klass shift: 0, Narrow klass range: 0x100000000

GC Precious Log:
 CardTable entry size: 512
 Card Set container configuration: InlinePtr #cards 4 size 8 Array Of Cards #cards 16 size 48 Howl #buckets 8 coarsen threshold 3686 Howl Bitmap #cards 512 size 80 coarsen threshold 460 Card regions per heap region 1 cards per card region 4096
 CPUs: 32 total, 32 available
 Memory: 16002M
 Large Page Support: Disabled
 NUMA Support: Disabled
 Compressed Oops: Enabled (Zero based)
 Heap Region Size: 2M
 Heap Min Capacity: 8M
 Heap Initial Capacity: 252M
 Heap Max Capacity: 4002M
 Pre-touch: Disabled
 Parallel Workers: 23
 Concurrent Workers: 6
 Concurrent Refinement Workers: 23
 Periodic GC: Disabled

Heap:
 garbage-first heap   total 1103872K, used 886652K [0x0000000705e00000, 0x0000000800000000)
  region size 2048K, 105 young (215040K), 12 survivors (24576K)
 Metaspace       used 84710K, committed 85952K, reserved 1179648K
  class space    used 9109K, committed 9728K, reserved 1048576K

Heap Regions: E=young(eden), S=young(survivor), O=old, HS=humongous(starts), HC=humongous(continues), CS=collection set, F=free, TAMS=top-at-mark-start, PB=parsable bottom
|   0|0x0000000705e00000, 0x0000000706000000, 0x0000000706000000|100%|HS|  |TAMS 0x0000000705e00000| PB 0x0000000705e00000| Complete 
|   1|0x0000000706000000, 0x0000000706200000, 0x0000000706200000|100%|HC|  |TAMS 0x0000000706000000| PB 0x0000000706000000| Complete 
|   2|0x0000000706200000, 0x0000000706400000, 0x0000000706400000|100%| O|  |TAMS 0x0000000706200000| PB 0x0000000706200000| Untracked 
|   3|0x0000000706400000, 0x0000000706600000, 0x0000000706600000|100%| O|  |TAMS 0x0000000706400000| PB 0x0000000706400000| Untracked 
|   4|0x0000000706600000, 0x0000000706800000, 0x0000000706800000|100%| O|  |TAMS 0x0000000706600000| PB 0x0000000706600000| Untracked 
|   5|0x0000000706800000, 0x0000000706a00000, 0x0000000706a00000|100%| O|  |TAMS 0x0000000706800000| PB 0x0000000706800000| Untracked 
|   6|0x0000000706a00000, 0x0000000706c00000, 0x0000000706c00000|100%| O|  |TAMS 0x0000000706a00000| PB 0x0000000706a00000| Untracked 
|   7|0x0000000706c00000, 0x0000000706e00000, 0x0000000706e00000|100%| O|  |TAMS 0x0000000706c00000| PB 0x0000000706c00000| Untracked 
|   8|0x0000000706e00000, 0x0000000707000000, 0x0000000707000000|100%| O|  |TAMS 0x0000000706e00000| PB 0x0000000706e00000| Untracked 
|   9|0x0000000707000000, 0x0000000707200000, 0x0000000707200000|100%| O|  |TAMS 0x0000000707000000| PB 0x0000000707000000| Untracked 
|  10|0x0000000707200000, 0x0000000707400000, 0x0000000707400000|100%| O|  |TAMS 0x0000000707200000| PB 0x0000000707200000| Untracked 
|  11|0x0000000707400000, 0x0000000707600000, 0x0000000707600000|100%| O|  |TAMS 0x0000000707400000| PB 0x0000000707400000| Untracked 
|  12|0x0000000707600000, 0x0000000707800000, 0x0000000707800000|100%| O|  |TAMS 0x0000000707600000| PB 0x0000000707600000| Untracked 
|  13|0x0000000707800000, 0x0000000707a00000, 0x0000000707a00000|100%| O|  |TAMS 0x0000000707800000| PB 0x0000000707800000| Untracked 
|  14|0x0000000707a00000, 0x0000000707c00000, 0x0000000707c00000|100%| O|  |TAMS 0x0000000707a00000| PB 0x0000000707a00000| Untracked 
|  15|0x0000000707c00000, 0x0000000707e00000, 0x0000000707e00000|100%| O|  |TAMS 0x0000000707c00000| PB 0x0000000707c00000| Untracked 
|  16|0x0000000707e00000, 0x0000000708000000, 0x0000000708000000|100%| O|  |TAMS 0x0000000707e00000| PB 0x0000000707e00000| Untracked 
|  17|0x0000000708000000, 0x0000000708200000, 0x0000000708200000|100%| O|  |TAMS 0x0000000708000000| PB 0x0000000708000000| Untracked 
|  18|0x0000000708200000, 0x0000000708400000, 0x0000000708400000|100%| O|  |TAMS 0x0000000708200000| PB 0x0000000708200000| Untracked 
|  19|0x0000000708400000, 0x0000000708600000, 0x0000000708600000|100%| O|  |TAMS 0x0000000708400000| PB 0x0000000708400000| Untracked 
|  20|0x0000000708600000, 0x0000000708800000, 0x0000000708800000|100%| O|  |TAMS 0x0000000708600000| PB 0x0000000708600000| Untracked 
|  21|0x0000000708800000, 0x0000000708a00000, 0x0000000708a00000|100%| O|  |TAMS 0x0000000708800000| PB 0x0000000708800000| Untracked 
|  22|0x0000000708a00000, 0x0000000708c00000, 0x0000000708c00000|100%| O|  |TAMS 0x0000000708a00000| PB 0x0000000708a00000| Untracked 
|  23|0x0000000708c00000, 0x0000000708e00000, 0x0000000708e00000|100%| O|  |TAMS 0x0000000708c00000| PB 0x0000000708c00000| Untracked 
|  24|0x0000000708e00000, 0x0000000709000000, 0x0000000709000000|100%| O|  |TAMS 0x0000000708e00000| PB 0x0000000708e00000| Untracked 
|  25|0x0000000709000000, 0x0000000709200000, 0x0000000709200000|100%| O|  |TAMS 0x0000000709000000| PB 0x0000000709000000| Untracked 
|  26|0x0000000709200000, 0x0000000709400000, 0x0000000709400000|100%|HS|  |TAMS 0x0000000709200000| PB 0x0000000709200000| Complete 
|  27|0x0000000709400000, 0x0000000709600000, 0x0000000709600000|100%| O|  |TAMS 0x0000000709400000| PB 0x0000000709400000| Untracked 
|  28|0x0000000709600000, 0x0000000709800000, 0x0000000709800000|100%| O|  |TAMS 0x0000000709600000| PB 0x0000000709600000| Untracked 
|  29|0x0000000709800000, 0x0000000709a00000, 0x0000000709a00000|100%| O|  |TAMS 0x0000000709800000| PB 0x0000000709800000| Untracked 
|  30|0x0000000709a00000, 0x0000000709c00000, 0x0000000709c00000|100%| O|  |TAMS 0x0000000709a00000| PB 0x0000000709a00000| Untracked 
|  31|0x0000000709c00000, 0x0000000709e00000, 0x0000000709e00000|100%| O|  |TAMS 0x0000000709c00000| PB 0x0000000709c00000| Untracked 
|  32|0x0000000709e00000, 0x000000070a000000, 0x000000070a000000|100%| O|  |TAMS 0x0000000709e00000| PB 0x0000000709e00000| Untracked 
|  33|0x000000070a000000, 0x000000070a200000, 0x000000070a200000|100%| O|  |TAMS 0x000000070a000000| PB 0x000000070a000000| Untracked 
|  34|0x000000070a200000, 0x000000070a400000, 0x000000070a400000|100%| O|  |TAMS 0x000000070a200000| PB 0x000000070a200000| Untracked 
|  35|0x000000070a400000, 0x000000070a600000, 0x000000070a600000|100%| O|  |TAMS 0x000000070a400000| PB 0x000000070a400000| Untracked 
|  36|0x000000070a600000, 0x000000070a800000, 0x000000070a800000|100%| O|  |TAMS 0x000000070a600000| PB 0x000000070a600000| Untracked 
|  37|0x000000070a800000, 0x000000070aa00000, 0x000000070aa00000|100%| O|  |TAMS 0x000000070a800000| PB 0x000000070a800000| Untracked 
|  38|0x000000070aa00000, 0x000000070ac00000, 0x000000070ac00000|100%|HS|  |TAMS 0x000000070aa00000| PB 0x000000070aa00000| Complete 
|  39|0x000000070ac00000, 0x000000070ae00000, 0x000000070ae00000|100%| O|  |TAMS 0x000000070ac00000| PB 0x000000070ac00000| Untracked 
|  40|0x000000070ae00000, 0x000000070b000000, 0x000000070b000000|100%| O|  |TAMS 0x000000070ae00000| PB 0x000000070ae00000| Untracked 
|  41|0x000000070b000000, 0x000000070b200000, 0x000000070b200000|100%| O|  |TAMS 0x000000070b000000| PB 0x000000070b000000| Untracked 
|  42|0x000000070b200000, 0x000000070b400000, 0x000000070b400000|100%| O|  |TAMS 0x000000070b200000| PB 0x000000070b200000| Untracked 
|  43|0x000000070b400000, 0x000000070b600000, 0x000000070b600000|100%| O|  |TAMS 0x000000070b400000| PB 0x000000070b400000| Untracked 
|  44|0x000000070b600000, 0x000000070b800000, 0x000000070b800000|100%| O|  |TAMS 0x000000070b600000| PB 0x000000070b600000| Untracked 
|  45|0x000000070b800000, 0x000000070ba00000, 0x000000070ba00000|100%| O|  |TAMS 0x000000070b800000| PB 0x000000070b800000| Untracked 
|  46|0x000000070ba00000, 0x000000070bc00000, 0x000000070bc00000|100%| O|  |TAMS 0x000000070ba00000| PB 0x000000070ba00000| Untracked 
|  47|0x000000070bc00000, 0x000000070be00000, 0x000000070be00000|100%| O|  |TAMS 0x000000070bc00000| PB 0x000000070bc00000| Untracked 
|  48|0x000000070be00000, 0x000000070c000000, 0x000000070c000000|100%| O|  |TAMS 0x000000070be00000| PB 0x000000070be00000| Untracked 
|  49|0x000000070c000000, 0x000000070c200000, 0x000000070c200000|100%| O|  |TAMS 0x000000070c000000| PB 0x000000070c000000| Untracked 
|  50|0x000000070c200000, 0x000000070c400000, 0x000000070c400000|100%| O|  |TAMS 0x000000070c200000| PB 0x000000070c200000| Untracked 
|  51|0x000000070c400000, 0x000000070c600000, 0x000000070c600000|100%| O|  |TAMS 0x000000070c400000| PB 0x000000070c400000| Untracked 
|  52|0x000000070c600000, 0x000000070c800000, 0x000000070c800000|100%| O|  |TAMS 0x000000070c600000| PB 0x000000070c600000| Untracked 
|  53|0x000000070c800000, 0x000000070ca00000, 0x000000070ca00000|100%| O|  |TAMS 0x000000070c800000| PB 0x000000070c800000| Untracked 
|  54|0x000000070ca00000, 0x000000070cc00000, 0x000000070cc00000|100%| O|  |TAMS 0x000000070ca00000| PB 0x000000070ca00000| Untracked 
|  55|0x000000070cc00000, 0x000000070ce00000, 0x000000070ce00000|100%| O|  |TAMS 0x000000070cc00000| PB 0x000000070cc00000| Untracked 
|  56|0x000000070ce00000, 0x000000070d000000, 0x000000070d000000|100%| O|  |TAMS 0x000000070ce00000| PB 0x000000070ce00000| Untracked 
|  57|0x000000070d000000, 0x000000070d200000, 0x000000070d200000|100%| O|  |TAMS 0x000000070d000000| PB 0x000000070d000000| Untracked 
|  58|0x000000070d200000, 0x000000070d400000, 0x000000070d400000|100%| O|  |TAMS 0x000000070d200000| PB 0x000000070d200000| Untracked 
|  59|0x000000070d400000, 0x000000070d600000, 0x000000070d600000|100%| O|  |TAMS 0x000000070d400000| PB 0x000000070d400000| Untracked 
|  60|0x000000070d600000, 0x000000070d800000, 0x000000070d800000|100%| O|  |TAMS 0x000000070d600000| PB 0x000000070d600000| Untracked 
|  61|0x000000070d800000, 0x000000070da00000, 0x000000070da00000|100%| O|  |TAMS 0x000000070d800000| PB 0x000000070d800000| Untracked 
|  62|0x000000070da00000, 0x000000070dc00000, 0x000000070dc00000|100%| O|  |TAMS 0x000000070da00000| PB 0x000000070da00000| Untracked 
|  63|0x000000070dc00000, 0x000000070de00000, 0x000000070de00000|100%| O|  |TAMS 0x000000070dc00000| PB 0x000000070dc00000| Untracked 
|  64|0x000000070de00000, 0x000000070e000000, 0x000000070e000000|100%| O|  |TAMS 0x000000070de00000| PB 0x000000070de00000| Untracked 
|  65|0x000000070e000000, 0x000000070e200000, 0x000000070e200000|100%| O|  |TAMS 0x000000070e000000| PB 0x000000070e000000| Untracked 
|  66|0x000000070e200000, 0x000000070e400000, 0x000000070e400000|100%| O|  |TAMS 0x000000070e200000| PB 0x000000070e200000| Untracked 
|  67|0x000000070e400000, 0x000000070e600000, 0x000000070e600000|100%| O|  |TAMS 0x000000070e400000| PB 0x000000070e400000| Untracked 
|  68|0x000000070e600000, 0x000000070e800000, 0x000000070e800000|100%| O|  |TAMS 0x000000070e600000| PB 0x000000070e600000| Untracked 
|  69|0x000000070e800000, 0x000000070ea00000, 0x000000070ea00000|100%| O|  |TAMS 0x000000070e800000| PB 0x000000070e800000| Untracked 
|  70|0x000000070ea00000, 0x000000070ec00000, 0x000000070ec00000|100%| O|  |TAMS 0x000000070ea00000| PB 0x000000070ea00000| Untracked 
|  71|0x000000070ec00000, 0x000000070ee00000, 0x000000070ee00000|100%| O|  |TAMS 0x000000070ec00000| PB 0x000000070ec00000| Untracked 
|  72|0x000000070ee00000, 0x000000070f000000, 0x000000070f000000|100%| O|  |TAMS 0x000000070ee00000| PB 0x000000070ee00000| Untracked 
|  73|0x000000070f000000, 0x000000070f200000, 0x000000070f200000|100%| O|  |TAMS 0x000000070f000000| PB 0x000000070f000000| Untracked 
|  74|0x000000070f200000, 0x000000070f400000, 0x000000070f400000|100%| O|  |TAMS 0x000000070f200000| PB 0x000000070f200000| Untracked 
|  75|0x000000070f400000, 0x000000070f600000, 0x000000070f600000|100%| O|  |TAMS 0x000000070f400000| PB 0x000000070f400000| Untracked 
|  76|0x000000070f600000, 0x000000070f800000, 0x000000070f800000|100%| O|  |TAMS 0x000000070f600000| PB 0x000000070f600000| Untracked 
|  77|0x000000070f800000, 0x000000070fa00000, 0x000000070fa00000|100%| O|  |TAMS 0x000000070f800000| PB 0x000000070f800000| Untracked 
|  78|0x000000070fa00000, 0x000000070fc00000, 0x000000070fc00000|100%| O|  |TAMS 0x000000070fa00000| PB 0x000000070fa00000| Untracked 
|  79|0x000000070fc00000, 0x000000070fe00000, 0x000000070fe00000|100%| O|  |TAMS 0x000000070fc00000| PB 0x000000070fc00000| Untracked 
|  80|0x000000070fe00000, 0x0000000710000000, 0x0000000710000000|100%| O|  |TAMS 0x000000070fe00000| PB 0x000000070fe00000| Untracked 
|  81|0x0000000710000000, 0x0000000710200000, 0x0000000710200000|100%| O|  |TAMS 0x0000000710000000| PB 0x0000000710000000| Untracked 
|  82|0x0000000710200000, 0x0000000710400000, 0x0000000710400000|100%| O|  |TAMS 0x0000000710200000| PB 0x0000000710200000| Untracked 
|  83|0x0000000710400000, 0x0000000710600000, 0x0000000710600000|100%| O|  |TAMS 0x0000000710400000| PB 0x0000000710400000| Untracked 
|  84|0x0000000710600000, 0x0000000710800000, 0x0000000710800000|100%| O|  |TAMS 0x0000000710600000| PB 0x0000000710600000| Untracked 
|  85|0x0000000710800000, 0x0000000710a00000, 0x0000000710a00000|100%| O|  |TAMS 0x0000000710800000| PB 0x0000000710800000| Untracked 
|  86|0x0000000710a00000, 0x0000000710c00000, 0x0000000710c00000|100%| O|  |TAMS 0x0000000710a00000| PB 0x0000000710a00000| Untracked 
|  87|0x0000000710c00000, 0x0000000710e00000, 0x0000000710e00000|100%| O|  |TAMS 0x0000000710c00000| PB 0x0000000710c00000| Untracked 
|  88|0x0000000710e00000, 0x0000000711000000, 0x0000000711000000|100%| O|  |TAMS 0x0000000710e00000| PB 0x0000000710e00000| Untracked 
|  89|0x0000000711000000, 0x0000000711200000, 0x0000000711200000|100%| O|  |TAMS 0x0000000711000000| PB 0x0000000711000000| Untracked 
|  90|0x0000000711200000, 0x0000000711400000, 0x0000000711400000|100%| O|  |TAMS 0x0000000711200000| PB 0x0000000711200000| Untracked 
|  91|0x0000000711400000, 0x0000000711600000, 0x0000000711600000|100%| O|  |TAMS 0x0000000711400000| PB 0x0000000711400000| Untracked 
|  92|0x0000000711600000, 0x0000000711800000, 0x0000000711800000|100%| O|  |TAMS 0x0000000711600000| PB 0x0000000711600000| Untracked 
|  93|0x0000000711800000, 0x0000000711a00000, 0x0000000711a00000|100%| O|  |TAMS 0x0000000711800000| PB 0x0000000711800000| Untracked 
|  94|0x0000000711a00000, 0x0000000711c00000, 0x0000000711c00000|100%| O|  |TAMS 0x0000000711a00000| PB 0x0000000711a00000| Untracked 
|  95|0x0000000711c00000, 0x0000000711e00000, 0x0000000711e00000|100%| O|  |TAMS 0x0000000711c00000| PB 0x0000000711c00000| Untracked 
|  96|0x0000000711e00000, 0x0000000712000000, 0x0000000712000000|100%| O|  |TAMS 0x0000000711e00000| PB 0x0000000711e00000| Untracked 
|  97|0x0000000712000000, 0x0000000712200000, 0x0000000712200000|100%| O|  |TAMS 0x0000000712000000| PB 0x0000000712000000| Untracked 
|  98|0x0000000712200000, 0x0000000712400000, 0x0000000712400000|100%| O|  |TAMS 0x0000000712200000| PB 0x0000000712200000| Untracked 
|  99|0x0000000712400000, 0x0000000712600000, 0x0000000712600000|100%| O|  |TAMS 0x0000000712400000| PB 0x0000000712400000| Untracked 
| 100|0x0000000712600000, 0x0000000712800000, 0x0000000712800000|100%| O|  |TAMS 0x0000000712600000| PB 0x0000000712600000| Untracked 
| 101|0x0000000712800000, 0x0000000712a00000, 0x0000000712a00000|100%| O|  |TAMS 0x0000000712800000| PB 0x0000000712800000| Untracked 
| 102|0x0000000712a00000, 0x0000000712c00000, 0x0000000712c00000|100%| O|  |TAMS 0x0000000712a00000| PB 0x0000000712a00000| Untracked 
| 103|0x0000000712c00000, 0x0000000712e00000, 0x0000000712e00000|100%| O|  |TAMS 0x0000000712c00000| PB 0x0000000712c00000| Untracked 
| 104|0x0000000712e00000, 0x0000000713000000, 0x0000000713000000|100%| O|  |TAMS 0x0000000712e00000| PB 0x0000000712e00000| Untracked 
| 105|0x0000000713000000, 0x0000000713200000, 0x0000000713200000|100%| O|  |TAMS 0x0000000713000000| PB 0x0000000713000000| Untracked 
| 106|0x0000000713200000, 0x0000000713400000, 0x0000000713400000|100%| O|  |TAMS 0x0000000713200000| PB 0x0000000713200000| Untracked 
| 107|0x0000000713400000, 0x0000000713600000, 0x0000000713600000|100%| O|  |TAMS 0x0000000713400000| PB 0x0000000713400000| Untracked 
| 108|0x0000000713600000, 0x0000000713800000, 0x0000000713800000|100%| O|  |TAMS 0x0000000713600000| PB 0x0000000713600000| Untracked 
| 109|0x0000000713800000, 0x0000000713a00000, 0x0000000713a00000|100%| O|  |TAMS 0x0000000713800000| PB 0x0000000713800000| Untracked 
| 110|0x0000000713a00000, 0x0000000713c00000, 0x0000000713c00000|100%| O|  |TAMS 0x0000000713a00000| PB 0x0000000713a00000| Untracked 
| 111|0x0000000713c00000, 0x0000000713e00000, 0x0000000713e00000|100%| O|  |TAMS 0x0000000713c00000| PB 0x0000000713c00000| Untracked 
| 112|0x0000000713e00000, 0x0000000714000000, 0x0000000714000000|100%| O|  |TAMS 0x0000000713e00000| PB 0x0000000713e00000| Untracked 
| 113|0x0000000714000000, 0x0000000714200000, 0x0000000714200000|100%| O|  |TAMS 0x0000000714000000| PB 0x0000000714000000| Untracked 
| 114|0x0000000714200000, 0x0000000714400000, 0x0000000714400000|100%| O|  |TAMS 0x0000000714200000| PB 0x0000000714200000| Untracked 
| 115|0x0000000714400000, 0x0000000714600000, 0x0000000714600000|100%| O|  |TAMS 0x0000000714400000| PB 0x0000000714400000| Untracked 
| 116|0x0000000714600000, 0x0000000714800000, 0x0000000714800000|100%| O|  |TAMS 0x0000000714600000| PB 0x0000000714600000| Untracked 
| 117|0x0000000714800000, 0x0000000714a00000, 0x0000000714a00000|100%| O|  |TAMS 0x0000000714800000| PB 0x0000000714800000| Untracked 
| 118|0x0000000714a00000, 0x0000000714c00000, 0x0000000714c00000|100%| O|  |TAMS 0x0000000714a00000| PB 0x0000000714a00000| Untracked 
| 119|0x0000000714c00000, 0x0000000714e00000, 0x0000000714e00000|100%| O|  |TAMS 0x0000000714c00000| PB 0x0000000714c00000| Untracked 
| 120|0x0000000714e00000, 0x0000000715000000, 0x0000000715000000|100%| O|  |TAMS 0x0000000714e00000| PB 0x0000000714e00000| Untracked 
| 121|0x0000000715000000, 0x0000000715200000, 0x0000000715200000|100%| O|  |TAMS 0x0000000715000000| PB 0x0000000715000000| Untracked 
| 122|0x0000000715200000, 0x0000000715400000, 0x0000000715400000|100%| O|  |TAMS 0x0000000715200000| PB 0x0000000715200000| Untracked 
| 123|0x0000000715400000, 0x0000000715600000, 0x0000000715600000|100%| O|  |TAMS 0x0000000715400000| PB 0x0000000715400000| Untracked 
| 124|0x0000000715600000, 0x0000000715800000, 0x0000000715800000|100%| O|  |TAMS 0x0000000715600000| PB 0x0000000715600000| Untracked 
| 125|0x0000000715800000, 0x0000000715a00000, 0x0000000715a00000|100%| O|  |TAMS 0x0000000715800000| PB 0x0000000715800000| Untracked 
| 126|0x0000000715a00000, 0x0000000715c00000, 0x0000000715c00000|100%| O|  |TAMS 0x0000000715a00000| PB 0x0000000715a00000| Untracked 
| 127|0x0000000715c00000, 0x0000000715e00000, 0x0000000715e00000|100%| O|  |TAMS 0x0000000715c00000| PB 0x0000000715c00000| Untracked 
| 128|0x0000000715e00000, 0x0000000716000000, 0x0000000716000000|100%| O|  |TAMS 0x0000000715e00000| PB 0x0000000715e00000| Untracked 
| 129|0x0000000716000000, 0x0000000716200000, 0x0000000716200000|100%| O|  |TAMS 0x0000000716000000| PB 0x0000000716000000| Untracked 
| 130|0x0000000716200000, 0x0000000716400000, 0x0000000716400000|100%| O|  |TAMS 0x0000000716200000| PB 0x0000000716200000| Untracked 
| 131|0x0000000716400000, 0x0000000716600000, 0x0000000716600000|100%| O|  |TAMS 0x0000000716400000| PB 0x0000000716400000| Untracked 
| 132|0x0000000716600000, 0x0000000716800000, 0x0000000716800000|100%| O|  |TAMS 0x0000000716600000| PB 0x0000000716600000| Untracked 
| 133|0x0000000716800000, 0x0000000716a00000, 0x0000000716a00000|100%| O|  |TAMS 0x0000000716800000| PB 0x0000000716800000| Untracked 
| 134|0x0000000716a00000, 0x0000000716c00000, 0x0000000716c00000|100%| O|  |TAMS 0x0000000716a00000| PB 0x0000000716a00000| Untracked 
| 135|0x0000000716c00000, 0x0000000716e00000, 0x0000000716e00000|100%| O|  |TAMS 0x0000000716c00000| PB 0x0000000716c00000| Untracked 
| 136|0x0000000716e00000, 0x0000000717000000, 0x0000000717000000|100%| O|  |TAMS 0x0000000716e00000| PB 0x0000000716e00000| Untracked 
| 137|0x0000000717000000, 0x0000000717200000, 0x0000000717200000|100%| O|  |TAMS 0x0000000717000000| PB 0x0000000717000000| Untracked 
| 138|0x0000000717200000, 0x0000000717400000, 0x0000000717400000|100%| O|  |TAMS 0x0000000717200000| PB 0x0000000717200000| Untracked 
| 139|0x0000000717400000, 0x0000000717600000, 0x0000000717600000|100%| O|  |TAMS 0x0000000717400000| PB 0x0000000717400000| Untracked 
| 140|0x0000000717600000, 0x0000000717800000, 0x0000000717800000|100%| O|  |TAMS 0x0000000717600000| PB 0x0000000717600000| Untracked 
| 141|0x0000000717800000, 0x0000000717a00000, 0x0000000717a00000|100%| O|  |TAMS 0x0000000717800000| PB 0x0000000717800000| Untracked 
| 142|0x0000000717a00000, 0x0000000717c00000, 0x0000000717c00000|100%| O|  |TAMS 0x0000000717a00000| PB 0x0000000717a00000| Untracked 
| 143|0x0000000717c00000, 0x0000000717e00000, 0x0000000717e00000|100%| O|  |TAMS 0x0000000717c00000| PB 0x0000000717c00000| Untracked 
| 144|0x0000000717e00000, 0x0000000718000000, 0x0000000718000000|100%| O|  |TAMS 0x0000000717e00000| PB 0x0000000717e00000| Untracked 
| 145|0x0000000718000000, 0x0000000718200000, 0x0000000718200000|100%| O|  |TAMS 0x0000000718000000| PB 0x0000000718000000| Untracked 
| 146|0x0000000718200000, 0x0000000718400000, 0x0000000718400000|100%| O|  |TAMS 0x0000000718200000| PB 0x0000000718200000| Untracked 
| 147|0x0000000718400000, 0x0000000718600000, 0x0000000718600000|100%| O|  |TAMS 0x0000000718400000| PB 0x0000000718400000| Untracked 
| 148|0x0000000718600000, 0x0000000718800000, 0x0000000718800000|100%| O|  |TAMS 0x0000000718600000| PB 0x0000000718600000| Untracked 
| 149|0x0000000718800000, 0x0000000718a00000, 0x0000000718a00000|100%| O|  |TAMS 0x0000000718800000| PB 0x0000000718800000| Untracked 
| 150|0x0000000718a00000, 0x0000000718c00000, 0x0000000718c00000|100%| O|  |TAMS 0x0000000718a00000| PB 0x0000000718a00000| Untracked 
| 151|0x0000000718c00000, 0x0000000718e00000, 0x0000000718e00000|100%| O|  |TAMS 0x0000000718c00000| PB 0x0000000718c00000| Untracked 
| 152|0x0000000718e00000, 0x0000000719000000, 0x0000000719000000|100%| O|  |TAMS 0x0000000718e00000| PB 0x0000000718e00000| Untracked 
| 153|0x0000000719000000, 0x0000000719200000, 0x0000000719200000|100%| O|  |TAMS 0x0000000719000000| PB 0x0000000719000000| Untracked 
| 154|0x0000000719200000, 0x0000000719400000, 0x0000000719400000|100%| O|  |TAMS 0x0000000719200000| PB 0x0000000719200000| Untracked 
| 155|0x0000000719400000, 0x0000000719600000, 0x0000000719600000|100%| O|  |TAMS 0x0000000719400000| PB 0x0000000719400000| Untracked 
| 156|0x0000000719600000, 0x0000000719800000, 0x0000000719800000|100%| O|  |TAMS 0x0000000719600000| PB 0x0000000719600000| Untracked 
| 157|0x0000000719800000, 0x0000000719a00000, 0x0000000719a00000|100%| O|  |TAMS 0x0000000719800000| PB 0x0000000719800000| Untracked 
| 158|0x0000000719a00000, 0x0000000719c00000, 0x0000000719c00000|100%| O|  |TAMS 0x0000000719a00000| PB 0x0000000719a00000| Untracked 
| 159|0x0000000719c00000, 0x0000000719e00000, 0x0000000719e00000|100%| O|  |TAMS 0x0000000719c00000| PB 0x0000000719c00000| Untracked 
| 160|0x0000000719e00000, 0x000000071a000000, 0x000000071a000000|100%| O|  |TAMS 0x0000000719e00000| PB 0x0000000719e00000| Untracked 
| 161|0x000000071a000000, 0x000000071a200000, 0x000000071a200000|100%| O|  |TAMS 0x000000071a000000| PB 0x000000071a000000| Untracked 
| 162|0x000000071a200000, 0x000000071a400000, 0x000000071a400000|100%| O|  |TAMS 0x000000071a200000| PB 0x000000071a200000| Untracked 
| 163|0x000000071a400000, 0x000000071a600000, 0x000000071a600000|100%| O|  |TAMS 0x000000071a400000| PB 0x000000071a400000| Untracked 
| 164|0x000000071a600000, 0x000000071a800000, 0x000000071a800000|100%| O|  |TAMS 0x000000071a600000| PB 0x000000071a600000| Untracked 
| 165|0x000000071a800000, 0x000000071aa00000, 0x000000071aa00000|100%| O|  |TAMS 0x000000071a800000| PB 0x000000071a800000| Untracked 
| 166|0x000000071aa00000, 0x000000071ac00000, 0x000000071ac00000|100%| O|  |TAMS 0x000000071aa00000| PB 0x000000071aa00000| Untracked 
| 167|0x000000071ac00000, 0x000000071ae00000, 0x000000071ae00000|100%| O|  |TAMS 0x000000071ac00000| PB 0x000000071ac00000| Untracked 
| 168|0x000000071ae00000, 0x000000071b000000, 0x000000071b000000|100%| O|  |TAMS 0x000000071ae00000| PB 0x000000071ae00000| Untracked 
| 169|0x000000071b000000, 0x000000071b200000, 0x000000071b200000|100%| O|  |TAMS 0x000000071b000000| PB 0x000000071b000000| Untracked 
| 170|0x000000071b200000, 0x000000071b400000, 0x000000071b400000|100%| O|  |TAMS 0x000000071b200000| PB 0x000000071b200000| Untracked 
| 171|0x000000071b400000, 0x000000071b600000, 0x000000071b600000|100%| O|  |TAMS 0x000000071b400000| PB 0x000000071b400000| Untracked 
| 172|0x000000071b600000, 0x000000071b800000, 0x000000071b800000|100%| O|  |TAMS 0x000000071b600000| PB 0x000000071b600000| Untracked 
| 173|0x000000071b800000, 0x000000071ba00000, 0x000000071ba00000|100%| O|Cm|TAMS 0x000000071b800000| PB 0x000000071b800000| Complete 
| 174|0x000000071ba00000, 0x000000071bc00000, 0x000000071bc00000|100%| O|  |TAMS 0x000000071ba00000| PB 0x000000071ba00000| Untracked 
| 175|0x000000071bc00000, 0x000000071be00000, 0x000000071be00000|100%| O|  |TAMS 0x000000071bc00000| PB 0x000000071bc00000| Untracked 
| 176|0x000000071be00000, 0x000000071c000000, 0x000000071c000000|100%| O|  |TAMS 0x000000071be00000| PB 0x000000071be00000| Untracked 
| 177|0x000000071c000000, 0x000000071c200000, 0x000000071c200000|100%| O|  |TAMS 0x000000071c000000| PB 0x000000071c000000| Untracked 
| 178|0x000000071c200000, 0x000000071c400000, 0x000000071c400000|100%| O|  |TAMS 0x000000071c200000| PB 0x000000071c200000| Untracked 
| 179|0x000000071c400000, 0x000000071c600000, 0x000000071c600000|100%| O|  |TAMS 0x000000071c400000| PB 0x000000071c400000| Untracked 
| 180|0x000000071c600000, 0x000000071c800000, 0x000000071c800000|100%| O|  |TAMS 0x000000071c600000| PB 0x000000071c600000| Untracked 
| 181|0x000000071c800000, 0x000000071ca00000, 0x000000071ca00000|100%| O|  |TAMS 0x000000071c800000| PB 0x000000071c800000| Untracked 
| 182|0x000000071ca00000, 0x000000071cc00000, 0x000000071cc00000|100%| O|  |TAMS 0x000000071ca00000| PB 0x000000071ca00000| Untracked 
| 183|0x000000071cc00000, 0x000000071ce00000, 0x000000071ce00000|100%| O|  |TAMS 0x000000071cc00000| PB 0x000000071cc00000| Untracked 
| 184|0x000000071ce00000, 0x000000071d000000, 0x000000071d000000|100%| O|  |TAMS 0x000000071ce00000| PB 0x000000071ce00000| Untracked 
| 185|0x000000071d000000, 0x000000071d200000, 0x000000071d200000|100%| O|  |TAMS 0x000000071d000000| PB 0x000000071d000000| Untracked 
| 186|0x000000071d200000, 0x000000071d400000, 0x000000071d400000|100%| O|  |TAMS 0x000000071d200000| PB 0x000000071d200000| Untracked 
| 187|0x000000071d400000, 0x000000071d600000, 0x000000071d600000|100%| O|  |TAMS 0x000000071d400000| PB 0x000000071d400000| Untracked 
| 188|0x000000071d600000, 0x000000071d800000, 0x000000071d800000|100%| O|  |TAMS 0x000000071d600000| PB 0x000000071d600000| Untracked 
| 189|0x000000071d800000, 0x000000071da00000, 0x000000071da00000|100%| O|  |TAMS 0x000000071d800000| PB 0x000000071d800000| Untracked 
| 190|0x000000071da00000, 0x000000071dc00000, 0x000000071dc00000|100%| O|  |TAMS 0x000000071da00000| PB 0x000000071da00000| Untracked 
| 191|0x000000071dc00000, 0x000000071de00000, 0x000000071de00000|100%| O|  |TAMS 0x000000071dc00000| PB 0x000000071dc00000| Untracked 
| 192|0x000000071de00000, 0x000000071e000000, 0x000000071e000000|100%| O|  |TAMS 0x000000071de00000| PB 0x000000071de00000| Untracked 
| 193|0x000000071e000000, 0x000000071e200000, 0x000000071e200000|100%| O|  |TAMS 0x000000071e000000| PB 0x000000071e000000| Untracked 
| 194|0x000000071e200000, 0x000000071e400000, 0x000000071e400000|100%| O|  |TAMS 0x000000071e200000| PB 0x000000071e200000| Untracked 
| 195|0x000000071e400000, 0x000000071e600000, 0x000000071e600000|100%| O|  |TAMS 0x000000071e400000| PB 0x000000071e400000| Untracked 
| 196|0x000000071e600000, 0x000000071e800000, 0x000000071e800000|100%| O|Cm|TAMS 0x000000071e600000| PB 0x000000071e600000| Complete 
| 197|0x000000071e800000, 0x000000071ea00000, 0x000000071ea00000|100%| O|  |TAMS 0x000000071e800000| PB 0x000000071e800000| Untracked 
| 198|0x000000071ea00000, 0x000000071ec00000, 0x000000071ec00000|100%| O|  |TAMS 0x000000071ea00000| PB 0x000000071ea00000| Untracked 
| 199|0x000000071ec00000, 0x000000071ee00000, 0x000000071ee00000|100%| O|  |TAMS 0x000000071ec00000| PB 0x000000071ec00000| Untracked 
| 200|0x000000071ee00000, 0x000000071f000000, 0x000000071f000000|100%| O|  |TAMS 0x000000071ee00000| PB 0x000000071ee00000| Untracked 
| 201|0x000000071f000000, 0x000000071f200000, 0x000000071f200000|100%| O|  |TAMS 0x000000071f000000| PB 0x000000071f000000| Untracked 
| 202|0x000000071f200000, 0x000000071f400000, 0x000000071f400000|100%| O|  |TAMS 0x000000071f200000| PB 0x000000071f200000| Untracked 
| 203|0x000000071f400000, 0x000000071f600000, 0x000000071f600000|100%| O|  |TAMS 0x000000071f400000| PB 0x000000071f400000| Untracked 
| 204|0x000000071f600000, 0x000000071f800000, 0x000000071f800000|100%| O|  |TAMS 0x000000071f600000| PB 0x000000071f600000| Untracked 
| 205|0x000000071f800000, 0x000000071fa00000, 0x000000071fa00000|100%| O|  |TAMS 0x000000071f800000| PB 0x000000071f800000| Untracked 
| 206|0x000000071fa00000, 0x000000071fc00000, 0x000000071fc00000|100%| O|  |TAMS 0x000000071fa00000| PB 0x000000071fa00000| Untracked 
| 207|0x000000071fc00000, 0x000000071fe00000, 0x000000071fe00000|100%| O|  |TAMS 0x000000071fc00000| PB 0x000000071fc00000| Untracked 
| 208|0x000000071fe00000, 0x0000000720000000, 0x0000000720000000|100%| O|  |TAMS 0x000000071fe00000| PB 0x000000071fe00000| Untracked 
| 209|0x0000000720000000, 0x0000000720200000, 0x0000000720200000|100%| O|  |TAMS 0x0000000720000000| PB 0x0000000720000000| Untracked 
| 210|0x0000000720200000, 0x0000000720400000, 0x0000000720400000|100%| O|  |TAMS 0x0000000720200000| PB 0x0000000720200000| Untracked 
| 211|0x0000000720400000, 0x0000000720600000, 0x0000000720600000|100%| O|  |TAMS 0x0000000720400000| PB 0x0000000720400000| Untracked 
| 212|0x0000000720600000, 0x0000000720800000, 0x0000000720800000|100%| O|  |TAMS 0x0000000720600000| PB 0x0000000720600000| Untracked 
| 213|0x0000000720800000, 0x0000000720a00000, 0x0000000720a00000|100%| O|  |TAMS 0x0000000720800000| PB 0x0000000720800000| Untracked 
| 214|0x0000000720a00000, 0x0000000720c00000, 0x0000000720c00000|100%| O|  |TAMS 0x0000000720a00000| PB 0x0000000720a00000| Untracked 
| 215|0x0000000720c00000, 0x0000000720e00000, 0x0000000720e00000|100%| O|  |TAMS 0x0000000720c00000| PB 0x0000000720c00000| Untracked 
| 216|0x0000000720e00000, 0x0000000721000000, 0x0000000721000000|100%| O|  |TAMS 0x0000000720e00000| PB 0x0000000720e00000| Untracked 
| 217|0x0000000721000000, 0x0000000721200000, 0x0000000721200000|100%| O|  |TAMS 0x0000000721000000| PB 0x0000000721000000| Untracked 
| 218|0x0000000721200000, 0x0000000721400000, 0x0000000721400000|100%| O|  |TAMS 0x0000000721200000| PB 0x0000000721200000| Untracked 
| 219|0x0000000721400000, 0x0000000721600000, 0x0000000721600000|100%| O|  |TAMS 0x0000000721400000| PB 0x0000000721400000| Untracked 
| 220|0x0000000721600000, 0x0000000721800000, 0x0000000721800000|100%| O|  |TAMS 0x0000000721600000| PB 0x0000000721600000| Untracked 
| 221|0x0000000721800000, 0x0000000721a00000, 0x0000000721a00000|100%| O|  |TAMS 0x0000000721800000| PB 0x0000000721800000| Untracked 
| 222|0x0000000721a00000, 0x0000000721c00000, 0x0000000721c00000|100%| O|  |TAMS 0x0000000721a00000| PB 0x0000000721a00000| Untracked 
| 223|0x0000000721c00000, 0x0000000721e00000, 0x0000000721e00000|100%| O|  |TAMS 0x0000000721c00000| PB 0x0000000721c00000| Untracked 
| 224|0x0000000721e00000, 0x0000000722000000, 0x0000000722000000|100%| O|  |TAMS 0x0000000721e00000| PB 0x0000000721e00000| Untracked 
| 225|0x0000000722000000, 0x0000000722200000, 0x0000000722200000|100%| O|  |TAMS 0x0000000722000000| PB 0x0000000722000000| Untracked 
| 226|0x0000000722200000, 0x0000000722400000, 0x0000000722400000|100%| O|  |TAMS 0x0000000722200000| PB 0x0000000722200000| Untracked 
| 227|0x0000000722400000, 0x0000000722600000, 0x0000000722600000|100%| O|  |TAMS 0x0000000722400000| PB 0x0000000722400000| Untracked 
| 228|0x0000000722600000, 0x0000000722800000, 0x0000000722800000|100%| O|  |TAMS 0x0000000722600000| PB 0x0000000722600000| Untracked 
| 229|0x0000000722800000, 0x0000000722a00000, 0x0000000722a00000|100%| O|  |TAMS 0x0000000722800000| PB 0x0000000722800000| Untracked 
| 230|0x0000000722a00000, 0x0000000722c00000, 0x0000000722c00000|100%| O|  |TAMS 0x0000000722a00000| PB 0x0000000722a00000| Untracked 
| 231|0x0000000722c00000, 0x0000000722e00000, 0x0000000722e00000|100%| O|  |TAMS 0x0000000722c00000| PB 0x0000000722c00000| Untracked 
| 232|0x0000000722e00000, 0x0000000723000000, 0x0000000723000000|100%| O|  |TAMS 0x0000000722e00000| PB 0x0000000722e00000| Untracked 
| 233|0x0000000723000000, 0x0000000723200000, 0x0000000723200000|100%| O|  |TAMS 0x0000000723000000| PB 0x0000000723000000| Untracked 
| 234|0x0000000723200000, 0x0000000723400000, 0x0000000723400000|100%| O|  |TAMS 0x0000000723200000| PB 0x0000000723200000| Untracked 
| 235|0x0000000723400000, 0x0000000723600000, 0x0000000723600000|100%| O|  |TAMS 0x0000000723400000| PB 0x0000000723400000| Untracked 
| 236|0x0000000723600000, 0x0000000723800000, 0x0000000723800000|100%| O|  |TAMS 0x0000000723600000| PB 0x0000000723600000| Untracked 
| 237|0x0000000723800000, 0x0000000723a00000, 0x0000000723a00000|100%| O|  |TAMS 0x0000000723800000| PB 0x0000000723800000| Untracked 
| 238|0x0000000723a00000, 0x0000000723c00000, 0x0000000723c00000|100%| O|  |TAMS 0x0000000723a00000| PB 0x0000000723a00000| Untracked 
| 239|0x0000000723c00000, 0x0000000723e00000, 0x0000000723e00000|100%| O|  |TAMS 0x0000000723c00000| PB 0x0000000723c00000| Untracked 
| 240|0x0000000723e00000, 0x0000000724000000, 0x0000000724000000|100%| O|  |TAMS 0x0000000723e00000| PB 0x0000000723e00000| Untracked 
| 241|0x0000000724000000, 0x0000000724200000, 0x0000000724200000|100%| O|  |TAMS 0x0000000724000000| PB 0x0000000724000000| Untracked 
| 242|0x0000000724200000, 0x0000000724400000, 0x0000000724400000|100%| O|  |TAMS 0x0000000724200000| PB 0x0000000724200000| Untracked 
| 243|0x0000000724400000, 0x0000000724600000, 0x0000000724600000|100%| O|  |TAMS 0x0000000724400000| PB 0x0000000724400000| Untracked 
| 244|0x0000000724600000, 0x0000000724800000, 0x0000000724800000|100%| O|  |TAMS 0x0000000724600000| PB 0x0000000724600000| Untracked 
| 245|0x0000000724800000, 0x0000000724a00000, 0x0000000724a00000|100%| O|  |TAMS 0x0000000724800000| PB 0x0000000724800000| Untracked 
| 246|0x0000000724a00000, 0x0000000724c00000, 0x0000000724c00000|100%| O|  |TAMS 0x0000000724a00000| PB 0x0000000724a00000| Untracked 
| 247|0x0000000724c00000, 0x0000000724e00000, 0x0000000724e00000|100%| O|  |TAMS 0x0000000724c00000| PB 0x0000000724c00000| Untracked 
| 248|0x0000000724e00000, 0x0000000725000000, 0x0000000725000000|100%| O|  |TAMS 0x0000000724e00000| PB 0x0000000724e00000| Untracked 
| 249|0x0000000725000000, 0x0000000725200000, 0x0000000725200000|100%| O|  |TAMS 0x0000000725000000| PB 0x0000000725000000| Untracked 
| 250|0x0000000725200000, 0x0000000725400000, 0x0000000725400000|100%| O|  |TAMS 0x0000000725200000| PB 0x0000000725200000| Untracked 
| 251|0x0000000725400000, 0x0000000725600000, 0x0000000725600000|100%| O|  |TAMS 0x0000000725400000| PB 0x0000000725400000| Untracked 
| 252|0x0000000725600000, 0x0000000725800000, 0x0000000725800000|100%| O|Cm|TAMS 0x0000000725600000| PB 0x0000000725600000| Complete 
| 253|0x0000000725800000, 0x0000000725a00000, 0x0000000725a00000|100%| O|Cm|TAMS 0x0000000725800000| PB 0x0000000725800000| Complete 
| 254|0x0000000725a00000, 0x0000000725c00000, 0x0000000725c00000|100%| O|  |TAMS 0x0000000725a00000| PB 0x0000000725a00000| Untracked 
| 255|0x0000000725c00000, 0x0000000725e00000, 0x0000000725e00000|100%| O|  |TAMS 0x0000000725c00000| PB 0x0000000725c00000| Untracked 
| 256|0x0000000725e00000, 0x0000000726000000, 0x0000000726000000|100%| O|  |TAMS 0x0000000725e00000| PB 0x0000000725e00000| Untracked 
| 257|0x0000000726000000, 0x0000000726200000, 0x0000000726200000|100%| O|  |TAMS 0x0000000726000000| PB 0x0000000726000000| Untracked 
| 258|0x0000000726200000, 0x0000000726400000, 0x0000000726400000|100%| O|  |TAMS 0x0000000726200000| PB 0x0000000726200000| Untracked 
| 259|0x0000000726400000, 0x0000000726600000, 0x0000000726600000|100%| O|  |TAMS 0x0000000726400000| PB 0x0000000726400000| Untracked 
| 260|0x0000000726600000, 0x0000000726800000, 0x0000000726800000|100%| O|  |TAMS 0x0000000726600000| PB 0x0000000726600000| Untracked 
| 261|0x0000000726800000, 0x0000000726a00000, 0x0000000726a00000|100%| O|  |TAMS 0x0000000726800000| PB 0x0000000726800000| Untracked 
| 262|0x0000000726a00000, 0x0000000726c00000, 0x0000000726c00000|100%| O|  |TAMS 0x0000000726a00000| PB 0x0000000726a00000| Untracked 
| 263|0x0000000726c00000, 0x0000000726e00000, 0x0000000726e00000|100%| O|  |TAMS 0x0000000726c00000| PB 0x0000000726c00000| Untracked 
| 264|0x0000000726e00000, 0x0000000727000000, 0x0000000727000000|100%| O|  |TAMS 0x0000000726e00000| PB 0x0000000726e00000| Untracked 
| 265|0x0000000727000000, 0x0000000727200000, 0x0000000727200000|100%| O|  |TAMS 0x0000000727000000| PB 0x0000000727000000| Untracked 
| 266|0x0000000727200000, 0x0000000727400000, 0x0000000727400000|100%| O|  |TAMS 0x0000000727200000| PB 0x0000000727200000| Untracked 
| 267|0x0000000727400000, 0x0000000727600000, 0x0000000727600000|100%| O|  |TAMS 0x0000000727400000| PB 0x0000000727400000| Untracked 
| 268|0x0000000727600000, 0x0000000727800000, 0x0000000727800000|100%| O|  |TAMS 0x0000000727600000| PB 0x0000000727600000| Untracked 
| 269|0x0000000727800000, 0x0000000727a00000, 0x0000000727a00000|100%| O|  |TAMS 0x0000000727800000| PB 0x0000000727800000| Untracked 
| 270|0x0000000727a00000, 0x0000000727c00000, 0x0000000727c00000|100%| O|  |TAMS 0x0000000727a00000| PB 0x0000000727a00000| Untracked 
| 271|0x0000000727c00000, 0x0000000727e00000, 0x0000000727e00000|100%| O|  |TAMS 0x0000000727c00000| PB 0x0000000727c00000| Untracked 
| 272|0x0000000727e00000, 0x0000000728000000, 0x0000000728000000|100%| O|Cm|TAMS 0x0000000727e00000| PB 0x0000000727e00000| Complete 
| 273|0x0000000728000000, 0x0000000728200000, 0x0000000728200000|100%| O|  |TAMS 0x0000000728000000| PB 0x0000000728000000| Untracked 
| 274|0x0000000728200000, 0x0000000728400000, 0x0000000728400000|100%| O|  |TAMS 0x0000000728200000| PB 0x0000000728200000| Untracked 
| 275|0x0000000728400000, 0x0000000728600000, 0x0000000728600000|100%| O|  |TAMS 0x0000000728400000| PB 0x0000000728400000| Untracked 
| 276|0x0000000728600000, 0x0000000728800000, 0x0000000728800000|100%| O|  |TAMS 0x0000000728600000| PB 0x0000000728600000| Untracked 
| 277|0x0000000728800000, 0x0000000728a00000, 0x0000000728a00000|100%| O|  |TAMS 0x0000000728800000| PB 0x0000000728800000| Untracked 
| 278|0x0000000728a00000, 0x0000000728c00000, 0x0000000728c00000|100%| O|  |TAMS 0x0000000728a00000| PB 0x0000000728a00000| Untracked 
| 279|0x0000000728c00000, 0x0000000728e00000, 0x0000000728e00000|100%| O|  |TAMS 0x0000000728c00000| PB 0x0000000728c00000| Untracked 
| 280|0x0000000728e00000, 0x0000000729000000, 0x0000000729000000|100%| O|  |TAMS 0x0000000728e00000| PB 0x0000000728e00000| Untracked 
| 281|0x0000000729000000, 0x0000000729200000, 0x0000000729200000|100%| O|  |TAMS 0x0000000729000000| PB 0x0000000729000000| Untracked 
| 282|0x0000000729200000, 0x0000000729400000, 0x0000000729400000|100%| O|  |TAMS 0x0000000729200000| PB 0x0000000729200000| Untracked 
| 283|0x0000000729400000, 0x0000000729600000, 0x0000000729600000|100%| O|  |TAMS 0x0000000729400000| PB 0x0000000729400000| Untracked 
| 284|0x0000000729600000, 0x0000000729800000, 0x0000000729800000|100%| O|  |TAMS 0x0000000729600000| PB 0x0000000729600000| Untracked 
| 285|0x0000000729800000, 0x0000000729a00000, 0x0000000729a00000|100%| O|  |TAMS 0x0000000729800000| PB 0x0000000729800000| Untracked 
| 286|0x0000000729a00000, 0x0000000729c00000, 0x0000000729c00000|100%| O|  |TAMS 0x0000000729a00000| PB 0x0000000729a00000| Untracked 
| 287|0x0000000729c00000, 0x0000000729e00000, 0x0000000729e00000|100%| O|  |TAMS 0x0000000729c00000| PB 0x0000000729c00000| Untracked 
| 288|0x0000000729e00000, 0x000000072a000000, 0x000000072a000000|100%| O|  |TAMS 0x0000000729e00000| PB 0x0000000729e00000| Untracked 
| 289|0x000000072a000000, 0x000000072a200000, 0x000000072a200000|100%| O|  |TAMS 0x000000072a000000| PB 0x000000072a000000| Untracked 
| 290|0x000000072a200000, 0x000000072a400000, 0x000000072a400000|100%| O|  |TAMS 0x000000072a200000| PB 0x000000072a200000| Untracked 
| 291|0x000000072a400000, 0x000000072a600000, 0x000000072a600000|100%| O|  |TAMS 0x000000072a400000| PB 0x000000072a400000| Untracked 
| 292|0x000000072a600000, 0x000000072a800000, 0x000000072a800000|100%| O|  |TAMS 0x000000072a600000| PB 0x000000072a600000| Untracked 
| 293|0x000000072a800000, 0x000000072aa00000, 0x000000072aa00000|100%| O|Cm|TAMS 0x000000072a800000| PB 0x000000072a800000| Complete 
| 294|0x000000072aa00000, 0x000000072ac00000, 0x000000072ac00000|100%| O|Cm|TAMS 0x000000072aa00000| PB 0x000000072aa00000| Complete 
| 295|0x000000072ac00000, 0x000000072ae00000, 0x000000072ae00000|100%| O|  |TAMS 0x000000072ac00000| PB 0x000000072ac00000| Untracked 
| 296|0x000000072ae00000, 0x000000072b000000, 0x000000072b000000|100%| O|  |TAMS 0x000000072ae00000| PB 0x000000072ae00000| Untracked 
| 297|0x000000072b000000, 0x000000072b200000, 0x000000072b200000|100%| O|  |TAMS 0x000000072b000000| PB 0x000000072b000000| Untracked 
| 298|0x000000072b200000, 0x000000072b400000, 0x000000072b400000|100%| O|  |TAMS 0x000000072b200000| PB 0x000000072b200000| Untracked 
| 299|0x000000072b400000, 0x000000072b600000, 0x000000072b600000|100%| O|  |TAMS 0x000000072b400000| PB 0x000000072b400000| Untracked 
| 300|0x000000072b600000, 0x000000072b800000, 0x000000072b800000|100%| O|  |TAMS 0x000000072b600000| PB 0x000000072b600000| Untracked 
| 301|0x000000072b800000, 0x000000072ba00000, 0x000000072ba00000|100%| O|  |TAMS 0x000000072b800000| PB 0x000000072b800000| Untracked 
| 302|0x000000072ba00000, 0x000000072bc00000, 0x000000072bc00000|100%| O|  |TAMS 0x000000072ba00000| PB 0x000000072ba00000| Untracked 
| 303|0x000000072bc00000, 0x000000072be00000, 0x000000072be00000|100%| O|  |TAMS 0x000000072bc00000| PB 0x000000072bc00000| Untracked 
| 304|0x000000072be00000, 0x000000072c000000, 0x000000072c000000|100%| O|  |TAMS 0x000000072be00000| PB 0x000000072be00000| Untracked 
| 305|0x000000072c000000, 0x000000072c200000, 0x000000072c200000|100%| O|  |TAMS 0x000000072c000000| PB 0x000000072c000000| Untracked 
| 306|0x000000072c200000, 0x000000072c400000, 0x000000072c400000|100%| O|  |TAMS 0x000000072c200000| PB 0x000000072c200000| Untracked 
| 307|0x000000072c400000, 0x000000072c600000, 0x000000072c600000|100%| O|  |TAMS 0x000000072c400000| PB 0x000000072c400000| Untracked 
| 308|0x000000072c600000, 0x000000072c800000, 0x000000072c800000|100%| O|  |TAMS 0x000000072c600000| PB 0x000000072c600000| Untracked 
| 309|0x000000072c800000, 0x000000072ca00000, 0x000000072ca00000|100%| O|  |TAMS 0x000000072c800000| PB 0x000000072c800000| Untracked 
| 310|0x000000072ca00000, 0x000000072cc00000, 0x000000072cc00000|100%| O|  |TAMS 0x000000072ca00000| PB 0x000000072ca00000| Untracked 
| 311|0x000000072cc00000, 0x000000072ce00000, 0x000000072ce00000|100%| O|  |TAMS 0x000000072cc00000| PB 0x000000072cc00000| Untracked 
| 312|0x000000072ce00000, 0x000000072d000000, 0x000000072d000000|100%| O|  |TAMS 0x000000072ce00000| PB 0x000000072ce00000| Untracked 
| 313|0x000000072d000000, 0x000000072d200000, 0x000000072d200000|100%| O|  |TAMS 0x000000072d000000| PB 0x000000072d000000| Untracked 
| 314|0x000000072d200000, 0x000000072d400000, 0x000000072d400000|100%| O|  |TAMS 0x000000072d200000| PB 0x000000072d200000| Untracked 
| 315|0x000000072d400000, 0x000000072d600000, 0x000000072d600000|100%| O|  |TAMS 0x000000072d400000| PB 0x000000072d400000| Untracked 
| 316|0x000000072d600000, 0x000000072d800000, 0x000000072d800000|100%| O|  |TAMS 0x000000072d600000| PB 0x000000072d600000| Untracked 
| 317|0x000000072d800000, 0x000000072da00000, 0x000000072da00000|100%| O|  |TAMS 0x000000072d800000| PB 0x000000072d800000| Untracked 
| 318|0x000000072da00000, 0x000000072dc00000, 0x000000072dc00000|100%| O|  |TAMS 0x000000072da00000| PB 0x000000072da00000| Untracked 
| 319|0x000000072dc00000, 0x000000072de00000, 0x000000072de00000|100%| O|  |TAMS 0x000000072dc00000| PB 0x000000072dc00000| Untracked 
| 320|0x000000072de00000, 0x000000072e000000, 0x000000072e000000|100%| O|  |TAMS 0x000000072de00000| PB 0x000000072de00000| Untracked 
| 321|0x000000072e000000, 0x000000072e200000, 0x000000072e200000|100%| O|  |TAMS 0x000000072e000000| PB 0x000000072e000000| Untracked 
| 322|0x000000072e200000, 0x000000072e400000, 0x000000072e400000|100%| O|  |TAMS 0x000000072e200000| PB 0x000000072e200000| Untracked 
| 323|0x000000072e400000, 0x000000072e600000, 0x000000072e600000|100%| O|  |TAMS 0x000000072e400000| PB 0x000000072e400000| Untracked 
| 324|0x000000072e600000, 0x000000072e800000, 0x000000072e800000|100%| O|  |TAMS 0x000000072e600000| PB 0x000000072e600000| Untracked 
| 325|0x000000072e800000, 0x000000072ea00000, 0x000000072ea00000|100%| O|  |TAMS 0x000000072e800000| PB 0x000000072e800000| Untracked 
| 326|0x000000072ea00000, 0x000000072ec00000, 0x000000072ec00000|100%| O|  |TAMS 0x000000072ea00000| PB 0x000000072ea00000| Untracked 
| 327|0x000000072ec00000, 0x000000072ee00000, 0x000000072ee00000|100%| O|  |TAMS 0x000000072ec00000| PB 0x000000072ec00000| Untracked 
| 328|0x000000072ee00000, 0x000000072efdf010, 0x000000072f000000| 93%| O|  |TAMS 0x000000072ee00000| PB 0x000000072ee00000| Untracked 
| 329|0x000000072f000000, 0x000000072f000000, 0x000000072f200000|  0%| F|  |TAMS 0x000000072f000000| PB 0x000000072f000000| Untracked 
| 330|0x000000072f200000, 0x000000072f200000, 0x000000072f400000|  0%| F|  |TAMS 0x000000072f200000| PB 0x000000072f200000| Untracked 
| 331|0x000000072f400000, 0x000000072f400000, 0x000000072f600000|  0%| F|  |TAMS 0x000000072f400000| PB 0x000000072f400000| Untracked 
| 332|0x000000072f600000, 0x000000072f600000, 0x000000072f800000|  0%| F|  |TAMS 0x000000072f600000| PB 0x000000072f600000| Untracked 
| 333|0x000000072f800000, 0x000000072f800000, 0x000000072fa00000|  0%| F|  |TAMS 0x000000072f800000| PB 0x000000072f800000| Untracked 
| 334|0x000000072fa00000, 0x000000072fa00000, 0x000000072fc00000|  0%| F|  |TAMS 0x000000072fa00000| PB 0x000000072fa00000| Untracked 
| 335|0x000000072fc00000, 0x000000072fc00000, 0x000000072fe00000|  0%| F|  |TAMS 0x000000072fc00000| PB 0x000000072fc00000| Untracked 
| 336|0x000000072fe00000, 0x000000072fe00000, 0x0000000730000000|  0%| F|  |TAMS 0x000000072fe00000| PB 0x000000072fe00000| Untracked 
| 337|0x0000000730000000, 0x0000000730000000, 0x0000000730200000|  0%| F|  |TAMS 0x0000000730000000| PB 0x0000000730000000| Untracked 
| 338|0x0000000730200000, 0x0000000730200000, 0x0000000730400000|  0%| F|  |TAMS 0x0000000730200000| PB 0x0000000730200000| Untracked 
| 339|0x0000000730400000, 0x0000000730400000, 0x0000000730600000|  0%| F|  |TAMS 0x0000000730400000| PB 0x0000000730400000| Untracked 
| 340|0x0000000730600000, 0x0000000730600000, 0x0000000730800000|  0%| F|  |TAMS 0x0000000730600000| PB 0x0000000730600000| Untracked 
| 341|0x0000000730800000, 0x0000000730800000, 0x0000000730a00000|  0%| F|  |TAMS 0x0000000730800000| PB 0x0000000730800000| Untracked 
| 342|0x0000000730a00000, 0x0000000730a00000, 0x0000000730c00000|  0%| F|  |TAMS 0x0000000730a00000| PB 0x0000000730a00000| Untracked 
| 343|0x0000000730c00000, 0x0000000730c00000, 0x0000000730e00000|  0%| F|  |TAMS 0x0000000730c00000| PB 0x0000000730c00000| Untracked 
| 344|0x0000000730e00000, 0x0000000730e00000, 0x0000000731000000|  0%| F|  |TAMS 0x0000000730e00000| PB 0x0000000730e00000| Untracked 
| 345|0x0000000731000000, 0x0000000731000000, 0x0000000731200000|  0%| F|  |TAMS 0x0000000731000000| PB 0x0000000731000000| Untracked 
| 346|0x0000000731200000, 0x0000000731200000, 0x0000000731400000|  0%| F|  |TAMS 0x0000000731200000| PB 0x0000000731200000| Untracked 
| 347|0x0000000731400000, 0x0000000731400000, 0x0000000731600000|  0%| F|  |TAMS 0x0000000731400000| PB 0x0000000731400000| Untracked 
| 348|0x0000000731600000, 0x0000000731600000, 0x0000000731800000|  0%| F|  |TAMS 0x0000000731600000| PB 0x0000000731600000| Untracked 
| 349|0x0000000731800000, 0x0000000731800000, 0x0000000731a00000|  0%| F|  |TAMS 0x0000000731800000| PB 0x0000000731800000| Untracked 
| 350|0x0000000731a00000, 0x0000000731a00000, 0x0000000731c00000|  0%| F|  |TAMS 0x0000000731a00000| PB 0x0000000731a00000| Untracked 
| 351|0x0000000731c00000, 0x0000000731c00000, 0x0000000731e00000|  0%| F|  |TAMS 0x0000000731c00000| PB 0x0000000731c00000| Untracked 
| 352|0x0000000731e00000, 0x0000000731e00000, 0x0000000732000000|  0%| F|  |TAMS 0x0000000731e00000| PB 0x0000000731e00000| Untracked 
| 353|0x0000000732000000, 0x0000000732000000, 0x0000000732200000|  0%| F|  |TAMS 0x0000000732000000| PB 0x0000000732000000| Untracked 
| 354|0x0000000732200000, 0x0000000732200000, 0x0000000732400000|  0%| F|  |TAMS 0x0000000732200000| PB 0x0000000732200000| Untracked 
| 355|0x0000000732400000, 0x0000000732400000, 0x0000000732600000|  0%| F|  |TAMS 0x0000000732400000| PB 0x0000000732400000| Untracked 
| 356|0x0000000732600000, 0x0000000732600000, 0x0000000732800000|  0%| F|  |TAMS 0x0000000732600000| PB 0x0000000732600000| Untracked 
| 357|0x0000000732800000, 0x0000000732800000, 0x0000000732a00000|  0%| F|  |TAMS 0x0000000732800000| PB 0x0000000732800000| Untracked 
| 358|0x0000000732a00000, 0x0000000732a00000, 0x0000000732c00000|  0%| F|  |TAMS 0x0000000732a00000| PB 0x0000000732a00000| Untracked 
| 359|0x0000000732c00000, 0x0000000732c00000, 0x0000000732e00000|  0%| F|  |TAMS 0x0000000732c00000| PB 0x0000000732c00000| Untracked 
| 360|0x0000000732e00000, 0x0000000732e00000, 0x0000000733000000|  0%| F|  |TAMS 0x0000000732e00000| PB 0x0000000732e00000| Untracked 
| 361|0x0000000733000000, 0x0000000733000000, 0x0000000733200000|  0%| F|  |TAMS 0x0000000733000000| PB 0x0000000733000000| Untracked 
| 362|0x0000000733200000, 0x0000000733200000, 0x0000000733400000|  0%| F|  |TAMS 0x0000000733200000| PB 0x0000000733200000| Untracked 
| 363|0x0000000733400000, 0x0000000733400000, 0x0000000733600000|  0%| F|  |TAMS 0x0000000733400000| PB 0x0000000733400000| Untracked 
| 364|0x0000000733600000, 0x0000000733600000, 0x0000000733800000|  0%| F|  |TAMS 0x0000000733600000| PB 0x0000000733600000| Untracked 
| 365|0x0000000733800000, 0x0000000733800000, 0x0000000733a00000|  0%| F|  |TAMS 0x0000000733800000| PB 0x0000000733800000| Untracked 
| 366|0x0000000733a00000, 0x0000000733a00000, 0x0000000733c00000|  0%| F|  |TAMS 0x0000000733a00000| PB 0x0000000733a00000| Untracked 
| 367|0x0000000733c00000, 0x0000000733c00000, 0x0000000733e00000|  0%| F|  |TAMS 0x0000000733c00000| PB 0x0000000733c00000| Untracked 
| 368|0x0000000733e00000, 0x0000000733e00000, 0x0000000734000000|  0%| F|  |TAMS 0x0000000733e00000| PB 0x0000000733e00000| Untracked 
| 369|0x0000000734000000, 0x0000000734000000, 0x0000000734200000|  0%| F|  |TAMS 0x0000000734000000| PB 0x0000000734000000| Untracked 
| 370|0x0000000734200000, 0x0000000734200000, 0x0000000734400000|  0%| F|  |TAMS 0x0000000734200000| PB 0x0000000734200000| Untracked 
| 371|0x0000000734400000, 0x0000000734400000, 0x0000000734600000|  0%| F|  |TAMS 0x0000000734400000| PB 0x0000000734400000| Untracked 
| 372|0x0000000734600000, 0x0000000734600000, 0x0000000734800000|  0%| F|  |TAMS 0x0000000734600000| PB 0x0000000734600000| Untracked 
| 373|0x0000000734800000, 0x0000000734800000, 0x0000000734a00000|  0%| F|  |TAMS 0x0000000734800000| PB 0x0000000734800000| Untracked 
| 374|0x0000000734a00000, 0x0000000734a00000, 0x0000000734c00000|  0%| F|  |TAMS 0x0000000734a00000| PB 0x0000000734a00000| Untracked 
| 375|0x0000000734c00000, 0x0000000734c00000, 0x0000000734e00000|  0%| F|  |TAMS 0x0000000734c00000| PB 0x0000000734c00000| Untracked 
| 376|0x0000000734e00000, 0x0000000734e00000, 0x0000000735000000|  0%| F|  |TAMS 0x0000000734e00000| PB 0x0000000734e00000| Untracked 
| 377|0x0000000735000000, 0x0000000735000000, 0x0000000735200000|  0%| F|  |TAMS 0x0000000735000000| PB 0x0000000735000000| Untracked 
| 378|0x0000000735200000, 0x0000000735200000, 0x0000000735400000|  0%| F|  |TAMS 0x0000000735200000| PB 0x0000000735200000| Untracked 
| 379|0x0000000735400000, 0x0000000735400000, 0x0000000735600000|  0%| F|  |TAMS 0x0000000735400000| PB 0x0000000735400000| Untracked 
| 380|0x0000000735600000, 0x0000000735600000, 0x0000000735800000|  0%| F|  |TAMS 0x0000000735600000| PB 0x0000000735600000| Untracked 
| 381|0x0000000735800000, 0x0000000735800000, 0x0000000735a00000|  0%| F|  |TAMS 0x0000000735800000| PB 0x0000000735800000| Untracked 
| 382|0x0000000735a00000, 0x0000000735a00000, 0x0000000735c00000|  0%| F|  |TAMS 0x0000000735a00000| PB 0x0000000735a00000| Untracked 
| 383|0x0000000735c00000, 0x0000000735c00000, 0x0000000735e00000|  0%| F|  |TAMS 0x0000000735c00000| PB 0x0000000735c00000| Untracked 
| 384|0x0000000735e00000, 0x0000000735e00000, 0x0000000736000000|  0%| F|  |TAMS 0x0000000735e00000| PB 0x0000000735e00000| Untracked 
| 385|0x0000000736000000, 0x0000000736000000, 0x0000000736200000|  0%| F|  |TAMS 0x0000000736000000| PB 0x0000000736000000| Untracked 
| 386|0x0000000736200000, 0x0000000736200000, 0x0000000736400000|  0%| F|  |TAMS 0x0000000736200000| PB 0x0000000736200000| Untracked 
| 387|0x0000000736400000, 0x0000000736400000, 0x0000000736600000|  0%| F|  |TAMS 0x0000000736400000| PB 0x0000000736400000| Untracked 
| 388|0x0000000736600000, 0x0000000736600000, 0x0000000736800000|  0%| F|  |TAMS 0x0000000736600000| PB 0x0000000736600000| Untracked 
| 389|0x0000000736800000, 0x0000000736800000, 0x0000000736a00000|  0%| F|  |TAMS 0x0000000736800000| PB 0x0000000736800000| Untracked 
| 390|0x0000000736a00000, 0x0000000736a00000, 0x0000000736c00000|  0%| F|  |TAMS 0x0000000736a00000| PB 0x0000000736a00000| Untracked 
| 391|0x0000000736c00000, 0x0000000736c00000, 0x0000000736e00000|  0%| F|  |TAMS 0x0000000736c00000| PB 0x0000000736c00000| Untracked 
| 392|0x0000000736e00000, 0x0000000736e00000, 0x0000000737000000|  0%| F|  |TAMS 0x0000000736e00000| PB 0x0000000736e00000| Untracked 
| 393|0x0000000737000000, 0x0000000737000000, 0x0000000737200000|  0%| F|  |TAMS 0x0000000737000000| PB 0x0000000737000000| Untracked 
| 394|0x0000000737200000, 0x0000000737200000, 0x0000000737400000|  0%| F|  |TAMS 0x0000000737200000| PB 0x0000000737200000| Untracked 
| 395|0x0000000737400000, 0x0000000737400000, 0x0000000737600000|  0%| F|  |TAMS 0x0000000737400000| PB 0x0000000737400000| Untracked 
| 396|0x0000000737600000, 0x0000000737600000, 0x0000000737800000|  0%| F|  |TAMS 0x0000000737600000| PB 0x0000000737600000| Untracked 
| 397|0x0000000737800000, 0x0000000737800000, 0x0000000737a00000|  0%| F|  |TAMS 0x0000000737800000| PB 0x0000000737800000| Untracked 
| 398|0x0000000737a00000, 0x0000000737a00000, 0x0000000737c00000|  0%| F|  |TAMS 0x0000000737a00000| PB 0x0000000737a00000| Untracked 
| 399|0x0000000737c00000, 0x0000000737c00000, 0x0000000737e00000|  0%| F|  |TAMS 0x0000000737c00000| PB 0x0000000737c00000| Untracked 
| 400|0x0000000737e00000, 0x0000000737e00000, 0x0000000738000000|  0%| F|  |TAMS 0x0000000737e00000| PB 0x0000000737e00000| Untracked 
| 401|0x0000000738000000, 0x0000000738000000, 0x0000000738200000|  0%| F|  |TAMS 0x0000000738000000| PB 0x0000000738000000| Untracked 
| 402|0x0000000738200000, 0x0000000738200000, 0x0000000738400000|  0%| F|  |TAMS 0x0000000738200000| PB 0x0000000738200000| Untracked 
| 403|0x0000000738400000, 0x0000000738400000, 0x0000000738600000|  0%| F|  |TAMS 0x0000000738400000| PB 0x0000000738400000| Untracked 
| 404|0x0000000738600000, 0x0000000738600000, 0x0000000738800000|  0%| F|  |TAMS 0x0000000738600000| PB 0x0000000738600000| Untracked 
| 405|0x0000000738800000, 0x0000000738800000, 0x0000000738a00000|  0%| F|  |TAMS 0x0000000738800000| PB 0x0000000738800000| Untracked 
| 406|0x0000000738a00000, 0x0000000738a00000, 0x0000000738c00000|  0%| F|  |TAMS 0x0000000738a00000| PB 0x0000000738a00000| Untracked 
| 407|0x0000000738c00000, 0x0000000738c00000, 0x0000000738e00000|  0%| F|  |TAMS 0x0000000738c00000| PB 0x0000000738c00000| Untracked 
| 408|0x0000000738e00000, 0x0000000738e00000, 0x0000000739000000|  0%| F|  |TAMS 0x0000000738e00000| PB 0x0000000738e00000| Untracked 
| 409|0x0000000739000000, 0x0000000739000000, 0x0000000739200000|  0%| F|  |TAMS 0x0000000739000000| PB 0x0000000739000000| Untracked 
| 410|0x0000000739200000, 0x0000000739200000, 0x0000000739400000|  0%| F|  |TAMS 0x0000000739200000| PB 0x0000000739200000| Untracked 
| 411|0x0000000739400000, 0x0000000739400000, 0x0000000739600000|  0%| F|  |TAMS 0x0000000739400000| PB 0x0000000739400000| Untracked 
| 412|0x0000000739600000, 0x0000000739600000, 0x0000000739800000|  0%| F|  |TAMS 0x0000000739600000| PB 0x0000000739600000| Untracked 
| 413|0x0000000739800000, 0x0000000739800000, 0x0000000739a00000|  0%| F|  |TAMS 0x0000000739800000| PB 0x0000000739800000| Untracked 
| 414|0x0000000739a00000, 0x0000000739a00000, 0x0000000739c00000|  0%| F|  |TAMS 0x0000000739a00000| PB 0x0000000739a00000| Untracked 
| 415|0x0000000739c00000, 0x0000000739c00000, 0x0000000739e00000|  0%| F|  |TAMS 0x0000000739c00000| PB 0x0000000739c00000| Untracked 
| 416|0x0000000739e00000, 0x0000000739e00000, 0x000000073a000000|  0%| F|  |TAMS 0x0000000739e00000| PB 0x0000000739e00000| Untracked 
| 417|0x000000073a000000, 0x000000073a000000, 0x000000073a200000|  0%| F|  |TAMS 0x000000073a000000| PB 0x000000073a000000| Untracked 
| 418|0x000000073a200000, 0x000000073a200000, 0x000000073a400000|  0%| F|  |TAMS 0x000000073a200000| PB 0x000000073a200000| Untracked 
| 419|0x000000073a400000, 0x000000073a400000, 0x000000073a600000|  0%| F|  |TAMS 0x000000073a400000| PB 0x000000073a400000| Untracked 
| 420|0x000000073a600000, 0x000000073a600000, 0x000000073a800000|  0%| F|  |TAMS 0x000000073a600000| PB 0x000000073a600000| Untracked 
| 421|0x000000073a800000, 0x000000073a800000, 0x000000073aa00000|  0%| F|  |TAMS 0x000000073a800000| PB 0x000000073a800000| Untracked 
| 422|0x000000073aa00000, 0x000000073aa00000, 0x000000073ac00000|  0%| F|  |TAMS 0x000000073aa00000| PB 0x000000073aa00000| Untracked 
| 423|0x000000073ac00000, 0x000000073ac00000, 0x000000073ae00000|  0%| F|  |TAMS 0x000000073ac00000| PB 0x000000073ac00000| Untracked 
| 424|0x000000073ae00000, 0x000000073ae00000, 0x000000073b000000|  0%| F|  |TAMS 0x000000073ae00000| PB 0x000000073ae00000| Untracked 
| 425|0x000000073b000000, 0x000000073b000000, 0x000000073b200000|  0%| F|  |TAMS 0x000000073b000000| PB 0x000000073b000000| Untracked 
| 426|0x000000073b200000, 0x000000073b200000, 0x000000073b400000|  0%| F|  |TAMS 0x000000073b200000| PB 0x000000073b200000| Untracked 
| 427|0x000000073b400000, 0x000000073b400000, 0x000000073b600000|  0%| F|  |TAMS 0x000000073b400000| PB 0x000000073b400000| Untracked 
| 428|0x000000073b600000, 0x000000073b600000, 0x000000073b800000|  0%| F|  |TAMS 0x000000073b600000| PB 0x000000073b600000| Untracked 
| 429|0x000000073b800000, 0x000000073b800000, 0x000000073ba00000|  0%| F|  |TAMS 0x000000073b800000| PB 0x000000073b800000| Untracked 
| 430|0x000000073ba00000, 0x000000073ba00000, 0x000000073bc00000|  0%| F|  |TAMS 0x000000073ba00000| PB 0x000000073ba00000| Untracked 
| 431|0x000000073bc00000, 0x000000073bc00000, 0x000000073be00000|  0%| F|  |TAMS 0x000000073bc00000| PB 0x000000073bc00000| Untracked 
| 432|0x000000073be00000, 0x000000073be00000, 0x000000073c000000|  0%| F|  |TAMS 0x000000073be00000| PB 0x000000073be00000| Untracked 
| 433|0x000000073c000000, 0x000000073c100000, 0x000000073c200000| 50%| E|  |TAMS 0x000000073c000000| PB 0x000000073c000000| Complete 
| 434|0x000000073c200000, 0x000000073c400000, 0x000000073c400000|100%| E|CS|TAMS 0x000000073c200000| PB 0x000000073c200000| Complete 
| 435|0x000000073c400000, 0x000000073c600000, 0x000000073c600000|100%| E|CS|TAMS 0x000000073c400000| PB 0x000000073c400000| Complete 
| 436|0x000000073c600000, 0x000000073c800000, 0x000000073c800000|100%| E|CS|TAMS 0x000000073c600000| PB 0x000000073c600000| Complete 
| 437|0x000000073c800000, 0x000000073ca00000, 0x000000073ca00000|100%| E|CS|TAMS 0x000000073c800000| PB 0x000000073c800000| Complete 
| 438|0x000000073ca00000, 0x000000073cc00000, 0x000000073cc00000|100%| E|CS|TAMS 0x000000073ca00000| PB 0x000000073ca00000| Complete 
| 439|0x000000073cc00000, 0x000000073ce00000, 0x000000073ce00000|100%| E|CS|TAMS 0x000000073cc00000| PB 0x000000073cc00000| Complete 
| 440|0x000000073ce00000, 0x000000073d000000, 0x000000073d000000|100%| E|CS|TAMS 0x000000073ce00000| PB 0x000000073ce00000| Complete 
| 441|0x000000073d000000, 0x000000073d200000, 0x000000073d200000|100%| E|CS|TAMS 0x000000073d000000| PB 0x000000073d000000| Complete 
| 442|0x000000073d200000, 0x000000073d400000, 0x000000073d400000|100%| E|CS|TAMS 0x000000073d200000| PB 0x000000073d200000| Complete 
| 443|0x000000073d400000, 0x000000073d600000, 0x000000073d600000|100%| E|CS|TAMS 0x000000073d400000| PB 0x000000073d400000| Complete 
| 444|0x000000073d600000, 0x000000073d800000, 0x000000073d800000|100%| E|CS|TAMS 0x000000073d600000| PB 0x000000073d600000| Complete 
| 445|0x000000073d800000, 0x000000073da00000, 0x000000073da00000|100%| E|CS|TAMS 0x000000073d800000| PB 0x000000073d800000| Complete 
| 446|0x000000073da00000, 0x000000073dc00000, 0x000000073dc00000|100%| E|CS|TAMS 0x000000073da00000| PB 0x000000073da00000| Complete 
| 447|0x000000073dc00000, 0x000000073de00000, 0x000000073de00000|100%| E|CS|TAMS 0x000000073dc00000| PB 0x000000073dc00000| Complete 
| 448|0x000000073de00000, 0x000000073e000000, 0x000000073e000000|100%| E|CS|TAMS 0x000000073de00000| PB 0x000000073de00000| Complete 
| 449|0x000000073e000000, 0x000000073e200000, 0x000000073e200000|100%| E|CS|TAMS 0x000000073e000000| PB 0x000000073e000000| Complete 
| 450|0x000000073e200000, 0x000000073e400000, 0x000000073e400000|100%| E|CS|TAMS 0x000000073e200000| PB 0x000000073e200000| Complete 
| 451|0x000000073e400000, 0x000000073e600000, 0x000000073e600000|100%| E|CS|TAMS 0x000000073e400000| PB 0x000000073e400000| Complete 
| 452|0x000000073e600000, 0x000000073e800000, 0x000000073e800000|100%| E|CS|TAMS 0x000000073e600000| PB 0x000000073e600000| Complete 
| 453|0x000000073e800000, 0x000000073ea00000, 0x000000073ea00000|100%| E|CS|TAMS 0x000000073e800000| PB 0x000000073e800000| Complete 
| 454|0x000000073ea00000, 0x000000073ec00000, 0x000000073ec00000|100%| E|CS|TAMS 0x000000073ea00000| PB 0x000000073ea00000| Complete 
| 455|0x000000073ec00000, 0x000000073ee00000, 0x000000073ee00000|100%| E|CS|TAMS 0x000000073ec00000| PB 0x000000073ec00000| Complete 
| 456|0x000000073ee00000, 0x000000073f000000, 0x000000073f000000|100%| E|CS|TAMS 0x000000073ee00000| PB 0x000000073ee00000| Complete 
| 457|0x000000073f000000, 0x000000073f200000, 0x000000073f200000|100%| E|CS|TAMS 0x000000073f000000| PB 0x000000073f000000| Complete 
| 458|0x000000073f200000, 0x000000073f400000, 0x000000073f400000|100%| E|CS|TAMS 0x000000073f200000| PB 0x000000073f200000| Complete 
| 459|0x000000073f400000, 0x000000073f600000, 0x000000073f600000|100%| E|CS|TAMS 0x000000073f400000| PB 0x000000073f400000| Complete 
| 460|0x000000073f600000, 0x000000073f800000, 0x000000073f800000|100%| E|CS|TAMS 0x000000073f600000| PB 0x000000073f600000| Complete 
| 461|0x000000073f800000, 0x000000073fa00000, 0x000000073fa00000|100%| E|CS|TAMS 0x000000073f800000| PB 0x000000073f800000| Complete 
| 462|0x000000073fa00000, 0x000000073fc00000, 0x000000073fc00000|100%| E|CS|TAMS 0x000000073fa00000| PB 0x000000073fa00000| Complete 
| 463|0x000000073fc00000, 0x000000073fe00000, 0x000000073fe00000|100%| E|CS|TAMS 0x000000073fc00000| PB 0x000000073fc00000| Complete 
| 464|0x000000073fe00000, 0x0000000740000000, 0x0000000740000000|100%| E|CS|TAMS 0x000000073fe00000| PB 0x000000073fe00000| Complete 
| 465|0x0000000740000000, 0x0000000740200000, 0x0000000740200000|100%| E|CS|TAMS 0x0000000740000000| PB 0x0000000740000000| Complete 
| 466|0x0000000740200000, 0x0000000740400000, 0x0000000740400000|100%| E|CS|TAMS 0x0000000740200000| PB 0x0000000740200000| Complete 
| 467|0x0000000740400000, 0x0000000740600000, 0x0000000740600000|100%| E|CS|TAMS 0x0000000740400000| PB 0x0000000740400000| Complete 
| 468|0x0000000740600000, 0x0000000740800000, 0x0000000740800000|100%| E|CS|TAMS 0x0000000740600000| PB 0x0000000740600000| Complete 
| 469|0x0000000740800000, 0x0000000740a00000, 0x0000000740a00000|100%| S|CS|TAMS 0x0000000740800000| PB 0x0000000740800000| Complete 
| 470|0x0000000740a00000, 0x0000000740c00000, 0x0000000740c00000|100%| S|CS|TAMS 0x0000000740a00000| PB 0x0000000740a00000| Complete 
| 471|0x0000000740c00000, 0x0000000740e00000, 0x0000000740e00000|100%| S|CS|TAMS 0x0000000740c00000| PB 0x0000000740c00000| Complete 
| 472|0x0000000740e00000, 0x0000000741000000, 0x0000000741000000|100%| S|CS|TAMS 0x0000000740e00000| PB 0x0000000740e00000| Complete 
| 473|0x0000000741000000, 0x0000000741200000, 0x0000000741200000|100%| S|CS|TAMS 0x0000000741000000| PB 0x0000000741000000| Complete 
| 474|0x0000000741200000, 0x0000000741400000, 0x0000000741400000|100%| S|CS|TAMS 0x0000000741200000| PB 0x0000000741200000| Complete 
| 475|0x0000000741400000, 0x0000000741600000, 0x0000000741600000|100%| S|CS|TAMS 0x0000000741400000| PB 0x0000000741400000| Complete 
| 476|0x0000000741600000, 0x0000000741800000, 0x0000000741800000|100%| S|CS|TAMS 0x0000000741600000| PB 0x0000000741600000| Complete 
| 477|0x0000000741800000, 0x0000000741a00000, 0x0000000741a00000|100%| S|CS|TAMS 0x0000000741800000| PB 0x0000000741800000| Complete 
| 478|0x0000000741a00000, 0x0000000741c00000, 0x0000000741c00000|100%| S|CS|TAMS 0x0000000741a00000| PB 0x0000000741a00000| Complete 
| 479|0x0000000741c00000, 0x0000000741e00000, 0x0000000741e00000|100%| S|CS|TAMS 0x0000000741c00000| PB 0x0000000741c00000| Complete 
| 480|0x0000000741e00000, 0x0000000742000000, 0x0000000742000000|100%| S|CS|TAMS 0x0000000741e00000| PB 0x0000000741e00000| Complete 
| 481|0x0000000742000000, 0x0000000742200000, 0x0000000742200000|100%| E|CS|TAMS 0x0000000742000000| PB 0x0000000742000000| Complete 
| 482|0x0000000742200000, 0x0000000742400000, 0x0000000742400000|100%| E|CS|TAMS 0x0000000742200000| PB 0x0000000742200000| Complete 
| 483|0x0000000742400000, 0x0000000742600000, 0x0000000742600000|100%| E|CS|TAMS 0x0000000742400000| PB 0x0000000742400000| Complete 
| 484|0x0000000742600000, 0x0000000742800000, 0x0000000742800000|100%| E|CS|TAMS 0x0000000742600000| PB 0x0000000742600000| Complete 
| 485|0x0000000742800000, 0x0000000742a00000, 0x0000000742a00000|100%| E|CS|TAMS 0x0000000742800000| PB 0x0000000742800000| Complete 
| 486|0x0000000742a00000, 0x0000000742c00000, 0x0000000742c00000|100%| E|CS|TAMS 0x0000000742a00000| PB 0x0000000742a00000| Complete 
| 487|0x0000000742c00000, 0x0000000742e00000, 0x0000000742e00000|100%| E|CS|TAMS 0x0000000742c00000| PB 0x0000000742c00000| Complete 
| 488|0x0000000742e00000, 0x0000000743000000, 0x0000000743000000|100%| E|CS|TAMS 0x0000000742e00000| PB 0x0000000742e00000| Complete 
| 489|0x0000000743000000, 0x0000000743200000, 0x0000000743200000|100%| E|CS|TAMS 0x0000000743000000| PB 0x0000000743000000| Complete 
| 490|0x0000000743200000, 0x0000000743400000, 0x0000000743400000|100%| E|CS|TAMS 0x0000000743200000| PB 0x0000000743200000| Complete 
| 491|0x0000000743400000, 0x0000000743600000, 0x0000000743600000|100%| E|CS|TAMS 0x0000000743400000| PB 0x0000000743400000| Complete 
| 492|0x0000000743600000, 0x0000000743800000, 0x0000000743800000|100%| E|CS|TAMS 0x0000000743600000| PB 0x0000000743600000| Complete 
| 493|0x0000000743800000, 0x0000000743a00000, 0x0000000743a00000|100%| E|CS|TAMS 0x0000000743800000| PB 0x0000000743800000| Complete 
| 494|0x0000000743a00000, 0x0000000743c00000, 0x0000000743c00000|100%| E|CS|TAMS 0x0000000743a00000| PB 0x0000000743a00000| Complete 
| 495|0x0000000743c00000, 0x0000000743e00000, 0x0000000743e00000|100%| E|CS|TAMS 0x0000000743c00000| PB 0x0000000743c00000| Complete 
| 496|0x0000000743e00000, 0x0000000744000000, 0x0000000744000000|100%| E|CS|TAMS 0x0000000743e00000| PB 0x0000000743e00000| Complete 
| 497|0x0000000744000000, 0x0000000744200000, 0x0000000744200000|100%| E|CS|TAMS 0x0000000744000000| PB 0x0000000744000000| Complete 
| 498|0x0000000744200000, 0x0000000744400000, 0x0000000744400000|100%| E|CS|TAMS 0x0000000744200000| PB 0x0000000744200000| Complete 
| 499|0x0000000744400000, 0x0000000744600000, 0x0000000744600000|100%| E|CS|TAMS 0x0000000744400000| PB 0x0000000744400000| Complete 
| 500|0x0000000744600000, 0x0000000744800000, 0x0000000744800000|100%| E|CS|TAMS 0x0000000744600000| PB 0x0000000744600000| Complete 
| 501|0x0000000744800000, 0x0000000744a00000, 0x0000000744a00000|100%| E|CS|TAMS 0x0000000744800000| PB 0x0000000744800000| Complete 
| 502|0x0000000744a00000, 0x0000000744c00000, 0x0000000744c00000|100%| E|CS|TAMS 0x0000000744a00000| PB 0x0000000744a00000| Complete 
| 503|0x0000000744c00000, 0x0000000744e00000, 0x0000000744e00000|100%| E|CS|TAMS 0x0000000744c00000| PB 0x0000000744c00000| Complete 
| 504|0x0000000744e00000, 0x0000000745000000, 0x0000000745000000|100%| E|CS|TAMS 0x0000000744e00000| PB 0x0000000744e00000| Complete 
| 505|0x0000000745000000, 0x0000000745200000, 0x0000000745200000|100%| E|CS|TAMS 0x0000000745000000| PB 0x0000000745000000| Complete 
| 506|0x0000000745200000, 0x0000000745400000, 0x0000000745400000|100%| E|CS|TAMS 0x0000000745200000| PB 0x0000000745200000| Complete 
| 507|0x0000000745400000, 0x0000000745600000, 0x0000000745600000|100%| E|CS|TAMS 0x0000000745400000| PB 0x0000000745400000| Complete 
| 508|0x0000000745600000, 0x0000000745800000, 0x0000000745800000|100%| E|CS|TAMS 0x0000000745600000| PB 0x0000000745600000| Complete 
| 509|0x0000000745800000, 0x0000000745a00000, 0x0000000745a00000|100%| E|CS|TAMS 0x0000000745800000| PB 0x0000000745800000| Complete 
| 510|0x0000000745a00000, 0x0000000745c00000, 0x0000000745c00000|100%| E|CS|TAMS 0x0000000745a00000| PB 0x0000000745a00000| Complete 
| 511|0x0000000745c00000, 0x0000000745e00000, 0x0000000745e00000|100%| E|CS|TAMS 0x0000000745c00000| PB 0x0000000745c00000| Complete 
| 512|0x0000000745e00000, 0x0000000746000000, 0x0000000746000000|100%| E|CS|TAMS 0x0000000745e00000| PB 0x0000000745e00000| Complete 
| 513|0x0000000746000000, 0x0000000746200000, 0x0000000746200000|100%| E|CS|TAMS 0x0000000746000000| PB 0x0000000746000000| Complete 
| 514|0x0000000746200000, 0x0000000746400000, 0x0000000746400000|100%| E|CS|TAMS 0x0000000746200000| PB 0x0000000746200000| Complete 
| 515|0x0000000746400000, 0x0000000746600000, 0x0000000746600000|100%| E|CS|TAMS 0x0000000746400000| PB 0x0000000746400000| Complete 
| 516|0x0000000746600000, 0x0000000746800000, 0x0000000746800000|100%| E|CS|TAMS 0x0000000746600000| PB 0x0000000746600000| Complete 
| 517|0x0000000746800000, 0x0000000746a00000, 0x0000000746a00000|100%| E|CS|TAMS 0x0000000746800000| PB 0x0000000746800000| Complete 
| 518|0x0000000746a00000, 0x0000000746c00000, 0x0000000746c00000|100%| E|CS|TAMS 0x0000000746a00000| PB 0x0000000746a00000| Complete 
| 519|0x0000000746c00000, 0x0000000746e00000, 0x0000000746e00000|100%| E|CS|TAMS 0x0000000746c00000| PB 0x0000000746c00000| Complete 
| 520|0x0000000746e00000, 0x0000000747000000, 0x0000000747000000|100%| E|CS|TAMS 0x0000000746e00000| PB 0x0000000746e00000| Complete 
| 521|0x0000000747000000, 0x0000000747200000, 0x0000000747200000|100%| E|CS|TAMS 0x0000000747000000| PB 0x0000000747000000| Complete 
| 522|0x0000000747200000, 0x0000000747400000, 0x0000000747400000|100%| E|CS|TAMS 0x0000000747200000| PB 0x0000000747200000| Complete 
| 523|0x0000000747400000, 0x0000000747600000, 0x0000000747600000|100%| E|CS|TAMS 0x0000000747400000| PB 0x0000000747400000| Complete 
| 524|0x0000000747600000, 0x0000000747800000, 0x0000000747800000|100%| E|CS|TAMS 0x0000000747600000| PB 0x0000000747600000| Complete 
| 525|0x0000000747800000, 0x0000000747a00000, 0x0000000747a00000|100%| E|CS|TAMS 0x0000000747800000| PB 0x0000000747800000| Complete 
| 526|0x0000000747a00000, 0x0000000747c00000, 0x0000000747c00000|100%| E|CS|TAMS 0x0000000747a00000| PB 0x0000000747a00000| Complete 
| 527|0x0000000747c00000, 0x0000000747e00000, 0x0000000747e00000|100%| E|CS|TAMS 0x0000000747c00000| PB 0x0000000747c00000| Complete 
| 528|0x0000000747e00000, 0x0000000748000000, 0x0000000748000000|100%| E|CS|TAMS 0x0000000747e00000| PB 0x0000000747e00000| Complete 
| 529|0x0000000748000000, 0x0000000748200000, 0x0000000748200000|100%| E|CS|TAMS 0x0000000748000000| PB 0x0000000748000000| Complete 
| 530|0x0000000748200000, 0x0000000748400000, 0x0000000748400000|100%| E|CS|TAMS 0x0000000748200000| PB 0x0000000748200000| Complete 
| 531|0x0000000748400000, 0x0000000748600000, 0x0000000748600000|100%| E|CS|TAMS 0x0000000748400000| PB 0x0000000748400000| Complete 
| 532|0x0000000748600000, 0x0000000748800000, 0x0000000748800000|100%| E|CS|TAMS 0x0000000748600000| PB 0x0000000748600000| Complete 
| 533|0x0000000748800000, 0x0000000748a00000, 0x0000000748a00000|100%| E|CS|TAMS 0x0000000748800000| PB 0x0000000748800000| Complete 
| 534|0x0000000748a00000, 0x0000000748c00000, 0x0000000748c00000|100%| E|CS|TAMS 0x0000000748a00000| PB 0x0000000748a00000| Complete 
| 535|0x0000000748c00000, 0x0000000748e00000, 0x0000000748e00000|100%| E|CS|TAMS 0x0000000748c00000| PB 0x0000000748c00000| Complete 
| 536|0x0000000748e00000, 0x0000000749000000, 0x0000000749000000|100%| E|CS|TAMS 0x0000000748e00000| PB 0x0000000748e00000| Complete 
| 537|0x0000000749000000, 0x0000000749200000, 0x0000000749200000|100%| E|CS|TAMS 0x0000000749000000| PB 0x0000000749000000| Complete 
| 538|0x0000000749200000, 0x0000000749400000, 0x0000000749400000|100%| E|CS|TAMS 0x0000000749200000| PB 0x0000000749200000| Complete 

Card table byte_map: [0x0000015cf16f0000,0x0000015cf1ed0000] _byte_map_base: 0x0000015cedec1000

Marking Bits: (CMBitMap*) 0x0000015cd855b490
 Bits: [0x0000015cf1ed0000, 0x0000015cf5d58000)

Polling page: 0x0000015cd6650000

Metaspace:

Usage:
  Non-class:     73.83 MB used.
      Class:      8.90 MB used.
       Both:     82.72 MB used.

Virtual space:
  Non-class space:      128.00 MB reserved,      74.44 MB ( 58%) committed,  2 nodes.
      Class space:        1.00 GB reserved,       9.50 MB ( <1%) committed,  1 nodes.
             Both:        1.12 GB reserved,      83.94 MB (  7%) committed. 

Chunk freelists:
   Non-Class:  5.55 MB
       Class:  6.50 MB
        Both:  12.05 MB

MaxMetaspaceSize: unlimited
CompressedClassSpaceSize: 1.00 GB
Initial GC threshold: 21.00 MB
Current GC threshold: 139.06 MB
CDS: on
 - commit_granule_bytes: 65536.
 - commit_granule_words: 8192.
 - virtual_space_node_default_size: 8388608.
 - enlarge_chunks_in_place: 1.
 - use_allocation_guard: 0.


Internal statistics:

num_allocs_failed_limit: 3.
num_arena_births: 2088.
num_arena_deaths: 0.
num_vsnodes_births: 3.
num_vsnodes_deaths: 0.
num_space_committed: 1340.
num_space_uncommitted: 0.
num_chunks_returned_to_freelist: 3.
num_chunks_taken_from_freelist: 5497.
num_chunk_merges: 0.
num_chunk_splits: 3923.
num_chunks_enlarged: 2834.
num_inconsistent_stats: 0.

CodeHeap 'non-profiled nmethods': size=118848Kb used=20797Kb max_used=21100Kb free=98050Kb
 bounds [0x0000015ce87c0000, 0x0000015ce9c70000, 0x0000015cefbd0000]
CodeHeap 'profiled nmethods': size=118848Kb used=40895Kb max_used=50495Kb free=77952Kb
 bounds [0x0000015ce0bd0000, 0x0000015ce3d50000, 0x0000015ce7fe0000]
CodeHeap 'non-nmethods': size=8064Kb used=4075Kb max_used=4106Kb free=3988Kb
 bounds [0x0000015ce7fe0000, 0x0000015ce8400000, 0x0000015ce87c0000]
 total_blobs=15175 nmethods=14403 adapters=663
 compilation: enabled
              stopped_count=0, restarted_count=0
 full_count=0

Compilation events (20 events):
Event: 39.062 Thread 0x0000015cf9a69aa0 24756       3       org.jetbrains.kotlin.resolve.calls.ArgumentTypeResolver::isFunctionLiteralArgument (27 bytes)
Event: 39.062 Thread 0x0000015cf9a69aa0 nmethod 24756 0x0000015ce1b3a290 code [0x0000015ce1b3a480, 0x0000015ce1b3a7e8]
Event: 39.070 Thread 0x0000015cf82a73c0 24757       3       org.jetbrains.kotlin.cfg.pseudocode.instructions.InstructionVisitor::visitInstructionWithNext (15 bytes)
Event: 39.070 Thread 0x0000015ccc7f8930 24758       3       org.jetbrains.kotlin.cfg.ControlFlowInformationProviderImpl$collectReturnExpressions$1::visitInstruction (61 bytes)
Event: 39.070 Thread 0x0000015cf82a73c0 nmethod 24757 0x0000015ce18bf710 code [0x0000015ce18bf940, 0x0000015ce18bffc0]
Event: 39.071 Thread 0x0000015ccc7f8930 nmethod 24758 0x0000015ce207de90 code [0x0000015ce207e1a0, 0x0000015ce207f230]
Event: 39.077 Thread 0x0000015cf82a73c0 24759       3       java.util.concurrent.locks.AbstractQueuedSynchronizer$ConditionObject::signal (34 bytes)
Event: 39.078 Thread 0x0000015cf82a73c0 nmethod 24759 0x0000015ce15d5b90 code [0x0000015ce15d5d60, 0x0000015ce15d60b8]
Event: 39.078 Thread 0x0000015cf9a69aa0 24760       1       org.h2.engine.Setting::getIntValue (5 bytes)
Event: 39.079 Thread 0x0000015ccc7f8930 24761       3       org.h2.command.Prepared::prepare (1 bytes)
Event: 39.079 Thread 0x0000015cf9a69aa0 nmethod 24760 0x0000015ce8d83590 code [0x0000015ce8d83720, 0x0000015ce8d837e8]
Event: 39.079 Thread 0x0000015ccc7f8930 nmethod 24761 0x0000015ce0bdda90 code [0x0000015ce0bddc20, 0x0000015ce0bddd28]
Event: 39.079 Thread 0x0000015ccbebb020 24762       3       org.jetbrains.exposed.sql.Transaction$exec$3::invoke (10 bytes)
Event: 39.079 Thread 0x0000015cf82a73c0 24763       3       org.jetbrains.exposed.sql.Transaction$exec$3::invoke (8 bytes)
Event: 39.079 Thread 0x0000015ccbebb020 nmethod 24762 0x0000015ce2c05d90 code [0x0000015ce2c05fc0, 0x0000015ce2c066d0]
Event: 39.079 Thread 0x0000015cf82a73c0 nmethod 24763 0x0000015ce1dd0c90 code [0x0000015ce1dd0ea0, 0x0000015ce1dd1440]
Event: 39.079 Thread 0x0000015cf9a69aa0 24764       1       java.util.Collections$SingletonMap::size (2 bytes)
Event: 39.080 Thread 0x0000015cf9a69aa0 nmethod 24764 0x0000015ce8d83e90 code [0x0000015ce8d84020, 0x0000015ce8d840e8]
Event: 39.080 Thread 0x0000015cf9a69aa0 24765       3       org.jetbrains.exposed.sql.Function::<init> (16 bytes)
Event: 39.080 Thread 0x0000015cf9a69aa0 nmethod 24765 0x0000015ce14aa590 code [0x0000015ce14aa800, 0x0000015ce14ab1c8]

GC Heap History (20 events):
Event: 28.923 GC heap before
{Heap before GC invocations=58 (full 0):
 garbage-first heap   total 501760K, used 442720K [0x0000000705e00000, 0x0000000800000000)
  region size 2048K, 54 young (110592K), 8 survivors (16384K)
 Metaspace       used 83409K, committed 84672K, reserved 1179648K
  class space    used 9057K, committed 9664K, reserved 1048576K
}
Event: 28.933 GC heap after
{Heap after GC invocations=59 (full 0):
 garbage-first heap   total 501760K, used 371409K [0x0000000705e00000, 0x0000000800000000)
  region size 2048K, 7 young (14336K), 7 survivors (14336K)
 Metaspace       used 83409K, committed 84672K, reserved 1179648K
  class space    used 9057K, committed 9664K, reserved 1048576K
}
Event: 29.700 GC heap before
{Heap before GC invocations=60 (full 0):
 garbage-first heap   total 622592K, used 451281K [0x0000000705e00000, 0x0000000800000000)
  region size 2048K, 46 young (94208K), 7 survivors (14336K)
 Metaspace       used 83556K, committed 84800K, reserved 1179648K
  class space    used 9057K, committed 9664K, reserved 1048576K
}
Event: 29.713 GC heap after
{Heap after GC invocations=61 (full 0):
 garbage-first heap   total 622592K, used 393166K [0x0000000705e00000, 0x0000000800000000)
  region size 2048K, 6 young (12288K), 6 survivors (12288K)
 Metaspace       used 83556K, committed 84800K, reserved 1179648K
  class space    used 9057K, committed 9664K, reserved 1048576K
}
Event: 30.669 GC heap before
{Heap before GC invocations=61 (full 0):
 garbage-first heap   total 622592K, used 530382K [0x0000000705e00000, 0x0000000800000000)
  region size 2048K, 73 young (149504K), 6 survivors (12288K)
 Metaspace       used 83790K, committed 85056K, reserved 1179648K
  class space    used 9073K, committed 9728K, reserved 1048576K
}
Event: 30.699 GC heap after
{Heap after GC invocations=62 (full 0):
 garbage-first heap   total 796672K, used 427831K [0x0000000705e00000, 0x0000000800000000)
  region size 2048K, 10 young (20480K), 10 survivors (20480K)
 Metaspace       used 83790K, committed 85056K, reserved 1179648K
  class space    used 9073K, committed 9728K, reserved 1048576K
}
Event: 31.799 GC heap before
{Heap before GC invocations=62 (full 0):
 garbage-first heap   total 796672K, used 614199K [0x0000000705e00000, 0x0000000800000000)
  region size 2048K, 101 young (206848K), 10 survivors (20480K)
 Metaspace       used 83947K, committed 85248K, reserved 1179648K
  class space    used 9074K, committed 9728K, reserved 1048576K
}
Event: 31.818 GC heap after
{Heap after GC invocations=63 (full 0):
 garbage-first heap   total 796672K, used 464447K [0x0000000705e00000, 0x0000000800000000)
  region size 2048K, 13 young (26624K), 13 survivors (26624K)
 Metaspace       used 83947K, committed 85248K, reserved 1179648K
  class space    used 9074K, committed 9728K, reserved 1048576K
}
Event: 32.917 GC heap before
{Heap before GC invocations=63 (full 0):
 garbage-first heap   total 796672K, used 661055K [0x0000000705e00000, 0x0000000800000000)
  region size 2048K, 109 young (223232K), 13 survivors (26624K)
 Metaspace       used 84068K, committed 85312K, reserved 1179648K
  class space    used 9081K, committed 9728K, reserved 1048576K
}
Event: 32.967 GC heap after
{Heap after GC invocations=64 (full 0):
 garbage-first heap   total 796672K, used 505614K [0x0000000705e00000, 0x0000000800000000)
  region size 2048K, 14 young (28672K), 14 survivors (28672K)
 Metaspace       used 84068K, committed 85312K, reserved 1179648K
  class space    used 9081K, committed 9728K, reserved 1048576K
}
Event: 33.912 GC heap before
{Heap before GC invocations=64 (full 0):
 garbage-first heap   total 796672K, used 685838K [0x0000000705e00000, 0x0000000800000000)
  region size 2048K, 102 young (208896K), 14 survivors (28672K)
 Metaspace       used 84161K, committed 85440K, reserved 1179648K
  class space    used 9082K, committed 9728K, reserved 1048576K
}
Event: 33.956 GC heap after
{Heap after GC invocations=65 (full 0):
 garbage-first heap   total 796672K, used 546816K [0x0000000705e00000, 0x0000000800000000)
  region size 2048K, 13 young (26624K), 13 survivors (26624K)
 Metaspace       used 84161K, committed 85440K, reserved 1179648K
  class space    used 9082K, committed 9728K, reserved 1048576K
}
Event: 34.757 GC heap before
{Heap before GC invocations=66 (full 0):
 garbage-first heap   total 911360K, used 704512K [0x0000000705e00000, 0x0000000800000000)
  region size 2048K, 90 young (184320K), 13 survivors (26624K)
 Metaspace       used 84190K, committed 85440K, reserved 1179648K
  class space    used 9082K, committed 9728K, reserved 1048576K
}
Event: 34.806 GC heap after
{Heap after GC invocations=67 (full 0):
 garbage-first heap   total 911360K, used 584770K [0x0000000705e00000, 0x0000000800000000)
  region size 2048K, 12 young (24576K), 12 survivors (24576K)
 Metaspace       used 84190K, committed 85440K, reserved 1179648K
  class space    used 9082K, committed 9728K, reserved 1048576K
}
Event: 35.834 GC heap before
{Heap before GC invocations=67 (full 0):
 garbage-first heap   total 911360K, used 787522K [0x0000000705e00000, 0x0000000800000000)
  region size 2048K, 111 young (227328K), 12 survivors (24576K)
 Metaspace       used 84255K, committed 85504K, reserved 1179648K
  class space    used 9082K, committed 9728K, reserved 1048576K
}
Event: 35.872 GC heap after
{Heap after GC invocations=68 (full 0):
 garbage-first heap   total 911360K, used 620238K [0x0000000705e00000, 0x0000000800000000)
  region size 2048K, 14 young (28672K), 14 survivors (28672K)
 Metaspace       used 84255K, committed 85504K, reserved 1179648K
  class space    used 9082K, committed 9728K, reserved 1048576K
}
Event: 36.693 GC heap before
{Heap before GC invocations=68 (full 0):
 garbage-first heap   total 911360K, used 806606K [0x0000000705e00000, 0x0000000800000000)
  region size 2048K, 105 young (215040K), 14 survivors (28672K)
 Metaspace       used 84312K, committed 85568K, reserved 1179648K
  class space    used 9082K, committed 9728K, reserved 1048576K
}
Event: 36.721 GC heap after
{Heap after GC invocations=69 (full 0):
 garbage-first heap   total 911360K, used 660562K [0x0000000705e00000, 0x0000000800000000)
  region size 2048K, 14 young (28672K), 14 survivors (28672K)
 Metaspace       used 84312K, committed 85568K, reserved 1179648K
  class space    used 9082K, committed 9728K, reserved 1048576K
}
Event: 37.540 GC heap before
{Heap before GC invocations=70 (full 0):
 garbage-first heap   total 1103872K, used 822354K [0x0000000705e00000, 0x0000000800000000)
  region size 2048K, 93 young (190464K), 14 survivors (28672K)
 Metaspace       used 84405K, committed 85632K, reserved 1179648K
  class space    used 9083K, committed 9728K, reserved 1048576K
}
Event: 37.569 GC heap after
{Heap after GC invocations=71 (full 0):
 garbage-first heap   total 1103872K, used 698236K [0x0000000705e00000, 0x0000000800000000)
  region size 2048K, 12 young (24576K), 12 survivors (24576K)
 Metaspace       used 84405K, committed 85632K, reserved 1179648K
  class space    used 9083K, committed 9728K, reserved 1048576K
}

Dll operation events (8 events):
Event: 0.006 Loaded shared library D:\jdk_21.0.7.6\bin\java.dll
Event: 0.026 Loaded shared library D:\jdk_21.0.7.6\bin\jsvml.dll
Event: 0.055 Loaded shared library D:\jdk_21.0.7.6\bin\net.dll
Event: 0.058 Loaded shared library D:\jdk_21.0.7.6\bin\nio.dll
Event: 0.061 Loaded shared library D:\jdk_21.0.7.6\bin\zip.dll
Event: 0.112 Loaded shared library D:\jdk_21.0.7.6\bin\jimage.dll
Event: 0.770 Loaded shared library D:\jdk_21.0.7.6\bin\verify.dll
Event: 1.866 Loaded shared library C:\Users\ASUS\AppData\Local\Temp\sqlite-3.41.2.1-c0192894-3a04-44d3-a4ad-b7d6a75239c9-sqlitejdbc.dll

Deoptimization events (20 events):
Event: 38.941 Thread 0x0000015ccbe7fbe0 Uncommon trap: trap_request=0xffffffbe fr.pc=0x0000015ce961b8d0 relative=0x0000000000005b70
Event: 38.941 Thread 0x0000015ccbe7fbe0 Uncommon trap: reason=profile_predicate action=maybe_recompile pc=0x0000015ce961b8d0 method=org.jetbrains.kotlin.resolve.calls.components.UnitTypeConversions.conversionDefinitelyNotNeeded(Lorg/jetbrains/kotlin/resolve/calls/components/candidate/Resolution
Event: 38.941 Thread 0x0000015ccbe7fbe0 DEOPT PACKING pc=0x0000015ce961b8d0 sp=0x00000039303fa740
Event: 38.941 Thread 0x0000015ccbe7fbe0 DEOPT UNPACKING pc=0x0000015ce80346a2 sp=0x00000039303fa508 mode 2
Event: 38.946 Thread 0x0000015ccbe7fbe0 Uncommon trap: trap_request=0xffffffbe fr.pc=0x0000015ce961b8d0 relative=0x0000000000005b70
Event: 38.946 Thread 0x0000015ccbe7fbe0 Uncommon trap: reason=profile_predicate action=maybe_recompile pc=0x0000015ce961b8d0 method=org.jetbrains.kotlin.resolve.calls.components.UnitTypeConversions.conversionDefinitelyNotNeeded(Lorg/jetbrains/kotlin/resolve/calls/components/candidate/Resolution
Event: 38.946 Thread 0x0000015ccbe7fbe0 DEOPT PACKING pc=0x0000015ce961b8d0 sp=0x00000039303fa300
Event: 38.946 Thread 0x0000015ccbe7fbe0 DEOPT UNPACKING pc=0x0000015ce80346a2 sp=0x00000039303fa0c8 mode 2
Event: 38.948 Thread 0x0000015ccbe7fbe0 Uncommon trap: trap_request=0xffffffbe fr.pc=0x0000015ce961b8d0 relative=0x0000000000005b70
Event: 38.948 Thread 0x0000015ccbe7fbe0 Uncommon trap: reason=profile_predicate action=maybe_recompile pc=0x0000015ce961b8d0 method=org.jetbrains.kotlin.resolve.calls.components.UnitTypeConversions.conversionDefinitelyNotNeeded(Lorg/jetbrains/kotlin/resolve/calls/components/candidate/Resolution
Event: 38.948 Thread 0x0000015ccbe7fbe0 DEOPT PACKING pc=0x0000015ce961b8d0 sp=0x00000039303fa740
Event: 38.948 Thread 0x0000015ccbe7fbe0 DEOPT UNPACKING pc=0x0000015ce80346a2 sp=0x00000039303fa508 mode 2
Event: 38.951 Thread 0x0000015ccbe7fbe0 Uncommon trap: trap_request=0xffffffbe fr.pc=0x0000015ce961b8d0 relative=0x0000000000005b70
Event: 38.951 Thread 0x0000015ccbe7fbe0 Uncommon trap: reason=profile_predicate action=maybe_recompile pc=0x0000015ce961b8d0 method=org.jetbrains.kotlin.resolve.calls.components.UnitTypeConversions.conversionDefinitelyNotNeeded(Lorg/jetbrains/kotlin/resolve/calls/components/candidate/Resolution
Event: 38.951 Thread 0x0000015ccbe7fbe0 DEOPT PACKING pc=0x0000015ce961b8d0 sp=0x00000039303fa300
Event: 38.951 Thread 0x0000015ccbe7fbe0 DEOPT UNPACKING pc=0x0000015ce80346a2 sp=0x00000039303fa0c8 mode 2
Event: 38.983 Thread 0x0000015ccbe7fbe0 Uncommon trap: trap_request=0xffffff5c fr.pc=0x0000015ce8e82f2c relative=0x000000000000692c
Event: 38.983 Thread 0x0000015ccbe7fbe0 Uncommon trap: reason=speculate_null_check action=make_not_entrant pc=0x0000015ce8e82f2c method=org.jetbrains.kotlin.resolve.scopes.receivers.QualifierReceiver.getClassValueReceiverWithSmartCastInfo()Lorg/jetbrains/kotlin/resolve/scopes/receivers/Receiver
Event: 38.983 Thread 0x0000015ccbe7fbe0 DEOPT PACKING pc=0x0000015ce8e82f2c sp=0x00000039303facc0
Event: 38.983 Thread 0x0000015ccbe7fbe0 DEOPT UNPACKING pc=0x0000015ce80346a2 sp=0x00000039303fab08 mode 2

Classes loaded (20 events):
Event: 10.054 Loading class java/util/stream/Nodes$SpinedNodeBuilder
Event: 10.055 Loading class java/util/stream/Nodes$SpinedNodeBuilder done
Event: 10.055 Loading class java/util/stream/SliceOps$1$1
Event: 10.055 Loading class java/util/stream/SliceOps$1$1 done
Event: 12.006 Loading class java/util/function/IntBinaryOperator
Event: 12.006 Loading class java/util/function/IntBinaryOperator done
Event: 12.113 Loading class java/beans/PropertyChangeSupport
Event: 12.113 Loading class java/beans/PropertyChangeSupport done
Event: 12.113 Loading class java/beans/PropertyChangeSupport$PropertyChangeListenerMap
Event: 12.114 Loading class java/beans/ChangeListenerMap
Event: 12.114 Loading class java/beans/ChangeListenerMap done
Event: 12.114 Loading class java/beans/PropertyChangeSupport$PropertyChangeListenerMap done
Event: 12.114 Loading class java/beans/PropertyChangeListener
Event: 12.114 Loading class java/beans/PropertyChangeListener done
Event: 15.897 Loading class java/util/concurrent/ConcurrentHashMap$TreeNode
Event: 15.897 Loading class java/util/concurrent/ConcurrentHashMap$TreeNode done
Event: 15.898 Loading class java/util/concurrent/ConcurrentHashMap$TreeBin
Event: 15.898 Loading class java/util/concurrent/ConcurrentHashMap$TreeBin done
Event: 19.716 Loading class jdk/internal/math/FDBigInteger
Event: 19.716 Loading class jdk/internal/math/FDBigInteger done

Classes unloaded (0 events):
No events

Classes redefined (0 events):
No events

Internal exceptions (20 events):
Event: 20.654 Thread 0x0000015ccbe7fbe0 Implicit null exception at 0x0000015ce91b35e6 to 0x0000015ce91b59f0
Event: 29.010 Thread 0x0000015ccbe7fbe0 Implicit null exception at 0x0000015ce97a685f to 0x0000015ce97a7248
Event: 30.031 Thread 0x0000015ccbe7fbe0 Implicit null exception at 0x0000015ce90bf314 to 0x0000015ce90c06c4
Event: 30.031 Thread 0x0000015ccbe7fbe0 Implicit null exception at 0x0000015ce89853e0 to 0x0000015ce89854a0
Event: 32.342 Thread 0x0000015ccbe7fbe0 Implicit null exception at 0x0000015ce8df64cb to 0x0000015ce8df7948
Event: 32.558 Thread 0x0000015ccbe7fbe0 Implicit null exception at 0x0000015ce88586e1 to 0x0000015ce8859378
Event: 34.293 Thread 0x0000015ccbe7fbe0 Implicit null exception at 0x0000015ce95f4e6f to 0x0000015ce95f5030
Event: 35.052 Thread 0x0000015ccbe7fbe0 Implicit null exception at 0x0000015ce8ec1357 to 0x0000015ce8ec4bfc
Event: 35.052 Thread 0x0000015ccbe7fbe0 Implicit null exception at 0x0000015ce97f8b67 to 0x0000015ce97f8c72
Event: 35.071 Thread 0x0000015ccbe7fbe0 Implicit null exception at 0x0000015ce8c47a1f to 0x0000015ce8c496a4
Event: 35.547 Thread 0x0000015ccbe7fbe0 Implicit null exception at 0x0000015ce9992826 to 0x0000015ce9997d68
Event: 38.181 Thread 0x0000015ccbe7fbe0 Implicit null exception at 0x0000015ce947020f to 0x0000015ce9475dd0
Event: 38.513 Thread 0x0000015ccbe7fbe0 Implicit null exception at 0x0000015ce9178967 to 0x0000015ce917c3b8
Event: 38.515 Thread 0x0000015ccbe7fbe0 Implicit null exception at 0x0000015ce904260b to 0x0000015ce9044070
Event: 38.515 Thread 0x0000015ccbe7fbe0 Implicit null exception at 0x0000015ce9b82107 to 0x0000015ce9b82864
Event: 38.569 Thread 0x0000015ccbe7fbe0 Implicit null exception at 0x0000015ce99ea4c3 to 0x0000015ce99ee3c0
Event: 38.569 Thread 0x0000015ccbe7fbe0 Implicit null exception at 0x0000015ce9a6e0a3 to 0x0000015ce9a6e604
Event: 38.570 Thread 0x0000015ccbe7fbe0 Implicit null exception at 0x0000015ce8fd1fdf to 0x0000015ce8fd24fa
Event: 38.577 Thread 0x0000015ccbe7fbe0 Implicit null exception at 0x0000015ce99defd4 to 0x0000015ce99e2c54
Event: 38.983 Thread 0x0000015ccbe7fbe0 Implicit null exception at 0x0000015ce8e7d498 to 0x0000015ce8e82ed4

ZGC Phase Switch (0 events):
No events

VM Operations (20 events):
Event: 37.016 Executing VM operation: G1PauseCleanup
Event: 37.017 Executing VM operation: G1PauseCleanup done
Event: 37.540 Executing VM operation: G1CollectForAllocation (G1 Evacuation Pause)
Event: 37.569 Executing VM operation: G1CollectForAllocation (G1 Evacuation Pause) done
Event: 38.265 Executing VM operation: ICBufferFull
Event: 38.265 Executing VM operation: ICBufferFull done
Event: 38.491 Executing VM operation: ICBufferFull
Event: 38.491 Executing VM operation: ICBufferFull done
Event: 38.595 Executing VM operation: HandshakeAllThreads (Deoptimize)
Event: 38.595 Executing VM operation: HandshakeAllThreads (Deoptimize) done
Event: 38.596 Executing VM operation: HandshakeAllThreads (Deoptimize)
Event: 38.596 Executing VM operation: HandshakeAllThreads (Deoptimize) done
Event: 38.628 Executing VM operation: ICBufferFull
Event: 38.628 Executing VM operation: ICBufferFull done
Event: 38.640 Executing VM operation: HandshakeAllThreads (Deoptimize)
Event: 38.640 Executing VM operation: HandshakeAllThreads (Deoptimize) done
Event: 38.642 Executing VM operation: HandshakeAllThreads (Deoptimize)
Event: 38.642 Executing VM operation: HandshakeAllThreads (Deoptimize) done
Event: 39.019 Executing VM operation: ICBufferFull
Event: 39.019 Executing VM operation: ICBufferFull done

Memory protections (0 events):
No events

Nmethod flushes (20 events):
Event: 36.920 Thread 0x0000015cf8262100 flushing  nmethod 0x0000015ce2c99890
Event: 36.920 Thread 0x0000015cf8262100 flushing  nmethod 0x0000015ce307d010
Event: 36.920 Thread 0x0000015cf8262100 flushing  nmethod 0x0000015ce3304b10
Event: 36.920 Thread 0x0000015cf8262100 flushing  nmethod 0x0000015ce3304e90
Event: 36.920 Thread 0x0000015cf8262100 flushing  nmethod 0x0000015ce3306310
Event: 36.920 Thread 0x0000015cf8262100 flushing  nmethod 0x0000015ce3306710
Event: 36.920 Thread 0x0000015cf8262100 flushing  nmethod 0x0000015ce3306b10
Event: 36.920 Thread 0x0000015cf8262100 flushing  nmethod 0x0000015ce3306f10
Event: 36.920 Thread 0x0000015cf8262100 flushing  nmethod 0x0000015ce3495190
Event: 36.920 Thread 0x0000015cf8262100 flushing  nmethod 0x0000015ce3495590
Event: 36.920 Thread 0x0000015cf8262100 flushing  nmethod 0x0000015ce3497490
Event: 36.920 Thread 0x0000015cf8262100 flushing  nmethod 0x0000015ce349a190
Event: 36.920 Thread 0x0000015cf8262100 flushing  nmethod 0x0000015ce34a1b10
Event: 36.920 Thread 0x0000015cf8262100 flushing  nmethod 0x0000015ce34ea810
Event: 36.920 Thread 0x0000015cf8262100 flushing  nmethod 0x0000015ce34eac10
Event: 36.920 Thread 0x0000015cf8262100 flushing  nmethod 0x0000015ce34eb010
Event: 36.920 Thread 0x0000015cf8262100 flushing  nmethod 0x0000015ce34eba10
Event: 36.920 Thread 0x0000015cf8262100 flushing  nmethod 0x0000015ce34ebf90
Event: 36.920 Thread 0x0000015cf8262100 flushing  nmethod 0x0000015ce34eca90
Event: 36.920 Thread 0x0000015cf8262100 flushing  nmethod 0x0000015ce37c5110

Events (20 events):
Event: 4.468 Thread 0x0000015ccbc55060 Thread added: 0x0000015ccbe7e830
Event: 4.527 Thread 0x0000015ccc7f8930 Thread added: 0x0000015ccbebb020
Event: 4.590 Thread 0x0000015cf8290e80 Thread added: 0x0000015ccbebcbc0
Event: 4.590 Thread 0x0000015cf8290e80 Thread added: 0x0000015ccbebd260
Event: 4.770 Thread 0x0000015ccbc55060 Thread added: 0x0000015ccbe7fbe0
Event: 4.820 Thread 0x0000015ccbe9eb10 Thread added: 0x0000015ccbe81cb0
Event: 4.902 Thread 0x0000015ccc7f8930 Thread added: 0x0000015cc9b41a00
Event: 6.374 Thread 0x0000015ccbebd260 Thread exited: 0x0000015ccbebd260
Event: 6.519 Thread 0x0000015cf9a69aa0 Thread added: 0x0000015ccb4e2dd0
Event: 7.887 Thread 0x0000015ccb4e2dd0 Thread exited: 0x0000015ccb4e2dd0
Event: 7.891 Thread 0x0000015ccbebcbc0 Thread exited: 0x0000015ccbebcbc0
Event: 7.906 Thread 0x0000015ccbe7fbe0 Thread added: 0x0000015ccbe80f90
Event: 7.913 Thread 0x0000015ccc7f8930 Thread added: 0x0000015cc9b9df30
Event: 8.155 Thread 0x0000015cc9b9df30 Thread exited: 0x0000015cc9b9df30
Event: 8.155 Thread 0x0000015ccb33e840 Thread exited: 0x0000015ccb33e840
Event: 8.204 Thread 0x0000015cf82a73c0 Thread added: 0x0000015cc9b9df30
Event: 8.205 Thread 0x0000015ccbebb020 Thread added: 0x0000015ccb3703c0
Event: 8.688 Thread 0x0000015ccb3703c0 Thread added: 0x0000015ccb373370
Event: 29.917 Thread 0x0000015ccb373370 Thread exited: 0x0000015ccb373370
Event: 30.238 Thread 0x0000015ccb3703c0 Thread exited: 0x0000015ccb3703c0


Dynamic libraries:
0x00007ff743be0000 - 0x00007ff743bee000 	D:\jdk_21.0.7.6\bin\java.exe
0x00007ff8c4c60000 - 0x00007ff8c4ec6000 	C:\WINDOWS\SYSTEM32\ntdll.dll
0x00007ff8c3070000 - 0x00007ff8c3139000 	C:\WINDOWS\System32\KERNEL32.DLL
0x00007ff8c23a0000 - 0x00007ff8c279f000 	C:\WINDOWS\System32\KERNELBASE.dll
0x00007ff8c2240000 - 0x00007ff8c238c000 	C:\WINDOWS\System32\ucrtbase.dll
0x00007ff889780000 - 0x00007ff889798000 	D:\jdk_21.0.7.6\bin\jli.dll
0x00007ff889760000 - 0x00007ff88977e000 	D:\jdk_21.0.7.6\bin\VCRUNTIME140.dll
0x00007ff8c2ea0000 - 0x00007ff8c3066000 	C:\WINDOWS\System32\USER32.dll
0x00007ff8c1f30000 - 0x00007ff8c1f57000 	C:\WINDOWS\System32\win32u.dll
0x00007ff8a1da0000 - 0x00007ff8a2031000 	C:\WINDOWS\WinSxS\amd64_microsoft.windows.common-controls_6595b64144ccf1df_6.0.26100.8972_none_3e0da176e32f9d4b\COMCTL32.dll
0x00007ff8c3bf0000 - 0x00007ff8c3c1b000 	C:\WINDOWS\System32\GDI32.dll
0x00007ff8c2990000 - 0x00007ff8c2a39000 	C:\WINDOWS\System32\msvcrt.dll
0x00007ff8c27b0000 - 0x00007ff8c28d9000 	C:\WINDOWS\System32\gdi32full.dll
0x00007ff8c28e0000 - 0x00007ff8c2983000 	C:\WINDOWS\System32\msvcp_win.dll
0x00007ff8c35d0000 - 0x00007ff8c3602000 	C:\WINDOWS\System32\IMM32.DLL
0x00007ff889750000 - 0x00007ff88975c000 	D:\jdk_21.0.7.6\bin\vcruntime140_1.dll
0x00007ff855de0000 - 0x00007ff855e6d000 	D:\jdk_21.0.7.6\bin\msvcp140.dll
0x00007fffc0050000 - 0x00007fffc0de0000 	D:\jdk_21.0.7.6\bin\server\jvm.dll
0x00007ff8c2a60000 - 0x00007ff8c2b1c000 	C:\WINDOWS\System32\ADVAPI32.dll
0x00007ff8c3140000 - 0x00007ff8c31ea000 	C:\WINDOWS\System32\sechost.dll
0x00007ff8c34b0000 - 0x00007ff8c35c8000 	C:\WINDOWS\System32\RPCRT4.dll
0x00007ff8c37d0000 - 0x00007ff8c3852000 	C:\WINDOWS\System32\WS2_32.dll
0x00007ff8c09e0000 - 0x00007ff8c0a3e000 	C:\WINDOWS\SYSTEM32\POWRPROF.dll
0x00007ff8b8980000 - 0x00007ff8b898b000 	C:\WINDOWS\SYSTEM32\VERSION.dll
0x00007ff8b5eb0000 - 0x00007ff8b5ee6000 	C:\WINDOWS\SYSTEM32\WINMM.dll
0x00007ff8c09c0000 - 0x00007ff8c09d5000 	C:\WINDOWS\SYSTEM32\UMPDC.dll
0x00007ff8c0c80000 - 0x00007ff8c0c9b000 	C:\WINDOWS\SYSTEM32\kernel.appcore.dll
0x00007ff889740000 - 0x00007ff88974a000 	D:\jdk_21.0.7.6\bin\jimage.dll
0x00007ff8bf0b0000 - 0x00007ff8bf2f2000 	C:\WINDOWS\SYSTEM32\DBGHELP.DLL
0x00007ff8c3860000 - 0x00007ff8c3be5000 	C:\WINDOWS\System32\combase.dll
0x00007ff8c33d0000 - 0x00007ff8c34a9000 	C:\WINDOWS\System32\OLEAUT32.dll
0x00007ff893910000 - 0x00007ff89394b000 	C:\WINDOWS\SYSTEM32\dbgcore.DLL
0x00007ff8c1f60000 - 0x00007ff8c200c000 	C:\WINDOWS\System32\bcryptPrimitives.dll
0x00007ff8894e0000 - 0x00007ff8894ff000 	D:\jdk_21.0.7.6\bin\java.dll
0x00007ff8c4320000 - 0x00007ff8c4aa8000 	C:\WINDOWS\System32\SHELL32.dll
0x00007ff8bf960000 - 0x00007ff8c01fb000 	C:\WINDOWS\SYSTEM32\windows.storage.dll
0x00007ff8c36d0000 - 0x00007ff8c37c9000 	C:\WINDOWS\System32\SHCORE.dll
0x00007ff8c2c90000 - 0x00007ff8c2cf6000 	C:\WINDOWS\System32\shlwapi.dll
0x00007ff8c1d90000 - 0x00007ff8c1db9000 	C:\WINDOWS\SYSTEM32\profapi.dll
0x00007ff82dfb0000 - 0x00007ff82e087000 	D:\jdk_21.0.7.6\bin\jsvml.dll
0x00007ff8894d0000 - 0x00007ff8894e0000 	D:\jdk_21.0.7.6\bin\net.dll
0x00007ff8bb100000 - 0x00007ff8bb228000 	C:\WINDOWS\SYSTEM32\WINHTTP.dll
0x00007ff8c1230000 - 0x00007ff8c129c000 	C:\WINDOWS\system32\mswsock.dll
0x00007ff888b80000 - 0x00007ff888b96000 	D:\jdk_21.0.7.6\bin\nio.dll
0x00007ff888b60000 - 0x00007ff888b78000 	D:\jdk_21.0.7.6\bin\zip.dll
0x00007ff8c1520000 - 0x00007ff8c153b000 	C:\WINDOWS\SYSTEM32\CRYPTSP.dll
0x00007ff8c0be0000 - 0x00007ff8c0c19000 	C:\WINDOWS\system32\rsaenh.dll
0x00007ff8c12e0000 - 0x00007ff8c1312000 	C:\WINDOWS\SYSTEM32\USERENV.dll
0x00007ff8c1d60000 - 0x00007ff8c1d8a000 	C:\WINDOWS\SYSTEM32\bcrypt.dll
0x00007ff8c1540000 - 0x00007ff8c154c000 	C:\WINDOWS\SYSTEM32\CRYPTBASE.dll
0x00007ff8c0710000 - 0x00007ff8c0743000 	C:\WINDOWS\SYSTEM32\IPHLPAPI.DLL
0x00007ff8c2ba0000 - 0x00007ff8c2baa000 	C:\WINDOWS\System32\NSI.dll
0x00007ff888c90000 - 0x00007ff888ca0000 	D:\jdk_21.0.7.6\bin\verify.dll
0x00007ff82dec0000 - 0x00007ff82dfa9000 	C:\Users\ASUS\AppData\Local\Temp\sqlite-3.41.2.1-c0192894-3a04-44d3-a4ad-b7d6a75239c9-sqlitejdbc.dll

dbghelp: loaded successfully - version: 4.0.5 - missing functions: none
symbol engine: initialized successfully - sym options: 0x614 - pdb path: .;D:\jdk_21.0.7.6\bin;C:\WINDOWS\SYSTEM32;C:\WINDOWS\WinSxS\amd64_microsoft.windows.common-controls_6595b64144ccf1df_6.0.26100.8972_none_3e0da176e32f9d4b;D:\jdk_21.0.7.6\bin\server;C:\Users\ASUS\AppData\Local\Temp

VM Arguments:
jvm_args: -DkotlinLanguageServer.version=1.3.13 
java_command: org.javacs.kt.MainKt
java_class_path (initial): c:\Users\ASUS\AppData\Roaming\Code\User\globalStorage\fwcd.kotlin\langServerInstall\server\lib\server-1.3.13.jar;c:\Users\ASUS\AppData\Roaming\Code\User\globalStorage\fwcd.kotlin\langServerInstall\server\lib\shared-1.3.13.jar;c:\Users\ASUS\AppData\Roaming\Code\User\globalStorage\fwcd.kotlin\langServerInstall\server\lib\kotlin-scripting-jvm-host-unshaded-2.1.0.jar;c:\Users\ASUS\AppData\Roaming\Code\User\globalStorage\fwcd.kotlin\langServerInstall\server\lib\kotlin-scripting-compiler-2.1.0.jar;c:\Users\ASUS\AppData\Roaming\Code\User\globalStorage\fwcd.kotlin\langServerInstall\server\lib\ktfmt-b5d31d1.jar;c:\Users\ASUS\AppData\Roaming\Code\User\globalStorage\fwcd.kotlin\langServerInstall\server\lib\kotlin-compiler-2.1.0.jar;c:\Users\ASUS\AppData\Roaming\Code\User\globalStorage\fwcd.kotlin\langServerInstall\server\lib\exposed-dao-0.37.3.jar;c:\Users\ASUS\AppData\Roaming\Code\User\globalStorage\fwcd.kotlin\langServerInstall\server\lib\exposed-jdbc-0.37.3.jar;c:\Users\ASUS\AppData\Roaming\Code\User\globalStorage\fwcd.kotlin\langServerInstall\server\lib\exposed-core-0.37.3.jar;c:\Users\ASUS\AppData\Roaming\Code\User\globalStorage\fwcd.kotlin\langServerInstall\server\lib\kotlin-scripting-compiler-impl-2.1.0.jar;c:\Users\ASUS\AppData\Roaming\Code\User\globalStorage\fwcd.kotlin\langServerInstall\server\lib\kotlin-reflect-2.1.0.jar;c:\Users\ASUS\AppData\Roaming\Code\User\globalStorage\fwcd.kotlin\langServerInstall\server\lib\kotlin-scripting-jvm-2.1.0.jar;c:\Users\ASUS\AppData\Roaming\Code\User\globalStorage\fwcd.kotlin\langServerInstall\server\lib\kotlin-scripting-common-2.1.0.jar;c:\Users\ASUS\AppData\Roaming\Code\User\globalStorage\fwcd.kotlin\langServerInstall\server\lib\kotlinx-coroutines-core-jvm-1.6.4.jar;c:\Users\ASUS\AppData\Roaming\Code\User\globalStorage\fwcd.kotlin\langServerInstall\server\lib\kotlin-stdlib-jdk8-2.1.0.jar;c:\Users\ASUS\AppData\Roaming\Code\User\globalStorage\fwcd.kotlin\langServerInstall\server\lib\kotlin-stdlib-jdk7-2.1.0.jar;c:\Users\ASUS\AppData\Roaming\Code\User\globalStorage\fwcd.kotlin\langServerInstall\server\lib\kotlin-stdlib-2.1.0.jar;c:\Users\ASUS\AppData\Roaming\Code\User\globalStorage\fwcd.kotlin\langServerInstall\server\lib\org.eclipse.lsp4j-0.21.2.jar;c:\Users\ASUS\AppData\Roaming\Code\User\globalStorage\fwcd.kotlin\langServerInstall\server\lib\org.eclipse.lsp4j.jsonrpc-0.21.2.jar;c:\Users\ASUS\AppData\Roaming\Code\User\globalStorage\fwcd.kotlin\langServerInstall\server\lib\kotlin-sam-with-receiver-compiler-plugin-2.1.0.jar;c:\Users\ASUS\AppData\Roaming\Code\User\globalStorage\fwcd.kotlin\langServerInstall\server\lib\fernflower-1.0.jar;c:\Users\ASUS\AppData\Roaming\Code\User\globalStorage\fwcd.kotlin\langServerInstall\server\lib\h2-1.4.200.jar;c:\Users\ASUS\AppData\Roaming\Code\User\globalStorage\fwcd.kotlin\langServerInstall\server\lib\jcommander-1.78.jar;c:\Users\ASUS\AppData\Roaming\Code\User\globalStorage\fwcd.kotlin\langServerInstall\server\lib\sqlite-jdbc-3.41.2.1.jar;c:\Users\ASUS\AppData\Roaming\Code\User\globalStorage\fwcd.kotlin\langServerInstall\server\lib\google-java-format-1.8.jar;c:\Users\ASUS\AppData\Roaming\Code\User\globalStorage\fwcd.kotlin\langServerInstall\server\lib\guava-33.3.0-jre.jar;c:\Users\ASUS\AppData\Roaming\Code\User\globalStorage\fwcd.kotlin\langServerInstall\server\lib\annotations-13.0.jar;c:\Users\ASUS\AppData\Roaming\Code\User\globalStorage\fwcd.kotlin\langServerInstall\server\lib\gson-2.10.1.jar;c:\Users\ASUS\AppData\Roaming\Code\User\globalStorage\fwcd.kotlin\langServerInstall\server\lib\kotlin-script-runtime-2.1.0.jar;c:\Users\ASUS\AppData\Roaming\Code\User\globalStorage\fwcd.kotlin\langServerInstall\server\lib\trove4j-1.0.20200330.jar;c:\Users\ASUS\AppData\Roaming\Code\User\globalStorage\fwcd.kotlin\langServerInstall\server\lib\jline-3.24.1.jar;c:\Users\ASUS\AppData\Roaming\Code\User\globalStorage\fwcd.kotlin\langServerInstall\server\lib\slf4j-api-1.7.25.jar;c:\Users\ASUS\AppData\Roaming\Code\User\globalStorage\fwcd.kotlin\langServerInstall\server\lib\jna-4.2.2.jar;c:\Users\ASUS\AppData\Roaming\Code\User\globalStorage\fwcd.kotlin\langServerInstall\server\lib\failureaccess-1.0.2.jar;c:\Users\ASUS\AppData\Roaming\Code\User\globalStorage\fwcd.kotlin\langServerInstall\server\lib\listenablefuture-9999.0-empty-to-avoid-conflict-with-guava.jar;c:\Users\ASUS\AppData\Roaming\Code\User\globalStorage\fwcd.kotlin\langServerInstall\server\lib\jsr305-3.0.2.jar;c:\Users\ASUS\AppData\Roaming\Code\User\globalStorage\fwcd.kotlin\langServerInstall\server\lib\checker-qual-3.43.0.jar;c:\Users\ASUS\AppData\Roaming\Code\User\globalStorage\fwcd.kotlin\langServerInstall\server\lib\error_prone_annotations-2.28.0.jar
Launcher Type: SUN_STANDARD

[Global flags]
     intx CICompilerCount                          = 15                                        {product} {ergonomic}
     uint ConcGCThreads                            = 6                                         {product} {ergonomic}
     uint G1ConcRefinementThreads                  = 23                                        {product} {ergonomic}
   size_t G1HeapRegionSize                         = 2097152                                   {product} {ergonomic}
    uintx GCDrainStackTargetSize                   = 64                                        {product} {ergonomic}
   size_t InitialHeapSize                          = 264241152                                 {product} {ergonomic}
   size_t MarkStackSize                            = 4194304                                   {product} {ergonomic}
   size_t MaxHeapSize                              = 4196401152                                {product} {ergonomic}
   size_t MaxNewSize                               = 2516582400                                {product} {ergonomic}
   size_t MinHeapDeltaBytes                        = 2097152                                   {product} {ergonomic}
   size_t MinHeapSize                              = 8388608                                   {product} {ergonomic}
    uintx NonNMethodCodeHeapSize                   = 8192380                                {pd product} {ergonomic}
    uintx NonProfiledCodeHeapSize                  = 121732930                              {pd product} {ergonomic}
    uintx ProfiledCodeHeapSize                     = 121732930                              {pd product} {ergonomic}
    uintx ReservedCodeCacheSize                    = 251658240                              {pd product} {ergonomic}
     bool SegmentedCodeCache                       = true                                      {product} {ergonomic}
   size_t SoftMaxHeapSize                          = 4196401152                             {manageable} {ergonomic}
     bool UseCompressedOops                        = true                           {product lp64_product} {ergonomic}
     bool UseG1GC                                  = true                                      {product} {ergonomic}
     bool UseLargePagesIndividualAllocation        = false                                  {pd product} {ergonomic}

Logging:
Log output configuration:
 #0: stdout all=warning uptime,level,tags foldmultilines=false
 #1: stderr all=off uptime,level,tags foldmultilines=false

Environment Variables:
JAVA_HOME=D:\jdk_21.0.7.6
CLASSPATH=c:\Users\ASUS\AppData\Roaming\Code\User\globalStorage\fwcd.kotlin\langServerInstall\server\lib\server-1.3.13.jar;c:\Users\ASUS\AppData\Roaming\Code\User\globalStorage\fwcd.kotlin\langServerInstall\server\lib\shared-1.3.13.jar;c:\Users\ASUS\AppData\Roaming\Code\User\globalStorage\fwcd.kotlin\langServerInstall\server\lib\kotlin-scripting-jvm-host-unshaded-2.1.0.jar;c:\Users\ASUS\AppData\Roaming\Code\User\globalStorage\fwcd.kotlin\langServerInstall\server\lib\kotlin-scripting-compiler-2.1.0.jar;c:\Users\ASUS\AppData\Roaming\Code\User\globalStorage\fwcd.kotlin\langServerInstall\server\lib\ktfmt-b5d31d1.jar;c:\Users\ASUS\AppData\Roaming\Code\User\globalStorage\fwcd.kotlin\langServerInstall\server\lib\kotlin-compiler-2.1.0.jar;c:\Users\ASUS\AppData\Roaming\Code\User\globalStorage\fwcd.kotlin\langServerInstall\server\lib\exposed-dao-0.37.3.jar;c:\Users\ASUS\AppData\Roaming\Code\User\globalStorage\fwcd.kotlin\langServerInstall\server\lib\exposed-jdbc-0.37.3.jar;c:\Users\ASUS\AppData\Roaming\Code\User\globalStorage\fwcd.kotlin\langServerInstall\server\lib\exposed-core-0.37.3.jar;c:\Users\ASUS\AppData\Roaming\Code\User\globalStorage\fwcd.kotlin\langServerInstall\server\lib\kotlin-scripting-compiler-impl-2.1.0.jar;c:\Users\ASUS\AppData\Roaming\Code\User\globalStorage\fwcd.kotlin\langServerInstall\server\lib\kotlin-reflect-2.1.0.jar;c:\Users\ASUS\AppData\Roaming\Code\User\globalStorage\fwcd.kotlin\langServerInstall\server\lib\kotlin-scripting-jvm-2.1.0.jar;c:\Users\ASUS\AppData\Roaming\Code\User\globalStorage\fwcd.kotlin\langServerInstall\server\lib\kotlin-scripting-common-2.1.0.jar;c:\Users\ASUS\AppData\Roaming\Code\User\globalStorage\fwcd.kotlin\langServerInstall\server\lib\kotlinx-coroutines-core-jvm-1.6.4.jar;c:\Users\ASUS\AppData\Roaming\Code\User\globalStorage\fwcd.kotlin\langServerInstall\server\lib\kotlin-stdlib-jdk8-2.1.0.jar;c:\Users\ASUS\AppData\Roaming\Code\User\globalStorage\fwcd.kotlin\langServerInstall\server\lib\kotlin-stdlib-jdk7-2.1.0.jar;c:\Users\ASUS\AppData\Roaming\Code\User\globalStorage\fwcd.kotlin\langServerInstall\server\lib\kotlin-stdlib-2.1.0.jar;c:\Users\ASUS\AppData\Roaming\Code\User\globalStorage\fwcd.kotlin\langServerInstall\server\lib\org.eclipse.lsp4j-0.21.2.jar;c:\Users\ASUS\AppData\Roaming\Code\User\globalStorage\fwcd.kotlin\langServerInstall\server\lib\org.eclipse.lsp4j.jsonrpc-0.21.2.jar;c:\Users\ASUS\AppData\Roaming\Code\User\globalStorage\fwcd.kotlin\langServerInstall\server\lib\kotlin-sam-with-receiver-compiler-plugin-2.1.0.jar;c:\Users\ASUS\AppData\Roaming\Code\User\globalStorage\fwcd.kotlin\langServerInstall\server\lib\fernflower-1.0.jar;c:\Users\ASUS\AppData\Roaming\Code\User\globalStorage\fwcd.kotlin\langServerInstall\server\lib\h2-1.4.200.jar;c:\Users\ASUS\AppData\Roaming\Code\User\globalStorage\fwcd.kotlin\langServerInstall\server\lib\jcommander-1.78.jar;c:\Users\ASUS\AppData\Roaming\Code\User\globalStorage\fwcd.kotlin\langServerInstall\server\lib\sqlite-jdbc-3.41.2.1.jar;c:\Users\ASUS\AppData\Roaming\Code\User\globalStorage\fwcd.kotlin\langServerInstall\server\lib\google-java-format-1.8.jar;c:\Users\ASUS\AppData\Roaming\Code\User\globalStorage\fwcd.kotlin\langServerInstall\server\lib\guava-33.3.0-jre.jar;c:\Users\ASUS\AppData\Roaming\Code\User\globalStorage\fwcd.kotlin\langServerInstall\server\lib\annotations-13.0.jar;c:\Users\ASUS\AppData\Roaming\Code\User\globalStorage\fwcd.kotlin\langServerInstall\server\lib\gson-2.10.1.jar;c:\Users\ASUS\AppData\Roaming\Code\User\globalStorage\fwcd.kotlin\langServerInstall\server\lib\kotlin-script-runtime-2.1.0.jar;c:\Users\ASUS\AppData\Roaming\Code\User\globalStorage\fwcd.kotlin\langServerInstall\server\lib\trove4j-1.0.20200330.jar;c:\Users\ASUS\AppData\Roaming\Code\User\globalStorage\fwcd.kotlin\langServerInstall\server\lib\jline-3.24.1.jar;c:\Users\ASUS\AppData\Roaming\Code\User\globalStorage\fwcd.kotlin\langServerInstall\server\lib\slf4j-api-1.7.25.jar;c:\Users\ASUS\AppData\Roaming\Code\User\globalStorage\fwcd.kotlin\langServerInstall\server\lib\jna-4.2.2.jar;c:\Users\ASUS\AppData\Roaming\Code\User\globalStorage\fwcd.kotlin\langServerInstall\server\lib\failureaccess-1.0.2.jar;c:\Users\ASUS\AppData\Roaming\Code\User\globalStorage\fwcd.kotlin\langServerInstall\server\lib\listenablefuture-9999.0-empty-to-avoid-conflict-with-guava.jar;c:\Users\ASUS\AppData\Roaming\Code\User\globalStorage\fwcd.kotlin\langServerInstall\server\lib\jsr305-3.0.2.jar;c:\Users\ASUS\AppData\Roaming\Code\User\globalStorage\fwcd.kotlin\langServerInstall\server\lib\checker-qual-3.43.0.jar;c:\Users\ASUS\AppData\Roaming\Code\User\globalStorage\fwcd.kotlin\langServerInstall\server\lib\error_prone_annotations-2.28.0.jar
PATH=E:\VMware\VMware Workstation\bin\;C:\Program Files\NVIDIA GPU Computing Toolkit\CUDA\v12.6\bin;C:\Program Files\NVIDIA GPU Computing Toolkit\CUDA\v12.6\libnvvp;D:\jdk_21.0.7.6\bin;C:\Windows\system32;C:\Windows;C:\Windows\System32\Wbem;C:\Windows\System32\WindowsPowerShell\v1.0\;C:\Windows\System32\OpenSSH\;C:\Program Files (x86)\NVIDIA Corporation\PhysX\Common;C:\Program Files\NVIDIA Corporation\NVIDIA NvDLISR;C:\Program Files\dotnet\;D:\Git\cmd;C:\Program Files (x86)\ZeroTier\One\;E:\Python;E:\Python\Scripts;D:\MySQL\MySQL Server 8.0\bin;D:\MATLAB R2024a(64bit)\MATLAB\R2024a\runtime\win64;D:\MATLAB R2024a(64bit)\MATLAB\R2024a\bin;D:\anaconda3\condabin;C:\Program Files\Microsoft SQL Server\Client SDK\ODBC\170\Tools\Binn\;C:\Program Files (x86)\Microsoft SQL Server\150\Tools\Binn\;C:\Program Files\Microsoft SQL Server\150\Tools\Binn\;C:\Program Files\Microsoft SQL Server\150\DTS\Binn\;C:\Program Files (x86)\Windows Kits\8.1\Windows Performance Toolkit\;D:\texlive\2024\bin\windows;C:\WINDOWS\system32;C:\WINDOWS;C:\WINDOWS\System32\Wbem;C:\WINDOWS\System32\WindowsPowerShell\v1.0\;C:\WINDOWS\System32\OpenSSH\;D:\Arduino IDE;D:\msys64\ucrt64\bin\;D:\Neo4j\bin;C:\Users\ASUS\AppData\Roaming\npm;C:\Program Files\NVIDIA Corporation\Nsight Compute 2024.3.2\;D:\USBip;d:\nodejs\;C:\Users\ASUS\AppData\Local\Microsoft\WindowsApps\winget.exe;E:\adb;E:\hdc;D:\Google\Chrome\Application;C:\Windows\system32;C:\Windows;C:\Windows\System32\Wbem;C:\Windows\System32\WindowsPowerShell\v1.0\;C:\Windows\System32\OpenSSH\;C:\Program Files (x86)\NVIDIA Corporation\PhysX\Common;C:\Program Files\NVIDIA Corporation\NVIDIA NvDLISR;C:\Program Files\dotnet\;D:\Git\cmd;d:\nodejs\;C:\Program Files\Cloudflare\Cloudflare WARP\;C:\Program Files (x86)\ZeroTier\One\;E:\Python;E:\Python\Scripts;D:\MySQL\MySQL Server 8.0\bin;D:\MATLAB R2024a(64bit)\MATLAB\R2024a\runtime\win64;D:\MATLAB R2024a(64bit)\MATLAB\R2024a\bin;D:\anaconda3\condabin;C:\Program Files\Microsoft SQL Server\Client SDK\ODBC\170\Tools\Binn\;C:\Program Files (x86)\Microsoft SQL Server\150\Tools\Binn\;C:\Program Files\Microsoft SQL Server\150\Tools\Binn\;C:\Program Files\Microsoft SQL Server\150\DTS\Binn\;C:\Program Files (x86)\Windows Kits\8.1\Windows Performance Toolkit\;D:\texlive\2024\bin\windows;D:\Microsoft VS Code\bin;F:\Users\ASUS\AppData\Local\Programs\cursor\resources\app\bin;D:\Ollama;C:\Users\ASUS\AppData\Roaming\npm;C:\Users\ASUS\AppData\Local\Microsoft\WinGet\Links;C:\Users\ASUS\.dotnet\tools;C:\Users\ASUS\AppData\Local\Programs\Tuanjie Cowork;C:\Users\ASUS\AppData\Local\Programs\Tuanjie Cowork\cli\bin\win32-x64;C:\Users\ASUS\AppData\Local\Programs\Tuanjie Cowork\app\resource\core\bin\win32-x64
USERNAME=ASUS
OS=Windows_NT
PROCESSOR_IDENTIFIER=Intel64 Family 6 Model 183 Stepping 1, GenuineIntel
TMP=C:\Users\ASUS\AppData\Local\Temp
TEMP=C:\Users\ASUS\AppData\Local\Temp




Periodic native trim disabled

---------------  S Y S T E M  ---------------

OS:
 Windows 11 , 64 bit Build 26100 (10.0.26100.9168)
OS uptime: 0 days 1:27 hours

CPU: total 32 (initial active 32) (16 cores per cpu, 2 threads per core) family 6 model 183 stepping 1 microcode 0x12b, cx8, cmov, fxsr, ht, mmx, 3dnowpref, sse, sse2, sse3, ssse3, sse4.1, sse4.2, popcnt, lzcnt, tsc, tscinvbit, avx, avx2, aes, erms, clmul, bmi1, bmi2, adx, sha, fma, vzeroupper, clflush, clflushopt, clwb, serialize, rdtscp, rdpid, fsrm, f16c, pku, cet_ibt, cet_ss
Processor Information for processor 0
  Max Mhz: 2200, Current Mhz: 2200, Mhz Limit: 2200
Processor Information for processor 1
  Max Mhz: 2200, Current Mhz: 2200, Mhz Limit: 2200
Processor Information for processor 2
  Max Mhz: 2200, Current Mhz: 1466, Mhz Limit: 2200
Processor Information for processor 3
  Max Mhz: 2200, Current Mhz: 2200, Mhz Limit: 2200
Processor Information for processor 4
  Max Mhz: 2200, Current Mhz: 1466, Mhz Limit: 2200
Processor Information for processor 5
  Max Mhz: 2200, Current Mhz: 2200, Mhz Limit: 2200
Processor Information for processor 6
  Max Mhz: 2200, Current Mhz: 1466, Mhz Limit: 2200
Processor Information for processor 7
  Max Mhz: 2200, Current Mhz: 1466, Mhz Limit: 2200
Processor Information for processor 8
  Max Mhz: 2200, Current Mhz: 2200, Mhz Limit: 2200
Processor Information for processor 9
  Max Mhz: 2200, Current Mhz: 2200, Mhz Limit: 2200
Processor Information for processor 10
  Max Mhz: 2200, Current Mhz: 2200, Mhz Limit: 2200
Processor Information for processor 11
  Max Mhz: 2200, Current Mhz: 2200, Mhz Limit: 2200
Processor Information for processor 12
  Max Mhz: 2200, Current Mhz: 2200, Mhz Limit: 2200
Processor Information for processor 13
  Max Mhz: 2200, Current Mhz: 2200, Mhz Limit: 2200
Processor Information for processor 14
  Max Mhz: 2200, Current Mhz: 2200, Mhz Limit: 2200
Processor Information for processor 15
  Max Mhz: 2200, Current Mhz: 2200, Mhz Limit: 2200
Processor Information for processor 16
  Max Mhz: 2200, Current Mhz: 1600, Mhz Limit: 1584
Processor Information for processor 17
  Max Mhz: 2200, Current Mhz: 1600, Mhz Limit: 1584
Processor Information for processor 18
  Max Mhz: 2200, Current Mhz: 1600, Mhz Limit: 1584
Processor Information for processor 19
  Max Mhz: 2200, Current Mhz: 1500, Mhz Limit: 1584
Processor Information for processor 20
  Max Mhz: 2200, Current Mhz: 1600, Mhz Limit: 1584
Processor Information for processor 21
  Max Mhz: 2200, Current Mhz: 1600, Mhz Limit: 1584
Processor Information for processor 22
  Max Mhz: 2200, Current Mhz: 1600, Mhz Limit: 1584
Processor Information for processor 23
  Max Mhz: 2200, Current Mhz: 1500, Mhz Limit: 1584
Processor Information for processor 24
  Max Mhz: 2200, Current Mhz: 1600, Mhz Limit: 1584
Processor Information for processor 25
  Max Mhz: 2200, Current Mhz: 1600, Mhz Limit: 1584
Processor Information for processor 26
  Max Mhz: 2200, Current Mhz: 1600, Mhz Limit: 1584
Processor Information for processor 27
  Max Mhz: 2200, Current Mhz: 1600, Mhz Limit: 1584
Processor Information for processor 28
  Max Mhz: 2200, Current Mhz: 1500, Mhz Limit: 1584
Processor Information for processor 29
  Max Mhz: 2200, Current Mhz: 1500, Mhz Limit: 1584
Processor Information for processor 30
  Max Mhz: 2200, Current Mhz: 1600, Mhz Limit: 1584
Processor Information for processor 31
  Max Mhz: 2200, Current Mhz: 1600, Mhz Limit: 1584

Memory: 4k page, system-wide physical 16002M (345M free)
TotalPageFile size 31754M (AvailPageFile size 6M)
current process WorkingSet (physical memory assigned to process): 1294M, peak: 1297M
current process commit charge ("private bytes"): 1497M, peak: 1503M

vm_info: OpenJDK 64-Bit Server VM (21.0.7+6-LTS) for windows-amd64 JRE (21.0.7+6-LTS), built on 2025-04-15T00:00:00Z by "admin" with MS VC++ 17.7 (VS2022)

END.
