#
# There is insufficient memory for the Java Runtime Environment to continue.
# Native memory allocation (malloc) failed to allocate 517984 bytes. Error detail: Chunk::new
# Possible reasons:
#   The system is out of physical RAM or swap space
#   This process is running with CompressedOops enabled, and the Java Heap may be blocking the growth of the native heap
# Possible solutions:
#   Reduce memory load on the system
#   Increase physical memory or swap space
#   Check if swap backing store is full
#   Decrease Java heap size (-Xmx/-Xms)
#   Decrease number of Java threads
#   Decrease Java thread stack sizes (-Xss)
#   Set larger code cache with -XX:ReservedCodeCacheSize=
#   JVM is running with Zero Based Compressed Oops mode in which the Java heap is
#     placed in the first 32GB address space. The Java Heap base address is the
#     maximum limit for the native heap growth. Please use -XX:HeapBaseMinAddress
#     to set the Java Heap base and to place the Java Heap above 32GB virtual address.
# This output file may be truncated or incomplete.
#
#  Out of Memory Error (arena.cpp:168), pid=35804, tid=29560
#
# JRE version: OpenJDK Runtime Environment Temurin-21.0.7+6 (21.0.7+6) (build 21.0.7+6-LTS)
# Java VM: OpenJDK 64-Bit Server VM Temurin-21.0.7+6 (21.0.7+6-LTS, mixed mode, sharing, tiered, compressed oops, compressed class ptrs, g1 gc, windows-amd64)
# No core dump will be written. Minidumps are not enabled by default on client versions of Windows
#

---------------  S U M M A R Y ------------

Command Line: -DkotlinLanguageServer.version=1.3.13 org.javacs.kt.MainKt

Host: Intel(R) Core(TM) i9-14900HX, 32 cores, 15G,  Windows 11 , 64 bit Build 26100 (10.0.26100.9168)
Time: Sun Aug 30 11:13:21 2026  Windows 11 , 64 bit Build 26100 (10.0.26100.9168) elapsed time: 36.753081 seconds (0d 0h 0m 36s)

---------------  T H R E A D  ---------------

Current thread (0x0000026e2eab3470):  JavaThread "C2 CompilerThread2" daemon [_thread_in_native, id=29560, stack(0x000000d950f00000,0x000000d951000000) (1024K)]


Current CompileTask:
C2:36753 23396       4       org.jetbrains.kotlin.descriptors.DescriptorUtilKt::resolveClassByFqName (148 bytes)

Stack: [0x000000d950f00000,0x000000d951000000]
Native frames: (J=compiled Java code, j=interpreted, Vv=VM code, C=native code)
V  [jvm.dll+0x6ce119]
V  [jvm.dll+0x8a84a1]
V  [jvm.dll+0x8aa9ce]
V  [jvm.dll+0x8ab0b3]
V  [jvm.dll+0x27f8a6]
V  [jvm.dll+0xc507d]
V  [jvm.dll+0xc55b3]
V  [jvm.dll+0x3b692c]
V  [jvm.dll+0x1dfe33]
V  [jvm.dll+0x247c42]
V  [jvm.dll+0x2470cf]
V  [jvm.dll+0x1c760e]
V  [jvm.dll+0x25695a]
V  [jvm.dll+0x254efa]
V  [jvm.dll+0x3f03f6]
V  [jvm.dll+0x851f6b]
V  [jvm.dll+0x6cc7dd]
C  [ucrtbase.dll+0x2cd30]
C  [KERNEL32.DLL+0x2ccb7]
C  [ntdll.dll+0xaad6c]


---------------  P R O C E S S  ---------------

Threads class SMR info:
_java_thread_list=0x0000026e2fbbd4d0, length=24, elements={
0x0000026dddd60900, 0x0000026dddd61350, 0x0000026dddd643c0, 0x0000026dddd64e10,
0x0000026dddd65a70, 0x0000026dddd68830, 0x0000026e2008a2c0, 0x0000026e200ab160,
0x0000026dddd6d9f0, 0x0000026e2024aac0, 0x0000026e2024b150, 0x0000026e20249710,
0x0000026e31dd2790, 0x0000026e31dd1a70, 0x0000026e317ece60, 0x0000026e31dd13e0,
0x0000026e317ec0c0, 0x0000026e31dd2100, 0x0000026e31dd06c0, 0x0000026e31a34360,
0x0000026e2eab2000, 0x0000026e2eab3470, 0x0000026e2eab4fb0, 0x0000026e2eab7f60
}

Java Threads: ( => current thread )
  0x0000026dddd60900 JavaThread "Reference Handler"          daemon [_thread_blocked, id=30664, stack(0x000000d951a00000,0x000000d951b00000) (1024K)]
  0x0000026dddd61350 JavaThread "Finalizer"                  daemon [_thread_blocked, id=25416, stack(0x000000d951b00000,0x000000d951c00000) (1024K)]
  0x0000026dddd643c0 JavaThread "Signal Dispatcher"          daemon [_thread_blocked, id=33976, stack(0x000000d951c00000,0x000000d951d00000) (1024K)]
  0x0000026dddd64e10 JavaThread "Attach Listener"            daemon [_thread_blocked, id=34416, stack(0x000000d951d00000,0x000000d951e00000) (1024K)]
  0x0000026dddd65a70 JavaThread "Service Thread"             daemon [_thread_blocked, id=33892, stack(0x000000d951e00000,0x000000d951f00000) (1024K)]
  0x0000026dddd68830 JavaThread "Monitor Deflation Thread"   daemon [_thread_blocked, id=3560, stack(0x000000d951f00000,0x000000d952000000) (1024K)]
  0x0000026e2008a2c0 JavaThread "C2 CompilerThread0"         daemon [_thread_in_native, id=36936, stack(0x000000d952000000,0x000000d952100000) (1024K)]
  0x0000026e200ab160 JavaThread "C1 CompilerThread0"         daemon [_thread_in_native, id=35284, stack(0x000000d952100000,0x000000d952200000) (1024K)]
  0x0000026dddd6d9f0 JavaThread "C1 CompilerThread1"         daemon [_thread_in_native, id=37776, stack(0x000000d952200000,0x000000d952300000) (1024K)]
  0x0000026e2024aac0 JavaThread "Notification Thread"        daemon [_thread_blocked, id=15940, stack(0x000000d952300000,0x000000d952400000) (1024K)]
  0x0000026e2024b150 JavaThread "Common-Cleaner"             daemon [_thread_blocked, id=30124, stack(0x000000d952400000,0x000000d952500000) (1024K)]
  0x0000026e20249710 JavaThread "client"                            [_thread_in_native, id=3800, stack(0x000000d953f00000,0x000000d954000000) (1024K)]
  0x0000026e31dd2790 JavaThread "DestroyJavaVM"                     [_thread_blocked, id=9532, stack(0x000000d951200000,0x000000d951300000) (1024K)]
  0x0000026e31dd1a70 JavaThread "async0"                            [_thread_blocked, id=34524, stack(0x000000d954000000,0x000000d954100000) (1024K)]
  0x0000026e317ece60 JavaThread "C1 CompilerThread2"         daemon [_thread_blocked, id=28256, stack(0x000000d952500000,0x000000d952600000) (1024K)]
  0x0000026e31dd13e0 JavaThread "async1"                            [_thread_blocked, id=37544, stack(0x000000d952600000,0x000000d952700000) (1024K)]
  0x0000026e317ec0c0 JavaThread "C1 CompilerThread3"         daemon [_thread_blocked, id=36744, stack(0x000000d952700000,0x000000d952800000) (1024K)]
  0x0000026e31dd2100 JavaThread "debounce0"                         [_thread_in_Java, id=37584, stack(0x000000d954d00000,0x000000d954e00000) (1024K)]
  0x0000026e31dd06c0 JavaThread "async2"                            [_thread_blocked, id=5812, stack(0x000000d954b00000,0x000000d954c00000) (1024K)]
  0x0000026e31a34360 JavaThread "async3"                            [_thread_blocked, id=1464, stack(0x000000d954600000,0x000000d954700000) (1024K)]
  0x0000026e2eab2000 JavaThread "C2 CompilerThread1"         daemon [_thread_in_native, id=35704, stack(0x000000d952800000,0x000000d952900000) (1024K)]
=>0x0000026e2eab3470 JavaThread "C2 CompilerThread2"         daemon [_thread_in_native, id=29560, stack(0x000000d950f00000,0x000000d951000000) (1024K)]
  0x0000026e2eab4fb0 JavaThread "C2 CompilerThread3"         daemon [_thread_in_native, id=35852, stack(0x000000d953200000,0x000000d953300000) (1024K)]
  0x0000026e2eab7f60 JavaThread "C2 CompilerThread4"         daemon [_thread_in_native, id=14080, stack(0x000000d953b00000,0x000000d953c00000) (1024K)]
Total: 24

Other Threads:
  0x0000026dddd37ef0 VMThread "VM Thread"                           [id=21560, stack(0x000000d951900000,0x000000d951a00000) (1024K)]
  0x0000026dddd22700 WatcherThread "VM Periodic Task Thread"        [id=33884, stack(0x000000d951800000,0x000000d951900000) (1024K)]
  0x0000026dbdbfde00 WorkerThread "GC Thread#0"                     [id=36296, stack(0x000000d951300000,0x000000d951400000) (1024K)]
  0x0000026e2534bcd0 WorkerThread "GC Thread#1"                     [id=13952, stack(0x000000d952900000,0x000000d952a00000) (1024K)]
  0x0000026e2534c070 WorkerThread "GC Thread#2"                     [id=8804, stack(0x000000d952a00000,0x000000d952b00000) (1024K)]
  0x0000026e2534c410 WorkerThread "GC Thread#3"                     [id=20300, stack(0x000000d952b00000,0x000000d952c00000) (1024K)]
  0x0000026e25380ea0 WorkerThread "GC Thread#4"                     [id=32464, stack(0x000000d952c00000,0x000000d952d00000) (1024K)]
  0x0000026e25383250 WorkerThread "GC Thread#5"                     [id=36524, stack(0x000000d952d00000,0x000000d952e00000) (1024K)]
  0x0000026e2529f660 WorkerThread "GC Thread#6"                     [id=37268, stack(0x000000d952e00000,0x000000d952f00000) (1024K)]
  0x0000026e2568e3b0 WorkerThread "GC Thread#7"                     [id=37772, stack(0x000000d952f00000,0x000000d953000000) (1024K)]
  0x0000026e2568eaf0 WorkerThread "GC Thread#8"                     [id=37016, stack(0x000000d953000000,0x000000d953100000) (1024K)]
  0x0000026e2568fd10 WorkerThread "GC Thread#9"                     [id=37768, stack(0x000000d953100000,0x000000d953200000) (1024K)]
  0x0000026e2e8cf4f0 WorkerThread "GC Thread#10"                    [id=15064, stack(0x000000d953300000,0x000000d953400000) (1024K)]
  0x0000026e2e8cf150 WorkerThread "GC Thread#11"                    [id=36944, stack(0x000000d953400000,0x000000d953500000) (1024K)]
  0x0000026e2e8d1cd0 WorkerThread "GC Thread#12"                    [id=716, stack(0x000000d953500000,0x000000d953600000) (1024K)]
  0x0000026e2e8cffd0 WorkerThread "GC Thread#13"                    [id=34952, stack(0x000000d953c00000,0x000000d953d00000) (1024K)]
  0x0000026e2e8d0710 WorkerThread "GC Thread#14"                    [id=36572, stack(0x000000d953d00000,0x000000d953e00000) (1024K)]
  0x0000026e31cc4560 WorkerThread "GC Thread#15"                    [id=33012, stack(0x000000d953e00000,0x000000d953f00000) (1024K)]
  0x0000026e31cc69a0 WorkerThread "GC Thread#16"                    [id=37084, stack(0x000000d954100000,0x000000d954200000) (1024K)]
  0x0000026e31cc6d40 WorkerThread "GC Thread#17"                    [id=34804, stack(0x000000d954200000,0x000000d954300000) (1024K)]
  0x0000026e31cc5780 WorkerThread "GC Thread#18"                    [id=36384, stack(0x000000d954300000,0x000000d954400000) (1024K)]
  0x0000026e31cc4900 WorkerThread "GC Thread#19"                    [id=36808, stack(0x000000d954400000,0x000000d954500000) (1024K)]
  0x0000026e31cc70e0 WorkerThread "GC Thread#20"                    [id=34612, stack(0x000000d954500000,0x000000d954600000) (1024K)]
  0x0000026e31cc3e20 WorkerThread "GC Thread#21"                    [id=33828, stack(0x000000d954c00000,0x000000d954d00000) (1024K)]
  0x0000026e31cc5040 WorkerThread "GC Thread#22"                    [id=37028, stack(0x000000d955000000,0x000000d955100000) (1024K)]
  0x0000026dbdc0ff40 ConcurrentGCThread "G1 Main Marker"            [id=37160, stack(0x000000d951400000,0x000000d951500000) (1024K)]
  0x0000026dbdc111e0 WorkerThread "G1 Conc#0"                       [id=32628, stack(0x000000d951500000,0x000000d951600000) (1024K)]
  0x0000026e2e8d1590 WorkerThread "G1 Conc#1"                       [id=12604, stack(0x000000d953600000,0x000000d953700000) (1024K)]
  0x0000026e2e8cf890 WorkerThread "G1 Conc#2"                       [id=18316, stack(0x000000d953700000,0x000000d953800000) (1024K)]
  0x0000026e2e8d1930 WorkerThread "G1 Conc#3"                       [id=10700, stack(0x000000d953800000,0x000000d953900000) (1024K)]
  0x0000026e2e8cfc30 WorkerThread "G1 Conc#4"                       [id=30852, stack(0x000000d953900000,0x000000d953a00000) (1024K)]
  0x0000026e2e8d0e50 WorkerThread "G1 Conc#5"                       [id=30384, stack(0x000000d953a00000,0x000000d953b00000) (1024K)]
  0x0000026dddc74c30 ConcurrentGCThread "G1 Refine#0"               [id=36024, stack(0x000000d951600000,0x000000d951700000) (1024K)]
  0x0000026dddc757a0 ConcurrentGCThread "G1 Service"                [id=32972, stack(0x000000d951700000,0x000000d951800000) (1024K)]
Total: 34

Threads with active compile tasks:
C2 CompilerThread0  36774 23404       4       org.jetbrains.kotlin.resolve.calls.tower.KotlinToResolvedCallTransformer::runArgumentsChecks (421 bytes)
C1 CompilerThread0  36774 23429       3       org.jetbrains.kotlin.load.java.structure.impl.JavaElementCollectionFromPsiArrayUtil::methods (26 bytes)
C2 CompilerThread1  36774 23290       4       org.jetbrains.kotlin.parsing.KotlinParsing::parseReceiverType (133 bytes)
C2 CompilerThread2  36775 23396       4       org.jetbrains.kotlin.descriptors.DescriptorUtilKt::resolveClassByFqName (148 bytes)
C2 CompilerThread3  36775 23380       4       org.jetbrains.kotlin.load.java.lazy.descriptors.ClassDeclaredMemberIndex::<init> (563 bytes)
C2 CompilerThread4  36775 23400       4       org.jetbrains.kotlin.resolve.QualifiedExpressionResolver::resolveToPackageOrClassPrefix (543 bytes)
Total: 6

VM state: not at safepoint (normal execution)

VM Mutex/Monitor currently owned by a thread: None

Heap address: 0x0000000705e00000, size: 4002 MB, Compressed Oops mode: Zero based, Oop shift amount: 3

CDS archive(s) mapped at: [0x0000026ddf000000-0x0000026ddfc80000-0x0000026ddfc80000), size 13107200, SharedBaseAddress: 0x0000026ddf000000, ArchiveRelocationMode: 1.
Compressed class space mapped at: 0x0000026de0000000-0x0000026e20000000, reserved size: 1073741824
Narrow klass base: 0x0000026ddf000000, Narrow klass shift: 0, Narrow klass range: 0x100000000

GC Precious Log:
 CardTable entry size: 512
 Card Set container configuration: InlinePtr #cards 4 size 8 Array Of Cards #cards 16 size 48 Howl #buckets 8 coarsen threshold 3686 Howl Bitmap #cards 512 size 80 coarsen threshold 460 Card regions per heap region 1 cards per card region 4096
 CPUs: 32 total, 32 available
 Memory: 16002M
 Large Page Support: Disabled
 NUMA Support: Disabled
 Compressed Oops: Enabled (Zero based)
 Heap Region Size: 2M
 Heap Min Capacity: 8M
 Heap Initial Capacity: 252M
 Heap Max Capacity: 4002M
 Pre-touch: Disabled
 Parallel Workers: 23
 Concurrent Workers: 6
 Concurrent Refinement Workers: 23
 Periodic GC: Disabled

Heap:
 garbage-first heap   total 745472K, used 507666K [0x0000000705e00000, 0x0000000800000000)
  region size 2048K, 42 young (86016K), 11 survivors (22528K)
 Metaspace       used 83886K, committed 85120K, reserved 1179648K
  class space    used 9062K, committed 9664K, reserved 1048576K

Heap Regions: E=young(eden), S=young(survivor), O=old, HS=humongous(starts), HC=humongous(continues), CS=collection set, F=free, TAMS=top-at-mark-start, PB=parsable bottom
|   0|0x0000000705e00000, 0x0000000706000000, 0x0000000706000000|100%|HS|  |TAMS 0x0000000705e00000| PB 0x0000000705e00000| Complete 
|   1|0x0000000706000000, 0x0000000706200000, 0x0000000706200000|100%|HC|  |TAMS 0x0000000706000000| PB 0x0000000706000000| Complete 
|   2|0x0000000706200000, 0x0000000706400000, 0x0000000706400000|100%| O|  |TAMS 0x0000000706200000| PB 0x0000000706200000| Untracked 
|   3|0x0000000706400000, 0x0000000706600000, 0x0000000706600000|100%| O|  |TAMS 0x0000000706400000| PB 0x0000000706400000| Untracked 
|   4|0x0000000706600000, 0x0000000706800000, 0x0000000706800000|100%| O|  |TAMS 0x0000000706600000| PB 0x0000000706600000| Untracked 
|   5|0x0000000706800000, 0x0000000706a00000, 0x0000000706a00000|100%| O|  |TAMS 0x0000000706800000| PB 0x0000000706800000| Untracked 
|   6|0x0000000706a00000, 0x0000000706c00000, 0x0000000706c00000|100%| O|  |TAMS 0x0000000706a00000| PB 0x0000000706a00000| Untracked 
|   7|0x0000000706c00000, 0x0000000706e00000, 0x0000000706e00000|100%| O|  |TAMS 0x0000000706c00000| PB 0x0000000706c00000| Untracked 
|   8|0x0000000706e00000, 0x0000000707000000, 0x0000000707000000|100%| O|  |TAMS 0x0000000706e00000| PB 0x0000000706e00000| Untracked 
|   9|0x0000000707000000, 0x0000000707200000, 0x0000000707200000|100%| O|  |TAMS 0x0000000707000000| PB 0x0000000707000000| Untracked 
|  10|0x0000000707200000, 0x0000000707400000, 0x0000000707400000|100%| O|  |TAMS 0x0000000707200000| PB 0x0000000707200000| Untracked 
|  11|0x0000000707400000, 0x0000000707600000, 0x0000000707600000|100%| O|  |TAMS 0x0000000707400000| PB 0x0000000707400000| Untracked 
|  12|0x0000000707600000, 0x0000000707800000, 0x0000000707800000|100%| O|  |TAMS 0x0000000707600000| PB 0x0000000707600000| Untracked 
|  13|0x0000000707800000, 0x0000000707a00000, 0x0000000707a00000|100%| O|  |TAMS 0x0000000707800000| PB 0x0000000707800000| Untracked 
|  14|0x0000000707a00000, 0x0000000707c00000, 0x0000000707c00000|100%| O|  |TAMS 0x0000000707a00000| PB 0x0000000707a00000| Untracked 
|  15|0x0000000707c00000, 0x0000000707e00000, 0x0000000707e00000|100%| O|  |TAMS 0x0000000707c00000| PB 0x0000000707c00000| Untracked 
|  16|0x0000000707e00000, 0x0000000708000000, 0x0000000708000000|100%| O|  |TAMS 0x0000000707e00000| PB 0x0000000707e00000| Untracked 
|  17|0x0000000708000000, 0x0000000708200000, 0x0000000708200000|100%| O|  |TAMS 0x0000000708000000| PB 0x0000000708000000| Untracked 
|  18|0x0000000708200000, 0x0000000708400000, 0x0000000708400000|100%| O|  |TAMS 0x0000000708200000| PB 0x0000000708200000| Untracked 
|  19|0x0000000708400000, 0x0000000708600000, 0x0000000708600000|100%| O|  |TAMS 0x0000000708400000| PB 0x0000000708400000| Untracked 
|  20|0x0000000708600000, 0x0000000708800000, 0x0000000708800000|100%| O|  |TAMS 0x0000000708600000| PB 0x0000000708600000| Untracked 
|  21|0x0000000708800000, 0x0000000708a00000, 0x0000000708a00000|100%| O|  |TAMS 0x0000000708800000| PB 0x0000000708800000| Untracked 
|  22|0x0000000708a00000, 0x0000000708c00000, 0x0000000708c00000|100%| O|  |TAMS 0x0000000708a00000| PB 0x0000000708a00000| Untracked 
|  23|0x0000000708c00000, 0x0000000708e00000, 0x0000000708e00000|100%| O|  |TAMS 0x0000000708c00000| PB 0x0000000708c00000| Untracked 
|  24|0x0000000708e00000, 0x0000000709000000, 0x0000000709000000|100%|HS|  |TAMS 0x0000000708e00000| PB 0x0000000708e00000| Complete 
|  25|0x0000000709000000, 0x0000000709200000, 0x0000000709200000|100%|HS|  |TAMS 0x0000000709000000| PB 0x0000000709000000| Complete 
|  26|0x0000000709200000, 0x0000000709400000, 0x0000000709400000|100%| O|  |TAMS 0x0000000709200000| PB 0x0000000709200000| Untracked 
|  27|0x0000000709400000, 0x0000000709600000, 0x0000000709600000|100%| O|  |TAMS 0x0000000709400000| PB 0x0000000709400000| Untracked 
|  28|0x0000000709600000, 0x0000000709800000, 0x0000000709800000|100%| O|  |TAMS 0x0000000709600000| PB 0x0000000709600000| Untracked 
|  29|0x0000000709800000, 0x0000000709a00000, 0x0000000709a00000|100%| O|  |TAMS 0x0000000709800000| PB 0x0000000709800000| Untracked 
|  30|0x0000000709a00000, 0x0000000709c00000, 0x0000000709c00000|100%| O|  |TAMS 0x0000000709a00000| PB 0x0000000709a00000| Untracked 
|  31|0x0000000709c00000, 0x0000000709e00000, 0x0000000709e00000|100%| O|  |TAMS 0x0000000709c00000| PB 0x0000000709c00000| Untracked 
|  32|0x0000000709e00000, 0x000000070a000000, 0x000000070a000000|100%| O|  |TAMS 0x0000000709e00000| PB 0x0000000709e00000| Untracked 
|  33|0x000000070a000000, 0x000000070a200000, 0x000000070a200000|100%| O|  |TAMS 0x000000070a000000| PB 0x000000070a000000| Untracked 
|  34|0x000000070a200000, 0x000000070a400000, 0x000000070a400000|100%| O|  |TAMS 0x000000070a200000| PB 0x000000070a200000| Untracked 
|  35|0x000000070a400000, 0x000000070a600000, 0x000000070a600000|100%| O|  |TAMS 0x000000070a400000| PB 0x000000070a400000| Untracked 
|  36|0x000000070a600000, 0x000000070a800000, 0x000000070a800000|100%| O|  |TAMS 0x000000070a600000| PB 0x000000070a600000| Untracked 
|  37|0x000000070a800000, 0x000000070aa00000, 0x000000070aa00000|100%| O|  |TAMS 0x000000070a800000| PB 0x000000070a800000| Untracked 
|  38|0x000000070aa00000, 0x000000070ac00000, 0x000000070ac00000|100%| O|  |TAMS 0x000000070aa00000| PB 0x000000070aa00000| Untracked 
|  39|0x000000070ac00000, 0x000000070ae00000, 0x000000070ae00000|100%| O|  |TAMS 0x000000070ac00000| PB 0x000000070ac00000| Untracked 
|  40|0x000000070ae00000, 0x000000070b000000, 0x000000070b000000|100%| O|  |TAMS 0x000000070ae00000| PB 0x000000070ae00000| Untracked 
|  41|0x000000070b000000, 0x000000070b200000, 0x000000070b200000|100%| O|  |TAMS 0x000000070b000000| PB 0x000000070b000000| Untracked 
|  42|0x000000070b200000, 0x000000070b400000, 0x000000070b400000|100%| O|  |TAMS 0x000000070b200000| PB 0x000000070b200000| Untracked 
|  43|0x000000070b400000, 0x000000070b600000, 0x000000070b600000|100%| O|  |TAMS 0x000000070b400000| PB 0x000000070b400000| Untracked 
|  44|0x000000070b600000, 0x000000070b800000, 0x000000070b800000|100%| O|  |TAMS 0x000000070b600000| PB 0x000000070b600000| Untracked 
|  45|0x000000070b800000, 0x000000070ba00000, 0x000000070ba00000|100%| O|  |TAMS 0x000000070b800000| PB 0x000000070b800000| Untracked 
|  46|0x000000070ba00000, 0x000000070bc00000, 0x000000070bc00000|100%| O|  |TAMS 0x000000070ba00000| PB 0x000000070ba00000| Untracked 
|  47|0x000000070bc00000, 0x000000070be00000, 0x000000070be00000|100%| O|  |TAMS 0x000000070bc00000| PB 0x000000070bc00000| Untracked 
|  48|0x000000070be00000, 0x000000070c000000, 0x000000070c000000|100%| O|  |TAMS 0x000000070be00000| PB 0x000000070be00000| Untracked 
|  49|0x000000070c000000, 0x000000070c200000, 0x000000070c200000|100%| O|  |TAMS 0x000000070c000000| PB 0x000000070c000000| Untracked 
|  50|0x000000070c200000, 0x000000070c400000, 0x000000070c400000|100%| O|  |TAMS 0x000000070c200000| PB 0x000000070c200000| Untracked 
|  51|0x000000070c400000, 0x000000070c600000, 0x000000070c600000|100%| O|  |TAMS 0x000000070c400000| PB 0x000000070c400000| Untracked 
|  52|0x000000070c600000, 0x000000070c800000, 0x000000070c800000|100%| O|  |TAMS 0x000000070c600000| PB 0x000000070c600000| Untracked 
|  53|0x000000070c800000, 0x000000070ca00000, 0x000000070ca00000|100%| O|  |TAMS 0x000000070c800000| PB 0x000000070c800000| Untracked 
|  54|0x000000070ca00000, 0x000000070cc00000, 0x000000070cc00000|100%| O|  |TAMS 0x000000070ca00000| PB 0x000000070ca00000| Untracked 
|  55|0x000000070cc00000, 0x000000070ce00000, 0x000000070ce00000|100%| O|  |TAMS 0x000000070cc00000| PB 0x000000070cc00000| Untracked 
|  56|0x000000070ce00000, 0x000000070d000000, 0x000000070d000000|100%| O|  |TAMS 0x000000070ce00000| PB 0x000000070ce00000| Untracked 
|  57|0x000000070d000000, 0x000000070d200000, 0x000000070d200000|100%| O|  |TAMS 0x000000070d000000| PB 0x000000070d000000| Untracked 
|  58|0x000000070d200000, 0x000000070d400000, 0x000000070d400000|100%| O|  |TAMS 0x000000070d200000| PB 0x000000070d200000| Untracked 
|  59|0x000000070d400000, 0x000000070d600000, 0x000000070d600000|100%| O|  |TAMS 0x000000070d400000| PB 0x000000070d400000| Untracked 
|  60|0x000000070d600000, 0x000000070d800000, 0x000000070d800000|100%| O|  |TAMS 0x000000070d600000| PB 0x000000070d600000| Untracked 
|  61|0x000000070d800000, 0x000000070da00000, 0x000000070da00000|100%| O|  |TAMS 0x000000070d800000| PB 0x000000070d800000| Untracked 
|  62|0x000000070da00000, 0x000000070dc00000, 0x000000070dc00000|100%| O|  |TAMS 0x000000070da00000| PB 0x000000070da00000| Untracked 
|  63|0x000000070dc00000, 0x000000070de00000, 0x000000070de00000|100%| O|  |TAMS 0x000000070dc00000| PB 0x000000070dc00000| Untracked 
|  64|0x000000070de00000, 0x000000070e000000, 0x000000070e000000|100%| O|  |TAMS 0x000000070de00000| PB 0x000000070de00000| Untracked 
|  65|0x000000070e000000, 0x000000070e200000, 0x000000070e200000|100%| O|  |TAMS 0x000000070e000000| PB 0x000000070e000000| Untracked 
|  66|0x000000070e200000, 0x000000070e400000, 0x000000070e400000|100%| O|  |TAMS 0x000000070e200000| PB 0x000000070e200000| Untracked 
|  67|0x000000070e400000, 0x000000070e600000, 0x000000070e600000|100%| O|  |TAMS 0x000000070e400000| PB 0x000000070e400000| Untracked 
|  68|0x000000070e600000, 0x000000070e800000, 0x000000070e800000|100%| O|  |TAMS 0x000000070e600000| PB 0x000000070e600000| Untracked 
|  69|0x000000070e800000, 0x000000070ea00000, 0x000000070ea00000|100%| O|  |TAMS 0x000000070e800000| PB 0x000000070e800000| Untracked 
|  70|0x000000070ea00000, 0x000000070ec00000, 0x000000070ec00000|100%| O|  |TAMS 0x000000070ea00000| PB 0x000000070ea00000| Untracked 
|  71|0x000000070ec00000, 0x000000070ee00000, 0x000000070ee00000|100%| O|  |TAMS 0x000000070ec00000| PB 0x000000070ec00000| Untracked 
|  72|0x000000070ee00000, 0x000000070f000000, 0x000000070f000000|100%| O|  |TAMS 0x000000070ee00000| PB 0x000000070ee00000| Untracked 
|  73|0x000000070f000000, 0x000000070f200000, 0x000000070f200000|100%| O|  |TAMS 0x000000070f000000| PB 0x000000070f000000| Untracked 
|  74|0x000000070f200000, 0x000000070f400000, 0x000000070f400000|100%| O|  |TAMS 0x000000070f200000| PB 0x000000070f200000| Untracked 
|  75|0x000000070f400000, 0x000000070f600000, 0x000000070f600000|100%| O|  |TAMS 0x000000070f400000| PB 0x000000070f400000| Untracked 
|  76|0x000000070f600000, 0x000000070f800000, 0x000000070f800000|100%| O|  |TAMS 0x000000070f600000| PB 0x000000070f600000| Untracked 
|  77|0x000000070f800000, 0x000000070fa00000, 0x000000070fa00000|100%| O|  |TAMS 0x000000070f800000| PB 0x000000070f800000| Untracked 
|  78|0x000000070fa00000, 0x000000070fc00000, 0x000000070fc00000|100%| O|  |TAMS 0x000000070fa00000| PB 0x000000070fa00000| Untracked 
|  79|0x000000070fc00000, 0x000000070fe00000, 0x000000070fe00000|100%| O|  |TAMS 0x000000070fc00000| PB 0x000000070fc00000| Untracked 
|  80|0x000000070fe00000, 0x0000000710000000, 0x0000000710000000|100%| O|  |TAMS 0x000000070fe00000| PB 0x000000070fe00000| Untracked 
|  81|0x0000000710000000, 0x0000000710200000, 0x0000000710200000|100%| O|  |TAMS 0x0000000710000000| PB 0x0000000710000000| Untracked 
|  82|0x0000000710200000, 0x0000000710400000, 0x0000000710400000|100%| O|  |TAMS 0x0000000710200000| PB 0x0000000710200000| Untracked 
|  83|0x0000000710400000, 0x0000000710600000, 0x0000000710600000|100%| O|  |TAMS 0x0000000710400000| PB 0x0000000710400000| Untracked 
|  84|0x0000000710600000, 0x0000000710800000, 0x0000000710800000|100%| O|  |TAMS 0x0000000710600000| PB 0x0000000710600000| Untracked 
|  85|0x0000000710800000, 0x0000000710a00000, 0x0000000710a00000|100%| O|  |TAMS 0x0000000710800000| PB 0x0000000710800000| Untracked 
|  86|0x0000000710a00000, 0x0000000710c00000, 0x0000000710c00000|100%| O|  |TAMS 0x0000000710a00000| PB 0x0000000710a00000| Untracked 
|  87|0x0000000710c00000, 0x0000000710e00000, 0x0000000710e00000|100%| O|  |TAMS 0x0000000710c00000| PB 0x0000000710c00000| Untracked 
|  88|0x0000000710e00000, 0x0000000711000000, 0x0000000711000000|100%| O|  |TAMS 0x0000000710e00000| PB 0x0000000710e00000| Untracked 
|  89|0x0000000711000000, 0x0000000711200000, 0x0000000711200000|100%| O|  |TAMS 0x0000000711000000| PB 0x0000000711000000| Untracked 
|  90|0x0000000711200000, 0x0000000711400000, 0x0000000711400000|100%| O|  |TAMS 0x0000000711200000| PB 0x0000000711200000| Untracked 
|  91|0x0000000711400000, 0x0000000711600000, 0x0000000711600000|100%| O|  |TAMS 0x0000000711400000| PB 0x0000000711400000| Untracked 
|  92|0x0000000711600000, 0x0000000711800000, 0x0000000711800000|100%| O|  |TAMS 0x0000000711600000| PB 0x0000000711600000| Untracked 
|  93|0x0000000711800000, 0x0000000711a00000, 0x0000000711a00000|100%| O|  |TAMS 0x0000000711800000| PB 0x0000000711800000| Untracked 
|  94|0x0000000711a00000, 0x0000000711c00000, 0x0000000711c00000|100%| O|  |TAMS 0x0000000711a00000| PB 0x0000000711a00000| Untracked 
|  95|0x0000000711c00000, 0x0000000711e00000, 0x0000000711e00000|100%| O|  |TAMS 0x0000000711c00000| PB 0x0000000711c00000| Untracked 
|  96|0x0000000711e00000, 0x0000000712000000, 0x0000000712000000|100%| O|  |TAMS 0x0000000711e00000| PB 0x0000000711e00000| Untracked 
|  97|0x0000000712000000, 0x0000000712200000, 0x0000000712200000|100%| O|  |TAMS 0x0000000712000000| PB 0x0000000712000000| Untracked 
|  98|0x0000000712200000, 0x0000000712400000, 0x0000000712400000|100%| O|  |TAMS 0x0000000712200000| PB 0x0000000712200000| Untracked 
|  99|0x0000000712400000, 0x0000000712600000, 0x0000000712600000|100%| O|  |TAMS 0x0000000712400000| PB 0x0000000712400000| Untracked 
| 100|0x0000000712600000, 0x0000000712800000, 0x0000000712800000|100%| O|  |TAMS 0x0000000712600000| PB 0x0000000712600000| Untracked 
| 101|0x0000000712800000, 0x0000000712a00000, 0x0000000712a00000|100%| O|  |TAMS 0x0000000712800000| PB 0x0000000712800000| Untracked 
| 102|0x0000000712a00000, 0x0000000712c00000, 0x0000000712c00000|100%| O|  |TAMS 0x0000000712a00000| PB 0x0000000712a00000| Untracked 
| 103|0x0000000712c00000, 0x0000000712e00000, 0x0000000712e00000|100%| O|  |TAMS 0x0000000712c00000| PB 0x0000000712c00000| Untracked 
| 104|0x0000000712e00000, 0x0000000713000000, 0x0000000713000000|100%| O|  |TAMS 0x0000000712e00000| PB 0x0000000712e00000| Untracked 
| 105|0x0000000713000000, 0x0000000713200000, 0x0000000713200000|100%| O|  |TAMS 0x0000000713000000| PB 0x0000000713000000| Untracked 
| 106|0x0000000713200000, 0x0000000713400000, 0x0000000713400000|100%| O|  |TAMS 0x0000000713200000| PB 0x0000000713200000| Untracked 
| 107|0x0000000713400000, 0x0000000713600000, 0x0000000713600000|100%| O|  |TAMS 0x0000000713400000| PB 0x0000000713400000| Untracked 
| 108|0x0000000713600000, 0x0000000713800000, 0x0000000713800000|100%| O|  |TAMS 0x0000000713600000| PB 0x0000000713600000| Untracked 
| 109|0x0000000713800000, 0x0000000713a00000, 0x0000000713a00000|100%| O|  |TAMS 0x0000000713800000| PB 0x0000000713800000| Untracked 
| 110|0x0000000713a00000, 0x0000000713c00000, 0x0000000713c00000|100%| O|  |TAMS 0x0000000713a00000| PB 0x0000000713a00000| Untracked 
| 111|0x0000000713c00000, 0x0000000713e00000, 0x0000000713e00000|100%| O|  |TAMS 0x0000000713c00000| PB 0x0000000713c00000| Untracked 
| 112|0x0000000713e00000, 0x0000000714000000, 0x0000000714000000|100%| O|  |TAMS 0x0000000713e00000| PB 0x0000000713e00000| Untracked 
| 113|0x0000000714000000, 0x0000000714200000, 0x0000000714200000|100%| O|  |TAMS 0x0000000714000000| PB 0x0000000714000000| Untracked 
| 114|0x0000000714200000, 0x0000000714400000, 0x0000000714400000|100%| O|  |TAMS 0x0000000714200000| PB 0x0000000714200000| Untracked 
| 115|0x0000000714400000, 0x0000000714600000, 0x0000000714600000|100%| O|  |TAMS 0x0000000714400000| PB 0x0000000714400000| Untracked 
| 116|0x0000000714600000, 0x0000000714800000, 0x0000000714800000|100%| O|  |TAMS 0x0000000714600000| PB 0x0000000714600000| Untracked 
| 117|0x0000000714800000, 0x0000000714a00000, 0x0000000714a00000|100%| O|  |TAMS 0x0000000714800000| PB 0x0000000714800000| Untracked 
| 118|0x0000000714a00000, 0x0000000714c00000, 0x0000000714c00000|100%| O|  |TAMS 0x0000000714a00000| PB 0x0000000714a00000| Untracked 
| 119|0x0000000714c00000, 0x0000000714e00000, 0x0000000714e00000|100%| O|  |TAMS 0x0000000714c00000| PB 0x0000000714c00000| Untracked 
| 120|0x0000000714e00000, 0x0000000715000000, 0x0000000715000000|100%| O|  |TAMS 0x0000000714e00000| PB 0x0000000714e00000| Untracked 
| 121|0x0000000715000000, 0x0000000715200000, 0x0000000715200000|100%| O|  |TAMS 0x0000000715000000| PB 0x0000000715000000| Untracked 
| 122|0x0000000715200000, 0x0000000715400000, 0x0000000715400000|100%| O|  |TAMS 0x0000000715200000| PB 0x0000000715200000| Untracked 
| 123|0x0000000715400000, 0x0000000715600000, 0x0000000715600000|100%| O|  |TAMS 0x0000000715400000| PB 0x0000000715400000| Untracked 
| 124|0x0000000715600000, 0x0000000715800000, 0x0000000715800000|100%| O|  |TAMS 0x0000000715600000| PB 0x0000000715600000| Untracked 
| 125|0x0000000715800000, 0x0000000715a00000, 0x0000000715a00000|100%| O|  |TAMS 0x0000000715800000| PB 0x0000000715800000| Untracked 
| 126|0x0000000715a00000, 0x0000000715c00000, 0x0000000715c00000|100%| O|  |TAMS 0x0000000715a00000| PB 0x0000000715a00000| Untracked 
| 127|0x0000000715c00000, 0x0000000715e00000, 0x0000000715e00000|100%| O|  |TAMS 0x0000000715c00000| PB 0x0000000715c00000| Untracked 
| 128|0x0000000715e00000, 0x0000000716000000, 0x0000000716000000|100%| O|  |TAMS 0x0000000715e00000| PB 0x0000000715e00000| Untracked 
| 129|0x0000000716000000, 0x0000000716200000, 0x0000000716200000|100%| O|  |TAMS 0x0000000716000000| PB 0x0000000716000000| Untracked 
| 130|0x0000000716200000, 0x0000000716400000, 0x0000000716400000|100%| O|  |TAMS 0x0000000716200000| PB 0x0000000716200000| Untracked 
| 131|0x0000000716400000, 0x0000000716600000, 0x0000000716600000|100%| O|  |TAMS 0x0000000716400000| PB 0x0000000716400000| Untracked 
| 132|0x0000000716600000, 0x0000000716800000, 0x0000000716800000|100%| O|  |TAMS 0x0000000716600000| PB 0x0000000716600000| Untracked 
| 133|0x0000000716800000, 0x0000000716a00000, 0x0000000716a00000|100%| O|  |TAMS 0x0000000716800000| PB 0x0000000716800000| Untracked 
| 134|0x0000000716a00000, 0x0000000716c00000, 0x0000000716c00000|100%| O|  |TAMS 0x0000000716a00000| PB 0x0000000716a00000| Untracked 
| 135|0x0000000716c00000, 0x0000000716e00000, 0x0000000716e00000|100%| O|  |TAMS 0x0000000716c00000| PB 0x0000000716c00000| Untracked 
| 136|0x0000000716e00000, 0x0000000717000000, 0x0000000717000000|100%| O|  |TAMS 0x0000000716e00000| PB 0x0000000716e00000| Untracked 
| 137|0x0000000717000000, 0x0000000717200000, 0x0000000717200000|100%| O|  |TAMS 0x0000000717000000| PB 0x0000000717000000| Untracked 
| 138|0x0000000717200000, 0x0000000717400000, 0x0000000717400000|100%| O|  |TAMS 0x0000000717200000| PB 0x0000000717200000| Untracked 
| 139|0x0000000717400000, 0x0000000717600000, 0x0000000717600000|100%| O|  |TAMS 0x0000000717400000| PB 0x0000000717400000| Untracked 
| 140|0x0000000717600000, 0x0000000717800000, 0x0000000717800000|100%| O|  |TAMS 0x0000000717600000| PB 0x0000000717600000| Untracked 
| 141|0x0000000717800000, 0x0000000717a00000, 0x0000000717a00000|100%| O|  |TAMS 0x0000000717800000| PB 0x0000000717800000| Untracked 
| 142|0x0000000717a00000, 0x0000000717c00000, 0x0000000717c00000|100%| O|  |TAMS 0x0000000717a00000| PB 0x0000000717a00000| Untracked 
| 143|0x0000000717c00000, 0x0000000717e00000, 0x0000000717e00000|100%| O|Cm|TAMS 0x0000000717c00000| PB 0x0000000717c00000| Complete 
| 144|0x0000000717e00000, 0x0000000718000000, 0x0000000718000000|100%| O|  |TAMS 0x0000000717e00000| PB 0x0000000717e00000| Untracked 
| 145|0x0000000718000000, 0x0000000718200000, 0x0000000718200000|100%| O|  |TAMS 0x0000000718000000| PB 0x0000000718000000| Untracked 
| 146|0x0000000718200000, 0x0000000718400000, 0x0000000718400000|100%| O|  |TAMS 0x0000000718200000| PB 0x0000000718200000| Untracked 
| 147|0x0000000718400000, 0x0000000718600000, 0x0000000718600000|100%| O|  |TAMS 0x0000000718400000| PB 0x0000000718400000| Untracked 
| 148|0x0000000718600000, 0x0000000718800000, 0x0000000718800000|100%| O|  |TAMS 0x0000000718600000| PB 0x0000000718600000| Untracked 
| 149|0x0000000718800000, 0x0000000718a00000, 0x0000000718a00000|100%| O|  |TAMS 0x0000000718800000| PB 0x0000000718800000| Untracked 
| 150|0x0000000718a00000, 0x0000000718c00000, 0x0000000718c00000|100%| O|  |TAMS 0x0000000718a00000| PB 0x0000000718a00000| Untracked 
| 151|0x0000000718c00000, 0x0000000718e00000, 0x0000000718e00000|100%| O|  |TAMS 0x0000000718c00000| PB 0x0000000718c00000| Untracked 
| 152|0x0000000718e00000, 0x0000000719000000, 0x0000000719000000|100%| O|  |TAMS 0x0000000718e00000| PB 0x0000000718e00000| Untracked 
| 153|0x0000000719000000, 0x0000000719200000, 0x0000000719200000|100%| O|  |TAMS 0x0000000719000000| PB 0x0000000719000000| Untracked 
| 154|0x0000000719200000, 0x0000000719400000, 0x0000000719400000|100%| O|  |TAMS 0x0000000719200000| PB 0x0000000719200000| Untracked 
| 155|0x0000000719400000, 0x0000000719600000, 0x0000000719600000|100%| O|  |TAMS 0x0000000719400000| PB 0x0000000719400000| Untracked 
| 156|0x0000000719600000, 0x0000000719800000, 0x0000000719800000|100%| O|  |TAMS 0x0000000719600000| PB 0x0000000719600000| Untracked 
| 157|0x0000000719800000, 0x0000000719a00000, 0x0000000719a00000|100%| O|  |TAMS 0x0000000719800000| PB 0x0000000719800000| Untracked 
| 158|0x0000000719a00000, 0x0000000719c00000, 0x0000000719c00000|100%| O|  |TAMS 0x0000000719a00000| PB 0x0000000719a00000| Untracked 
| 159|0x0000000719c00000, 0x0000000719e00000, 0x0000000719e00000|100%| O|  |TAMS 0x0000000719c00000| PB 0x0000000719c00000| Untracked 
| 160|0x0000000719e00000, 0x000000071a000000, 0x000000071a000000|100%| O|  |TAMS 0x0000000719e00000| PB 0x0000000719e00000| Untracked 
| 161|0x000000071a000000, 0x000000071a200000, 0x000000071a200000|100%| O|  |TAMS 0x000000071a000000| PB 0x000000071a000000| Untracked 
| 162|0x000000071a200000, 0x000000071a400000, 0x000000071a400000|100%| O|  |TAMS 0x000000071a200000| PB 0x000000071a200000| Untracked 
| 163|0x000000071a400000, 0x000000071a600000, 0x000000071a600000|100%| O|  |TAMS 0x000000071a400000| PB 0x000000071a400000| Untracked 
| 164|0x000000071a600000, 0x000000071a800000, 0x000000071a800000|100%| O|Cm|TAMS 0x000000071a600000| PB 0x000000071a600000| Complete 
| 165|0x000000071a800000, 0x000000071aa00000, 0x000000071aa00000|100%| O|  |TAMS 0x000000071a800000| PB 0x000000071a800000| Untracked 
| 166|0x000000071aa00000, 0x000000071ac00000, 0x000000071ac00000|100%| O|  |TAMS 0x000000071aa00000| PB 0x000000071aa00000| Untracked 
| 167|0x000000071ac00000, 0x000000071ae00000, 0x000000071ae00000|100%| O|  |TAMS 0x000000071ac00000| PB 0x000000071ac00000| Untracked 
| 168|0x000000071ae00000, 0x000000071b000000, 0x000000071b000000|100%| O|  |TAMS 0x000000071ae00000| PB 0x000000071ae00000| Untracked 
| 169|0x000000071b000000, 0x000000071b200000, 0x000000071b200000|100%| O|  |TAMS 0x000000071b000000| PB 0x000000071b000000| Untracked 
| 170|0x000000071b200000, 0x000000071b400000, 0x000000071b400000|100%| O|  |TAMS 0x000000071b200000| PB 0x000000071b200000| Untracked 
| 171|0x000000071b400000, 0x000000071b600000, 0x000000071b600000|100%| O|  |TAMS 0x000000071b400000| PB 0x000000071b400000| Untracked 
| 172|0x000000071b600000, 0x000000071b800000, 0x000000071b800000|100%| O|  |TAMS 0x000000071b600000| PB 0x000000071b600000| Untracked 
| 173|0x000000071b800000, 0x000000071ba00000, 0x000000071ba00000|100%| O|Cm|TAMS 0x000000071b800000| PB 0x000000071b800000| Complete 
| 174|0x000000071ba00000, 0x000000071bc00000, 0x000000071bc00000|100%| O|Cm|TAMS 0x000000071ba00000| PB 0x000000071ba00000| Complete 
| 175|0x000000071bc00000, 0x000000071be00000, 0x000000071be00000|100%| O|  |TAMS 0x000000071bc00000| PB 0x000000071bc00000| Untracked 
| 176|0x000000071be00000, 0x000000071c000000, 0x000000071c000000|100%| O|  |TAMS 0x000000071be00000| PB 0x000000071be00000| Untracked 
| 177|0x000000071c000000, 0x000000071c200000, 0x000000071c200000|100%| O|  |TAMS 0x000000071c000000| PB 0x000000071c000000| Untracked 
| 178|0x000000071c200000, 0x000000071c400000, 0x000000071c400000|100%| O|  |TAMS 0x000000071c200000| PB 0x000000071c200000| Untracked 
| 179|0x000000071c400000, 0x000000071c600000, 0x000000071c600000|100%| O|  |TAMS 0x000000071c400000| PB 0x000000071c400000| Untracked 
| 180|0x000000071c600000, 0x000000071c800000, 0x000000071c800000|100%| O|  |TAMS 0x000000071c600000| PB 0x000000071c600000| Untracked 
| 181|0x000000071c800000, 0x000000071ca00000, 0x000000071ca00000|100%| O|  |TAMS 0x000000071c800000| PB 0x000000071c800000| Untracked 
| 182|0x000000071ca00000, 0x000000071cc00000, 0x000000071cc00000|100%| O|  |TAMS 0x000000071ca00000| PB 0x000000071ca00000| Untracked 
| 183|0x000000071cc00000, 0x000000071ce00000, 0x000000071ce00000|100%| O|  |TAMS 0x000000071cc00000| PB 0x000000071cc00000| Untracked 
| 184|0x000000071ce00000, 0x000000071d000000, 0x000000071d000000|100%| O|  |TAMS 0x000000071ce00000| PB 0x000000071ce00000| Untracked 
| 185|0x000000071d000000, 0x000000071d200000, 0x000000071d200000|100%| O|  |TAMS 0x000000071d000000| PB 0x000000071d000000| Untracked 
| 186|0x000000071d200000, 0x000000071d400000, 0x000000071d400000|100%| O|  |TAMS 0x000000071d200000| PB 0x000000071d200000| Untracked 
| 187|0x000000071d400000, 0x000000071d600000, 0x000000071d600000|100%| O|  |TAMS 0x000000071d400000| PB 0x000000071d400000| Untracked 
| 188|0x000000071d600000, 0x000000071d800000, 0x000000071d800000|100%| O|  |TAMS 0x000000071d600000| PB 0x000000071d600000| Untracked 
| 189|0x000000071d800000, 0x000000071da00000, 0x000000071da00000|100%| O|Cm|TAMS 0x000000071d800000| PB 0x000000071d800000| Complete 
| 190|0x000000071da00000, 0x000000071dc00000, 0x000000071dc00000|100%| O|  |TAMS 0x000000071da00000| PB 0x000000071da00000| Untracked 
| 191|0x000000071dc00000, 0x000000071de00000, 0x000000071de00000|100%| O|  |TAMS 0x000000071dc00000| PB 0x000000071dc00000| Untracked 
| 192|0x000000071de00000, 0x000000071e000000, 0x000000071e000000|100%| O|  |TAMS 0x000000071de00000| PB 0x000000071de00000| Untracked 
| 193|0x000000071e000000, 0x000000071e200000, 0x000000071e200000|100%| O|  |TAMS 0x000000071e000000| PB 0x000000071e000000| Untracked 
| 194|0x000000071e200000, 0x000000071e400000, 0x000000071e400000|100%| O|  |TAMS 0x000000071e200000| PB 0x000000071e200000| Untracked 
| 195|0x000000071e400000, 0x000000071e600000, 0x000000071e600000|100%| O|  |TAMS 0x000000071e400000| PB 0x000000071e400000| Untracked 
| 196|0x000000071e600000, 0x000000071e800000, 0x000000071e800000|100%| O|  |TAMS 0x000000071e600000| PB 0x000000071e600000| Untracked 
| 197|0x000000071e800000, 0x000000071ea00000, 0x000000071ea00000|100%| O|  |TAMS 0x000000071e800000| PB 0x000000071e800000| Untracked 
| 198|0x000000071ea00000, 0x000000071ec00000, 0x000000071ec00000|100%| O|  |TAMS 0x000000071ea00000| PB 0x000000071ea00000| Untracked 
| 199|0x000000071ec00000, 0x000000071ee00000, 0x000000071ee00000|100%| O|  |TAMS 0x000000071ec00000| PB 0x000000071ec00000| Untracked 
| 200|0x000000071ee00000, 0x000000071f000000, 0x000000071f000000|100%| O|  |TAMS 0x000000071ee00000| PB 0x000000071ee00000| Untracked 
| 201|0x000000071f000000, 0x000000071f200000, 0x000000071f200000|100%| O|  |TAMS 0x000000071f000000| PB 0x000000071f000000| Untracked 
| 202|0x000000071f200000, 0x000000071f400000, 0x000000071f400000|100%| O|  |TAMS 0x000000071f200000| PB 0x000000071f200000| Untracked 
| 203|0x000000071f400000, 0x000000071f600000, 0x000000071f600000|100%| O|  |TAMS 0x000000071f400000| PB 0x000000071f400000| Untracked 
| 204|0x000000071f600000, 0x000000071f7c4a80, 0x000000071f800000| 88%| O|  |TAMS 0x000000071f600000| PB 0x000000071f600000| Untracked 
| 205|0x000000071f800000, 0x000000071f800000, 0x000000071fa00000|  0%| F|  |TAMS 0x000000071f800000| PB 0x000000071f800000| Untracked 
| 206|0x000000071fa00000, 0x000000071fa00000, 0x000000071fc00000|  0%| F|  |TAMS 0x000000071fa00000| PB 0x000000071fa00000| Untracked 
| 207|0x000000071fc00000, 0x000000071fc00000, 0x000000071fe00000|  0%| F|  |TAMS 0x000000071fc00000| PB 0x000000071fc00000| Untracked 
| 208|0x000000071fe00000, 0x000000071fe00000, 0x0000000720000000|  0%| F|  |TAMS 0x000000071fe00000| PB 0x000000071fe00000| Untracked 
| 209|0x0000000720000000, 0x0000000720000000, 0x0000000720200000|  0%| F|  |TAMS 0x0000000720000000| PB 0x0000000720000000| Untracked 
| 210|0x0000000720200000, 0x0000000720200000, 0x0000000720400000|  0%| F|  |TAMS 0x0000000720200000| PB 0x0000000720200000| Untracked 
| 211|0x0000000720400000, 0x0000000720400000, 0x0000000720600000|  0%| F|  |TAMS 0x0000000720400000| PB 0x0000000720400000| Untracked 
| 212|0x0000000720600000, 0x0000000720600000, 0x0000000720800000|  0%| F|  |TAMS 0x0000000720600000| PB 0x0000000720600000| Untracked 
| 213|0x0000000720800000, 0x0000000720800000, 0x0000000720a00000|  0%| F|  |TAMS 0x0000000720800000| PB 0x0000000720800000| Untracked 
| 214|0x0000000720a00000, 0x0000000720a00000, 0x0000000720c00000|  0%| F|  |TAMS 0x0000000720a00000| PB 0x0000000720a00000| Untracked 
| 215|0x0000000720c00000, 0x0000000720e00000, 0x0000000720e00000|100%| S|CS|TAMS 0x0000000720c00000| PB 0x0000000720c00000| Complete 
| 216|0x0000000720e00000, 0x0000000721000000, 0x0000000721000000|100%| S|CS|TAMS 0x0000000720e00000| PB 0x0000000720e00000| Complete 
| 217|0x0000000721000000, 0x0000000721200000, 0x0000000721200000|100%| S|CS|TAMS 0x0000000721000000| PB 0x0000000721000000| Complete 
| 218|0x0000000721200000, 0x0000000721200000, 0x0000000721400000|  0%| F|  |TAMS 0x0000000721200000| PB 0x0000000721200000| Untracked 
| 219|0x0000000721400000, 0x0000000721400000, 0x0000000721600000|  0%| F|  |TAMS 0x0000000721400000| PB 0x0000000721400000| Untracked 
| 220|0x0000000721600000, 0x0000000721600000, 0x0000000721800000|  0%| F|  |TAMS 0x0000000721600000| PB 0x0000000721600000| Untracked 
| 221|0x0000000721800000, 0x0000000721800000, 0x0000000721a00000|  0%| F|  |TAMS 0x0000000721800000| PB 0x0000000721800000| Untracked 
| 222|0x0000000721a00000, 0x0000000721a00000, 0x0000000721c00000|  0%| F|  |TAMS 0x0000000721a00000| PB 0x0000000721a00000| Untracked 
| 223|0x0000000721c00000, 0x0000000721c00000, 0x0000000721e00000|  0%| F|  |TAMS 0x0000000721c00000| PB 0x0000000721c00000| Untracked 
| 224|0x0000000721e00000, 0x0000000721e00000, 0x0000000722000000|  0%| F|  |TAMS 0x0000000721e00000| PB 0x0000000721e00000| Untracked 
| 225|0x0000000722000000, 0x0000000722000000, 0x0000000722200000|  0%| F|  |TAMS 0x0000000722000000| PB 0x0000000722000000| Untracked 
| 226|0x0000000722200000, 0x0000000722200000, 0x0000000722400000|  0%| F|  |TAMS 0x0000000722200000| PB 0x0000000722200000| Untracked 
| 227|0x0000000722400000, 0x0000000722400000, 0x0000000722600000|  0%| F|  |TAMS 0x0000000722400000| PB 0x0000000722400000| Untracked 
| 228|0x0000000722600000, 0x0000000722600000, 0x0000000722800000|  0%| F|  |TAMS 0x0000000722600000| PB 0x0000000722600000| Untracked 
| 229|0x0000000722800000, 0x0000000722800000, 0x0000000722a00000|  0%| F|  |TAMS 0x0000000722800000| PB 0x0000000722800000| Untracked 
| 230|0x0000000722a00000, 0x0000000722c00000, 0x0000000722c00000|100%| S|CS|TAMS 0x0000000722a00000| PB 0x0000000722a00000| Complete 
| 231|0x0000000722c00000, 0x0000000722e00000, 0x0000000722e00000|100%| S|CS|TAMS 0x0000000722c00000| PB 0x0000000722c00000| Complete 
| 232|0x0000000722e00000, 0x0000000723000000, 0x0000000723000000|100%| S|CS|TAMS 0x0000000722e00000| PB 0x0000000722e00000| Complete 
| 233|0x0000000723000000, 0x0000000723200000, 0x0000000723200000|100%| S|CS|TAMS 0x0000000723000000| PB 0x0000000723000000| Complete 
| 234|0x0000000723200000, 0x0000000723400000, 0x0000000723400000|100%| S|CS|TAMS 0x0000000723200000| PB 0x0000000723200000| Complete 
| 235|0x0000000723400000, 0x0000000723600000, 0x0000000723600000|100%| S|CS|TAMS 0x0000000723400000| PB 0x0000000723400000| Complete 
| 236|0x0000000723600000, 0x0000000723800000, 0x0000000723800000|100%| S|CS|TAMS 0x0000000723600000| PB 0x0000000723600000| Complete 
| 237|0x0000000723800000, 0x0000000723a00000, 0x0000000723a00000|100%| S|CS|TAMS 0x0000000723800000| PB 0x0000000723800000| Complete 
| 238|0x0000000723a00000, 0x0000000723a00000, 0x0000000723c00000|  0%| F|  |TAMS 0x0000000723a00000| PB 0x0000000723a00000| Untracked 
| 239|0x0000000723c00000, 0x0000000723c00000, 0x0000000723e00000|  0%| F|  |TAMS 0x0000000723c00000| PB 0x0000000723c00000| Untracked 
| 240|0x0000000723e00000, 0x0000000723e00000, 0x0000000724000000|  0%| F|  |TAMS 0x0000000723e00000| PB 0x0000000723e00000| Untracked 
| 241|0x0000000724000000, 0x0000000724000000, 0x0000000724200000|  0%| F|  |TAMS 0x0000000724000000| PB 0x0000000724000000| Untracked 
| 242|0x0000000724200000, 0x0000000724200000, 0x0000000724400000|  0%| F|  |TAMS 0x0000000724200000| PB 0x0000000724200000| Untracked 
| 243|0x0000000724400000, 0x0000000724400000, 0x0000000724600000|  0%| F|  |TAMS 0x0000000724400000| PB 0x0000000724400000| Untracked 
| 244|0x0000000724600000, 0x0000000724600000, 0x0000000724800000|  0%| F|  |TAMS 0x0000000724600000| PB 0x0000000724600000| Untracked 
| 245|0x0000000724800000, 0x0000000724800000, 0x0000000724a00000|  0%| F|  |TAMS 0x0000000724800000| PB 0x0000000724800000| Untracked 
| 246|0x0000000724a00000, 0x0000000724a00000, 0x0000000724c00000|  0%| F|  |TAMS 0x0000000724a00000| PB 0x0000000724a00000| Untracked 
| 247|0x0000000724c00000, 0x0000000724c00000, 0x0000000724e00000|  0%| F|  |TAMS 0x0000000724c00000| PB 0x0000000724c00000| Untracked 
| 248|0x0000000724e00000, 0x0000000724e00000, 0x0000000725000000|  0%| F|  |TAMS 0x0000000724e00000| PB 0x0000000724e00000| Untracked 
| 249|0x0000000725000000, 0x0000000725000000, 0x0000000725200000|  0%| F|  |TAMS 0x0000000725000000| PB 0x0000000725000000| Untracked 
| 250|0x0000000725200000, 0x0000000725200000, 0x0000000725400000|  0%| F|  |TAMS 0x0000000725200000| PB 0x0000000725200000| Untracked 
| 251|0x0000000725400000, 0x0000000725400000, 0x0000000725600000|  0%| F|  |TAMS 0x0000000725400000| PB 0x0000000725400000| Untracked 
| 252|0x0000000725600000, 0x0000000725600000, 0x0000000725800000|  0%| F|  |TAMS 0x0000000725600000| PB 0x0000000725600000| Untracked 
| 253|0x0000000725800000, 0x0000000725800000, 0x0000000725a00000|  0%| F|  |TAMS 0x0000000725800000| PB 0x0000000725800000| Untracked 
| 254|0x0000000725a00000, 0x0000000725a00000, 0x0000000725c00000|  0%| F|  |TAMS 0x0000000725a00000| PB 0x0000000725a00000| Untracked 
| 255|0x0000000725c00000, 0x0000000725c00000, 0x0000000725e00000|  0%| F|  |TAMS 0x0000000725c00000| PB 0x0000000725c00000| Untracked 
| 256|0x0000000725e00000, 0x0000000725e00000, 0x0000000726000000|  0%| F|  |TAMS 0x0000000725e00000| PB 0x0000000725e00000| Untracked 
| 257|0x0000000726000000, 0x0000000726000000, 0x0000000726200000|  0%| F|  |TAMS 0x0000000726000000| PB 0x0000000726000000| Untracked 
| 258|0x0000000726200000, 0x0000000726200000, 0x0000000726400000|  0%| F|  |TAMS 0x0000000726200000| PB 0x0000000726200000| Untracked 
| 259|0x0000000726400000, 0x0000000726400000, 0x0000000726600000|  0%| F|  |TAMS 0x0000000726400000| PB 0x0000000726400000| Untracked 
| 260|0x0000000726600000, 0x0000000726600000, 0x0000000726800000|  0%| F|  |TAMS 0x0000000726600000| PB 0x0000000726600000| Untracked 
| 261|0x0000000726800000, 0x0000000726800000, 0x0000000726a00000|  0%| F|  |TAMS 0x0000000726800000| PB 0x0000000726800000| Untracked 
| 262|0x0000000726a00000, 0x0000000726a00000, 0x0000000726c00000|  0%| F|  |TAMS 0x0000000726a00000| PB 0x0000000726a00000| Untracked 
| 263|0x0000000726c00000, 0x0000000726c00000, 0x0000000726e00000|  0%| F|  |TAMS 0x0000000726c00000| PB 0x0000000726c00000| Untracked 
| 264|0x0000000726e00000, 0x0000000726e00000, 0x0000000727000000|  0%| F|  |TAMS 0x0000000726e00000| PB 0x0000000726e00000| Untracked 
| 265|0x0000000727000000, 0x0000000727000000, 0x0000000727200000|  0%| F|  |TAMS 0x0000000727000000| PB 0x0000000727000000| Untracked 
| 266|0x0000000727200000, 0x0000000727200000, 0x0000000727400000|  0%| F|  |TAMS 0x0000000727200000| PB 0x0000000727200000| Untracked 
| 267|0x0000000727400000, 0x0000000727400000, 0x0000000727600000|  0%| F|  |TAMS 0x0000000727400000| PB 0x0000000727400000| Untracked 
| 268|0x0000000727600000, 0x0000000727600000, 0x0000000727800000|  0%| F|  |TAMS 0x0000000727600000| PB 0x0000000727600000| Untracked 
| 269|0x0000000727800000, 0x0000000727800000, 0x0000000727a00000|  0%| F|  |TAMS 0x0000000727800000| PB 0x0000000727800000| Untracked 
| 270|0x0000000727a00000, 0x0000000727a00000, 0x0000000727c00000|  0%| F|  |TAMS 0x0000000727a00000| PB 0x0000000727a00000| Untracked 
| 271|0x0000000727c00000, 0x0000000727c00000, 0x0000000727e00000|  0%| F|  |TAMS 0x0000000727c00000| PB 0x0000000727c00000| Untracked 
| 272|0x0000000727e00000, 0x0000000727e00000, 0x0000000728000000|  0%| F|  |TAMS 0x0000000727e00000| PB 0x0000000727e00000| Untracked 
| 273|0x0000000728000000, 0x0000000728000000, 0x0000000728200000|  0%| F|  |TAMS 0x0000000728000000| PB 0x0000000728000000| Untracked 
| 274|0x0000000728200000, 0x0000000728200000, 0x0000000728400000|  0%| F|  |TAMS 0x0000000728200000| PB 0x0000000728200000| Untracked 
| 275|0x0000000728400000, 0x0000000728400000, 0x0000000728600000|  0%| F|  |TAMS 0x0000000728400000| PB 0x0000000728400000| Untracked 
| 276|0x0000000728600000, 0x0000000728600000, 0x0000000728800000|  0%| F|  |TAMS 0x0000000728600000| PB 0x0000000728600000| Untracked 
| 277|0x0000000728800000, 0x0000000728800000, 0x0000000728a00000|  0%| F|  |TAMS 0x0000000728800000| PB 0x0000000728800000| Untracked 
| 278|0x0000000728a00000, 0x0000000728a00000, 0x0000000728c00000|  0%| F|  |TAMS 0x0000000728a00000| PB 0x0000000728a00000| Untracked 
| 279|0x0000000728c00000, 0x0000000728c00000, 0x0000000728e00000|  0%| F|  |TAMS 0x0000000728c00000| PB 0x0000000728c00000| Untracked 
| 280|0x0000000728e00000, 0x0000000728e00000, 0x0000000729000000|  0%| F|  |TAMS 0x0000000728e00000| PB 0x0000000728e00000| Untracked 
| 281|0x0000000729000000, 0x0000000729000000, 0x0000000729200000|  0%| F|  |TAMS 0x0000000729000000| PB 0x0000000729000000| Untracked 
| 282|0x0000000729200000, 0x0000000729200000, 0x0000000729400000|  0%| F|  |TAMS 0x0000000729200000| PB 0x0000000729200000| Untracked 
| 283|0x0000000729400000, 0x0000000729400000, 0x0000000729600000|  0%| F|  |TAMS 0x0000000729400000| PB 0x0000000729400000| Untracked 
| 284|0x0000000729600000, 0x0000000729600000, 0x0000000729800000|  0%| F|  |TAMS 0x0000000729600000| PB 0x0000000729600000| Untracked 
| 285|0x0000000729800000, 0x0000000729800000, 0x0000000729a00000|  0%| F|  |TAMS 0x0000000729800000| PB 0x0000000729800000| Untracked 
| 286|0x0000000729a00000, 0x0000000729a00000, 0x0000000729c00000|  0%| F|  |TAMS 0x0000000729a00000| PB 0x0000000729a00000| Untracked 
| 287|0x0000000729c00000, 0x0000000729c00000, 0x0000000729e00000|  0%| F|  |TAMS 0x0000000729c00000| PB 0x0000000729c00000| Untracked 
| 288|0x0000000729e00000, 0x0000000729e00000, 0x000000072a000000|  0%| F|  |TAMS 0x0000000729e00000| PB 0x0000000729e00000| Untracked 
| 289|0x000000072a000000, 0x000000072a000000, 0x000000072a200000|  0%| F|  |TAMS 0x000000072a000000| PB 0x000000072a000000| Untracked 
| 290|0x000000072a200000, 0x000000072a200000, 0x000000072a400000|  0%| F|  |TAMS 0x000000072a200000| PB 0x000000072a200000| Untracked 
| 291|0x000000072a400000, 0x000000072a400000, 0x000000072a600000|  0%| F|  |TAMS 0x000000072a400000| PB 0x000000072a400000| Untracked 
| 292|0x000000072a600000, 0x000000072a600000, 0x000000072a800000|  0%| F|  |TAMS 0x000000072a600000| PB 0x000000072a600000| Untracked 
| 293|0x000000072a800000, 0x000000072a800000, 0x000000072aa00000|  0%| F|  |TAMS 0x000000072a800000| PB 0x000000072a800000| Untracked 
| 294|0x000000072aa00000, 0x000000072aa00000, 0x000000072ac00000|  0%| F|  |TAMS 0x000000072aa00000| PB 0x000000072aa00000| Untracked 
| 295|0x000000072ac00000, 0x000000072ac00000, 0x000000072ae00000|  0%| F|  |TAMS 0x000000072ac00000| PB 0x000000072ac00000| Untracked 
| 296|0x000000072ae00000, 0x000000072ae00000, 0x000000072b000000|  0%| F|  |TAMS 0x000000072ae00000| PB 0x000000072ae00000| Untracked 
| 297|0x000000072b000000, 0x000000072b000000, 0x000000072b200000|  0%| F|  |TAMS 0x000000072b000000| PB 0x000000072b000000| Untracked 
| 298|0x000000072b200000, 0x000000072b200000, 0x000000072b400000|  0%| F|  |TAMS 0x000000072b200000| PB 0x000000072b200000| Untracked 
| 299|0x000000072b400000, 0x000000072b400000, 0x000000072b600000|  0%| F|  |TAMS 0x000000072b400000| PB 0x000000072b400000| Untracked 
| 300|0x000000072b600000, 0x000000072b600000, 0x000000072b800000|  0%| F|  |TAMS 0x000000072b600000| PB 0x000000072b600000| Untracked 
| 301|0x000000072b800000, 0x000000072ba00000, 0x000000072ba00000|100%| E|CS|TAMS 0x000000072b800000| PB 0x000000072b800000| Complete 
| 302|0x000000072ba00000, 0x000000072bc00000, 0x000000072bc00000|100%| E|CS|TAMS 0x000000072ba00000| PB 0x000000072ba00000| Complete 
| 303|0x000000072bc00000, 0x000000072be00000, 0x000000072be00000|100%| E|CS|TAMS 0x000000072bc00000| PB 0x000000072bc00000| Complete 
| 304|0x000000072be00000, 0x000000072c000000, 0x000000072c000000|100%| E|CS|TAMS 0x000000072be00000| PB 0x000000072be00000| Complete 
| 305|0x000000072c000000, 0x000000072c200000, 0x000000072c200000|100%| E|CS|TAMS 0x000000072c000000| PB 0x000000072c000000| Complete 
| 306|0x000000072c200000, 0x000000072c400000, 0x000000072c400000|100%| E|CS|TAMS 0x000000072c200000| PB 0x000000072c200000| Complete 
| 307|0x000000072c400000, 0x000000072c400000, 0x000000072c600000|  0%| F|  |TAMS 0x000000072c400000| PB 0x000000072c400000| Untracked 
| 308|0x000000072c600000, 0x000000072c600000, 0x000000072c800000|  0%| F|  |TAMS 0x000000072c600000| PB 0x000000072c600000| Untracked 
| 309|0x000000072c800000, 0x000000072c800000, 0x000000072ca00000|  0%| F|  |TAMS 0x000000072c800000| PB 0x000000072c800000| Untracked 
| 310|0x000000072ca00000, 0x000000072ca00000, 0x000000072cc00000|  0%| F|  |TAMS 0x000000072ca00000| PB 0x000000072ca00000| Untracked 
| 311|0x000000072cc00000, 0x000000072cc00000, 0x000000072ce00000|  0%| F|  |TAMS 0x000000072cc00000| PB 0x000000072cc00000| Untracked 
| 312|0x000000072ce00000, 0x000000072ce00000, 0x000000072d000000|  0%| F|  |TAMS 0x000000072ce00000| PB 0x000000072ce00000| Untracked 
| 313|0x000000072d000000, 0x000000072d000000, 0x000000072d200000|  0%| F|  |TAMS 0x000000072d000000| PB 0x000000072d000000| Untracked 
| 314|0x000000072d200000, 0x000000072d200000, 0x000000072d400000|  0%| F|  |TAMS 0x000000072d200000| PB 0x000000072d200000| Untracked 
| 315|0x000000072d400000, 0x000000072d400000, 0x000000072d600000|  0%| F|  |TAMS 0x000000072d400000| PB 0x000000072d400000| Untracked 
| 316|0x000000072d600000, 0x000000072d600000, 0x000000072d800000|  0%| F|  |TAMS 0x000000072d600000| PB 0x000000072d600000| Untracked 
| 317|0x000000072d800000, 0x000000072d800000, 0x000000072da00000|  0%| F|  |TAMS 0x000000072d800000| PB 0x000000072d800000| Untracked 
| 318|0x000000072da00000, 0x000000072da00000, 0x000000072dc00000|  0%| F|  |TAMS 0x000000072da00000| PB 0x000000072da00000| Untracked 
| 319|0x000000072dc00000, 0x000000072dc00000, 0x000000072de00000|  0%| F|  |TAMS 0x000000072dc00000| PB 0x000000072dc00000| Untracked 
| 320|0x000000072de00000, 0x000000072de00000, 0x000000072e000000|  0%| F|  |TAMS 0x000000072de00000| PB 0x000000072de00000| Untracked 
| 321|0x000000072e000000, 0x000000072e000000, 0x000000072e200000|  0%| F|  |TAMS 0x000000072e000000| PB 0x000000072e000000| Untracked 
| 322|0x000000072e200000, 0x000000072e200000, 0x000000072e400000|  0%| F|  |TAMS 0x000000072e200000| PB 0x000000072e200000| Untracked 
| 323|0x000000072e400000, 0x000000072e400000, 0x000000072e600000|  0%| F|  |TAMS 0x000000072e400000| PB 0x000000072e400000| Untracked 
| 324|0x000000072e600000, 0x000000072e600000, 0x000000072e800000|  0%| F|  |TAMS 0x000000072e600000| PB 0x000000072e600000| Untracked 
| 325|0x000000072e800000, 0x000000072e800000, 0x000000072ea00000|  0%| F|  |TAMS 0x000000072e800000| PB 0x000000072e800000| Untracked 
| 326|0x000000072ea00000, 0x000000072ea00000, 0x000000072ec00000|  0%| F|  |TAMS 0x000000072ea00000| PB 0x000000072ea00000| Untracked 
| 327|0x000000072ec00000, 0x000000072ec00000, 0x000000072ee00000|  0%| F|  |TAMS 0x000000072ec00000| PB 0x000000072ec00000| Untracked 
| 328|0x000000072ee00000, 0x000000072ee00000, 0x000000072f000000|  0%| F|  |TAMS 0x000000072ee00000| PB 0x000000072ee00000| Untracked 
| 329|0x000000072f000000, 0x000000072f000000, 0x000000072f200000|  0%| F|  |TAMS 0x000000072f000000| PB 0x000000072f000000| Untracked 
| 330|0x000000072f200000, 0x000000072f200000, 0x000000072f400000|  0%| F|  |TAMS 0x000000072f200000| PB 0x000000072f200000| Untracked 
| 331|0x000000072f400000, 0x000000072f400000, 0x000000072f600000|  0%| F|  |TAMS 0x000000072f400000| PB 0x000000072f400000| Untracked 
| 332|0x000000072f600000, 0x000000072f600000, 0x000000072f800000|  0%| F|  |TAMS 0x000000072f600000| PB 0x000000072f600000| Untracked 
| 333|0x000000072f800000, 0x000000072f800000, 0x000000072fa00000|  0%| F|  |TAMS 0x000000072f800000| PB 0x000000072f800000| Untracked 
| 334|0x000000072fa00000, 0x000000072fa00000, 0x000000072fc00000|  0%| F|  |TAMS 0x000000072fa00000| PB 0x000000072fa00000| Untracked 
| 335|0x000000072fc00000, 0x000000072fc00000, 0x000000072fe00000|  0%| F|  |TAMS 0x000000072fc00000| PB 0x000000072fc00000| Untracked 
| 336|0x000000072fe00000, 0x000000072ff00000, 0x0000000730000000| 50%| E|  |TAMS 0x000000072fe00000| PB 0x000000072fe00000| Complete 
| 337|0x0000000730000000, 0x0000000730200000, 0x0000000730200000|100%| E|CS|TAMS 0x0000000730000000| PB 0x0000000730000000| Complete 
| 338|0x0000000730200000, 0x0000000730400000, 0x0000000730400000|100%| E|CS|TAMS 0x0000000730200000| PB 0x0000000730200000| Complete 
| 339|0x0000000730400000, 0x0000000730600000, 0x0000000730600000|100%| E|CS|TAMS 0x0000000730400000| PB 0x0000000730400000| Complete 
| 340|0x0000000730600000, 0x0000000730800000, 0x0000000730800000|100%| E|CS|TAMS 0x0000000730600000| PB 0x0000000730600000| Complete 
| 341|0x0000000730800000, 0x0000000730a00000, 0x0000000730a00000|100%| E|CS|TAMS 0x0000000730800000| PB 0x0000000730800000| Complete 
| 342|0x0000000730a00000, 0x0000000730c00000, 0x0000000730c00000|100%| E|CS|TAMS 0x0000000730a00000| PB 0x0000000730a00000| Complete 
| 343|0x0000000730c00000, 0x0000000730e00000, 0x0000000730e00000|100%| E|CS|TAMS 0x0000000730c00000| PB 0x0000000730c00000| Complete 
| 344|0x0000000730e00000, 0x0000000731000000, 0x0000000731000000|100%| E|CS|TAMS 0x0000000730e00000| PB 0x0000000730e00000| Complete 
| 345|0x0000000731000000, 0x0000000731200000, 0x0000000731200000|100%| E|CS|TAMS 0x0000000731000000| PB 0x0000000731000000| Complete 
| 346|0x0000000731200000, 0x0000000731400000, 0x0000000731400000|100%| E|CS|TAMS 0x0000000731200000| PB 0x0000000731200000| Complete 
| 347|0x0000000731400000, 0x0000000731600000, 0x0000000731600000|100%| E|CS|TAMS 0x0000000731400000| PB 0x0000000731400000| Complete 
| 348|0x0000000731600000, 0x0000000731800000, 0x0000000731800000|100%| E|CS|TAMS 0x0000000731600000| PB 0x0000000731600000| Complete 
| 349|0x0000000731800000, 0x0000000731a00000, 0x0000000731a00000|100%| E|CS|TAMS 0x0000000731800000| PB 0x0000000731800000| Complete 
| 350|0x0000000731a00000, 0x0000000731c00000, 0x0000000731c00000|100%| E|CS|TAMS 0x0000000731a00000| PB 0x0000000731a00000| Complete 
| 351|0x0000000731c00000, 0x0000000731e00000, 0x0000000731e00000|100%| E|CS|TAMS 0x0000000731c00000| PB 0x0000000731c00000| Complete 
| 352|0x0000000731e00000, 0x0000000732000000, 0x0000000732000000|100%| E|CS|TAMS 0x0000000731e00000| PB 0x0000000731e00000| Complete 
| 353|0x0000000732000000, 0x0000000732200000, 0x0000000732200000|100%| E|CS|TAMS 0x0000000732000000| PB 0x0000000732000000| Complete 
| 354|0x0000000732200000, 0x0000000732400000, 0x0000000732400000|100%| E|CS|TAMS 0x0000000732200000| PB 0x0000000732200000| Complete 
| 355|0x0000000732400000, 0x0000000732600000, 0x0000000732600000|100%| E|CS|TAMS 0x0000000732400000| PB 0x0000000732400000| Complete 
| 356|0x0000000732600000, 0x0000000732800000, 0x0000000732800000|100%| E|CS|TAMS 0x0000000732600000| PB 0x0000000732600000| Complete 
| 357|0x0000000732800000, 0x0000000732a00000, 0x0000000732a00000|100%| E|CS|TAMS 0x0000000732800000| PB 0x0000000732800000| Complete 
| 358|0x0000000732a00000, 0x0000000732c00000, 0x0000000732c00000|100%| E|CS|TAMS 0x0000000732a00000| PB 0x0000000732a00000| Complete 
| 359|0x0000000732c00000, 0x0000000732e00000, 0x0000000732e00000|100%| E|CS|TAMS 0x0000000732c00000| PB 0x0000000732c00000| Complete 
| 360|0x0000000732e00000, 0x0000000733000000, 0x0000000733000000|100%| E|CS|TAMS 0x0000000732e00000| PB 0x0000000732e00000| Complete 
| 361|0x0000000733000000, 0x0000000733200000, 0x0000000733200000|100%| E|CS|TAMS 0x0000000733000000| PB 0x0000000733000000| Complete 
|1999|0x00000007ffc00000, 0x00000007ffe00000, 0x00000007ffe00000|100%| O|  |TAMS 0x00000007ffc00000| PB 0x00000007ffc00000| Untracked 
|2000|0x00000007ffe00000, 0x0000000800000000, 0x0000000800000000|100%| O|  |TAMS 0x00000007ffe00000| PB 0x00000007ffe00000| Untracked 

Card table byte_map: [0x0000026dd6d60000,0x0000026dd7540000] _byte_map_base: 0x0000026dd3531000

Marking Bits: (CMBitMap*) 0x0000026dbdbfed10
 Bits: [0x0000026dd7540000, 0x0000026ddb3c8000)

Polling page: 0x0000026dbbd20000

Metaspace:

Usage:
  Non-class:     73.07 MB used.
      Class:      8.85 MB used.
       Both:     81.92 MB used.

Virtual space:
  Non-class space:      128.00 MB reserved,      73.69 MB ( 58%) committed,  2 nodes.
      Class space:        1.00 GB reserved,       9.44 MB ( <1%) committed,  1 nodes.
             Both:        1.12 GB reserved,      83.12 MB (  7%) committed. 

Chunk freelists:
   Non-Class:  6.27 MB
       Class:  6.53 MB
        Both:  12.80 MB

MaxMetaspaceSize: unlimited
CompressedClassSpaceSize: 1.00 GB
Initial GC threshold: 21.00 MB
Current GC threshold: 138.12 MB
CDS: on
 - commit_granule_bytes: 65536.
 - commit_granule_words: 8192.
 - virtual_space_node_default_size: 8388608.
 - enlarge_chunks_in_place: 1.
 - use_allocation_guard: 0.


Internal statistics:

num_allocs_failed_limit: 6.
num_arena_births: 2122.
num_arena_deaths: 0.
num_vsnodes_births: 3.
num_vsnodes_deaths: 0.
num_space_committed: 1327.
num_space_uncommitted: 0.
num_chunks_returned_to_freelist: 6.
num_chunks_taken_from_freelist: 5497.
num_chunk_merges: 6.
num_chunk_splits: 3919.
num_chunks_enlarged: 2844.
num_inconsistent_stats: 0.

CodeHeap 'non-profiled nmethods': size=118848Kb used=20553Kb max_used=21358Kb free=98295Kb
 bounds [0x0000026dcde50000, 0x0000026dcf330000, 0x0000026dd5260000]
CodeHeap 'profiled nmethods': size=118848Kb used=43577Kb max_used=47970Kb free=75270Kb
 bounds [0x0000026dc6260000, 0x0000026dc9150000, 0x0000026dcd670000]
CodeHeap 'non-nmethods': size=8064Kb used=3445Kb max_used=4129Kb free=4618Kb
 bounds [0x0000026dcd670000, 0x0000026dcda90000, 0x0000026dcde50000]
 total_blobs=16196 nmethods=15433 adapters=661
 compilation: enabled
              stopped_count=0, restarted_count=0
 full_count=0

Compilation events (20 events):
Event: 36.720 Thread 0x0000026e317ec0c0 nmethod 23411 0x0000026dc7735c10 code [0x0000026dc7736020, 0x0000026dc7737188]
Event: 36.721 Thread 0x0000026e317ece60 nmethod 23412 0x0000026dc67f6910 code [0x0000026dc67f6c00, 0x0000026dc67f7530]
Event: 36.727 Thread 0x0000026e317ece60 23413       2       org.jetbrains.kotlin.types.AbstractNullabilityChecker::hasNotNullSupertype (401 bytes)
Event: 36.728 Thread 0x0000026e200ab160 23414       2       com.intellij.psi.impl.source.PsiClassReferenceType$DelegatingClassResolveResult::getElement (26 bytes)
Event: 36.728 Thread 0x0000026dddd6d9f0 23415       2       com.intellij.psi.impl.source.PsiClassReferenceType$DelegatingClassResolveResult::getSubstitutor (18 bytes)
Event: 36.729 Thread 0x0000026e200ab160 nmethod 23414 0x0000026dc6c0e410 code [0x0000026dc6c0e5c0, 0x0000026dc6c0e7e0]
Event: 36.729 Thread 0x0000026dddd6d9f0 nmethod 23415 0x0000026dc68c3610 code [0x0000026dc68c37c0, 0x0000026dc68c3928]
Event: 36.731 Thread 0x0000026e317ece60 nmethod 23413 0x0000026dc7531590 code [0x0000026dc7531b20, 0x0000026dc7533528]
Event: 36.740 Thread 0x0000026e317ece60 23416       3       java.math.MutableBigInteger::toBigInteger (28 bytes)
Event: 36.740 Thread 0x0000026e317ec0c0 23417       3       org.jetbrains.kotlin.resolve.calls.inference.components.TypeCheckerStateForConstraintSystem::simplifyConstraintForPossibleIntersectionSubType (822 bytes)
Event: 36.741 Thread 0x0000026e317ece60 nmethod 23416 0x0000026dc711f310 code [0x0000026dc711f4e0, 0x0000026dc711f770]
Event: 36.743 Thread 0x0000026dddd6d9f0 23418       3       org.jetbrains.kotlin.types.TypeIntersector::isIntersectionEmpty (50 bytes)
Event: 36.744 Thread 0x0000026dddd6d9f0 nmethod 23418 0x0000026dc7b55910 code [0x0000026dc7b55bc0, 0x0000026dc7b568d0]
Event: 36.744 Thread 0x0000026e200ab160 23419       3       org.jetbrains.kotlin.types.AbstractClassTypeConstructor::isFinal (27 bytes)
Event: 36.744 Thread 0x0000026e200ab160 nmethod 23419 0x0000026dc6a22a10 code [0x0000026dc6a22be0, 0x0000026dc6a22f30]
Event: 36.744 Thread 0x0000026e200ab160 23420   !   3       org.jetbrains.kotlin.cli.jvm.index.JvmDependenciesIndexImpl::findClasses (415 bytes)
Event: 36.746 Thread 0x0000026e317ec0c0 nmethod 23417 0x0000026dc7dc7290 code [0x0000026dc7dc81e0, 0x0000026dc7dd25d8]
Event: 36.746 Thread 0x0000026e200ab160 nmethod 23420 0x0000026dc67e1d10 code [0x0000026dc67e2340, 0x0000026dc67e5c98]
Event: 36.747 Thread 0x0000026e317ec0c0 23422       3       org.jetbrains.kotlin.resolve.calls.results.OverloadingConflictResolver::chooseMaximallySpecificCandidates$lambda$2 (98 bytes)
Event: 36.747 Thread 0x0000026e317ec0c0 nmethod 23422 0x0000026dc6cf2b10 code [0x0000026dc6cf2e80, 0x0000026dc6cf4990]

GC Heap History (20 events):
Event: 27.760 GC heap before
{Heap before GC invocations=65 (full 0):
 garbage-first heap   total 372736K, used 320982K [0x0000000705e00000, 0x0000000800000000)
  region size 2048K, 46 young (94208K), 5 survivors (10240K)
 Metaspace       used 82957K, committed 84160K, reserved 1179648K
  class space    used 9024K, committed 9600K, reserved 1048576K
}
Event: 27.769 GC heap after
{Heap after GC invocations=66 (full 0):
 garbage-first heap   total 372736K, used 250946K [0x0000000705e00000, 0x0000000800000000)
  region size 2048K, 6 young (12288K), 6 survivors (12288K)
 Metaspace       used 82957K, committed 84160K, reserved 1179648K
  class space    used 9024K, committed 9600K, reserved 1048576K
}
Event: 28.266 GC heap before
{Heap before GC invocations=66 (full 0):
 garbage-first heap   total 372736K, used 330818K [0x0000000705e00000, 0x0000000800000000)
  region size 2048K, 45 young (92160K), 6 survivors (12288K)
 Metaspace       used 82984K, committed 84160K, reserved 1179648K
  class space    used 9024K, committed 9600K, reserved 1048576K
}
Event: 28.289 GC heap after
{Heap after GC invocations=67 (full 0):
 garbage-first heap   total 372736K, used 265519K [0x0000000705e00000, 0x0000000800000000)
  region size 2048K, 6 young (12288K), 6 survivors (12288K)
 Metaspace       used 82984K, committed 84160K, reserved 1179648K
  class space    used 9024K, committed 9600K, reserved 1048576K
}
Event: 29.277 GC heap before
{Heap before GC invocations=68 (full 0):
 garbage-first heap   total 444416K, used 335151K [0x0000000705e00000, 0x0000000800000000)
  region size 2048K, 40 young (81920K), 6 survivors (12288K)
 Metaspace       used 83121K, committed 84288K, reserved 1179648K
  class space    used 9034K, committed 9600K, reserved 1048576K
}
Event: 29.293 GC heap after
{Heap after GC invocations=69 (full 0):
 garbage-first heap   total 444416K, used 278423K [0x0000000705e00000, 0x0000000800000000)
  region size 2048K, 5 young (10240K), 5 survivors (10240K)
 Metaspace       used 83121K, committed 84288K, reserved 1179648K
  class space    used 9034K, committed 9600K, reserved 1048576K
}
Event: 30.135 GC heap before
{Heap before GC invocations=69 (full 0):
 garbage-first heap   total 444416K, used 389015K [0x0000000705e00000, 0x0000000800000000)
  region size 2048K, 59 young (120832K), 5 survivors (10240K)
 Metaspace       used 83166K, committed 84352K, reserved 1179648K
  class space    used 9035K, committed 9600K, reserved 1048576K
}
Event: 30.146 GC heap after
{Heap after GC invocations=70 (full 0):
 garbage-first heap   total 444416K, used 295108K [0x0000000705e00000, 0x0000000800000000)
  region size 2048K, 8 young (16384K), 8 survivors (16384K)
 Metaspace       used 83166K, committed 84352K, reserved 1179648K
  class space    used 9035K, committed 9600K, reserved 1048576K
}
Event: 31.358 GC heap before
{Heap before GC invocations=70 (full 0):
 garbage-first heap   total 444416K, used 391364K [0x0000000705e00000, 0x0000000800000000)
  region size 2048K, 55 young (112640K), 8 survivors (16384K)
 Metaspace       used 83305K, committed 84480K, reserved 1179648K
  class space    used 9037K, committed 9600K, reserved 1048576K
}
Event: 31.366 GC heap after
{Heap after GC invocations=71 (full 0):
 garbage-first heap   total 444416K, used 313575K [0x0000000705e00000, 0x0000000800000000)
  region size 2048K, 7 young (14336K), 7 survivors (14336K)
 Metaspace       used 83305K, committed 84480K, reserved 1179648K
  class space    used 9037K, committed 9600K, reserved 1048576K
}
Event: 31.866 GC heap before
{Heap before GC invocations=72 (full 0):
 garbage-first heap   total 526336K, used 399591K [0x0000000705e00000, 0x0000000800000000)
  region size 2048K, 49 young (100352K), 7 survivors (14336K)
 Metaspace       used 83331K, committed 84480K, reserved 1179648K
  class space    used 9037K, committed 9600K, reserved 1048576K
}
Event: 31.878 GC heap after
{Heap after GC invocations=73 (full 0):
 garbage-first heap   total 526336K, used 330241K [0x0000000705e00000, 0x0000000800000000)
  region size 2048K, 7 young (14336K), 7 survivors (14336K)
 Metaspace       used 83331K, committed 84480K, reserved 1179648K
  class space    used 9037K, committed 9600K, reserved 1048576K
}
Event: 32.729 GC heap before
{Heap before GC invocations=73 (full 0):
 garbage-first heap   total 526336K, used 461313K [0x0000000705e00000, 0x0000000800000000)
  region size 2048K, 71 young (145408K), 7 survivors (14336K)
 Metaspace       used 83423K, committed 84608K, reserved 1179648K
  class space    used 9037K, committed 9600K, reserved 1048576K
}
Event: 32.762 GC heap after
{Heap after GC invocations=74 (full 0):
 garbage-first heap   total 632832K, used 353383K [0x0000000705e00000, 0x0000000800000000)
  region size 2048K, 9 young (18432K), 9 survivors (18432K)
 Metaspace       used 83423K, committed 84608K, reserved 1179648K
  class space    used 9037K, committed 9600K, reserved 1048576K
}
Event: 34.235 GC heap before
{Heap before GC invocations=74 (full 0):
 garbage-first heap   total 632832K, used 537703K [0x0000000705e00000, 0x0000000800000000)
  region size 2048K, 99 young (202752K), 9 survivors (18432K)
 Metaspace       used 83509K, committed 84672K, reserved 1179648K
  class space    used 9037K, committed 9600K, reserved 1048576K
}
Event: 34.277 GC heap after
{Heap after GC invocations=75 (full 0):
 garbage-first heap   total 632832K, used 388960K [0x0000000705e00000, 0x0000000800000000)
  region size 2048K, 13 young (26624K), 13 survivors (26624K)
 Metaspace       used 83509K, committed 84672K, reserved 1179648K
  class space    used 9037K, committed 9600K, reserved 1048576K
}
Event: 35.277 GC heap before
{Heap before GC invocations=75 (full 0):
 garbage-first heap   total 632832K, used 546656K [0x0000000705e00000, 0x0000000800000000)
  region size 2048K, 90 young (184320K), 13 survivors (26624K)
 Metaspace       used 83559K, committed 84800K, reserved 1179648K
  class space    used 9037K, committed 9600K, reserved 1048576K
}
Event: 35.292 GC heap after
{Heap after GC invocations=76 (full 0):
 garbage-first heap   total 632832K, used 419156K [0x0000000705e00000, 0x0000000800000000)
  region size 2048K, 12 young (24576K), 12 survivors (24576K)
 Metaspace       used 83559K, committed 84800K, reserved 1179648K
  class space    used 9037K, committed 9600K, reserved 1048576K
}
Event: 36.045 GC heap before
{Heap before GC invocations=76 (full 0):
 garbage-first heap   total 632832K, used 560468K [0x0000000705e00000, 0x0000000800000000)
  region size 2048K, 81 young (165888K), 12 survivors (24576K)
 Metaspace       used 83621K, committed 84864K, reserved 1179648K
  class space    used 9037K, committed 9600K, reserved 1048576K
}
Event: 36.079 GC heap after
{Heap after GC invocations=77 (full 0):
 garbage-first heap   total 632832K, used 446226K [0x0000000705e00000, 0x0000000800000000)
  region size 2048K, 11 young (22528K), 11 survivors (22528K)
 Metaspace       used 83621K, committed 84864K, reserved 1179648K
  class space    used 9037K, committed 9600K, reserved 1048576K
}

Dll operation events (8 events):
Event: 0.005 Loaded shared library D:\jdk_21.0.7.6\bin\java.dll
Event: 0.024 Loaded shared library D:\jdk_21.0.7.6\bin\jsvml.dll
Event: 0.045 Loaded shared library D:\jdk_21.0.7.6\bin\net.dll
Event: 0.046 Loaded shared library D:\jdk_21.0.7.6\bin\nio.dll
Event: 0.048 Loaded shared library D:\jdk_21.0.7.6\bin\zip.dll
Event: 0.078 Loaded shared library D:\jdk_21.0.7.6\bin\jimage.dll
Event: 0.473 Loaded shared library D:\jdk_21.0.7.6\bin\verify.dll
Event: 1.437 Loaded shared library C:\Users\ASUS\AppData\Local\Temp\sqlite-3.41.2.1-0be488cc-6d04-483b-9357-78b53489d183-sqlitejdbc.dll

Deoptimization events (20 events):
Event: 36.611 Thread 0x0000026e31dd2100 Uncommon trap: trap_request=0xffffff45 fr.pc=0x0000026dce237090 relative=0x0000000000000990
Event: 36.611 Thread 0x0000026e31dd2100 Uncommon trap: reason=unstable_if action=reinterpret pc=0x0000026dce237090 method=org.jetbrains.kotlin.resolve.DescriptorToSourceUtils.collectEffectiveReferencedDescriptors(Ljava/util/List;Lorg/jetbrains/kotlin/descriptors/DeclarationDescriptor;)V @ 56 c2
Event: 36.611 Thread 0x0000026e31dd2100 DEOPT PACKING pc=0x0000026dce237090 sp=0x000000d954dfc5e0
Event: 36.611 Thread 0x0000026e31dd2100 DEOPT UNPACKING pc=0x0000026dcd6c46a2 sp=0x000000d954dfc5a0 mode 2
Event: 36.612 Thread 0x0000026e31dd2100 Uncommon trap: trap_request=0xffffffde fr.pc=0x0000026dceb10934 relative=0x0000000000009a54
Event: 36.612 Thread 0x0000026e31dd2100 Uncommon trap: reason=class_check action=maybe_recompile pc=0x0000026dceb10934 method=org.jetbrains.kotlin.resolve.scopes.SyntheticScopesKt.collectSyntheticMemberFunctions(Lorg/jetbrains/kotlin/resolve/scopes/SyntheticScopes;Ljava/util/Collection;Lorg/jet
Event: 36.612 Thread 0x0000026e31dd2100 DEOPT PACKING pc=0x0000026dceb10934 sp=0x000000d954dfc540
Event: 36.612 Thread 0x0000026e31dd2100 DEOPT UNPACKING pc=0x0000026dcd6c46a2 sp=0x000000d954dfc3c8 mode 2
Event: 36.739 Thread 0x0000026e31dd2100 Uncommon trap: trap_request=0xffffffde fr.pc=0x0000026dceb1dae0 relative=0x0000000000000600
Event: 36.739 Thread 0x0000026e31dd2100 Uncommon trap: reason=class_check action=maybe_recompile pc=0x0000026dceb1dae0 method=org.jetbrains.kotlin.resolve.jvm.checkers.JvmPropertyVsFieldAmbiguityCallChecker.check(Lorg/jetbrains/kotlin/resolve/calls/model/ResolvedCall;Lcom/intellij/psi/PsiElemen
Event: 36.739 Thread 0x0000026e31dd2100 DEOPT PACKING pc=0x0000026dceb1dae0 sp=0x000000d954dfb130
Event: 36.739 Thread 0x0000026e31dd2100 DEOPT UNPACKING pc=0x0000026dcd6c46a2 sp=0x000000d954dfb050 mode 2
Event: 36.746 Thread 0x0000026e31dd2100 Uncommon trap: trap_request=0xffffffde fr.pc=0x0000026dceb1dae0 relative=0x0000000000000600
Event: 36.746 Thread 0x0000026e31dd2100 Uncommon trap: reason=class_check action=maybe_recompile pc=0x0000026dceb1dae0 method=org.jetbrains.kotlin.resolve.jvm.checkers.JvmPropertyVsFieldAmbiguityCallChecker.check(Lorg/jetbrains/kotlin/resolve/calls/model/ResolvedCall;Lcom/intellij/psi/PsiElemen
Event: 36.746 Thread 0x0000026e31dd2100 DEOPT PACKING pc=0x0000026dceb1dae0 sp=0x000000d954dfb680
Event: 36.746 Thread 0x0000026e31dd2100 DEOPT UNPACKING pc=0x0000026dcd6c46a2 sp=0x000000d954dfb5a0 mode 2
Event: 36.751 Thread 0x0000026e31dd2100 Uncommon trap: trap_request=0xffffffde fr.pc=0x0000026dceb1dae0 relative=0x0000000000000600
Event: 36.751 Thread 0x0000026e31dd2100 Uncommon trap: reason=class_check action=maybe_recompile pc=0x0000026dceb1dae0 method=org.jetbrains.kotlin.resolve.jvm.checkers.JvmPropertyVsFieldAmbiguityCallChecker.check(Lorg/jetbrains/kotlin/resolve/calls/model/ResolvedCall;Lcom/intellij/psi/PsiElemen
Event: 36.751 Thread 0x0000026e31dd2100 DEOPT PACKING pc=0x0000026dceb1dae0 sp=0x000000d954dfb130
Event: 36.751 Thread 0x0000026e31dd2100 DEOPT UNPACKING pc=0x0000026dcd6c46a2 sp=0x000000d954dfb050 mode 2

Classes loaded (20 events):
Event: 9.962 Loading class java/beans/PropertyChangeSupport$PropertyChangeListenerMap
Event: 9.962 Loading class java/beans/ChangeListenerMap
Event: 9.962 Loading class java/beans/ChangeListenerMap done
Event: 9.962 Loading class java/beans/PropertyChangeSupport$PropertyChangeListenerMap done
Event: 9.962 Loading class java/beans/PropertyChangeListener
Event: 9.962 Loading class java/beans/PropertyChangeListener done
Event: 12.824 Loading class java/util/stream/SliceOps
Event: 12.824 Loading class java/util/stream/SliceOps done
Event: 12.824 Loading class java/util/stream/SliceOps$1
Event: 12.824 Loading class java/util/stream/ReferencePipeline$StatefulOp
Event: 12.824 Loading class java/util/stream/ReferencePipeline$StatefulOp done
Event: 12.824 Loading class java/util/stream/SliceOps$1 done
Event: 12.828 Loading class java/util/stream/Nodes$SpinedNodeBuilder
Event: 12.828 Loading class java/util/stream/Nodes$SpinedNodeBuilder done
Event: 12.829 Loading class java/util/stream/SliceOps$1$1
Event: 12.829 Loading class java/util/stream/SliceOps$1$1 done
Event: 13.520 Loading class java/util/function/IntBinaryOperator
Event: 13.521 Loading class java/util/function/IntBinaryOperator done
Event: 17.708 Loading class jdk/internal/math/FDBigInteger
Event: 17.708 Loading class jdk/internal/math/FDBigInteger done

Classes unloaded (0 events):
No events

Classes redefined (0 events):
No events

Internal exceptions (20 events):
Event: 18.536 Thread 0x0000026e31dd2100 Implicit null exception at 0x0000026dce4e9650 to 0x0000026dce4e9ec0
Event: 18.663 Thread 0x0000026e31dd2100 Exception <a 'java/lang/NoSuchMethodError'{0x000000070fe5a318}: 'java.lang.Object java.lang.invoke.DirectMethodHandle$Holder.newInvokeSpecial(java.lang.Object, int, java.lang.Object, java.lang.Object)'> (0x000000070fe5a318) 
thrown [s\src\hotspot\share\interpreter\linkResolver.cpp, line 773]
Event: 18.663 Thread 0x0000026e31dd2100 Exception <a 'java/lang/NoSuchMethodError'{0x000000070fe5f470}: 'java.lang.Object java.lang.invoke.DirectMethodHandle$Holder.invokeSpecial(java.lang.Object, java.lang.Object, int, java.lang.Object, java.lang.Object)'> (0x000000070fe5f470) 
thrown [s\src\hotspot\share\interpreter\linkResolver.cpp, line 773]
Event: 18.895 Thread 0x0000026e31dd2100 Implicit null exception at 0x0000026dce3b3175 to 0x0000026dce3b39dc
Event: 25.717 Thread 0x0000026e31dd2100 Implicit null exception at 0x0000026dce11c0e0 to 0x0000026dce11d260
Event: 25.717 Thread 0x0000026e31dd2100 Implicit null exception at 0x0000026dce8a75e0 to 0x0000026dce8a76a0
Event: 25.913 Thread 0x0000026e31dd2100 Implicit null exception at 0x0000026dcdf5912f to 0x0000026dcdf59558
Event: 26.785 Thread 0x0000026e31dd2100 Exception <a 'java/lang/NoSuchMethodError'{0x0000000719db4140}: 'java.lang.Object java.lang.invoke.DirectMethodHandle$Holder.invokeStatic(java.lang.Object, int, java.lang.Object, java.lang.Object)'> (0x0000000719db4140) 
thrown [s\src\hotspot\share\interpreter\linkResolver.cpp, line 773]
Event: 26.788 Thread 0x0000026e31dd2100 Exception <a 'java/lang/NoSuchMethodError'{0x0000000719dbafc8}: 'java.lang.Object java.lang.invoke.DirectMethodHandle$Holder.newInvokeSpecial(java.lang.Object, int, java.lang.Object)'> (0x0000000719dbafc8) 
thrown [s\src\hotspot\share\interpreter\linkResolver.cpp, line 773]
Event: 27.248 Thread 0x0000026e31dd2100 Implicit null exception at 0x0000026dced84307 to 0x0000026dced86b18
Event: 28.102 Thread 0x0000026e31dd2100 Implicit null exception at 0x0000026dcedfd6ab to 0x0000026dcee027ac
Event: 29.776 Thread 0x0000026e31dd2100 Implicit null exception at 0x0000026dce84f761 to 0x0000026dce850368
Event: 30.186 Thread 0x0000026e31dd2100 Implicit null exception at 0x0000026dcef3d97a to 0x0000026dcef42518
Event: 31.301 Thread 0x0000026e31dd2100 Implicit null exception at 0x0000026dcefe9935 to 0x0000026dcefee9c8
Event: 33.203 Thread 0x0000026e31dd2100 Implicit null exception at 0x0000026dcf0b12c0 to 0x0000026dcf0b30ac
Event: 36.445 Thread 0x0000026e31dd2100 Implicit null exception at 0x0000026dcf2a2733 to 0x0000026dcf2a28b7
Event: 36.445 Thread 0x0000026e31dd2100 Implicit null exception at 0x0000026dcf256deb to 0x0000026dcf25a818
Event: 36.445 Thread 0x0000026e31dd2100 Implicit null exception at 0x0000026dcebad667 to 0x0000026dcebad772
Event: 36.516 Thread 0x0000026e31dd2100 Implicit null exception at 0x0000026dceea4848 to 0x0000026dceea8ac0
Event: 36.523 Thread 0x0000026e31dd2100 Implicit null exception at 0x0000026dcee9673f to 0x0000026dcee9a7d8

ZGC Phase Switch (0 events):
No events

VM Operations (20 events):
Event: 35.811 Executing VM operation: ICBufferFull
Event: 35.811 Executing VM operation: ICBufferFull done
Event: 36.045 Executing VM operation: G1CollectForAllocation (G1 Evacuation Pause)
Event: 36.079 Executing VM operation: G1CollectForAllocation (G1 Evacuation Pause) done
Event: 36.190 Executing VM operation: G1PauseRemark
Event: 36.203 Executing VM operation: G1PauseRemark done
Event: 36.246 Executing VM operation: G1PauseCleanup
Event: 36.246 Executing VM operation: G1PauseCleanup done
Event: 36.429 Executing VM operation: ICBufferFull
Event: 36.429 Executing VM operation: ICBufferFull done
Event: 36.554 Executing VM operation: HandshakeAllThreads (Deoptimize)
Event: 36.554 Executing VM operation: HandshakeAllThreads (Deoptimize) done
Event: 36.556 Executing VM operation: HandshakeAllThreads (Deoptimize)
Event: 36.556 Executing VM operation: HandshakeAllThreads (Deoptimize) done
Event: 36.607 Executing VM operation: HandshakeAllThreads (Deoptimize)
Event: 36.607 Executing VM operation: HandshakeAllThreads (Deoptimize) done
Event: 36.608 Executing VM operation: HandshakeAllThreads (Deoptimize)
Event: 36.608 Executing VM operation: HandshakeAllThreads (Deoptimize) done
Event: 36.611 Executing VM operation: ICBufferFull
Event: 36.611 Executing VM operation: ICBufferFull done

Memory protections (0 events):
No events

Nmethod flushes (20 events):
Event: 36.202 Thread 0x0000026dddd37ef0 flushing  nmethod 0x0000026dc75cab90
Event: 36.202 Thread 0x0000026dddd37ef0 flushing  nmethod 0x0000026dc75ccc90
Event: 36.202 Thread 0x0000026dddd37ef0 flushing  nmethod 0x0000026dc75cde10
Event: 36.202 Thread 0x0000026dddd37ef0 flushing  nmethod 0x0000026dc7745e10
Event: 36.202 Thread 0x0000026dddd37ef0 flushing  nmethod 0x0000026dc7dac890
Event: 36.202 Thread 0x0000026dddd37ef0 flushing  nmethod 0x0000026dc7deb790
Event: 36.202 Thread 0x0000026dddd37ef0 flushing  nmethod 0x0000026dc7e29490
Event: 36.202 Thread 0x0000026dddd37ef0 flushing  nmethod 0x0000026dc7e29f10
Event: 36.202 Thread 0x0000026dddd37ef0 flushing  nmethod 0x0000026dc7e2f890
Event: 36.202 Thread 0x0000026dddd37ef0 flushing  nmethod 0x0000026dc7f59290
Event: 36.202 Thread 0x0000026dddd37ef0 flushing  nmethod 0x0000026dc7f5f290
Event: 36.202 Thread 0x0000026dddd37ef0 flushing  nmethod 0x0000026dc7f5f990
Event: 36.202 Thread 0x0000026dddd37ef0 flushing  nmethod 0x0000026dc7f60390
Event: 36.202 Thread 0x0000026dddd37ef0 flushing  nmethod 0x0000026dc7fa9690
Event: 36.202 Thread 0x0000026dddd37ef0 flushing  nmethod 0x0000026dc8315f90
Event: 36.202 Thread 0x0000026dddd37ef0 flushing  nmethod 0x0000026dc8324310
Event: 36.202 Thread 0x0000026dddd37ef0 flushing  nmethod 0x0000026dc8420f90
Event: 36.202 Thread 0x0000026dddd37ef0 flushing  nmethod 0x0000026dc84b7790
Event: 36.202 Thread 0x0000026dddd37ef0 flushing  nmethod 0x0000026dc8cb2c90
Event: 36.202 Thread 0x0000026dddd37ef0 flushing  nmethod 0x0000026dc8cb3390

Events (20 events):
Event: 13.717 Thread 0x0000026e2eab5680 Thread added: 0x0000026e2055c560
Event: 13.733 Thread 0x0000026dddd6d9f0 Thread added: 0x0000026e2055e770
Event: 15.849 Thread 0x0000026e2055e770 Thread exited: 0x0000026e2055e770
Event: 16.460 Thread 0x0000026e2055c560 Thread exited: 0x0000026e2055c560
Event: 16.460 Thread 0x0000026e2055fbe0 Thread exited: 0x0000026e2055fbe0
Event: 21.738 Thread 0x0000026e2eab2000 Thread added: 0x0000026e205624c0
Event: 24.653 Thread 0x0000026e2eab2000 Thread added: 0x0000026e205602b0
Event: 28.073 Thread 0x0000026e317ece60 Thread added: 0x0000026e2eab3470
Event: 33.071 Thread 0x0000026e2eab5680 Thread exited: 0x0000026e2eab5680
Event: 33.617 Thread 0x0000026e2eab3470 Thread exited: 0x0000026e2eab3470
Event: 33.617 Thread 0x0000026e205602b0 Thread exited: 0x0000026e205602b0
Event: 33.620 Thread 0x0000026e205624c0 Thread exited: 0x0000026e205624c0
Event: 33.627 Thread 0x0000026e317eb9f0 Thread exited: 0x0000026e317eb9f0
Event: 34.486 Thread 0x0000026e2eab2000 Thread added: 0x0000026e2eab3470
Event: 36.017 Thread 0x0000026e2eab3470 Thread exited: 0x0000026e2eab3470
Event: 36.017 Thread 0x0000026e317eac50 Thread exited: 0x0000026e317eac50
Event: 36.017 Thread 0x0000026e2eab4fb0 Thread exited: 0x0000026e2eab4fb0
Event: 36.267 Thread 0x0000026e2eab2000 Thread added: 0x0000026e2eab3470
Event: 36.610 Thread 0x0000026e200ab160 Thread added: 0x0000026e2eab4fb0
Event: 36.618 Thread 0x0000026e200ab160 Thread added: 0x0000026e2eab7f60


Dynamic libraries:
0x00007ff655450000 - 0x00007ff65545e000 	D:\jdk_21.0.7.6\bin\java.exe
0x00007ff90ab20000 - 0x00007ff90ad86000 	C:\WINDOWS\SYSTEM32\ntdll.dll
0x00007ff909fc0000 - 0x00007ff90a089000 	C:\WINDOWS\System32\KERNEL32.DLL
0x00007ff908030000 - 0x00007ff90842f000 	C:\WINDOWS\System32\KERNELBASE.dll
0x00007ff903260000 - 0x00007ff9032ff000 	C:\WINDOWS\SYSTEM32\apphelp.dll
0x00007ff9086f0000 - 0x00007ff90883c000 	C:\WINDOWS\System32\ucrtbase.dll
0x00007ff8b47c0000 - 0x00007ff8b47d8000 	D:\jdk_21.0.7.6\bin\jli.dll
0x00007ff909b40000 - 0x00007ff909d06000 	C:\WINDOWS\System32\USER32.dll
0x00007ff9086c0000 - 0x00007ff9086e7000 	C:\WINDOWS\System32\win32u.dll
0x00007ff8a9510000 - 0x00007ff8a952e000 	D:\jdk_21.0.7.6\bin\VCRUNTIME140.dll
0x00007ff8eb280000 - 0x00007ff8eb511000 	C:\WINDOWS\WinSxS\amd64_microsoft.windows.common-controls_6595b64144ccf1df_6.0.26100.8972_none_3e0da176e32f9d4b\COMCTL32.dll
0x00007ff90a440000 - 0x00007ff90a46b000 	C:\WINDOWS\System32\GDI32.dll
0x00007ff909e40000 - 0x00007ff909ee9000 	C:\WINDOWS\System32\msvcrt.dll
0x00007ff9084d0000 - 0x00007ff9085f9000 	C:\WINDOWS\System32\gdi32full.dll
0x00007ff907ec0000 - 0x00007ff907f63000 	C:\WINDOWS\System32\msvcp_win.dll
0x00007ff909f80000 - 0x00007ff909fb2000 	C:\WINDOWS\System32\IMM32.DLL
0x00007ff8b6ee0000 - 0x00007ff8b6eec000 	D:\jdk_21.0.7.6\bin\vcruntime140_1.dll
0x00007fffdd260000 - 0x00007fffdd2ed000 	D:\jdk_21.0.7.6\bin\msvcp140.dll
0x00007fffa61b0000 - 0x00007fffa6f40000 	D:\jdk_21.0.7.6\bin\server\jvm.dll
0x00007ff90a8c0000 - 0x00007ff90a97c000 	C:\WINDOWS\System32\ADVAPI32.dll
0x00007ff9095e0000 - 0x00007ff90968a000 	C:\WINDOWS\System32\sechost.dll
0x00007ff909320000 - 0x00007ff909438000 	C:\WINDOWS\System32\RPCRT4.dll
0x00007ff909d10000 - 0x00007ff909d92000 	C:\WINDOWS\System32\WS2_32.dll
0x00007ff8fb370000 - 0x00007ff8fb3a6000 	C:\WINDOWS\SYSTEM32\WINMM.dll
0x00007ff9000f0000 - 0x00007ff9000fb000 	C:\WINDOWS\SYSTEM32\VERSION.dll
0x00007ff9068a0000 - 0x00007ff9068fe000 	C:\WINDOWS\SYSTEM32\POWRPROF.dll
0x00007ff906880000 - 0x00007ff906895000 	C:\WINDOWS\SYSTEM32\UMPDC.dll
0x00007ff906b40000 - 0x00007ff906b5b000 	C:\WINDOWS\SYSTEM32\kernel.appcore.dll
0x00007ff8a9500000 - 0x00007ff8a950a000 	D:\jdk_21.0.7.6\bin\jimage.dll
0x00007ff904fd0000 - 0x00007ff905212000 	C:\WINDOWS\SYSTEM32\DBGHELP.DLL
0x00007ff90a470000 - 0x00007ff90a7f5000 	C:\WINDOWS\System32\combase.dll
0x00007ff909240000 - 0x00007ff909319000 	C:\WINDOWS\System32\OLEAUT32.dll
0x00007ff8df580000 - 0x00007ff8df5bb000 	C:\WINDOWS\SYSTEM32\dbgcore.DLL
0x00007ff908600000 - 0x00007ff9086ac000 	C:\WINDOWS\System32\bcryptPrimitives.dll
0x00007ff83cfa0000 - 0x00007ff83cfbf000 	D:\jdk_21.0.7.6\bin\java.dll
0x00007ff908850000 - 0x00007ff908fd8000 	C:\WINDOWS\System32\SHELL32.dll
0x00007ff905820000 - 0x00007ff9060bb000 	C:\WINDOWS\SYSTEM32\windows.storage.dll
0x00007ff90a340000 - 0x00007ff90a439000 	C:\WINDOWS\System32\SHCORE.dll
0x00007ff908ff0000 - 0x00007ff909056000 	C:\WINDOWS\System32\shlwapi.dll
0x00007ff907c50000 - 0x00007ff907c79000 	C:\WINDOWS\SYSTEM32\profapi.dll
0x00007fffda900000 - 0x00007fffda9d7000 	D:\jdk_21.0.7.6\bin\jsvml.dll
0x00007ff879de0000 - 0x00007ff879df0000 	D:\jdk_21.0.7.6\bin\net.dll
0x00007ff900f10000 - 0x00007ff901038000 	C:\WINDOWS\SYSTEM32\WINHTTP.dll
0x00007ff9070f0000 - 0x00007ff90715c000 	C:\WINDOWS\system32\mswsock.dll
0x00007ff83cf80000 - 0x00007ff83cf96000 	D:\jdk_21.0.7.6\bin\nio.dll
0x00007ff83cf60000 - 0x00007ff83cf78000 	D:\jdk_21.0.7.6\bin\zip.dll
0x00007ff9073e0000 - 0x00007ff9073fb000 	C:\WINDOWS\SYSTEM32\CRYPTSP.dll
0x00007ff906aa0000 - 0x00007ff906ad9000 	C:\WINDOWS\system32\rsaenh.dll
0x00007ff9071a0000 - 0x00007ff9071d2000 	C:\WINDOWS\SYSTEM32\USERENV.dll
0x00007ff907c20000 - 0x00007ff907c4a000 	C:\WINDOWS\SYSTEM32\bcrypt.dll
0x00007ff907400000 - 0x00007ff90740c000 	C:\WINDOWS\SYSTEM32\CRYPTBASE.dll
0x00007ff9065d0000 - 0x00007ff906603000 	C:\WINDOWS\SYSTEM32\IPHLPAPI.DLL
0x00007ff90a090000 - 0x00007ff90a09a000 	C:\WINDOWS\System32\NSI.dll
0x00007ff82f130000 - 0x00007ff82f140000 	D:\jdk_21.0.7.6\bin\verify.dll
0x00007fffd9660000 - 0x00007fffd9749000 	C:\Users\ASUS\AppData\Local\Temp\sqlite-3.41.2.1-0be488cc-6d04-483b-9357-78b53489d183-sqlitejdbc.dll

dbghelp: loaded successfully - version: 4.0.5 - missing functions: none
symbol engine: initialized successfully - sym options: 0x614 - pdb path: .;D:\jdk_21.0.7.6\bin;C:\WINDOWS\SYSTEM32;C:\WINDOWS\WinSxS\amd64_microsoft.windows.common-controls_6595b64144ccf1df_6.0.26100.8972_none_3e0da176e32f9d4b;D:\jdk_21.0.7.6\bin\server;C:\Users\ASUS\AppData\Local\Temp

VM Arguments:
jvm_args: -DkotlinLanguageServer.version=1.3.13 
java_command: org.javacs.kt.MainKt
java_class_path (initial): c:\Users\ASUS\AppData\Roaming\Code\User\globalStorage\fwcd.kotlin\langServerInstall\server\lib\server-1.3.13.jar;c:\Users\ASUS\AppData\Roaming\Code\User\globalStorage\fwcd.kotlin\langServerInstall\server\lib\shared-1.3.13.jar;c:\Users\ASUS\AppData\Roaming\Code\User\globalStorage\fwcd.kotlin\langServerInstall\server\lib\kotlin-scripting-jvm-host-unshaded-2.1.0.jar;c:\Users\ASUS\AppData\Roaming\Code\User\globalStorage\fwcd.kotlin\langServerInstall\server\lib\kotlin-scripting-compiler-2.1.0.jar;c:\Users\ASUS\AppData\Roaming\Code\User\globalStorage\fwcd.kotlin\langServerInstall\server\lib\ktfmt-b5d31d1.jar;c:\Users\ASUS\AppData\Roaming\Code\User\globalStorage\fwcd.kotlin\langServerInstall\server\lib\kotlin-compiler-2.1.0.jar;c:\Users\ASUS\AppData\Roaming\Code\User\globalStorage\fwcd.kotlin\langServerInstall\server\lib\exposed-dao-0.37.3.jar;c:\Users\ASUS\AppData\Roaming\Code\User\globalStorage\fwcd.kotlin\langServerInstall\server\lib\exposed-jdbc-0.37.3.jar;c:\Users\ASUS\AppData\Roaming\Code\User\globalStorage\fwcd.kotlin\langServerInstall\server\lib\exposed-core-0.37.3.jar;c:\Users\ASUS\AppData\Roaming\Code\User\globalStorage\fwcd.kotlin\langServerInstall\server\lib\kotlin-scripting-compiler-impl-2.1.0.jar;c:\Users\ASUS\AppData\Roaming\Code\User\globalStorage\fwcd.kotlin\langServerInstall\server\lib\kotlin-reflect-2.1.0.jar;c:\Users\ASUS\AppData\Roaming\Code\User\globalStorage\fwcd.kotlin\langServerInstall\server\lib\kotlin-scripting-jvm-2.1.0.jar;c:\Users\ASUS\AppData\Roaming\Code\User\globalStorage\fwcd.kotlin\langServerInstall\server\lib\kotlin-scripting-common-2.1.0.jar;c:\Users\ASUS\AppData\Roaming\Code\User\globalStorage\fwcd.kotlin\langServerInstall\server\lib\kotlinx-coroutines-core-jvm-1.6.4.jar;c:\Users\ASUS\AppData\Roaming\Code\User\globalStorage\fwcd.kotlin\langServerInstall\server\lib\kotlin-stdlib-jdk8-2.1.0.jar;c:\Users\ASUS\AppData\Roaming\Code\User\globalStorage\fwcd.kotlin\langServerInstall\server\lib\kotlin-stdlib-jdk7-2.1.0.jar;c:\Users\ASUS\AppData\Roaming\Code\User\globalStorage\fwcd.kotlin\langServerInstall\server\lib\kotlin-stdlib-2.1.0.jar;c:\Users\ASUS\AppData\Roaming\Code\User\globalStorage\fwcd.kotlin\langServerInstall\server\lib\org.eclipse.lsp4j-0.21.2.jar;c:\Users\ASUS\AppData\Roaming\Code\User\globalStorage\fwcd.kotlin\langServerInstall\server\lib\org.eclipse.lsp4j.jsonrpc-0.21.2.jar;c:\Users\ASUS\AppData\Roaming\Code\User\globalStorage\fwcd.kotlin\langServerInstall\server\lib\kotlin-sam-with-receiver-compiler-plugin-2.1.0.jar;c:\Users\ASUS\AppData\Roaming\Code\User\globalStorage\fwcd.kotlin\langServerInstall\server\lib\fernflower-1.0.jar;c:\Users\ASUS\AppData\Roaming\Code\User\globalStorage\fwcd.kotlin\langServerInstall\server\lib\h2-1.4.200.jar;c:\Users\ASUS\AppData\Roaming\Code\User\globalStorage\fwcd.kotlin\langServerInstall\server\lib\jcommander-1.78.jar;c:\Users\ASUS\AppData\Roaming\Code\User\globalStorage\fwcd.kotlin\langServerInstall\server\lib\sqlite-jdbc-3.41.2.1.jar;c:\Users\ASUS\AppData\Roaming\Code\User\globalStorage\fwcd.kotlin\langServerInstall\server\lib\google-java-format-1.8.jar;c:\Users\ASUS\AppData\Roaming\Code\User\globalStorage\fwcd.kotlin\langServerInstall\server\lib\guava-33.3.0-jre.jar;c:\Users\ASUS\AppData\Roaming\Code\User\globalStorage\fwcd.kotlin\langServerInstall\server\lib\annotations-13.0.jar;c:\Users\ASUS\AppData\Roaming\Code\User\globalStorage\fwcd.kotlin\langServerInstall\server\lib\gson-2.10.1.jar;c:\Users\ASUS\AppData\Roaming\Code\User\globalStorage\fwcd.kotlin\langServerInstall\server\lib\kotlin-script-runtime-2.1.0.jar;c:\Users\ASUS\AppData\Roaming\Code\User\globalStorage\fwcd.kotlin\langServerInstall\server\lib\trove4j-1.0.20200330.jar;c:\Users\ASUS\AppData\Roaming\Code\User\globalStorage\fwcd.kotlin\langServerInstall\server\lib\jline-3.24.1.jar;c:\Users\ASUS\AppData\Roaming\Code\User\globalStorage\fwcd.kotlin\langServerInstall\server\lib\slf4j-api-1.7.25.jar;c:\Users\ASUS\AppData\Roaming\Code\User\globalStorage\fwcd.kotlin\langServerInstall\server\lib\jna-4.2.2.jar;c:\Users\ASUS\AppData\Roaming\Code\User\globalStorage\fwcd.kotlin\langServerInstall\server\lib\failureaccess-1.0.2.jar;c:\Users\ASUS\AppData\Roaming\Code\User\globalStorage\fwcd.kotlin\langServerInstall\server\lib\listenablefuture-9999.0-empty-to-avoid-conflict-with-guava.jar;c:\Users\ASUS\AppData\Roaming\Code\User\globalStorage\fwcd.kotlin\langServerInstall\server\lib\jsr305-3.0.2.jar;c:\Users\ASUS\AppData\Roaming\Code\User\globalStorage\fwcd.kotlin\langServerInstall\server\lib\checker-qual-3.43.0.jar;c:\Users\ASUS\AppData\Roaming\Code\User\globalStorage\fwcd.kotlin\langServerInstall\server\lib\error_prone_annotations-2.28.0.jar
Launcher Type: SUN_STANDARD

[Global flags]
     intx CICompilerCount                          = 15                                        {product} {ergonomic}
     uint ConcGCThreads                            = 6                                         {product} {ergonomic}
     uint G1ConcRefinementThreads                  = 23                                        {product} {ergonomic}
   size_t G1HeapRegionSize                         = 2097152                                   {product} {ergonomic}
    uintx GCDrainStackTargetSize                   = 64                                        {product} {ergonomic}
   size_t InitialHeapSize                          = 264241152                                 {product} {ergonomic}
   size_t MarkStackSize                            = 4194304                                   {product} {ergonomic}
   size_t MaxHeapSize                              = 4196401152                                {product} {ergonomic}
   size_t MaxNewSize                               = 2516582400                                {product} {ergonomic}
   size_t MinHeapDeltaBytes                        = 2097152                                   {product} {ergonomic}
   size_t MinHeapSize                              = 8388608                                   {product} {ergonomic}
    uintx NonNMethodCodeHeapSize                   = 8192380                                {pd product} {ergonomic}
    uintx NonProfiledCodeHeapSize                  = 121732930                              {pd product} {ergonomic}
    uintx ProfiledCodeHeapSize                     = 121732930                              {pd product} {ergonomic}
    uintx ReservedCodeCacheSize                    = 251658240                              {pd product} {ergonomic}
     bool SegmentedCodeCache                       = true                                      {product} {ergonomic}
   size_t SoftMaxHeapSize                          = 4196401152                             {manageable} {ergonomic}
     bool UseCompressedOops                        = true                           {product lp64_product} {ergonomic}
     bool UseG1GC                                  = true                                      {product} {ergonomic}
     bool UseLargePagesIndividualAllocation        = false                                  {pd product} {ergonomic}

Logging:
Log output configuration:
 #0: stdout all=warning uptime,level,tags foldmultilines=false
 #1: stderr all=off uptime,level,tags foldmultilines=false

Environment Variables:
JAVA_HOME=D:\jdk_21.0.7.6
CLASSPATH=c:\Users\ASUS\AppData\Roaming\Code\User\globalStorage\fwcd.kotlin\langServerInstall\server\lib\server-1.3.13.jar;c:\Users\ASUS\AppData\Roaming\Code\User\globalStorage\fwcd.kotlin\langServerInstall\server\lib\shared-1.3.13.jar;c:\Users\ASUS\AppData\Roaming\Code\User\globalStorage\fwcd.kotlin\langServerInstall\server\lib\kotlin-scripting-jvm-host-unshaded-2.1.0.jar;c:\Users\ASUS\AppData\Roaming\Code\User\globalStorage\fwcd.kotlin\langServerInstall\server\lib\kotlin-scripting-compiler-2.1.0.jar;c:\Users\ASUS\AppData\Roaming\Code\User\globalStorage\fwcd.kotlin\langServerInstall\server\lib\ktfmt-b5d31d1.jar;c:\Users\ASUS\AppData\Roaming\Code\User\globalStorage\fwcd.kotlin\langServerInstall\server\lib\kotlin-compiler-2.1.0.jar;c:\Users\ASUS\AppData\Roaming\Code\User\globalStorage\fwcd.kotlin\langServerInstall\server\lib\exposed-dao-0.37.3.jar;c:\Users\ASUS\AppData\Roaming\Code\User\globalStorage\fwcd.kotlin\langServerInstall\server\lib\exposed-jdbc-0.37.3.jar;c:\Users\ASUS\AppData\Roaming\Code\User\globalStorage\fwcd.kotlin\langServerInstall\server\lib\exposed-core-0.37.3.jar;c:\Users\ASUS\AppData\Roaming\Code\User\globalStorage\fwcd.kotlin\langServerInstall\server\lib\kotlin-scripting-compiler-impl-2.1.0.jar;c:\Users\ASUS\AppData\Roaming\Code\User\globalStorage\fwcd.kotlin\langServerInstall\server\lib\kotlin-reflect-2.1.0.jar;c:\Users\ASUS\AppData\Roaming\Code\User\globalStorage\fwcd.kotlin\langServerInstall\server\lib\kotlin-scripting-jvm-2.1.0.jar;c:\Users\ASUS\AppData\Roaming\Code\User\globalStorage\fwcd.kotlin\langServerInstall\server\lib\kotlin-scripting-common-2.1.0.jar;c:\Users\ASUS\AppData\Roaming\Code\User\globalStorage\fwcd.kotlin\langServerInstall\server\lib\kotlinx-coroutines-core-jvm-1.6.4.jar;c:\Users\ASUS\AppData\Roaming\Code\User\globalStorage\fwcd.kotlin\langServerInstall\server\lib\kotlin-stdlib-jdk8-2.1.0.jar;c:\Users\ASUS\AppData\Roaming\Code\User\globalStorage\fwcd.kotlin\langServerInstall\server\lib\kotlin-stdlib-jdk7-2.1.0.jar;c:\Users\ASUS\AppData\Roaming\Code\User\globalStorage\fwcd.kotlin\langServerInstall\server\lib\kotlin-stdlib-2.1.0.jar;c:\Users\ASUS\AppData\Roaming\Code\User\globalStorage\fwcd.kotlin\langServerInstall\server\lib\org.eclipse.lsp4j-0.21.2.jar;c:\Users\ASUS\AppData\Roaming\Code\User\globalStorage\fwcd.kotlin\langServerInstall\server\lib\org.eclipse.lsp4j.jsonrpc-0.21.2.jar;c:\Users\ASUS\AppData\Roaming\Code\User\globalStorage\fwcd.kotlin\langServerInstall\server\lib\kotlin-sam-with-receiver-compiler-plugin-2.1.0.jar;c:\Users\ASUS\AppData\Roaming\Code\User\globalStorage\fwcd.kotlin\langServerInstall\server\lib\fernflower-1.0.jar;c:\Users\ASUS\AppData\Roaming\Code\User\globalStorage\fwcd.kotlin\langServerInstall\server\lib\h2-1.4.200.jar;c:\Users\ASUS\AppData\Roaming\Code\User\globalStorage\fwcd.kotlin\langServerInstall\server\lib\jcommander-1.78.jar;c:\Users\ASUS\AppData\Roaming\Code\User\globalStorage\fwcd.kotlin\langServerInstall\server\lib\sqlite-jdbc-3.41.2.1.jar;c:\Users\ASUS\AppData\Roaming\Code\User\globalStorage\fwcd.kotlin\langServerInstall\server\lib\google-java-format-1.8.jar;c:\Users\ASUS\AppData\Roaming\Code\User\globalStorage\fwcd.kotlin\langServerInstall\server\lib\guava-33.3.0-jre.jar;c:\Users\ASUS\AppData\Roaming\Code\User\globalStorage\fwcd.kotlin\langServerInstall\server\lib\annotations-13.0.jar;c:\Users\ASUS\AppData\Roaming\Code\User\globalStorage\fwcd.kotlin\langServerInstall\server\lib\gson-2.10.1.jar;c:\Users\ASUS\AppData\Roaming\Code\User\globalStorage\fwcd.kotlin\langServerInstall\server\lib\kotlin-script-runtime-2.1.0.jar;c:\Users\ASUS\AppData\Roaming\Code\User\globalStorage\fwcd.kotlin\langServerInstall\server\lib\trove4j-1.0.20200330.jar;c:\Users\ASUS\AppData\Roaming\Code\User\globalStorage\fwcd.kotlin\langServerInstall\server\lib\jline-3.24.1.jar;c:\Users\ASUS\AppData\Roaming\Code\User\globalStorage\fwcd.kotlin\langServerInstall\server\lib\slf4j-api-1.7.25.jar;c:\Users\ASUS\AppData\Roaming\Code\User\globalStorage\fwcd.kotlin\langServerInstall\server\lib\jna-4.2.2.jar;c:\Users\ASUS\AppData\Roaming\Code\User\globalStorage\fwcd.kotlin\langServerInstall\server\lib\failureaccess-1.0.2.jar;c:\Users\ASUS\AppData\Roaming\Code\User\globalStorage\fwcd.kotlin\langServerInstall\server\lib\listenablefuture-9999.0-empty-to-avoid-conflict-with-guava.jar;c:\Users\ASUS\AppData\Roaming\Code\User\globalStorage\fwcd.kotlin\langServerInstall\server\lib\jsr305-3.0.2.jar;c:\Users\ASUS\AppData\Roaming\Code\User\globalStorage\fwcd.kotlin\langServerInstall\server\lib\checker-qual-3.43.0.jar;c:\Users\ASUS\AppData\Roaming\Code\User\globalStorage\fwcd.kotlin\langServerInstall\server\lib\error_prone_annotations-2.28.0.jar
PATH=C:\Program Files\NVIDIA GPU Computing Toolkit\CUDA\v12.6\bin;C:\Program Files\NVIDIA GPU Computing Toolkit\CUDA\v12.6\libnvvp;D:\jdk_21.0.7.6\bin;C:\Windows\system32;C:\Windows;C:\Windows\System32\Wbem;C:\Windows\System32\WindowsPowerShell\v1.0\;C:\Windows\System32\OpenSSH\;C:\Program Files (x86)\NVIDIA Corporation\PhysX\Common;C:\Program Files\NVIDIA Corporation\NVIDIA NvDLISR;C:\Program Files\dotnet\;D:\Git\cmd;C:\Program Files (x86)\ZeroTier\One\;E:\Python;E:\Python\Scripts;D:\MySQL\MySQL Server 8.0\bin;D:\MATLAB R2024a(64bit)\MATLAB\R2024a\runtime\win64;D:\MATLAB R2024a(64bit)\MATLAB\R2024a\bin;D:\anaconda3\condabin;C:\Program Files\Microsoft SQL Server\Client SDK\ODBC\170\Tools\Binn\;C:\Program Files (x86)\Microsoft SQL Server\150\Tools\Binn\;C:\Program Files\Microsoft SQL Server\150\Tools\Binn\;C:\Program Files\Microsoft SQL Server\150\DTS\Binn\;C:\Program Files (x86)\Windows Kits\8.1\Windows Performance Toolkit\;D:\texlive\2024\bin\windows;C:\WINDOWS\system32;C:\WINDOWS;C:\WINDOWS\System32\Wbem;C:\WINDOWS\System32\WindowsPowerShell\v1.0\;C:\WINDOWS\System32\OpenSSH\;D:\Arduino IDE;D:\msys64\ucrt64\bin\;D:\Neo4j\bin;C:\Users\ASUS\AppData\Roaming\npm;C:\Program Files\NVIDIA Corporation\Nsight Compute 2024.3.2\;D:\USBip;d:\nodejs\;C:\Users\ASUS\AppData\Local\Microsoft\WindowsApps\winget.exe;E:\adb;E:\hdc;D:\Google\Chrome\Application;C:\Windows\system32;C:\Windows;C:\Windows\System32\Wbem;C:\Windows\System32\WindowsPowerShell\v1.0\;C:\Windows\System32\OpenSSH\;C:\Program Files (x86)\NVIDIA Corporation\PhysX\Common;C:\Program Files\NVIDIA Corporation\NVIDIA NvDLISR;C:\Program Files\dotnet\;D:\Git\cmd;d:\nodejs\;C:\Program Files\Cloudflare\Cloudflare WARP\;C:\Program Files (x86)\ZeroTier\One\;E:\Python;E:\Python\Scripts;D:\MySQL\MySQL Server 8.0\bin;D:\MATLAB R2024a(64bit)\MATLAB\R2024a\runtime\win64;D:\MATLAB R2024a(64bit)\MATLAB\R2024a\bin;D:\anaconda3\condabin;C:\Program Files\Microsoft SQL Server\Client SDK\ODBC\170\Tools\Binn\;C:\Program Files (x86)\Microsoft SQL Server\150\Tools\Binn\;C:\Program Files\Microsoft SQL Server\150\Tools\Binn\;C:\Program Files\Microsoft SQL Server\150\DTS\Binn\;C:\Program Files (x86)\Windows Kits\8.1\Windows Performance Toolkit\;D:\texlive\2024\bin\windows;D:\Microsoft VS Code\bin;F:\Users\ASUS\AppData\Local\Programs\cursor\resources\app\bin;D:\Ollama;C:\Users\ASUS\AppData\Roaming\npm;C:\Users\ASUS\AppData\Local\Microsoft\WinGet\Links;C:\Users\ASUS\.dotnet\tools;C:\Users\ASUS\AppData\Local\Programs\Tuanjie Cowork;C:\Users\ASUS\AppData\Local\Programs\Tuanjie Cowork\cli\bin\win32-x64;C:\Users\ASUS\AppData\Local\Programs\Tuanjie Cowork\app\resource\core\bin\win32-x64
USERNAME=ASUS
OS=Windows_NT
PROCESSOR_IDENTIFIER=Intel64 Family 6 Model 183 Stepping 1, GenuineIntel
TMP=C:\Users\ASUS\AppData\Local\Temp
TEMP=C:\Users\ASUS\AppData\Local\Temp




Periodic native trim disabled

---------------  S Y S T E M  ---------------

OS:
 Windows 11 , 64 bit Build 26100 (10.0.26100.9168)
OS uptime: 0 days 11:22 hours

CPU: total 32 (initial active 32) (16 cores per cpu, 2 threads per core) family 6 model 183 stepping 1 microcode 0x12b, cx8, cmov, fxsr, ht, mmx, 3dnowpref, sse, sse2, sse3, ssse3, sse4.1, sse4.2, popcnt, lzcnt, tsc, tscinvbit, avx, avx2, aes, erms, clmul, bmi1, bmi2, adx, sha, fma, vzeroupper, clflush, clflushopt, clwb, serialize, rdtscp, rdpid, fsrm, f16c, pku, cet_ibt, cet_ss
Processor Information for processor 0
  Max Mhz: 2200, Current Mhz: 2200, Mhz Limit: 2200
Processor Information for processor 1
  Max Mhz: 2200, Current Mhz: 1466, Mhz Limit: 2200
Processor Information for processor 2
  Max Mhz: 2200, Current Mhz: 2200, Mhz Limit: 2200
Processor Information for processor 3
  Max Mhz: 2200, Current Mhz: 1466, Mhz Limit: 2200
Processor Information for processor 4
  Max Mhz: 2200, Current Mhz: 2200, Mhz Limit: 2200
Processor Information for processor 5
  Max Mhz: 2200, Current Mhz: 1466, Mhz Limit: 2200
Processor Information for processor 6
  Max Mhz: 2200, Current Mhz: 2200, Mhz Limit: 2200
Processor Information for processor 7
  Max Mhz: 2200, Current Mhz: 2200, Mhz Limit: 2200
Processor Information for processor 8
  Max Mhz: 2200, Current Mhz: 2200, Mhz Limit: 2200
Processor Information for processor 9
  Max Mhz: 2200, Current Mhz: 2200, Mhz Limit: 2200
Processor Information for processor 10
  Max Mhz: 2200, Current Mhz: 2200, Mhz Limit: 2200
Processor Information for processor 11
  Max Mhz: 2200, Current Mhz: 1466, Mhz Limit: 2200
Processor Information for processor 12
  Max Mhz: 2200, Current Mhz: 2200, Mhz Limit: 2200
Processor Information for processor 13
  Max Mhz: 2200, Current Mhz: 2200, Mhz Limit: 2200
Processor Information for processor 14
  Max Mhz: 2200, Current Mhz: 2200, Mhz Limit: 2200
Processor Information for processor 15
  Max Mhz: 2200, Current Mhz: 2200, Mhz Limit: 2200
Processor Information for processor 16
  Max Mhz: 2200, Current Mhz: 1600, Mhz Limit: 1584
Processor Information for processor 17
  Max Mhz: 2200, Current Mhz: 1500, Mhz Limit: 1584
Processor Information for processor 18
  Max Mhz: 2200, Current Mhz: 1600, Mhz Limit: 1584
Processor Information for processor 19
  Max Mhz: 2200, Current Mhz: 1600, Mhz Limit: 1584
Processor Information for processor 20
  Max Mhz: 2200, Current Mhz: 1600, Mhz Limit: 1584
Processor Information for processor 21
  Max Mhz: 2200, Current Mhz: 1600, Mhz Limit: 1584
Processor Information for processor 22
  Max Mhz: 2200, Current Mhz: 1600, Mhz Limit: 1584
Processor Information for processor 23
  Max Mhz: 2200, Current Mhz: 1600, Mhz Limit: 1584
Processor Information for processor 24
  Max Mhz: 2200, Current Mhz: 1500, Mhz Limit: 1584
Processor Information for processor 25
  Max Mhz: 2200, Current Mhz: 1600, Mhz Limit: 1584
Processor Information for processor 26
  Max Mhz: 2200, Current Mhz: 1500, Mhz Limit: 1584
Processor Information for processor 27
  Max Mhz: 2200, Current Mhz: 1600, Mhz Limit: 1584
Processor Information for processor 28
  Max Mhz: 2200, Current Mhz: 1600, Mhz Limit: 1584
Processor Information for processor 29
  Max Mhz: 2200, Current Mhz: 1600, Mhz Limit: 1584
Processor Information for processor 30
  Max Mhz: 2200, Current Mhz: 1600, Mhz Limit: 1584
Processor Information for processor 31
  Max Mhz: 2200, Current Mhz: 1500, Mhz Limit: 1584

Memory: 4k page, system-wide physical 16002M (1070M free)
TotalPageFile size 26520M (AvailPageFile size 3M)
current process WorkingSet (physical memory assigned to process): 1030M, peak: 1030M
current process commit charge ("private bytes"): 1155M, peak: 1158M

vm_info: OpenJDK 64-Bit Server VM (21.0.7+6-LTS) for windows-amd64 JRE (21.0.7+6-LTS), built on 2025-04-15T00:00:00Z by "admin" with MS VC++ 17.7 (VS2022)

END.
