#
# There is insufficient memory for the Java Runtime Environment to continue.
# Native memory allocation (malloc) failed to allocate 1717296 bytes. Error detail: Chunk::new
# Possible reasons:
#   The system is out of physical RAM or swap space
#   This process is running with CompressedOops enabled, and the Java Heap may be blocking the growth of the native heap
# Possible solutions:
#   Reduce memory load on the system
#   Increase physical memory or swap space
#   Check if swap backing store is full
#   Decrease Java heap size (-Xmx/-Xms)
#   Decrease number of Java threads
#   Decrease Java thread stack sizes (-Xss)
#   Set larger code cache with -XX:ReservedCodeCacheSize=
#   JVM is running with Zero Based Compressed Oops mode in which the Java heap is
#     placed in the first 32GB address space. The Java Heap base address is the
#     maximum limit for the native heap growth. Please use -XX:HeapBaseMinAddress
#     to set the Java Heap base and to place the Java Heap above 32GB virtual address.
# This output file may be truncated or incomplete.
#
#  Out of Memory Error (arena.cpp:168), pid=22220, tid=17092
#
# JRE version: OpenJDK Runtime Environment Temurin-21.0.7+6 (21.0.7+6) (build 21.0.7+6-LTS)
# Java VM: OpenJDK 64-Bit Server VM Temurin-21.0.7+6 (21.0.7+6-LTS, mixed mode, sharing, tiered, compressed oops, compressed class ptrs, g1 gc, windows-amd64)
# No core dump will be written. Minidumps are not enabled by default on client versions of Windows
#

---------------  S U M M A R Y ------------

Command Line: -DkotlinLanguageServer.version=1.3.13 org.javacs.kt.MainKt

Host: Intel(R) Core(TM) i9-14900HX, 32 cores, 15G,  Windows 11 , 64 bit Build 26100 (10.0.26100.9168)
Time: Tue Sep  1 10:03:09 2026  Windows 11 , 64 bit Build 26100 (10.0.26100.9168) elapsed time: 41.533647 seconds (0d 0h 0m 41s)

---------------  T H R E A D  ---------------

Current thread (0x000001aa7df2ce20):  JavaThread "C2 CompilerThread2" daemon [_thread_in_native, id=17092, stack(0x0000008ca1200000,0x0000008ca1300000) (1024K)]


Current CompileTask:
C2:41533 23682       4       org.jetbrains.kotlin.load.java.lazy.descriptors.LazyJavaClassDescriptor::<init> (588 bytes)

Stack: [0x0000008ca1200000,0x0000008ca1300000]
Native frames: (J=compiled Java code, j=interpreted, Vv=VM code, C=native code)
V  [jvm.dll+0x6ce119]
V  [jvm.dll+0x8a84a1]
V  [jvm.dll+0x8aa9ce]
V  [jvm.dll+0x8ab0b3]
V  [jvm.dll+0x27f8a6]
V  [jvm.dll+0xc507d]
V  [jvm.dll+0xc55b3]
V  [jvm.dll+0x3b68f2]
V  [jvm.dll+0x382aa5]
V  [jvm.dll+0x381f0a]
V  [jvm.dll+0x247af0]
V  [jvm.dll+0x2470cf]
V  [jvm.dll+0x1c760e]
V  [jvm.dll+0x25695a]
V  [jvm.dll+0x254efa]
V  [jvm.dll+0x3f03f6]
V  [jvm.dll+0x851f6b]
V  [jvm.dll+0x6cc7dd]
C  [ucrtbase.dll+0x2cd30]
C  [KERNEL32.DLL+0x2ccb7]
C  [ntdll.dll+0xaad6c]


---------------  P R O C E S S  ---------------

Threads class SMR info:
_java_thread_list=0x000001aa7d78a170, length=23, elements={
0x000001aa2b246520, 0x000001aa2b248f80, 0x000001aa2b24d9f0, 0x000001aa2b24ea50,
0x000001aa2b2510c0, 0x000001aa2b251720, 0x000001aa2b256350, 0x000001aa2b26a4d0,
0x000001aa2cb0a810, 0x000001aa2cb0f050, 0x000001aa7c7893d0, 0x000001aa0b4b17e0,
0x000001aa73abf920, 0x000001aa73a87be0, 0x000001aa7d0110b0, 0x000001aa7d010180,
0x000001aa723fcd40, 0x000001aa7273ac90, 0x000001aa7c946440, 0x000001aa00bd21d0,
0x000001aa7d1b44d0, 0x000001aa7df2ce20, 0x000001aa01248680
}

Java Threads: ( => current thread )
  0x000001aa2b246520 JavaThread "Reference Handler"          daemon [_thread_blocked, id=20344, stack(0x0000008c9e800000,0x0000008c9e900000) (1024K)]
  0x000001aa2b248f80 JavaThread "Finalizer"                  daemon [_thread_blocked, id=28832, stack(0x0000008c9e900000,0x0000008c9ea00000) (1024K)]
  0x000001aa2b24d9f0 JavaThread "Signal Dispatcher"          daemon [_thread_blocked, id=12960, stack(0x0000008c9ea00000,0x0000008c9eb00000) (1024K)]
  0x000001aa2b24ea50 JavaThread "Attach Listener"            daemon [_thread_blocked, id=10260, stack(0x0000008c9eb00000,0x0000008c9ec00000) (1024K)]
  0x000001aa2b2510c0 JavaThread "Service Thread"             daemon [_thread_blocked, id=2944, stack(0x0000008c9ec00000,0x0000008c9ed00000) (1024K)]
  0x000001aa2b251720 JavaThread "Monitor Deflation Thread"   daemon [_thread_blocked, id=19884, stack(0x0000008c9ed00000,0x0000008c9ee00000) (1024K)]
  0x000001aa2b256350 JavaThread "C2 CompilerThread0"         daemon [_thread_in_native, id=732, stack(0x0000008c9ee00000,0x0000008c9ef00000) (1024K)]
  0x000001aa2b26a4d0 JavaThread "C1 CompilerThread0"         daemon [_thread_blocked, id=28140, stack(0x0000008c9ef00000,0x0000008c9f000000) (1024K)]
  0x000001aa2cb0a810 JavaThread "Notification Thread"        daemon [_thread_blocked, id=18200, stack(0x0000008c9f100000,0x0000008c9f200000) (1024K)]
  0x000001aa2cb0f050 JavaThread "Common-Cleaner"             daemon [_thread_blocked, id=6528, stack(0x0000008c9f200000,0x0000008c9f300000) (1024K)]
  0x000001aa7c7893d0 JavaThread "client"                            [_thread_in_native, id=17564, stack(0x0000008ca0900000,0x0000008ca0a00000) (1024K)]
  0x000001aa0b4b17e0 JavaThread "DestroyJavaVM"                     [_thread_blocked, id=19612, stack(0x0000008c9e000000,0x0000008c9e100000) (1024K)]
  0x000001aa73abf920 JavaThread "async0"                            [_thread_blocked, id=12980, stack(0x0000008ca0a00000,0x0000008ca0b00000) (1024K)]
  0x000001aa73a87be0 JavaThread "C1 CompilerThread1"         daemon [_thread_blocked, id=3508, stack(0x0000008c9f300000,0x0000008c9f400000) (1024K)]
  0x000001aa7d0110b0 JavaThread "C1 CompilerThread2"         daemon [_thread_blocked, id=16084, stack(0x0000008ca0f00000,0x0000008ca1000000) (1024K)]
  0x000001aa7d010180 JavaThread "async1"                            [_thread_blocked, id=3296, stack(0x0000008ca1000000,0x0000008ca1100000) (1024K)]
  0x000001aa723fcd40 JavaThread "debounce0"                         [_thread_in_native, id=27632, stack(0x0000008ca1700000,0x0000008ca1800000) (1024K)]
  0x000001aa7273ac90 JavaThread "async2"                            [_thread_blocked, id=27988, stack(0x0000008ca1800000,0x0000008ca1900000) (1024K)]
  0x000001aa7c946440 JavaThread "async3"                            [_thread_blocked, id=30388, stack(0x0000008ca1100000,0x0000008ca1200000) (1024K)]
  0x000001aa00bd21d0 JavaThread "C1 CompilerThread3"         daemon [_thread_blocked, id=15764, stack(0x0000008ca1300000,0x0000008ca1400000) (1024K)]
  0x000001aa7d1b44d0 JavaThread "C2 CompilerThread1"         daemon [_thread_in_native, id=17480, stack(0x0000008c9f000000,0x0000008c9f100000) (1024K)]
=>0x000001aa7df2ce20 JavaThread "C2 CompilerThread2"         daemon [_thread_in_native, id=17092, stack(0x0000008ca1200000,0x0000008ca1300000) (1024K)]
  0x000001aa01248680 JavaThread "C1 CompilerThread4"         daemon [_thread_blocked, id=29800, stack(0x0000008ca1400000,0x0000008ca1500000) (1024K)]
Total: 23

Other Threads:
  0x000001aa2b224e40 VMThread "VM Thread"                           [id=29896, stack(0x0000008c9e700000,0x0000008c9e800000) (1024K)]
  0x000001aa2c970390 WatcherThread "VM Periodic Task Thread"        [id=24344, stack(0x0000008c9e600000,0x0000008c9e700000) (1024K)]
  0x000001aa0b51acb0 WorkerThread "GC Thread#0"                     [id=26180, stack(0x0000008c9e100000,0x0000008c9e200000) (1024K)]
  0x000001aa725f7290 WorkerThread "GC Thread#1"                     [id=1816, stack(0x0000008c9f400000,0x0000008c9f500000) (1024K)]
  0x000001aa725f7630 WorkerThread "GC Thread#2"                     [id=25340, stack(0x0000008c9f500000,0x0000008c9f600000) (1024K)]
  0x000001aa725f79d0 WorkerThread "GC Thread#3"                     [id=4420, stack(0x0000008c9f600000,0x0000008c9f700000) (1024K)]
  0x000001aa725f7d70 WorkerThread "GC Thread#4"                     [id=15888, stack(0x0000008c9f700000,0x0000008c9f800000) (1024K)]
  0x000001aa725f8110 WorkerThread "GC Thread#5"                     [id=16712, stack(0x0000008c9f800000,0x0000008c9f900000) (1024K)]
  0x000001aa7258c690 WorkerThread "GC Thread#6"                     [id=3504, stack(0x0000008c9f900000,0x0000008c9fa00000) (1024K)]
  0x000001aa73137410 WorkerThread "GC Thread#7"                     [id=28728, stack(0x0000008c9fa00000,0x0000008c9fb00000) (1024K)]
  0x000001aa73136cd0 WorkerThread "GC Thread#8"                     [id=28388, stack(0x0000008c9fb00000,0x0000008c9fc00000) (1024K)]
  0x000001aa73137070 WorkerThread "GC Thread#9"                     [id=18240, stack(0x0000008c9fc00000,0x0000008c9fd00000) (1024K)]
  0x000001aa73752890 WorkerThread "GC Thread#10"                    [id=22372, stack(0x0000008c9fd00000,0x0000008c9fe00000) (1024K)]
  0x000001aa737507f0 WorkerThread "GC Thread#11"                    [id=27352, stack(0x0000008c9fe00000,0x0000008c9ff00000) (1024K)]
  0x000001aa73753710 WorkerThread "GC Thread#12"                    [id=6316, stack(0x0000008c9ff00000,0x0000008ca0000000) (1024K)]
  0x000001aa73753370 WorkerThread "GC Thread#13"                    [id=26864, stack(0x0000008ca0500000,0x0000008ca0600000) (1024K)]
  0x000001aa7374fd10 WorkerThread "GC Thread#14"                    [id=4820, stack(0x0000008ca0600000,0x0000008ca0700000) (1024K)]
  0x000001aa7c6b84d0 WorkerThread "GC Thread#15"                    [id=7272, stack(0x0000008ca0700000,0x0000008ca0800000) (1024K)]
  0x000001aa7c6b9a90 WorkerThread "GC Thread#16"                    [id=26872, stack(0x0000008ca0800000,0x0000008ca0900000) (1024K)]
  0x000001aa7c6b9350 WorkerThread "GC Thread#17"                    [id=12784, stack(0x0000008ca0b00000,0x0000008ca0c00000) (1024K)]
  0x000001aa7c6b7650 WorkerThread "GC Thread#18"                    [id=15344, stack(0x0000008ca0c00000,0x0000008ca0d00000) (1024K)]
  0x000001aa7c6b79f0 WorkerThread "GC Thread#19"                    [id=28768, stack(0x0000008ca0d00000,0x0000008ca0e00000) (1024K)]
  0x000001aa7c6b8130 WorkerThread "GC Thread#20"                    [id=4776, stack(0x0000008ca0e00000,0x0000008ca0f00000) (1024K)]
  0x000001aa7c6b8fb0 WorkerThread "GC Thread#21"                    [id=14488, stack(0x0000008ca1500000,0x0000008ca1600000) (1024K)]
  0x000001aa7c6b9e30 WorkerThread "GC Thread#22"                    [id=20928, stack(0x0000008ca1900000,0x0000008ca1a00000) (1024K)]
  0x000001aa0b52c5e0 ConcurrentGCThread "G1 Main Marker"            [id=7872, stack(0x0000008c9e200000,0x0000008c9e300000) (1024K)]
  0x000001aa0b52e890 WorkerThread "G1 Conc#0"                       [id=30568, stack(0x0000008c9e300000,0x0000008c9e400000) (1024K)]
  0x000001aa737500b0 WorkerThread "G1 Conc#1"                       [id=28292, stack(0x0000008ca0000000,0x0000008ca0100000) (1024K)]
  0x000001aa73752c30 WorkerThread "G1 Conc#2"                       [id=20628, stack(0x0000008ca0100000,0x0000008ca0200000) (1024K)]
  0x000001aa73752fd0 WorkerThread "G1 Conc#3"                       [id=27220, stack(0x0000008ca0200000,0x0000008ca0300000) (1024K)]
  0x000001aa73751a10 WorkerThread "G1 Conc#4"                       [id=2096, stack(0x0000008ca0300000,0x0000008ca0400000) (1024K)]
  0x000001aa73751db0 WorkerThread "G1 Conc#5"                       [id=25640, stack(0x0000008ca0400000,0x0000008ca0500000) (1024K)]
  0x000001aa2b162510 ConcurrentGCThread "G1 Refine#0"               [id=23444, stack(0x0000008c9e400000,0x0000008c9e500000) (1024K)]
  0x000001aa2b163e40 ConcurrentGCThread "G1 Service"                [id=25604, stack(0x0000008c9e500000,0x0000008c9e600000) (1024K)]
Total: 34

Threads with active compile tasks:
C2 CompilerThread0  41568 23690       4       org.jetbrains.kotlin.descriptors.impl.PropertyDescriptorImpl::doSubstitute (795 bytes)
C2 CompilerThread1  41568 23694       4       org.jetbrains.kotlin.resolve.calls.tower.PSICallResolver::toKotlinCall (702 bytes)
C2 CompilerThread2  41568 23682       4       org.jetbrains.kotlin.load.java.lazy.descriptors.LazyJavaClassDescriptor::<init> (588 bytes)
Total: 3

VM state: not at safepoint (normal execution)

VM Mutex/Monitor currently owned by a thread: None

Heap address: 0x0000000705e00000, size: 4002 MB, Compressed Oops mode: Zero based, Oop shift amount: 3

CDS archive(s) mapped at: [0x000001aa2d000000-0x000001aa2dc80000-0x000001aa2dc80000), size 13107200, SharedBaseAddress: 0x000001aa2d000000, ArchiveRelocationMode: 1.
Compressed class space mapped at: 0x000001aa2e000000-0x000001aa6e000000, reserved size: 1073741824
Narrow klass base: 0x000001aa2d000000, Narrow klass shift: 0, Narrow klass range: 0x100000000

GC Precious Log:
 CardTable entry size: 512
 Card Set container configuration: InlinePtr #cards 4 size 8 Array Of Cards #cards 16 size 48 Howl #buckets 8 coarsen threshold 3686 Howl Bitmap #cards 512 size 80 coarsen threshold 460 Card regions per heap region 1 cards per card region 4096
 CPUs: 32 total, 32 available
 Memory: 16002M
 Large Page Support: Disabled
 NUMA Support: Disabled
 Compressed Oops: Enabled (Zero based)
 Heap Region Size: 2M
 Heap Min Capacity: 8M
 Heap Initial Capacity: 252M
 Heap Max Capacity: 4002M
 Pre-touch: Disabled
 Parallel Workers: 23
 Concurrent Workers: 6
 Concurrent Refinement Workers: 23
 Periodic GC: Disabled

Heap:
 garbage-first heap   total 929792K, used 653207K [0x0000000705e00000, 0x0000000800000000)
  region size 2048K, 43 young (88064K), 9 survivors (18432K)
 Metaspace       used 84238K, committed 85440K, reserved 1179648K
  class space    used 9081K, committed 9664K, reserved 1048576K

Heap Regions: E=young(eden), S=young(survivor), O=old, HS=humongous(starts), HC=humongous(continues), CS=collection set, F=free, TAMS=top-at-mark-start, PB=parsable bottom
|   0|0x0000000705e00000, 0x0000000706000000, 0x0000000706000000|100%|HS|  |TAMS 0x0000000705e00000| PB 0x0000000705e00000| Complete 
|   1|0x0000000706000000, 0x0000000706200000, 0x0000000706200000|100%|HC|  |TAMS 0x0000000706000000| PB 0x0000000706000000| Complete 
|   2|0x0000000706200000, 0x0000000706400000, 0x0000000706400000|100%| O|  |TAMS 0x0000000706200000| PB 0x0000000706200000| Untracked 
|   3|0x0000000706400000, 0x0000000706600000, 0x0000000706600000|100%| O|  |TAMS 0x0000000706400000| PB 0x0000000706400000| Untracked 
|   4|0x0000000706600000, 0x0000000706800000, 0x0000000706800000|100%| O|  |TAMS 0x0000000706600000| PB 0x0000000706600000| Untracked 
|   5|0x0000000706800000, 0x0000000706a00000, 0x0000000706a00000|100%| O|  |TAMS 0x0000000706800000| PB 0x0000000706800000| Untracked 
|   6|0x0000000706a00000, 0x0000000706c00000, 0x0000000706c00000|100%| O|  |TAMS 0x0000000706a00000| PB 0x0000000706a00000| Untracked 
|   7|0x0000000706c00000, 0x0000000706e00000, 0x0000000706e00000|100%| O|  |TAMS 0x0000000706c00000| PB 0x0000000706c00000| Untracked 
|   8|0x0000000706e00000, 0x0000000707000000, 0x0000000707000000|100%|HS|  |TAMS 0x0000000706e00000| PB 0x0000000706e00000| Complete 
|   9|0x0000000707000000, 0x0000000707200000, 0x0000000707200000|100%| O|  |TAMS 0x0000000707000000| PB 0x0000000707000000| Untracked 
|  10|0x0000000707200000, 0x0000000707400000, 0x0000000707400000|100%| O|  |TAMS 0x0000000707200000| PB 0x0000000707200000| Untracked 
|  11|0x0000000707400000, 0x0000000707600000, 0x0000000707600000|100%| O|  |TAMS 0x0000000707400000| PB 0x0000000707400000| Untracked 
|  12|0x0000000707600000, 0x0000000707800000, 0x0000000707800000|100%| O|  |TAMS 0x0000000707600000| PB 0x0000000707600000| Untracked 
|  13|0x0000000707800000, 0x0000000707a00000, 0x0000000707a00000|100%| O|  |TAMS 0x0000000707800000| PB 0x0000000707800000| Untracked 
|  14|0x0000000707a00000, 0x0000000707c00000, 0x0000000707c00000|100%| O|  |TAMS 0x0000000707a00000| PB 0x0000000707a00000| Untracked 
|  15|0x0000000707c00000, 0x0000000707e00000, 0x0000000707e00000|100%| O|  |TAMS 0x0000000707c00000| PB 0x0000000707c00000| Untracked 
|  16|0x0000000707e00000, 0x0000000708000000, 0x0000000708000000|100%| O|  |TAMS 0x0000000707e00000| PB 0x0000000707e00000| Untracked 
|  17|0x0000000708000000, 0x0000000708200000, 0x0000000708200000|100%| O|  |TAMS 0x0000000708000000| PB 0x0000000708000000| Untracked 
|  18|0x0000000708200000, 0x0000000708400000, 0x0000000708400000|100%| O|  |TAMS 0x0000000708200000| PB 0x0000000708200000| Untracked 
|  19|0x0000000708400000, 0x0000000708600000, 0x0000000708600000|100%| O|  |TAMS 0x0000000708400000| PB 0x0000000708400000| Untracked 
|  20|0x0000000708600000, 0x0000000708800000, 0x0000000708800000|100%| O|  |TAMS 0x0000000708600000| PB 0x0000000708600000| Untracked 
|  21|0x0000000708800000, 0x0000000708a00000, 0x0000000708a00000|100%| O|  |TAMS 0x0000000708800000| PB 0x0000000708800000| Untracked 
|  22|0x0000000708a00000, 0x0000000708c00000, 0x0000000708c00000|100%| O|  |TAMS 0x0000000708a00000| PB 0x0000000708a00000| Untracked 
|  23|0x0000000708c00000, 0x0000000708e00000, 0x0000000708e00000|100%| O|  |TAMS 0x0000000708c00000| PB 0x0000000708c00000| Untracked 
|  24|0x0000000708e00000, 0x0000000709000000, 0x0000000709000000|100%| O|  |TAMS 0x0000000708e00000| PB 0x0000000708e00000| Untracked 
|  25|0x0000000709000000, 0x0000000709200000, 0x0000000709200000|100%| O|  |TAMS 0x0000000709000000| PB 0x0000000709000000| Untracked 
|  26|0x0000000709200000, 0x0000000709400000, 0x0000000709400000|100%| O|  |TAMS 0x0000000709200000| PB 0x0000000709200000| Untracked 
|  27|0x0000000709400000, 0x0000000709600000, 0x0000000709600000|100%| O|  |TAMS 0x0000000709400000| PB 0x0000000709400000| Untracked 
|  28|0x0000000709600000, 0x0000000709800000, 0x0000000709800000|100%| O|  |TAMS 0x0000000709600000| PB 0x0000000709600000| Untracked 
|  29|0x0000000709800000, 0x0000000709a00000, 0x0000000709a00000|100%| O|  |TAMS 0x0000000709800000| PB 0x0000000709800000| Untracked 
|  30|0x0000000709a00000, 0x0000000709c00000, 0x0000000709c00000|100%| O|  |TAMS 0x0000000709a00000| PB 0x0000000709a00000| Untracked 
|  31|0x0000000709c00000, 0x0000000709e00000, 0x0000000709e00000|100%|HS|  |TAMS 0x0000000709c00000| PB 0x0000000709c00000| Complete 
|  32|0x0000000709e00000, 0x000000070a000000, 0x000000070a000000|100%| O|  |TAMS 0x0000000709e00000| PB 0x0000000709e00000| Untracked 
|  33|0x000000070a000000, 0x000000070a200000, 0x000000070a200000|100%| O|  |TAMS 0x000000070a000000| PB 0x000000070a000000| Untracked 
|  34|0x000000070a200000, 0x000000070a400000, 0x000000070a400000|100%| O|  |TAMS 0x000000070a200000| PB 0x000000070a200000| Untracked 
|  35|0x000000070a400000, 0x000000070a600000, 0x000000070a600000|100%| O|  |TAMS 0x000000070a400000| PB 0x000000070a400000| Untracked 
|  36|0x000000070a600000, 0x000000070a800000, 0x000000070a800000|100%| O|  |TAMS 0x000000070a600000| PB 0x000000070a600000| Untracked 
|  37|0x000000070a800000, 0x000000070aa00000, 0x000000070aa00000|100%| O|  |TAMS 0x000000070a800000| PB 0x000000070a800000| Untracked 
|  38|0x000000070aa00000, 0x000000070ac00000, 0x000000070ac00000|100%| O|  |TAMS 0x000000070aa00000| PB 0x000000070aa00000| Untracked 
|  39|0x000000070ac00000, 0x000000070ae00000, 0x000000070ae00000|100%| O|  |TAMS 0x000000070ac00000| PB 0x000000070ac00000| Untracked 
|  40|0x000000070ae00000, 0x000000070b000000, 0x000000070b000000|100%| O|  |TAMS 0x000000070ae00000| PB 0x000000070ae00000| Untracked 
|  41|0x000000070b000000, 0x000000070b200000, 0x000000070b200000|100%| O|  |TAMS 0x000000070b000000| PB 0x000000070b000000| Untracked 
|  42|0x000000070b200000, 0x000000070b400000, 0x000000070b400000|100%| O|  |TAMS 0x000000070b200000| PB 0x000000070b200000| Untracked 
|  43|0x000000070b400000, 0x000000070b600000, 0x000000070b600000|100%| O|  |TAMS 0x000000070b400000| PB 0x000000070b400000| Untracked 
|  44|0x000000070b600000, 0x000000070b800000, 0x000000070b800000|100%| O|  |TAMS 0x000000070b600000| PB 0x000000070b600000| Untracked 
|  45|0x000000070b800000, 0x000000070ba00000, 0x000000070ba00000|100%| O|  |TAMS 0x000000070b800000| PB 0x000000070b800000| Untracked 
|  46|0x000000070ba00000, 0x000000070bc00000, 0x000000070bc00000|100%| O|  |TAMS 0x000000070ba00000| PB 0x000000070ba00000| Untracked 
|  47|0x000000070bc00000, 0x000000070be00000, 0x000000070be00000|100%| O|  |TAMS 0x000000070bc00000| PB 0x000000070bc00000| Untracked 
|  48|0x000000070be00000, 0x000000070c000000, 0x000000070c000000|100%| O|  |TAMS 0x000000070be00000| PB 0x000000070be00000| Untracked 
|  49|0x000000070c000000, 0x000000070c200000, 0x000000070c200000|100%| O|  |TAMS 0x000000070c000000| PB 0x000000070c000000| Untracked 
|  50|0x000000070c200000, 0x000000070c400000, 0x000000070c400000|100%| O|  |TAMS 0x000000070c200000| PB 0x000000070c200000| Untracked 
|  51|0x000000070c400000, 0x000000070c600000, 0x000000070c600000|100%| O|  |TAMS 0x000000070c400000| PB 0x000000070c400000| Untracked 
|  52|0x000000070c600000, 0x000000070c800000, 0x000000070c800000|100%| O|  |TAMS 0x000000070c600000| PB 0x000000070c600000| Untracked 
|  53|0x000000070c800000, 0x000000070ca00000, 0x000000070ca00000|100%| O|  |TAMS 0x000000070c800000| PB 0x000000070c800000| Untracked 
|  54|0x000000070ca00000, 0x000000070cc00000, 0x000000070cc00000|100%| O|  |TAMS 0x000000070ca00000| PB 0x000000070ca00000| Untracked 
|  55|0x000000070cc00000, 0x000000070ce00000, 0x000000070ce00000|100%| O|  |TAMS 0x000000070cc00000| PB 0x000000070cc00000| Untracked 
|  56|0x000000070ce00000, 0x000000070d000000, 0x000000070d000000|100%| O|  |TAMS 0x000000070ce00000| PB 0x000000070ce00000| Untracked 
|  57|0x000000070d000000, 0x000000070d200000, 0x000000070d200000|100%| O|  |TAMS 0x000000070d000000| PB 0x000000070d000000| Untracked 
|  58|0x000000070d200000, 0x000000070d400000, 0x000000070d400000|100%| O|  |TAMS 0x000000070d200000| PB 0x000000070d200000| Untracked 
|  59|0x000000070d400000, 0x000000070d600000, 0x000000070d600000|100%| O|  |TAMS 0x000000070d400000| PB 0x000000070d400000| Untracked 
|  60|0x000000070d600000, 0x000000070d800000, 0x000000070d800000|100%| O|  |TAMS 0x000000070d600000| PB 0x000000070d600000| Untracked 
|  61|0x000000070d800000, 0x000000070da00000, 0x000000070da00000|100%| O|  |TAMS 0x000000070d800000| PB 0x000000070d800000| Untracked 
|  62|0x000000070da00000, 0x000000070dc00000, 0x000000070dc00000|100%| O|  |TAMS 0x000000070da00000| PB 0x000000070da00000| Untracked 
|  63|0x000000070dc00000, 0x000000070de00000, 0x000000070de00000|100%| O|  |TAMS 0x000000070dc00000| PB 0x000000070dc00000| Untracked 
|  64|0x000000070de00000, 0x000000070e000000, 0x000000070e000000|100%| O|  |TAMS 0x000000070de00000| PB 0x000000070de00000| Untracked 
|  65|0x000000070e000000, 0x000000070e200000, 0x000000070e200000|100%| O|  |TAMS 0x000000070e000000| PB 0x000000070e000000| Untracked 
|  66|0x000000070e200000, 0x000000070e400000, 0x000000070e400000|100%| O|  |TAMS 0x000000070e200000| PB 0x000000070e200000| Untracked 
|  67|0x000000070e400000, 0x000000070e600000, 0x000000070e600000|100%| O|  |TAMS 0x000000070e400000| PB 0x000000070e400000| Untracked 
|  68|0x000000070e600000, 0x000000070e800000, 0x000000070e800000|100%| O|  |TAMS 0x000000070e600000| PB 0x000000070e600000| Untracked 
|  69|0x000000070e800000, 0x000000070ea00000, 0x000000070ea00000|100%| O|  |TAMS 0x000000070e800000| PB 0x000000070e800000| Untracked 
|  70|0x000000070ea00000, 0x000000070ec00000, 0x000000070ec00000|100%| O|  |TAMS 0x000000070ea00000| PB 0x000000070ea00000| Untracked 
|  71|0x000000070ec00000, 0x000000070ee00000, 0x000000070ee00000|100%| O|  |TAMS 0x000000070ec00000| PB 0x000000070ec00000| Untracked 
|  72|0x000000070ee00000, 0x000000070f000000, 0x000000070f000000|100%| O|  |TAMS 0x000000070ee00000| PB 0x000000070ee00000| Untracked 
|  73|0x000000070f000000, 0x000000070f200000, 0x000000070f200000|100%| O|  |TAMS 0x000000070f000000| PB 0x000000070f000000| Untracked 
|  74|0x000000070f200000, 0x000000070f400000, 0x000000070f400000|100%| O|  |TAMS 0x000000070f200000| PB 0x000000070f200000| Untracked 
|  75|0x000000070f400000, 0x000000070f600000, 0x000000070f600000|100%| O|  |TAMS 0x000000070f400000| PB 0x000000070f400000| Untracked 
|  76|0x000000070f600000, 0x000000070f800000, 0x000000070f800000|100%| O|  |TAMS 0x000000070f600000| PB 0x000000070f600000| Untracked 
|  77|0x000000070f800000, 0x000000070fa00000, 0x000000070fa00000|100%| O|  |TAMS 0x000000070f800000| PB 0x000000070f800000| Untracked 
|  78|0x000000070fa00000, 0x000000070fc00000, 0x000000070fc00000|100%| O|  |TAMS 0x000000070fa00000| PB 0x000000070fa00000| Untracked 
|  79|0x000000070fc00000, 0x000000070fe00000, 0x000000070fe00000|100%| O|  |TAMS 0x000000070fc00000| PB 0x000000070fc00000| Untracked 
|  80|0x000000070fe00000, 0x0000000710000000, 0x0000000710000000|100%| O|  |TAMS 0x000000070fe00000| PB 0x000000070fe00000| Untracked 
|  81|0x0000000710000000, 0x0000000710200000, 0x0000000710200000|100%| O|  |TAMS 0x0000000710000000| PB 0x0000000710000000| Untracked 
|  82|0x0000000710200000, 0x0000000710400000, 0x0000000710400000|100%| O|  |TAMS 0x0000000710200000| PB 0x0000000710200000| Untracked 
|  83|0x0000000710400000, 0x0000000710600000, 0x0000000710600000|100%| O|  |TAMS 0x0000000710400000| PB 0x0000000710400000| Untracked 
|  84|0x0000000710600000, 0x0000000710800000, 0x0000000710800000|100%| O|  |TAMS 0x0000000710600000| PB 0x0000000710600000| Untracked 
|  85|0x0000000710800000, 0x0000000710a00000, 0x0000000710a00000|100%| O|  |TAMS 0x0000000710800000| PB 0x0000000710800000| Untracked 
|  86|0x0000000710a00000, 0x0000000710c00000, 0x0000000710c00000|100%| O|  |TAMS 0x0000000710a00000| PB 0x0000000710a00000| Untracked 
|  87|0x0000000710c00000, 0x0000000710e00000, 0x0000000710e00000|100%| O|  |TAMS 0x0000000710c00000| PB 0x0000000710c00000| Untracked 
|  88|0x0000000710e00000, 0x0000000711000000, 0x0000000711000000|100%| O|  |TAMS 0x0000000710e00000| PB 0x0000000710e00000| Untracked 
|  89|0x0000000711000000, 0x0000000711200000, 0x0000000711200000|100%| O|  |TAMS 0x0000000711000000| PB 0x0000000711000000| Untracked 
|  90|0x0000000711200000, 0x0000000711400000, 0x0000000711400000|100%| O|  |TAMS 0x0000000711200000| PB 0x0000000711200000| Untracked 
|  91|0x0000000711400000, 0x0000000711600000, 0x0000000711600000|100%| O|  |TAMS 0x0000000711400000| PB 0x0000000711400000| Untracked 
|  92|0x0000000711600000, 0x0000000711800000, 0x0000000711800000|100%| O|  |TAMS 0x0000000711600000| PB 0x0000000711600000| Untracked 
|  93|0x0000000711800000, 0x0000000711a00000, 0x0000000711a00000|100%| O|  |TAMS 0x0000000711800000| PB 0x0000000711800000| Untracked 
|  94|0x0000000711a00000, 0x0000000711c00000, 0x0000000711c00000|100%| O|  |TAMS 0x0000000711a00000| PB 0x0000000711a00000| Untracked 
|  95|0x0000000711c00000, 0x0000000711e00000, 0x0000000711e00000|100%| O|  |TAMS 0x0000000711c00000| PB 0x0000000711c00000| Untracked 
|  96|0x0000000711e00000, 0x0000000712000000, 0x0000000712000000|100%| O|  |TAMS 0x0000000711e00000| PB 0x0000000711e00000| Untracked 
|  97|0x0000000712000000, 0x0000000712200000, 0x0000000712200000|100%| O|  |TAMS 0x0000000712000000| PB 0x0000000712000000| Untracked 
|  98|0x0000000712200000, 0x0000000712400000, 0x0000000712400000|100%| O|  |TAMS 0x0000000712200000| PB 0x0000000712200000| Untracked 
|  99|0x0000000712400000, 0x0000000712600000, 0x0000000712600000|100%| O|  |TAMS 0x0000000712400000| PB 0x0000000712400000| Untracked 
| 100|0x0000000712600000, 0x0000000712800000, 0x0000000712800000|100%| O|  |TAMS 0x0000000712600000| PB 0x0000000712600000| Untracked 
| 101|0x0000000712800000, 0x0000000712a00000, 0x0000000712a00000|100%| O|  |TAMS 0x0000000712800000| PB 0x0000000712800000| Untracked 
| 102|0x0000000712a00000, 0x0000000712c00000, 0x0000000712c00000|100%| O|  |TAMS 0x0000000712a00000| PB 0x0000000712a00000| Untracked 
| 103|0x0000000712c00000, 0x0000000712e00000, 0x0000000712e00000|100%| O|  |TAMS 0x0000000712c00000| PB 0x0000000712c00000| Untracked 
| 104|0x0000000712e00000, 0x0000000713000000, 0x0000000713000000|100%| O|  |TAMS 0x0000000712e00000| PB 0x0000000712e00000| Untracked 
| 105|0x0000000713000000, 0x0000000713200000, 0x0000000713200000|100%| O|  |TAMS 0x0000000713000000| PB 0x0000000713000000| Untracked 
| 106|0x0000000713200000, 0x0000000713400000, 0x0000000713400000|100%| O|  |TAMS 0x0000000713200000| PB 0x0000000713200000| Untracked 
| 107|0x0000000713400000, 0x0000000713600000, 0x0000000713600000|100%| O|  |TAMS 0x0000000713400000| PB 0x0000000713400000| Untracked 
| 108|0x0000000713600000, 0x0000000713800000, 0x0000000713800000|100%| O|  |TAMS 0x0000000713600000| PB 0x0000000713600000| Untracked 
| 109|0x0000000713800000, 0x0000000713a00000, 0x0000000713a00000|100%| O|  |TAMS 0x0000000713800000| PB 0x0000000713800000| Untracked 
| 110|0x0000000713a00000, 0x0000000713c00000, 0x0000000713c00000|100%| O|  |TAMS 0x0000000713a00000| PB 0x0000000713a00000| Untracked 
| 111|0x0000000713c00000, 0x0000000713e00000, 0x0000000713e00000|100%| O|  |TAMS 0x0000000713c00000| PB 0x0000000713c00000| Untracked 
| 112|0x0000000713e00000, 0x0000000714000000, 0x0000000714000000|100%| O|  |TAMS 0x0000000713e00000| PB 0x0000000713e00000| Untracked 
| 113|0x0000000714000000, 0x0000000714200000, 0x0000000714200000|100%| O|  |TAMS 0x0000000714000000| PB 0x0000000714000000| Untracked 
| 114|0x0000000714200000, 0x0000000714400000, 0x0000000714400000|100%| O|  |TAMS 0x0000000714200000| PB 0x0000000714200000| Untracked 
| 115|0x0000000714400000, 0x0000000714600000, 0x0000000714600000|100%| O|  |TAMS 0x0000000714400000| PB 0x0000000714400000| Untracked 
| 116|0x0000000714600000, 0x0000000714800000, 0x0000000714800000|100%| O|  |TAMS 0x0000000714600000| PB 0x0000000714600000| Untracked 
| 117|0x0000000714800000, 0x0000000714a00000, 0x0000000714a00000|100%| O|  |TAMS 0x0000000714800000| PB 0x0000000714800000| Untracked 
| 118|0x0000000714a00000, 0x0000000714c00000, 0x0000000714c00000|100%| O|  |TAMS 0x0000000714a00000| PB 0x0000000714a00000| Untracked 
| 119|0x0000000714c00000, 0x0000000714e00000, 0x0000000714e00000|100%| O|  |TAMS 0x0000000714c00000| PB 0x0000000714c00000| Untracked 
| 120|0x0000000714e00000, 0x0000000715000000, 0x0000000715000000|100%| O|  |TAMS 0x0000000714e00000| PB 0x0000000714e00000| Untracked 
| 121|0x0000000715000000, 0x0000000715200000, 0x0000000715200000|100%| O|  |TAMS 0x0000000715000000| PB 0x0000000715000000| Untracked 
| 122|0x0000000715200000, 0x0000000715400000, 0x0000000715400000|100%| O|  |TAMS 0x0000000715200000| PB 0x0000000715200000| Untracked 
| 123|0x0000000715400000, 0x0000000715600000, 0x0000000715600000|100%| O|  |TAMS 0x0000000715400000| PB 0x0000000715400000| Untracked 
| 124|0x0000000715600000, 0x0000000715800000, 0x0000000715800000|100%| O|  |TAMS 0x0000000715600000| PB 0x0000000715600000| Untracked 
| 125|0x0000000715800000, 0x0000000715a00000, 0x0000000715a00000|100%| O|  |TAMS 0x0000000715800000| PB 0x0000000715800000| Untracked 
| 126|0x0000000715a00000, 0x0000000715c00000, 0x0000000715c00000|100%| O|  |TAMS 0x0000000715a00000| PB 0x0000000715a00000| Untracked 
| 127|0x0000000715c00000, 0x0000000715e00000, 0x0000000715e00000|100%| O|  |TAMS 0x0000000715c00000| PB 0x0000000715c00000| Untracked 
| 128|0x0000000715e00000, 0x0000000716000000, 0x0000000716000000|100%| O|  |TAMS 0x0000000715e00000| PB 0x0000000715e00000| Untracked 
| 129|0x0000000716000000, 0x0000000716200000, 0x0000000716200000|100%| O|  |TAMS 0x0000000716000000| PB 0x0000000716000000| Untracked 
| 130|0x0000000716200000, 0x0000000716400000, 0x0000000716400000|100%| O|  |TAMS 0x0000000716200000| PB 0x0000000716200000| Untracked 
| 131|0x0000000716400000, 0x0000000716600000, 0x0000000716600000|100%| O|  |TAMS 0x0000000716400000| PB 0x0000000716400000| Untracked 
| 132|0x0000000716600000, 0x0000000716800000, 0x0000000716800000|100%| O|  |TAMS 0x0000000716600000| PB 0x0000000716600000| Untracked 
| 133|0x0000000716800000, 0x0000000716a00000, 0x0000000716a00000|100%| O|  |TAMS 0x0000000716800000| PB 0x0000000716800000| Untracked 
| 134|0x0000000716a00000, 0x0000000716c00000, 0x0000000716c00000|100%| O|  |TAMS 0x0000000716a00000| PB 0x0000000716a00000| Untracked 
| 135|0x0000000716c00000, 0x0000000716e00000, 0x0000000716e00000|100%| O|  |TAMS 0x0000000716c00000| PB 0x0000000716c00000| Untracked 
| 136|0x0000000716e00000, 0x0000000717000000, 0x0000000717000000|100%| O|  |TAMS 0x0000000716e00000| PB 0x0000000716e00000| Untracked 
| 137|0x0000000717000000, 0x0000000717200000, 0x0000000717200000|100%| O|  |TAMS 0x0000000717000000| PB 0x0000000717000000| Untracked 
| 138|0x0000000717200000, 0x0000000717400000, 0x0000000717400000|100%| O|  |TAMS 0x0000000717200000| PB 0x0000000717200000| Untracked 
| 139|0x0000000717400000, 0x0000000717600000, 0x0000000717600000|100%| O|  |TAMS 0x0000000717400000| PB 0x0000000717400000| Untracked 
| 140|0x0000000717600000, 0x0000000717800000, 0x0000000717800000|100%| O|  |TAMS 0x0000000717600000| PB 0x0000000717600000| Untracked 
| 141|0x0000000717800000, 0x0000000717a00000, 0x0000000717a00000|100%| O|  |TAMS 0x0000000717800000| PB 0x0000000717800000| Untracked 
| 142|0x0000000717a00000, 0x0000000717c00000, 0x0000000717c00000|100%| O|  |TAMS 0x0000000717a00000| PB 0x0000000717a00000| Untracked 
| 143|0x0000000717c00000, 0x0000000717e00000, 0x0000000717e00000|100%| O|  |TAMS 0x0000000717c00000| PB 0x0000000717c00000| Untracked 
| 144|0x0000000717e00000, 0x0000000718000000, 0x0000000718000000|100%| O|  |TAMS 0x0000000717e00000| PB 0x0000000717e00000| Untracked 
| 145|0x0000000718000000, 0x0000000718200000, 0x0000000718200000|100%| O|  |TAMS 0x0000000718000000| PB 0x0000000718000000| Untracked 
| 146|0x0000000718200000, 0x0000000718400000, 0x0000000718400000|100%| O|  |TAMS 0x0000000718200000| PB 0x0000000718200000| Untracked 
| 147|0x0000000718400000, 0x0000000718600000, 0x0000000718600000|100%| O|  |TAMS 0x0000000718400000| PB 0x0000000718400000| Untracked 
| 148|0x0000000718600000, 0x0000000718800000, 0x0000000718800000|100%| O|  |TAMS 0x0000000718600000| PB 0x0000000718600000| Untracked 
| 149|0x0000000718800000, 0x0000000718a00000, 0x0000000718a00000|100%| O|  |TAMS 0x0000000718800000| PB 0x0000000718800000| Untracked 
| 150|0x0000000718a00000, 0x0000000718c00000, 0x0000000718c00000|100%| O|  |TAMS 0x0000000718a00000| PB 0x0000000718a00000| Untracked 
| 151|0x0000000718c00000, 0x0000000718e00000, 0x0000000718e00000|100%| O|  |TAMS 0x0000000718c00000| PB 0x0000000718c00000| Untracked 
| 152|0x0000000718e00000, 0x0000000719000000, 0x0000000719000000|100%| O|  |TAMS 0x0000000718e00000| PB 0x0000000718e00000| Untracked 
| 153|0x0000000719000000, 0x0000000719200000, 0x0000000719200000|100%| O|  |TAMS 0x0000000719000000| PB 0x0000000719000000| Untracked 
| 154|0x0000000719200000, 0x0000000719400000, 0x0000000719400000|100%| O|  |TAMS 0x0000000719200000| PB 0x0000000719200000| Untracked 
| 155|0x0000000719400000, 0x0000000719600000, 0x0000000719600000|100%| O|  |TAMS 0x0000000719400000| PB 0x0000000719400000| Untracked 
| 156|0x0000000719600000, 0x0000000719800000, 0x0000000719800000|100%| O|  |TAMS 0x0000000719600000| PB 0x0000000719600000| Untracked 
| 157|0x0000000719800000, 0x0000000719a00000, 0x0000000719a00000|100%| O|  |TAMS 0x0000000719800000| PB 0x0000000719800000| Untracked 
| 158|0x0000000719a00000, 0x0000000719c00000, 0x0000000719c00000|100%| O|  |TAMS 0x0000000719a00000| PB 0x0000000719a00000| Untracked 
| 159|0x0000000719c00000, 0x0000000719e00000, 0x0000000719e00000|100%| O|  |TAMS 0x0000000719c00000| PB 0x0000000719c00000| Untracked 
| 160|0x0000000719e00000, 0x000000071a000000, 0x000000071a000000|100%| O|  |TAMS 0x0000000719e00000| PB 0x0000000719e00000| Untracked 
| 161|0x000000071a000000, 0x000000071a200000, 0x000000071a200000|100%| O|  |TAMS 0x000000071a000000| PB 0x000000071a000000| Untracked 
| 162|0x000000071a200000, 0x000000071a400000, 0x000000071a400000|100%| O|  |TAMS 0x000000071a200000| PB 0x000000071a200000| Untracked 
| 163|0x000000071a400000, 0x000000071a600000, 0x000000071a600000|100%| O|  |TAMS 0x000000071a400000| PB 0x000000071a400000| Untracked 
| 164|0x000000071a600000, 0x000000071a800000, 0x000000071a800000|100%| O|  |TAMS 0x000000071a600000| PB 0x000000071a600000| Untracked 
| 165|0x000000071a800000, 0x000000071aa00000, 0x000000071aa00000|100%| O|  |TAMS 0x000000071a800000| PB 0x000000071a800000| Untracked 
| 166|0x000000071aa00000, 0x000000071ac00000, 0x000000071ac00000|100%| O|  |TAMS 0x000000071aa00000| PB 0x000000071aa00000| Untracked 
| 167|0x000000071ac00000, 0x000000071ae00000, 0x000000071ae00000|100%| O|  |TAMS 0x000000071ac00000| PB 0x000000071ac00000| Untracked 
| 168|0x000000071ae00000, 0x000000071b000000, 0x000000071b000000|100%| O|  |TAMS 0x000000071ae00000| PB 0x000000071ae00000| Untracked 
| 169|0x000000071b000000, 0x000000071b200000, 0x000000071b200000|100%| O|  |TAMS 0x000000071b000000| PB 0x000000071b000000| Untracked 
| 170|0x000000071b200000, 0x000000071b400000, 0x000000071b400000|100%| O|  |TAMS 0x000000071b200000| PB 0x000000071b200000| Untracked 
| 171|0x000000071b400000, 0x000000071b600000, 0x000000071b600000|100%| O|  |TAMS 0x000000071b400000| PB 0x000000071b400000| Untracked 
| 172|0x000000071b600000, 0x000000071b800000, 0x000000071b800000|100%| O|  |TAMS 0x000000071b600000| PB 0x000000071b600000| Untracked 
| 173|0x000000071b800000, 0x000000071ba00000, 0x000000071ba00000|100%| O|  |TAMS 0x000000071b800000| PB 0x000000071b800000| Untracked 
| 174|0x000000071ba00000, 0x000000071bc00000, 0x000000071bc00000|100%| O|  |TAMS 0x000000071ba00000| PB 0x000000071ba00000| Untracked 
| 175|0x000000071bc00000, 0x000000071be00000, 0x000000071be00000|100%| O|  |TAMS 0x000000071bc00000| PB 0x000000071bc00000| Untracked 
| 176|0x000000071be00000, 0x000000071c000000, 0x000000071c000000|100%| O|  |TAMS 0x000000071be00000| PB 0x000000071be00000| Untracked 
| 177|0x000000071c000000, 0x000000071c200000, 0x000000071c200000|100%| O|  |TAMS 0x000000071c000000| PB 0x000000071c000000| Untracked 
| 178|0x000000071c200000, 0x000000071c400000, 0x000000071c400000|100%| O|  |TAMS 0x000000071c200000| PB 0x000000071c200000| Untracked 
| 179|0x000000071c400000, 0x000000071c600000, 0x000000071c600000|100%| O|  |TAMS 0x000000071c400000| PB 0x000000071c400000| Untracked 
| 180|0x000000071c600000, 0x000000071c800000, 0x000000071c800000|100%| O|  |TAMS 0x000000071c600000| PB 0x000000071c600000| Untracked 
| 181|0x000000071c800000, 0x000000071ca00000, 0x000000071ca00000|100%| O|  |TAMS 0x000000071c800000| PB 0x000000071c800000| Untracked 
| 182|0x000000071ca00000, 0x000000071cc00000, 0x000000071cc00000|100%| O|  |TAMS 0x000000071ca00000| PB 0x000000071ca00000| Untracked 
| 183|0x000000071cc00000, 0x000000071ce00000, 0x000000071ce00000|100%| O|  |TAMS 0x000000071cc00000| PB 0x000000071cc00000| Untracked 
| 184|0x000000071ce00000, 0x000000071d000000, 0x000000071d000000|100%| O|  |TAMS 0x000000071ce00000| PB 0x000000071ce00000| Untracked 
| 185|0x000000071d000000, 0x000000071d200000, 0x000000071d200000|100%| O|  |TAMS 0x000000071d000000| PB 0x000000071d000000| Untracked 
| 186|0x000000071d200000, 0x000000071d400000, 0x000000071d400000|100%| O|  |TAMS 0x000000071d200000| PB 0x000000071d200000| Untracked 
| 187|0x000000071d400000, 0x000000071d600000, 0x000000071d600000|100%| O|  |TAMS 0x000000071d400000| PB 0x000000071d400000| Untracked 
| 188|0x000000071d600000, 0x000000071d800000, 0x000000071d800000|100%| O|  |TAMS 0x000000071d600000| PB 0x000000071d600000| Untracked 
| 189|0x000000071d800000, 0x000000071da00000, 0x000000071da00000|100%| O|  |TAMS 0x000000071d800000| PB 0x000000071d800000| Untracked 
| 190|0x000000071da00000, 0x000000071dc00000, 0x000000071dc00000|100%| O|  |TAMS 0x000000071da00000| PB 0x000000071da00000| Untracked 
| 191|0x000000071dc00000, 0x000000071de00000, 0x000000071de00000|100%| O|  |TAMS 0x000000071dc00000| PB 0x000000071dc00000| Untracked 
| 192|0x000000071de00000, 0x000000071e000000, 0x000000071e000000|100%| O|  |TAMS 0x000000071de00000| PB 0x000000071de00000| Untracked 
| 193|0x000000071e000000, 0x000000071e200000, 0x000000071e200000|100%| O|  |TAMS 0x000000071e000000| PB 0x000000071e000000| Untracked 
| 194|0x000000071e200000, 0x000000071e400000, 0x000000071e400000|100%| O|  |TAMS 0x000000071e200000| PB 0x000000071e200000| Untracked 
| 195|0x000000071e400000, 0x000000071e600000, 0x000000071e600000|100%| O|  |TAMS 0x000000071e400000| PB 0x000000071e400000| Untracked 
| 196|0x000000071e600000, 0x000000071e800000, 0x000000071e800000|100%| O|  |TAMS 0x000000071e600000| PB 0x000000071e600000| Untracked 
| 197|0x000000071e800000, 0x000000071ea00000, 0x000000071ea00000|100%| O|  |TAMS 0x000000071e800000| PB 0x000000071e800000| Untracked 
| 198|0x000000071ea00000, 0x000000071ec00000, 0x000000071ec00000|100%| O|  |TAMS 0x000000071ea00000| PB 0x000000071ea00000| Untracked 
| 199|0x000000071ec00000, 0x000000071ee00000, 0x000000071ee00000|100%| O|  |TAMS 0x000000071ec00000| PB 0x000000071ec00000| Untracked 
| 200|0x000000071ee00000, 0x000000071f000000, 0x000000071f000000|100%| O|  |TAMS 0x000000071ee00000| PB 0x000000071ee00000| Untracked 
| 201|0x000000071f000000, 0x000000071f200000, 0x000000071f200000|100%| O|  |TAMS 0x000000071f000000| PB 0x000000071f000000| Untracked 
| 202|0x000000071f200000, 0x000000071f400000, 0x000000071f400000|100%| O|  |TAMS 0x000000071f200000| PB 0x000000071f200000| Untracked 
| 203|0x000000071f400000, 0x000000071f600000, 0x000000071f600000|100%| O|  |TAMS 0x000000071f400000| PB 0x000000071f400000| Untracked 
| 204|0x000000071f600000, 0x000000071f800000, 0x000000071f800000|100%| O|  |TAMS 0x000000071f600000| PB 0x000000071f600000| Untracked 
| 205|0x000000071f800000, 0x000000071fa00000, 0x000000071fa00000|100%| O|Cm|TAMS 0x000000071f800000| PB 0x000000071f800000| Complete 
| 206|0x000000071fa00000, 0x000000071fc00000, 0x000000071fc00000|100%| O|Cm|TAMS 0x000000071fa00000| PB 0x000000071fa00000| Complete 
| 207|0x000000071fc00000, 0x000000071fe00000, 0x000000071fe00000|100%| O|  |TAMS 0x000000071fc00000| PB 0x000000071fc00000| Untracked 
| 208|0x000000071fe00000, 0x0000000720000000, 0x0000000720000000|100%| O|  |TAMS 0x000000071fe00000| PB 0x000000071fe00000| Untracked 
| 209|0x0000000720000000, 0x0000000720200000, 0x0000000720200000|100%| O|  |TAMS 0x0000000720000000| PB 0x0000000720000000| Untracked 
| 210|0x0000000720200000, 0x0000000720400000, 0x0000000720400000|100%| O|  |TAMS 0x0000000720200000| PB 0x0000000720200000| Untracked 
| 211|0x0000000720400000, 0x0000000720600000, 0x0000000720600000|100%| O|  |TAMS 0x0000000720400000| PB 0x0000000720400000| Untracked 
| 212|0x0000000720600000, 0x0000000720800000, 0x0000000720800000|100%| O|  |TAMS 0x0000000720600000| PB 0x0000000720600000| Untracked 
| 213|0x0000000720800000, 0x0000000720a00000, 0x0000000720a00000|100%| O|  |TAMS 0x0000000720800000| PB 0x0000000720800000| Untracked 
| 214|0x0000000720a00000, 0x0000000720c00000, 0x0000000720c00000|100%| O|  |TAMS 0x0000000720a00000| PB 0x0000000720a00000| Untracked 
| 215|0x0000000720c00000, 0x0000000720e00000, 0x0000000720e00000|100%| O|  |TAMS 0x0000000720c00000| PB 0x0000000720c00000| Untracked 
| 216|0x0000000720e00000, 0x0000000721000000, 0x0000000721000000|100%| O|  |TAMS 0x0000000720e00000| PB 0x0000000720e00000| Untracked 
| 217|0x0000000721000000, 0x0000000721200000, 0x0000000721200000|100%| O|Cm|TAMS 0x0000000721000000| PB 0x0000000721000000| Complete 
| 218|0x0000000721200000, 0x0000000721400000, 0x0000000721400000|100%| O|  |TAMS 0x0000000721200000| PB 0x0000000721200000| Untracked 
| 219|0x0000000721400000, 0x0000000721600000, 0x0000000721600000|100%| O|  |TAMS 0x0000000721400000| PB 0x0000000721400000| Untracked 
| 220|0x0000000721600000, 0x0000000721800000, 0x0000000721800000|100%| O|  |TAMS 0x0000000721600000| PB 0x0000000721600000| Untracked 
| 221|0x0000000721800000, 0x0000000721a00000, 0x0000000721a00000|100%| O|  |TAMS 0x0000000721800000| PB 0x0000000721800000| Untracked 
| 222|0x0000000721a00000, 0x0000000721c00000, 0x0000000721c00000|100%| O|  |TAMS 0x0000000721a00000| PB 0x0000000721a00000| Untracked 
| 223|0x0000000721c00000, 0x0000000721e00000, 0x0000000721e00000|100%| O|  |TAMS 0x0000000721c00000| PB 0x0000000721c00000| Untracked 
| 224|0x0000000721e00000, 0x0000000722000000, 0x0000000722000000|100%| O|  |TAMS 0x0000000721e00000| PB 0x0000000721e00000| Untracked 
| 225|0x0000000722000000, 0x0000000722200000, 0x0000000722200000|100%| O|  |TAMS 0x0000000722000000| PB 0x0000000722000000| Untracked 
| 226|0x0000000722200000, 0x0000000722400000, 0x0000000722400000|100%| O|  |TAMS 0x0000000722200000| PB 0x0000000722200000| Untracked 
| 227|0x0000000722400000, 0x0000000722600000, 0x0000000722600000|100%| O|  |TAMS 0x0000000722400000| PB 0x0000000722400000| Untracked 
| 228|0x0000000722600000, 0x0000000722800000, 0x0000000722800000|100%| O|  |TAMS 0x0000000722600000| PB 0x0000000722600000| Untracked 
| 229|0x0000000722800000, 0x0000000722a00000, 0x0000000722a00000|100%| O|  |TAMS 0x0000000722800000| PB 0x0000000722800000| Untracked 
| 230|0x0000000722a00000, 0x0000000722c00000, 0x0000000722c00000|100%| O|  |TAMS 0x0000000722a00000| PB 0x0000000722a00000| Untracked 
| 231|0x0000000722c00000, 0x0000000722e00000, 0x0000000722e00000|100%| O|  |TAMS 0x0000000722c00000| PB 0x0000000722c00000| Untracked 
| 232|0x0000000722e00000, 0x0000000723000000, 0x0000000723000000|100%| O|Cm|TAMS 0x0000000722e00000| PB 0x0000000722e00000| Complete 
| 233|0x0000000723000000, 0x0000000723200000, 0x0000000723200000|100%| O|  |TAMS 0x0000000723000000| PB 0x0000000723000000| Untracked 
| 234|0x0000000723200000, 0x0000000723400000, 0x0000000723400000|100%| O|  |TAMS 0x0000000723200000| PB 0x0000000723200000| Untracked 
| 235|0x0000000723400000, 0x0000000723600000, 0x0000000723600000|100%| O|  |TAMS 0x0000000723400000| PB 0x0000000723400000| Untracked 
| 236|0x0000000723600000, 0x0000000723800000, 0x0000000723800000|100%| O|  |TAMS 0x0000000723600000| PB 0x0000000723600000| Untracked 
| 237|0x0000000723800000, 0x0000000723a00000, 0x0000000723a00000|100%| O|  |TAMS 0x0000000723800000| PB 0x0000000723800000| Untracked 
| 238|0x0000000723a00000, 0x0000000723c00000, 0x0000000723c00000|100%| O|  |TAMS 0x0000000723a00000| PB 0x0000000723a00000| Untracked 
| 239|0x0000000723c00000, 0x0000000723e00000, 0x0000000723e00000|100%| O|  |TAMS 0x0000000723c00000| PB 0x0000000723c00000| Untracked 
| 240|0x0000000723e00000, 0x0000000724000000, 0x0000000724000000|100%| O|  |TAMS 0x0000000723e00000| PB 0x0000000723e00000| Untracked 
| 241|0x0000000724000000, 0x0000000724200000, 0x0000000724200000|100%| O|  |TAMS 0x0000000724000000| PB 0x0000000724000000| Untracked 
| 242|0x0000000724200000, 0x0000000724400000, 0x0000000724400000|100%| O|  |TAMS 0x0000000724200000| PB 0x0000000724200000| Untracked 
| 243|0x0000000724400000, 0x0000000724600000, 0x0000000724600000|100%| O|Cm|TAMS 0x0000000724400000| PB 0x0000000724400000| Complete 
| 244|0x0000000724600000, 0x0000000724800000, 0x0000000724800000|100%| O|Cm|TAMS 0x0000000724600000| PB 0x0000000724600000| Complete 
| 245|0x0000000724800000, 0x0000000724a00000, 0x0000000724a00000|100%| O|  |TAMS 0x0000000724800000| PB 0x0000000724800000| Untracked 
| 246|0x0000000724a00000, 0x0000000724c00000, 0x0000000724c00000|100%| O|  |TAMS 0x0000000724a00000| PB 0x0000000724a00000| Untracked 
| 247|0x0000000724c00000, 0x0000000724e00000, 0x0000000724e00000|100%| O|  |TAMS 0x0000000724c00000| PB 0x0000000724c00000| Untracked 
| 248|0x0000000724e00000, 0x0000000725000000, 0x0000000725000000|100%| O|  |TAMS 0x0000000724e00000| PB 0x0000000724e00000| Untracked 
| 249|0x0000000725000000, 0x0000000725200000, 0x0000000725200000|100%| O|  |TAMS 0x0000000725000000| PB 0x0000000725000000| Untracked 
| 250|0x0000000725200000, 0x0000000725400000, 0x0000000725400000|100%| O|  |TAMS 0x0000000725200000| PB 0x0000000725200000| Untracked 
| 251|0x0000000725400000, 0x0000000725600000, 0x0000000725600000|100%| O|  |TAMS 0x0000000725400000| PB 0x0000000725400000| Untracked 
| 252|0x0000000725600000, 0x0000000725800000, 0x0000000725800000|100%| O|  |TAMS 0x0000000725600000| PB 0x0000000725600000| Untracked 
| 253|0x0000000725800000, 0x0000000725a00000, 0x0000000725a00000|100%| O|  |TAMS 0x0000000725800000| PB 0x0000000725800000| Untracked 
| 254|0x0000000725a00000, 0x0000000725c00000, 0x0000000725c00000|100%| O|  |TAMS 0x0000000725a00000| PB 0x0000000725a00000| Untracked 
| 255|0x0000000725c00000, 0x0000000725e00000, 0x0000000725e00000|100%| O|  |TAMS 0x0000000725c00000| PB 0x0000000725c00000| Untracked 
| 256|0x0000000725e00000, 0x0000000726000000, 0x0000000726000000|100%| O|  |TAMS 0x0000000725e00000| PB 0x0000000725e00000| Untracked 
| 257|0x0000000726000000, 0x0000000726200000, 0x0000000726200000|100%| O|  |TAMS 0x0000000726000000| PB 0x0000000726000000| Untracked 
| 258|0x0000000726200000, 0x0000000726400000, 0x0000000726400000|100%| O|  |TAMS 0x0000000726200000| PB 0x0000000726200000| Untracked 
| 259|0x0000000726400000, 0x0000000726600000, 0x0000000726600000|100%| O|  |TAMS 0x0000000726400000| PB 0x0000000726400000| Untracked 
| 260|0x0000000726600000, 0x0000000726800000, 0x0000000726800000|100%| O|  |TAMS 0x0000000726600000| PB 0x0000000726600000| Untracked 
| 261|0x0000000726800000, 0x0000000726a00000, 0x0000000726a00000|100%| O|  |TAMS 0x0000000726800000| PB 0x0000000726800000| Untracked 
| 262|0x0000000726a00000, 0x0000000726c00000, 0x0000000726c00000|100%| O|  |TAMS 0x0000000726a00000| PB 0x0000000726a00000| Untracked 
| 263|0x0000000726c00000, 0x0000000726e00000, 0x0000000726e00000|100%| O|  |TAMS 0x0000000726c00000| PB 0x0000000726c00000| Untracked 
| 264|0x0000000726e00000, 0x0000000727000000, 0x0000000727000000|100%| O|  |TAMS 0x0000000726e00000| PB 0x0000000726e00000| Untracked 
| 265|0x0000000727000000, 0x0000000727200000, 0x0000000727200000|100%| O|  |TAMS 0x0000000727000000| PB 0x0000000727000000| Untracked 
| 266|0x0000000727200000, 0x0000000727400000, 0x0000000727400000|100%| O|  |TAMS 0x0000000727200000| PB 0x0000000727200000| Untracked 
| 267|0x0000000727400000, 0x0000000727600000, 0x0000000727600000|100%| O|  |TAMS 0x0000000727400000| PB 0x0000000727400000| Untracked 
| 268|0x0000000727600000, 0x0000000727800000, 0x0000000727800000|100%| O|  |TAMS 0x0000000727600000| PB 0x0000000727600000| Untracked 
| 269|0x0000000727800000, 0x0000000727a00000, 0x0000000727a00000|100%| O|  |TAMS 0x0000000727800000| PB 0x0000000727800000| Untracked 
| 270|0x0000000727a00000, 0x0000000727c00000, 0x0000000727c00000|100%| O|  |TAMS 0x0000000727a00000| PB 0x0000000727a00000| Untracked 
| 271|0x0000000727c00000, 0x0000000727e00000, 0x0000000727e00000|100%| O|  |TAMS 0x0000000727c00000| PB 0x0000000727c00000| Untracked 
| 272|0x0000000727e00000, 0x0000000728000000, 0x0000000728000000|100%| O|  |TAMS 0x0000000727e00000| PB 0x0000000727e00000| Untracked 
| 273|0x0000000728000000, 0x0000000728000000, 0x0000000728200000|  0%| F|  |TAMS 0x0000000728000000| PB 0x0000000728000000| Untracked 
| 274|0x0000000728200000, 0x0000000728400000, 0x0000000728400000|100%| O|  |TAMS 0x0000000728200000| PB 0x0000000728200000| Untracked 
| 275|0x0000000728400000, 0x0000000728600000, 0x0000000728600000|100%| O|  |TAMS 0x0000000728400000| PB 0x0000000728400000| Untracked 
| 276|0x0000000728600000, 0x00000007287e5fe8, 0x0000000728800000| 94%| O|  |TAMS 0x0000000728600000| PB 0x0000000728600000| Untracked 
| 277|0x0000000728800000, 0x0000000728800000, 0x0000000728a00000|  0%| F|  |TAMS 0x0000000728800000| PB 0x0000000728800000| Untracked 
| 278|0x0000000728a00000, 0x0000000728a00000, 0x0000000728c00000|  0%| F|  |TAMS 0x0000000728a00000| PB 0x0000000728a00000| Untracked 
| 279|0x0000000728c00000, 0x0000000728c00000, 0x0000000728e00000|  0%| F|  |TAMS 0x0000000728c00000| PB 0x0000000728c00000| Untracked 
| 280|0x0000000728e00000, 0x0000000728e00000, 0x0000000729000000|  0%| F|  |TAMS 0x0000000728e00000| PB 0x0000000728e00000| Untracked 
| 281|0x0000000729000000, 0x0000000729000000, 0x0000000729200000|  0%| F|  |TAMS 0x0000000729000000| PB 0x0000000729000000| Untracked 
| 282|0x0000000729200000, 0x0000000729200000, 0x0000000729400000|  0%| F|  |TAMS 0x0000000729200000| PB 0x0000000729200000| Untracked 
| 283|0x0000000729400000, 0x0000000729400000, 0x0000000729600000|  0%| F|  |TAMS 0x0000000729400000| PB 0x0000000729400000| Untracked 
| 284|0x0000000729600000, 0x0000000729600000, 0x0000000729800000|  0%| F|  |TAMS 0x0000000729600000| PB 0x0000000729600000| Untracked 
| 285|0x0000000729800000, 0x0000000729800000, 0x0000000729a00000|  0%| F|  |TAMS 0x0000000729800000| PB 0x0000000729800000| Untracked 
| 286|0x0000000729a00000, 0x0000000729a00000, 0x0000000729c00000|  0%| F|  |TAMS 0x0000000729a00000| PB 0x0000000729a00000| Untracked 
| 287|0x0000000729c00000, 0x0000000729c00000, 0x0000000729e00000|  0%| F|  |TAMS 0x0000000729c00000| PB 0x0000000729c00000| Untracked 
| 288|0x0000000729e00000, 0x0000000729e00000, 0x000000072a000000|  0%| F|  |TAMS 0x0000000729e00000| PB 0x0000000729e00000| Untracked 
| 289|0x000000072a000000, 0x000000072a000000, 0x000000072a200000|  0%| F|  |TAMS 0x000000072a000000| PB 0x000000072a000000| Untracked 
| 290|0x000000072a200000, 0x000000072a200000, 0x000000072a400000|  0%| F|  |TAMS 0x000000072a200000| PB 0x000000072a200000| Untracked 
| 291|0x000000072a400000, 0x000000072a400000, 0x000000072a600000|  0%| F|  |TAMS 0x000000072a400000| PB 0x000000072a400000| Untracked 
| 292|0x000000072a600000, 0x000000072a600000, 0x000000072a800000|  0%| F|  |TAMS 0x000000072a600000| PB 0x000000072a600000| Untracked 
| 293|0x000000072a800000, 0x000000072a800000, 0x000000072aa00000|  0%| F|  |TAMS 0x000000072a800000| PB 0x000000072a800000| Untracked 
| 294|0x000000072aa00000, 0x000000072aa00000, 0x000000072ac00000|  0%| F|  |TAMS 0x000000072aa00000| PB 0x000000072aa00000| Untracked 
| 295|0x000000072ac00000, 0x000000072ac00000, 0x000000072ae00000|  0%| F|  |TAMS 0x000000072ac00000| PB 0x000000072ac00000| Untracked 
| 296|0x000000072ae00000, 0x000000072ae00000, 0x000000072b000000|  0%| F|  |TAMS 0x000000072ae00000| PB 0x000000072ae00000| Untracked 
| 297|0x000000072b000000, 0x000000072b000000, 0x000000072b200000|  0%| F|  |TAMS 0x000000072b000000| PB 0x000000072b000000| Untracked 
| 298|0x000000072b200000, 0x000000072b200000, 0x000000072b400000|  0%| F|  |TAMS 0x000000072b200000| PB 0x000000072b200000| Untracked 
| 299|0x000000072b400000, 0x000000072b400000, 0x000000072b600000|  0%| F|  |TAMS 0x000000072b400000| PB 0x000000072b400000| Untracked 
| 300|0x000000072b600000, 0x000000072b600000, 0x000000072b800000|  0%| F|  |TAMS 0x000000072b600000| PB 0x000000072b600000| Untracked 
| 301|0x000000072b800000, 0x000000072b800000, 0x000000072ba00000|  0%| F|  |TAMS 0x000000072b800000| PB 0x000000072b800000| Untracked 
| 302|0x000000072ba00000, 0x000000072ba00000, 0x000000072bc00000|  0%| F|  |TAMS 0x000000072ba00000| PB 0x000000072ba00000| Untracked 
| 303|0x000000072bc00000, 0x000000072bc00000, 0x000000072be00000|  0%| F|  |TAMS 0x000000072bc00000| PB 0x000000072bc00000| Untracked 
| 304|0x000000072be00000, 0x000000072be00000, 0x000000072c000000|  0%| F|  |TAMS 0x000000072be00000| PB 0x000000072be00000| Untracked 
| 305|0x000000072c000000, 0x000000072c000000, 0x000000072c200000|  0%| F|  |TAMS 0x000000072c000000| PB 0x000000072c000000| Untracked 
| 306|0x000000072c200000, 0x000000072c200000, 0x000000072c400000|  0%| F|  |TAMS 0x000000072c200000| PB 0x000000072c200000| Untracked 
| 307|0x000000072c400000, 0x000000072c400000, 0x000000072c600000|  0%| F|  |TAMS 0x000000072c400000| PB 0x000000072c400000| Untracked 
| 308|0x000000072c600000, 0x000000072c600000, 0x000000072c800000|  0%| F|  |TAMS 0x000000072c600000| PB 0x000000072c600000| Untracked 
| 309|0x000000072c800000, 0x000000072c800000, 0x000000072ca00000|  0%| F|  |TAMS 0x000000072c800000| PB 0x000000072c800000| Untracked 
| 310|0x000000072ca00000, 0x000000072ca00000, 0x000000072cc00000|  0%| F|  |TAMS 0x000000072ca00000| PB 0x000000072ca00000| Untracked 
| 311|0x000000072cc00000, 0x000000072cc00000, 0x000000072ce00000|  0%| F|  |TAMS 0x000000072cc00000| PB 0x000000072cc00000| Untracked 
| 312|0x000000072ce00000, 0x000000072ce00000, 0x000000072d000000|  0%| F|  |TAMS 0x000000072ce00000| PB 0x000000072ce00000| Untracked 
| 313|0x000000072d000000, 0x000000072d000000, 0x000000072d200000|  0%| F|  |TAMS 0x000000072d000000| PB 0x000000072d000000| Untracked 
| 314|0x000000072d200000, 0x000000072d200000, 0x000000072d400000|  0%| F|  |TAMS 0x000000072d200000| PB 0x000000072d200000| Untracked 
| 315|0x000000072d400000, 0x000000072d400000, 0x000000072d600000|  0%| F|  |TAMS 0x000000072d400000| PB 0x000000072d400000| Untracked 
| 316|0x000000072d600000, 0x000000072d600000, 0x000000072d800000|  0%| F|  |TAMS 0x000000072d600000| PB 0x000000072d600000| Untracked 
| 317|0x000000072d800000, 0x000000072d800000, 0x000000072da00000|  0%| F|  |TAMS 0x000000072d800000| PB 0x000000072d800000| Untracked 
| 318|0x000000072da00000, 0x000000072da00000, 0x000000072dc00000|  0%| F|  |TAMS 0x000000072da00000| PB 0x000000072da00000| Untracked 
| 319|0x000000072dc00000, 0x000000072dc00000, 0x000000072de00000|  0%| F|  |TAMS 0x000000072dc00000| PB 0x000000072dc00000| Untracked 
| 320|0x000000072de00000, 0x000000072de00000, 0x000000072e000000|  0%| F|  |TAMS 0x000000072de00000| PB 0x000000072de00000| Untracked 
| 321|0x000000072e000000, 0x000000072e000000, 0x000000072e200000|  0%| F|  |TAMS 0x000000072e000000| PB 0x000000072e000000| Untracked 
| 322|0x000000072e200000, 0x000000072e200000, 0x000000072e400000|  0%| F|  |TAMS 0x000000072e200000| PB 0x000000072e200000| Untracked 
| 323|0x000000072e400000, 0x000000072e400000, 0x000000072e600000|  0%| F|  |TAMS 0x000000072e400000| PB 0x000000072e400000| Untracked 
| 324|0x000000072e600000, 0x000000072e600000, 0x000000072e800000|  0%| F|  |TAMS 0x000000072e600000| PB 0x000000072e600000| Untracked 
| 325|0x000000072e800000, 0x000000072e800000, 0x000000072ea00000|  0%| F|  |TAMS 0x000000072e800000| PB 0x000000072e800000| Untracked 
| 326|0x000000072ea00000, 0x000000072ea00000, 0x000000072ec00000|  0%| F|  |TAMS 0x000000072ea00000| PB 0x000000072ea00000| Untracked 
| 327|0x000000072ec00000, 0x000000072ec00000, 0x000000072ee00000|  0%| F|  |TAMS 0x000000072ec00000| PB 0x000000072ec00000| Untracked 
| 328|0x000000072ee00000, 0x000000072ee00000, 0x000000072f000000|  0%| F|  |TAMS 0x000000072ee00000| PB 0x000000072ee00000| Untracked 
| 329|0x000000072f000000, 0x000000072f000000, 0x000000072f200000|  0%| F|  |TAMS 0x000000072f000000| PB 0x000000072f000000| Untracked 
| 330|0x000000072f200000, 0x000000072f200000, 0x000000072f400000|  0%| F|  |TAMS 0x000000072f200000| PB 0x000000072f200000| Untracked 
| 331|0x000000072f400000, 0x000000072f400000, 0x000000072f600000|  0%| F|  |TAMS 0x000000072f400000| PB 0x000000072f400000| Untracked 
| 332|0x000000072f600000, 0x000000072f600000, 0x000000072f800000|  0%| F|  |TAMS 0x000000072f600000| PB 0x000000072f600000| Untracked 
| 333|0x000000072f800000, 0x000000072f800000, 0x000000072fa00000|  0%| F|  |TAMS 0x000000072f800000| PB 0x000000072f800000| Untracked 
| 334|0x000000072fa00000, 0x000000072fa00000, 0x000000072fc00000|  0%| F|  |TAMS 0x000000072fa00000| PB 0x000000072fa00000| Untracked 
| 335|0x000000072fc00000, 0x000000072fc00000, 0x000000072fe00000|  0%| F|  |TAMS 0x000000072fc00000| PB 0x000000072fc00000| Untracked 
| 336|0x000000072fe00000, 0x000000072fe00000, 0x0000000730000000|  0%| F|  |TAMS 0x000000072fe00000| PB 0x000000072fe00000| Untracked 
| 337|0x0000000730000000, 0x0000000730000000, 0x0000000730200000|  0%| F|  |TAMS 0x0000000730000000| PB 0x0000000730000000| Untracked 
| 338|0x0000000730200000, 0x0000000730200000, 0x0000000730400000|  0%| F|  |TAMS 0x0000000730200000| PB 0x0000000730200000| Untracked 
| 339|0x0000000730400000, 0x0000000730400000, 0x0000000730600000|  0%| F|  |TAMS 0x0000000730400000| PB 0x0000000730400000| Untracked 
| 340|0x0000000730600000, 0x0000000730600000, 0x0000000730800000|  0%| F|  |TAMS 0x0000000730600000| PB 0x0000000730600000| Untracked 
| 341|0x0000000730800000, 0x0000000730800000, 0x0000000730a00000|  0%| F|  |TAMS 0x0000000730800000| PB 0x0000000730800000| Untracked 
| 342|0x0000000730a00000, 0x0000000730a00000, 0x0000000730c00000|  0%| F|  |TAMS 0x0000000730a00000| PB 0x0000000730a00000| Untracked 
| 343|0x0000000730c00000, 0x0000000730c00000, 0x0000000730e00000|  0%| F|  |TAMS 0x0000000730c00000| PB 0x0000000730c00000| Untracked 
| 344|0x0000000730e00000, 0x0000000730e00000, 0x0000000731000000|  0%| F|  |TAMS 0x0000000730e00000| PB 0x0000000730e00000| Untracked 
| 345|0x0000000731000000, 0x0000000731000000, 0x0000000731200000|  0%| F|  |TAMS 0x0000000731000000| PB 0x0000000731000000| Untracked 
| 346|0x0000000731200000, 0x0000000731200000, 0x0000000731400000|  0%| F|  |TAMS 0x0000000731200000| PB 0x0000000731200000| Untracked 
| 347|0x0000000731400000, 0x0000000731400000, 0x0000000731600000|  0%| F|  |TAMS 0x0000000731400000| PB 0x0000000731400000| Untracked 
| 348|0x0000000731600000, 0x0000000731600000, 0x0000000731800000|  0%| F|  |TAMS 0x0000000731600000| PB 0x0000000731600000| Untracked 
| 349|0x0000000731800000, 0x0000000731800000, 0x0000000731a00000|  0%| F|  |TAMS 0x0000000731800000| PB 0x0000000731800000| Untracked 
| 350|0x0000000731a00000, 0x0000000731a00000, 0x0000000731c00000|  0%| F|  |TAMS 0x0000000731a00000| PB 0x0000000731a00000| Untracked 
| 351|0x0000000731c00000, 0x0000000731c00000, 0x0000000731e00000|  0%| F|  |TAMS 0x0000000731c00000| PB 0x0000000731c00000| Untracked 
| 352|0x0000000731e00000, 0x0000000731e00000, 0x0000000732000000|  0%| F|  |TAMS 0x0000000731e00000| PB 0x0000000731e00000| Untracked 
| 353|0x0000000732000000, 0x0000000732000000, 0x0000000732200000|  0%| F|  |TAMS 0x0000000732000000| PB 0x0000000732000000| Untracked 
| 354|0x0000000732200000, 0x0000000732200000, 0x0000000732400000|  0%| F|  |TAMS 0x0000000732200000| PB 0x0000000732200000| Untracked 
| 355|0x0000000732400000, 0x0000000732400000, 0x0000000732600000|  0%| F|  |TAMS 0x0000000732400000| PB 0x0000000732400000| Untracked 
| 356|0x0000000732600000, 0x0000000732600000, 0x0000000732800000|  0%| F|  |TAMS 0x0000000732600000| PB 0x0000000732600000| Untracked 
| 357|0x0000000732800000, 0x0000000732800000, 0x0000000732a00000|  0%| F|  |TAMS 0x0000000732800000| PB 0x0000000732800000| Untracked 
| 358|0x0000000732a00000, 0x0000000732a00000, 0x0000000732c00000|  0%| F|  |TAMS 0x0000000732a00000| PB 0x0000000732a00000| Untracked 
| 359|0x0000000732c00000, 0x0000000732c00000, 0x0000000732e00000|  0%| F|  |TAMS 0x0000000732c00000| PB 0x0000000732c00000| Untracked 
| 360|0x0000000732e00000, 0x0000000732e00000, 0x0000000733000000|  0%| F|  |TAMS 0x0000000732e00000| PB 0x0000000732e00000| Untracked 
| 361|0x0000000733000000, 0x0000000733000000, 0x0000000733200000|  0%| F|  |TAMS 0x0000000733000000| PB 0x0000000733000000| Untracked 
| 362|0x0000000733200000, 0x0000000733200000, 0x0000000733400000|  0%| F|  |TAMS 0x0000000733200000| PB 0x0000000733200000| Untracked 
| 363|0x0000000733400000, 0x0000000733400000, 0x0000000733600000|  0%| F|  |TAMS 0x0000000733400000| PB 0x0000000733400000| Untracked 
| 364|0x0000000733600000, 0x0000000733600000, 0x0000000733800000|  0%| F|  |TAMS 0x0000000733600000| PB 0x0000000733600000| Untracked 
| 365|0x0000000733800000, 0x0000000733800000, 0x0000000733a00000|  0%| F|  |TAMS 0x0000000733800000| PB 0x0000000733800000| Untracked 
| 366|0x0000000733a00000, 0x0000000733a00000, 0x0000000733c00000|  0%| F|  |TAMS 0x0000000733a00000| PB 0x0000000733a00000| Untracked 
| 367|0x0000000733c00000, 0x0000000733c00000, 0x0000000733e00000|  0%| F|  |TAMS 0x0000000733c00000| PB 0x0000000733c00000| Untracked 
| 368|0x0000000733e00000, 0x0000000733e00000, 0x0000000734000000|  0%| F|  |TAMS 0x0000000733e00000| PB 0x0000000733e00000| Untracked 
| 369|0x0000000734000000, 0x0000000734000000, 0x0000000734200000|  0%| F|  |TAMS 0x0000000734000000| PB 0x0000000734000000| Untracked 
| 370|0x0000000734200000, 0x0000000734200000, 0x0000000734400000|  0%| F|  |TAMS 0x0000000734200000| PB 0x0000000734200000| Untracked 
| 371|0x0000000734400000, 0x0000000734400000, 0x0000000734600000|  0%| F|  |TAMS 0x0000000734400000| PB 0x0000000734400000| Untracked 
| 372|0x0000000734600000, 0x0000000734600000, 0x0000000734800000|  0%| F|  |TAMS 0x0000000734600000| PB 0x0000000734600000| Untracked 
| 373|0x0000000734800000, 0x0000000734800000, 0x0000000734a00000|  0%| F|  |TAMS 0x0000000734800000| PB 0x0000000734800000| Untracked 
| 374|0x0000000734a00000, 0x0000000734a00000, 0x0000000734c00000|  0%| F|  |TAMS 0x0000000734a00000| PB 0x0000000734a00000| Untracked 
| 375|0x0000000734c00000, 0x0000000734c00000, 0x0000000734e00000|  0%| F|  |TAMS 0x0000000734c00000| PB 0x0000000734c00000| Untracked 
| 376|0x0000000734e00000, 0x0000000734e00000, 0x0000000735000000|  0%| F|  |TAMS 0x0000000734e00000| PB 0x0000000734e00000| Untracked 
| 377|0x0000000735000000, 0x0000000735000000, 0x0000000735200000|  0%| F|  |TAMS 0x0000000735000000| PB 0x0000000735000000| Untracked 
| 378|0x0000000735200000, 0x0000000735200000, 0x0000000735400000|  0%| F|  |TAMS 0x0000000735200000| PB 0x0000000735200000| Untracked 
| 379|0x0000000735400000, 0x0000000735400000, 0x0000000735600000|  0%| F|  |TAMS 0x0000000735400000| PB 0x0000000735400000| Untracked 
| 380|0x0000000735600000, 0x0000000735600000, 0x0000000735800000|  0%| F|  |TAMS 0x0000000735600000| PB 0x0000000735600000| Untracked 
| 381|0x0000000735800000, 0x0000000735800000, 0x0000000735a00000|  0%| F|  |TAMS 0x0000000735800000| PB 0x0000000735800000| Untracked 
| 382|0x0000000735a00000, 0x0000000735a00000, 0x0000000735c00000|  0%| F|  |TAMS 0x0000000735a00000| PB 0x0000000735a00000| Untracked 
| 383|0x0000000735c00000, 0x0000000735c00000, 0x0000000735e00000|  0%| F|  |TAMS 0x0000000735c00000| PB 0x0000000735c00000| Untracked 
| 384|0x0000000735e00000, 0x0000000735e00000, 0x0000000736000000|  0%| F|  |TAMS 0x0000000735e00000| PB 0x0000000735e00000| Untracked 
| 385|0x0000000736000000, 0x0000000736000000, 0x0000000736200000|  0%| F|  |TAMS 0x0000000736000000| PB 0x0000000736000000| Untracked 
| 386|0x0000000736200000, 0x0000000736200000, 0x0000000736400000|  0%| F|  |TAMS 0x0000000736200000| PB 0x0000000736200000| Untracked 
| 387|0x0000000736400000, 0x0000000736400000, 0x0000000736600000|  0%| F|  |TAMS 0x0000000736400000| PB 0x0000000736400000| Untracked 
| 388|0x0000000736600000, 0x0000000736600000, 0x0000000736800000|  0%| F|  |TAMS 0x0000000736600000| PB 0x0000000736600000| Untracked 
| 389|0x0000000736800000, 0x0000000736800000, 0x0000000736a00000|  0%| F|  |TAMS 0x0000000736800000| PB 0x0000000736800000| Untracked 
| 390|0x0000000736a00000, 0x0000000736a00000, 0x0000000736c00000|  0%| F|  |TAMS 0x0000000736a00000| PB 0x0000000736a00000| Untracked 
| 391|0x0000000736c00000, 0x0000000736c00000, 0x0000000736e00000|  0%| F|  |TAMS 0x0000000736c00000| PB 0x0000000736c00000| Untracked 
| 392|0x0000000736e00000, 0x0000000736e00000, 0x0000000737000000|  0%| F|  |TAMS 0x0000000736e00000| PB 0x0000000736e00000| Untracked 
| 393|0x0000000737000000, 0x0000000737000000, 0x0000000737200000|  0%| F|  |TAMS 0x0000000737000000| PB 0x0000000737000000| Untracked 
| 394|0x0000000737200000, 0x0000000737200000, 0x0000000737400000|  0%| F|  |TAMS 0x0000000737200000| PB 0x0000000737200000| Untracked 
| 395|0x0000000737400000, 0x0000000737400000, 0x0000000737600000|  0%| F|  |TAMS 0x0000000737400000| PB 0x0000000737400000| Untracked 
| 396|0x0000000737600000, 0x0000000737600000, 0x0000000737800000|  0%| F|  |TAMS 0x0000000737600000| PB 0x0000000737600000| Untracked 
| 397|0x0000000737800000, 0x0000000737800000, 0x0000000737a00000|  0%| F|  |TAMS 0x0000000737800000| PB 0x0000000737800000| Untracked 
| 398|0x0000000737a00000, 0x0000000737a00000, 0x0000000737c00000|  0%| F|  |TAMS 0x0000000737a00000| PB 0x0000000737a00000| Untracked 
| 399|0x0000000737c00000, 0x0000000737c00000, 0x0000000737e00000|  0%| F|  |TAMS 0x0000000737c00000| PB 0x0000000737c00000| Untracked 
| 400|0x0000000737e00000, 0x0000000738000000, 0x0000000738000000|100%| S|CS|TAMS 0x0000000737e00000| PB 0x0000000737e00000| Complete 
| 401|0x0000000738000000, 0x0000000738200000, 0x0000000738200000|100%| S|CS|TAMS 0x0000000738000000| PB 0x0000000738000000| Complete 
| 402|0x0000000738200000, 0x0000000738400000, 0x0000000738400000|100%| S|CS|TAMS 0x0000000738200000| PB 0x0000000738200000| Complete 
| 403|0x0000000738400000, 0x0000000738600000, 0x0000000738600000|100%| S|CS|TAMS 0x0000000738400000| PB 0x0000000738400000| Complete 
| 404|0x0000000738600000, 0x0000000738800000, 0x0000000738800000|100%| S|CS|TAMS 0x0000000738600000| PB 0x0000000738600000| Complete 
| 405|0x0000000738800000, 0x0000000738a00000, 0x0000000738a00000|100%| S|CS|TAMS 0x0000000738800000| PB 0x0000000738800000| Complete 
| 406|0x0000000738a00000, 0x0000000738c00000, 0x0000000738c00000|100%| S|CS|TAMS 0x0000000738a00000| PB 0x0000000738a00000| Complete 
| 407|0x0000000738c00000, 0x0000000738e00000, 0x0000000738e00000|100%| S|CS|TAMS 0x0000000738c00000| PB 0x0000000738c00000| Complete 
| 408|0x0000000738e00000, 0x0000000739000000, 0x0000000739000000|100%| S|CS|TAMS 0x0000000738e00000| PB 0x0000000738e00000| Complete 
| 409|0x0000000739000000, 0x0000000739000000, 0x0000000739200000|  0%| F|  |TAMS 0x0000000739000000| PB 0x0000000739000000| Untracked 
| 410|0x0000000739200000, 0x0000000739200000, 0x0000000739400000|  0%| F|  |TAMS 0x0000000739200000| PB 0x0000000739200000| Untracked 
| 411|0x0000000739400000, 0x0000000739400000, 0x0000000739600000|  0%| F|  |TAMS 0x0000000739400000| PB 0x0000000739400000| Untracked 
| 412|0x0000000739600000, 0x0000000739600000, 0x0000000739800000|  0%| F|  |TAMS 0x0000000739600000| PB 0x0000000739600000| Untracked 
| 413|0x0000000739800000, 0x0000000739800000, 0x0000000739a00000|  0%| F|  |TAMS 0x0000000739800000| PB 0x0000000739800000| Untracked 
| 414|0x0000000739a00000, 0x0000000739a00000, 0x0000000739c00000|  0%| F|  |TAMS 0x0000000739a00000| PB 0x0000000739a00000| Untracked 
| 415|0x0000000739c00000, 0x0000000739c00000, 0x0000000739e00000|  0%| F|  |TAMS 0x0000000739c00000| PB 0x0000000739c00000| Untracked 
| 416|0x0000000739e00000, 0x0000000739e00000, 0x000000073a000000|  0%| F|  |TAMS 0x0000000739e00000| PB 0x0000000739e00000| Untracked 
| 417|0x000000073a000000, 0x000000073a100000, 0x000000073a200000| 50%| E|  |TAMS 0x000000073a000000| PB 0x000000073a000000| Complete 
| 418|0x000000073a200000, 0x000000073a400000, 0x000000073a400000|100%| E|CS|TAMS 0x000000073a200000| PB 0x000000073a200000| Complete 
| 419|0x000000073a400000, 0x000000073a600000, 0x000000073a600000|100%| E|CS|TAMS 0x000000073a400000| PB 0x000000073a400000| Complete 
| 420|0x000000073a600000, 0x000000073a800000, 0x000000073a800000|100%| E|CS|TAMS 0x000000073a600000| PB 0x000000073a600000| Complete 
| 421|0x000000073a800000, 0x000000073aa00000, 0x000000073aa00000|100%| E|CS|TAMS 0x000000073a800000| PB 0x000000073a800000| Complete 
| 422|0x000000073aa00000, 0x000000073ac00000, 0x000000073ac00000|100%| E|CS|TAMS 0x000000073aa00000| PB 0x000000073aa00000| Complete 
| 423|0x000000073ac00000, 0x000000073ae00000, 0x000000073ae00000|100%| E|CS|TAMS 0x000000073ac00000| PB 0x000000073ac00000| Complete 
| 424|0x000000073ae00000, 0x000000073b000000, 0x000000073b000000|100%| E|CS|TAMS 0x000000073ae00000| PB 0x000000073ae00000| Complete 
| 425|0x000000073b000000, 0x000000073b200000, 0x000000073b200000|100%| E|CS|TAMS 0x000000073b000000| PB 0x000000073b000000| Complete 
| 426|0x000000073b200000, 0x000000073b400000, 0x000000073b400000|100%| E|CS|TAMS 0x000000073b200000| PB 0x000000073b200000| Complete 
| 427|0x000000073b400000, 0x000000073b600000, 0x000000073b600000|100%| E|CS|TAMS 0x000000073b400000| PB 0x000000073b400000| Complete 
| 428|0x000000073b600000, 0x000000073b800000, 0x000000073b800000|100%| E|CS|TAMS 0x000000073b600000| PB 0x000000073b600000| Complete 
| 429|0x000000073b800000, 0x000000073ba00000, 0x000000073ba00000|100%| E|CS|TAMS 0x000000073b800000| PB 0x000000073b800000| Complete 
| 430|0x000000073ba00000, 0x000000073bc00000, 0x000000073bc00000|100%| E|CS|TAMS 0x000000073ba00000| PB 0x000000073ba00000| Complete 
| 431|0x000000073bc00000, 0x000000073be00000, 0x000000073be00000|100%| E|CS|TAMS 0x000000073bc00000| PB 0x000000073bc00000| Complete 
| 432|0x000000073be00000, 0x000000073c000000, 0x000000073c000000|100%| E|CS|TAMS 0x000000073be00000| PB 0x000000073be00000| Complete 
| 433|0x000000073c000000, 0x000000073c200000, 0x000000073c200000|100%| E|CS|TAMS 0x000000073c000000| PB 0x000000073c000000| Complete 
| 434|0x000000073c200000, 0x000000073c400000, 0x000000073c400000|100%| E|CS|TAMS 0x000000073c200000| PB 0x000000073c200000| Complete 
| 435|0x000000073c400000, 0x000000073c600000, 0x000000073c600000|100%| E|CS|TAMS 0x000000073c400000| PB 0x000000073c400000| Complete 
| 436|0x000000073c600000, 0x000000073c800000, 0x000000073c800000|100%| E|CS|TAMS 0x000000073c600000| PB 0x000000073c600000| Complete 
| 437|0x000000073c800000, 0x000000073ca00000, 0x000000073ca00000|100%| E|CS|TAMS 0x000000073c800000| PB 0x000000073c800000| Complete 
| 438|0x000000073ca00000, 0x000000073cc00000, 0x000000073cc00000|100%| E|CS|TAMS 0x000000073ca00000| PB 0x000000073ca00000| Complete 
| 439|0x000000073cc00000, 0x000000073ce00000, 0x000000073ce00000|100%| E|CS|TAMS 0x000000073cc00000| PB 0x000000073cc00000| Complete 
| 440|0x000000073ce00000, 0x000000073d000000, 0x000000073d000000|100%| E|CS|TAMS 0x000000073ce00000| PB 0x000000073ce00000| Complete 
| 441|0x000000073d000000, 0x000000073d200000, 0x000000073d200000|100%| E|CS|TAMS 0x000000073d000000| PB 0x000000073d000000| Complete 
| 442|0x000000073d200000, 0x000000073d400000, 0x000000073d400000|100%| E|CS|TAMS 0x000000073d200000| PB 0x000000073d200000| Complete 
| 443|0x000000073d400000, 0x000000073d600000, 0x000000073d600000|100%| E|CS|TAMS 0x000000073d400000| PB 0x000000073d400000| Complete 
| 444|0x000000073d600000, 0x000000073d800000, 0x000000073d800000|100%| E|CS|TAMS 0x000000073d600000| PB 0x000000073d600000| Complete 
| 445|0x000000073d800000, 0x000000073da00000, 0x000000073da00000|100%| E|CS|TAMS 0x000000073d800000| PB 0x000000073d800000| Complete 
| 446|0x000000073da00000, 0x000000073dc00000, 0x000000073dc00000|100%| E|CS|TAMS 0x000000073da00000| PB 0x000000073da00000| Complete 
| 447|0x000000073dc00000, 0x000000073de00000, 0x000000073de00000|100%| E|CS|TAMS 0x000000073dc00000| PB 0x000000073dc00000| Complete 
| 448|0x000000073de00000, 0x000000073e000000, 0x000000073e000000|100%| E|CS|TAMS 0x000000073de00000| PB 0x000000073de00000| Complete 
| 449|0x000000073e000000, 0x000000073e200000, 0x000000073e200000|100%| E|CS|TAMS 0x000000073e000000| PB 0x000000073e000000| Complete 
| 450|0x000000073e200000, 0x000000073e400000, 0x000000073e400000|100%| E|CS|TAMS 0x000000073e200000| PB 0x000000073e200000| Complete 
| 451|0x000000073e400000, 0x000000073e600000, 0x000000073e600000|100%| E|CS|TAMS 0x000000073e400000| PB 0x000000073e400000| Complete 
| 452|0x000000073e600000, 0x000000073e800000, 0x000000073e800000|100%| E|CS|TAMS 0x000000073e600000| PB 0x000000073e600000| Complete 
|2000|0x00000007ffe00000, 0x0000000800000000, 0x0000000800000000|100%| O|  |TAMS 0x00000007ffe00000| PB 0x00000007ffe00000| Untracked 

Card table byte_map: [0x000001aa246b0000,0x000001aa24e90000] _byte_map_base: 0x000001aa20e81000

Marking Bits: (CMBitMap*) 0x000001aa0b51b3b0
 Bits: [0x000001aa24e90000, 0x000001aa28d18000)

Polling page: 0x000001aa09350000

Metaspace:

Usage:
  Non-class:     73.40 MB used.
      Class:      8.87 MB used.
       Both:     82.26 MB used.

Virtual space:
  Non-class space:      128.00 MB reserved,      74.00 MB ( 58%) committed,  2 nodes.
      Class space:        1.00 GB reserved,       9.44 MB ( <1%) committed,  1 nodes.
             Both:        1.12 GB reserved,      83.44 MB (  7%) committed. 

Chunk freelists:
   Non-Class:  5.70 MB
       Class:  6.53 MB
        Both:  12.23 MB

MaxMetaspaceSize: unlimited
CompressedClassSpaceSize: 1.00 GB
Initial GC threshold: 21.00 MB
Current GC threshold: 139.06 MB
CDS: on
 - commit_granule_bytes: 65536.
 - commit_granule_words: 8192.
 - virtual_space_node_default_size: 8388608.
 - enlarge_chunks_in_place: 1.
 - use_allocation_guard: 0.


Internal statistics:

num_allocs_failed_limit: 6.
num_arena_births: 2096.
num_arena_deaths: 0.
num_vsnodes_births: 3.
num_vsnodes_deaths: 0.
num_space_committed: 1332.
num_space_uncommitted: 0.
num_chunks_returned_to_freelist: 6.
num_chunks_taken_from_freelist: 5484.
num_chunk_merges: 6.
num_chunk_splits: 3909.
num_chunks_enlarged: 2828.
num_inconsistent_stats: 0.

CodeHeap 'non-profiled nmethods': size=118848Kb used=20019Kb max_used=20368Kb free=98828Kb
 bounds [0x000001aa1b780000, 0x000001aa1cb80000, 0x000001aa22b90000]
CodeHeap 'profiled nmethods': size=118848Kb used=42254Kb max_used=53612Kb free=76594Kb
 bounds [0x000001aa13b90000, 0x000001aa16ff0000, 0x000001aa1afa0000]
CodeHeap 'non-nmethods': size=8064Kb used=4011Kb max_used=4098Kb free=4053Kb
 bounds [0x000001aa1afa0000, 0x000001aa1b420000, 0x000001aa1b780000]
 total_blobs=15778 nmethods=15012 adapters=663
 compilation: enabled
              stopped_count=0, restarted_count=0
 full_count=0

Compilation events (20 events):
Event: 41.431 Thread 0x000001aa7df2ce20 nmethod 23680 0x000001aa1bc98710 code [0x000001aa1bc988a0, 0x000001aa1bc98a20]
Event: 41.438 Thread 0x000001aa7d1b44d0 nmethod 23665 0x000001aa1c82dc90 code [0x000001aa1c82e340, 0x000001aa1c8314b8]
Event: 41.438 Thread 0x000001aa7d1b44d0 23681       4       org.jetbrains.kotlin.types.FlexibleTypeImpl::substitutionResult (68 bytes)
Event: 41.446 Thread 0x000001aa7df2ce20 23682       4       org.jetbrains.kotlin.load.java.lazy.descriptors.LazyJavaClassDescriptor::<init> (588 bytes)
Event: 41.452 Thread 0x000001aa7d1b44d0 nmethod 23681 0x000001aa1c0a5610 code [0x000001aa1c0a5880, 0x000001aa1c0a6408]
Event: 41.453 Thread 0x000001aa7d1b44d0 23683       4       org.jetbrains.kotlin.load.java.structure.impl.JavaClassImpl::isEnum (13 bytes)
Event: 41.456 Thread 0x000001aa7d1b44d0 nmethod 23683 0x000001aa1c0a4d90 code [0x000001aa1c0a4f80, 0x000001aa1c0a52c8]
Event: 41.477 Thread 0x000001aa00bd21d0 23684       3       org.jetbrains.kotlin.load.java.structure.impl.JavaClassImpl::isFinal (8 bytes)
Event: 41.477 Thread 0x000001aa00bd21d0 nmethod 23684 0x000001aa143c1890 code [0x000001aa143c1a80, 0x000001aa143c1fb8]
Event: 41.480 Thread 0x000001aa7d1b44d0 23685       4       org.jetbrains.kotlin.load.java.lazy.descriptors.LazyJavaClassDescriptor$$Lambda/0x000001aa2e776be8::invoke (12 bytes)
Event: 41.480 Thread 0x000001aa2b256350 nmethod 23678 0x000001aa1c021f10 code [0x000001aa1c022480, 0x000001aa1c025bb0]
Event: 41.481 Thread 0x000001aa7d1b44d0 nmethod 23685 0x000001aa1c735610 code [0x000001aa1c7357c0, 0x000001aa1c7359d0]
Event: 41.492 Thread 0x000001aa7d1b44d0 23686       4       org.jetbrains.kotlin.load.java.lazy.descriptors.LazyJavaAnnotationDescriptor::<init> (157 bytes)
Event: 41.496 Thread 0x000001aa2b256350 23687       4       org.jetbrains.kotlin.types.DescriptorSubstitutor::substituteTypeParameters (68 bytes)
Event: 41.497 Thread 0x000001aa2b256350 nmethod 23687 0x000001aa1c556090 code [0x000001aa1c556240, 0x000001aa1c5563a8]
Event: 41.497 Thread 0x000001aa2b256350 23688       4       org.jetbrains.kotlin.load.java.descriptors.JavaPropertyDescriptor::<init> (104 bytes)
Event: 41.499 Thread 0x000001aa2b256350 nmethod 23688 0x000001aa1c0c7c90 code [0x000001aa1c0c7e40, 0x000001aa1c0c8298]
Event: 41.499 Thread 0x000001aa2b256350 23689       4       org.jetbrains.kotlin.resolve.OverridingUtil$3::invoke (9 bytes)
Event: 41.500 Thread 0x000001aa2b256350 nmethod 23689 0x000001aa1b9df610 code [0x000001aa1b9df7a0, 0x000001aa1b9df8e8]
Event: 41.505 Thread 0x000001aa2b256350 23690       4       org.jetbrains.kotlin.descriptors.impl.PropertyDescriptorImpl::doSubstitute (795 bytes)

GC Heap History (20 events):
Event: 34.358 GC heap before
{Heap before GC invocations=54 (full 0):
 garbage-first heap   total 479232K, used 410205K [0x0000000705e00000, 0x0000000800000000)
  region size 2048K, 57 young (116736K), 5 survivors (10240K)
 Metaspace       used 82701K, committed 83648K, reserved 1179648K
  class space    used 8944K, committed 9408K, reserved 1048576K
}
Event: 34.385 GC heap after
{Heap after GC invocations=55 (full 0):
 garbage-first heap   total 479232K, used 328938K [0x0000000705e00000, 0x0000000800000000)
  region size 2048K, 8 young (16384K), 8 survivors (16384K)
 Metaspace       used 82701K, committed 83648K, reserved 1179648K
  class space    used 8944K, committed 9408K, reserved 1048576K
}
Event: 34.953 GC heap before
{Heap before GC invocations=55 (full 0):
 garbage-first heap   total 479232K, used 419050K [0x0000000705e00000, 0x0000000800000000)
  region size 2048K, 52 young (106496K), 8 survivors (16384K)
 Metaspace       used 82823K, committed 83776K, reserved 1179648K
  class space    used 8947K, committed 9408K, reserved 1048576K
}
Event: 34.964 GC heap after
{Heap after GC invocations=56 (full 0):
 garbage-first heap   total 575488K, used 353895K [0x0000000705e00000, 0x0000000800000000)
  region size 2048K, 7 young (14336K), 7 survivors (14336K)
 Metaspace       used 82823K, committed 83776K, reserved 1179648K
  class space    used 8947K, committed 9408K, reserved 1048576K
}
Event: 36.222 GC heap before
{Heap before GC invocations=57 (full 0):
 garbage-first heap   total 591872K, used 484967K [0x0000000705e00000, 0x0000000800000000)
  region size 2048K, 71 young (145408K), 7 survivors (14336K)
 Metaspace       used 83538K, committed 84800K, reserved 1179648K
  class space    used 9058K, committed 9664K, reserved 1048576K
}
Event: 36.240 GC heap after
{Heap after GC invocations=58 (full 0):
 garbage-first heap   total 591872K, used 384995K [0x0000000705e00000, 0x0000000800000000)
  region size 2048K, 9 young (18432K), 9 survivors (18432K)
 Metaspace       used 83538K, committed 84800K, reserved 1179648K
  class space    used 9058K, committed 9664K, reserved 1048576K
}
Event: 36.890 GC heap before
{Heap before GC invocations=58 (full 0):
 garbage-first heap   total 591872K, used 507875K [0x0000000705e00000, 0x0000000800000000)
  region size 2048K, 69 young (141312K), 9 survivors (18432K)
 Metaspace       used 83726K, committed 84992K, reserved 1179648K
  class space    used 9060K, committed 9664K, reserved 1048576K
}
Event: 36.904 GC heap after
{Heap after GC invocations=59 (full 0):
 garbage-first heap   total 591872K, used 416785K [0x0000000705e00000, 0x0000000800000000)
  region size 2048K, 9 young (18432K), 9 survivors (18432K)
 Metaspace       used 83726K, committed 84992K, reserved 1179648K
  class space    used 9060K, committed 9664K, reserved 1048576K
}
Event: 37.684 GC heap before
{Heap before GC invocations=59 (full 0):
 garbage-first heap   total 591872K, used 523281K [0x0000000705e00000, 0x0000000800000000)
  region size 2048K, 61 young (124928K), 9 survivors (18432K)
 Metaspace       used 83941K, committed 85184K, reserved 1179648K
  class space    used 9072K, committed 9664K, reserved 1048576K
}
Event: 37.697 GC heap after
{Heap after GC invocations=60 (full 0):
 garbage-first heap   total 591872K, used 443326K [0x0000000705e00000, 0x0000000800000000)
  region size 2048K, 8 young (16384K), 8 survivors (16384K)
 Metaspace       used 83941K, committed 85184K, reserved 1179648K
  class space    used 9072K, committed 9664K, reserved 1048576K
}
Event: 38.181 GC heap before
{Heap before GC invocations=61 (full 0):
 garbage-first heap   total 741376K, used 533438K [0x0000000705e00000, 0x0000000800000000)
  region size 2048K, 52 young (106496K), 8 survivors (16384K)
 Metaspace       used 83973K, committed 85184K, reserved 1179648K
  class space    used 9072K, committed 9664K, reserved 1048576K
}
Event: 38.193 GC heap after
{Heap after GC invocations=62 (full 0):
 garbage-first heap   total 741376K, used 462674K [0x0000000705e00000, 0x0000000800000000)
  region size 2048K, 7 young (14336K), 7 survivors (14336K)
 Metaspace       used 83973K, committed 85184K, reserved 1179648K
  class space    used 9072K, committed 9664K, reserved 1048576K
}
Event: 39.170 GC heap before
{Heap before GC invocations=62 (full 0):
 garbage-first heap   total 741376K, used 628562K [0x0000000705e00000, 0x0000000800000000)
  region size 2048K, 88 young (180224K), 7 survivors (14336K)
 Metaspace       used 84089K, committed 85312K, reserved 1179648K
  class space    used 9080K, committed 9664K, reserved 1048576K
}
Event: 39.182 GC heap after
{Heap after GC invocations=63 (full 0):
 garbage-first heap   total 741376K, used 491163K [0x0000000705e00000, 0x0000000800000000)
  region size 2048K, 11 young (22528K), 11 survivors (22528K)
 Metaspace       used 84089K, committed 85312K, reserved 1179648K
  class space    used 9080K, committed 9664K, reserved 1048576K
}
Event: 39.939 GC heap before
{Heap before GC invocations=63 (full 0):
 garbage-first heap   total 741376K, used 646811K [0x0000000705e00000, 0x0000000800000000)
  region size 2048K, 87 young (178176K), 11 survivors (22528K)
 Metaspace       used 84177K, committed 85376K, reserved 1179648K
  class space    used 9081K, committed 9664K, reserved 1048576K
}
Event: 39.960 GC heap after
{Heap after GC invocations=64 (full 0):
 garbage-first heap   total 741376K, used 526336K [0x0000000705e00000, 0x0000000800000000)
  region size 2048K, 11 young (22528K), 11 survivors (22528K)
 Metaspace       used 84177K, committed 85376K, reserved 1179648K
  class space    used 9081K, committed 9664K, reserved 1048576K
}
Event: 40.527 GC heap before
{Heap before GC invocations=64 (full 0):
 garbage-first heap   total 741376K, used 663552K [0x0000000705e00000, 0x0000000800000000)
  region size 2048K, 78 young (159744K), 11 survivors (22528K)
 Metaspace       used 84193K, committed 85440K, reserved 1179648K
  class space    used 9081K, committed 9664K, reserved 1048576K
}
Event: 40.538 GC heap after
{Heap after GC invocations=65 (full 0):
 garbage-first heap   total 741376K, used 556083K [0x0000000705e00000, 0x0000000800000000)
  region size 2048K, 10 young (20480K), 10 survivors (20480K)
 Metaspace       used 84193K, committed 85440K, reserved 1179648K
  class space    used 9081K, committed 9664K, reserved 1048576K
}
Event: 41.186 GC heap before
{Heap before GC invocations=66 (full 0):
 garbage-first heap   total 929792K, used 670771K [0x0000000705e00000, 0x0000000800000000)
  region size 2048K, 66 young (135168K), 10 survivors (20480K)
 Metaspace       used 84215K, committed 85440K, reserved 1179648K
  class space    used 9081K, committed 9664K, reserved 1048576K
}
Event: 41.202 GC heap after
{Heap after GC invocations=67 (full 0):
 garbage-first heap   total 929792K, used 585623K [0x0000000705e00000, 0x0000000800000000)
  region size 2048K, 9 young (18432K), 9 survivors (18432K)
 Metaspace       used 84215K, committed 85440K, reserved 1179648K
  class space    used 9081K, committed 9664K, reserved 1048576K
}

Dll operation events (8 events):
Event: 0.005 Loaded shared library D:\jdk_21.0.7.6\bin\java.dll
Event: 0.030 Loaded shared library D:\jdk_21.0.7.6\bin\jsvml.dll
Event: 0.056 Loaded shared library D:\jdk_21.0.7.6\bin\net.dll
Event: 0.059 Loaded shared library D:\jdk_21.0.7.6\bin\nio.dll
Event: 0.062 Loaded shared library D:\jdk_21.0.7.6\bin\zip.dll
Event: 0.129 Loaded shared library D:\jdk_21.0.7.6\bin\jimage.dll
Event: 0.953 Loaded shared library D:\jdk_21.0.7.6\bin\verify.dll
Event: 1.941 Loaded shared library C:\Users\ASUS\AppData\Local\Temp\sqlite-3.41.2.1-2bad8557-8157-4b4c-8c1f-a7896b4c3d20-sqlitejdbc.dll

Deoptimization events (20 events):
Event: 41.360 Thread 0x000001aa723fcd40 Uncommon trap: trap_request=0xffffffc6 fr.pc=0x000001aa1be2ce44 relative=0x0000000000000a04
Event: 41.360 Thread 0x000001aa723fcd40 Uncommon trap: reason=bimorphic_or_optimized_type_check action=maybe_recompile pc=0x000001aa1be2ce44 method=it.unimi.dsi.fastutil.objects.ObjectOpenHashSet.add(Ljava/lang/Object;)Z @ 51 c2
Event: 41.360 Thread 0x000001aa723fcd40 DEOPT PACKING pc=0x000001aa1be2ce44 sp=0x0000008ca17fcee0
Event: 41.360 Thread 0x000001aa723fcd40 DEOPT UNPACKING pc=0x000001aa1aff46a2 sp=0x0000008ca17fce90 mode 2
Event: 41.360 Thread 0x000001aa723fcd40 Uncommon trap: trap_request=0xffffff45 fr.pc=0x000001aa1c85efb8 relative=0x0000000000000458
Event: 41.360 Thread 0x000001aa723fcd40 Uncommon trap: reason=unstable_if action=reinterpret pc=0x000001aa1c85efb8 method=org.jetbrains.kotlin.resolve.DescriptorEquivalenceForOverrides.areCallableDescriptorsEquivalent(Lorg/jetbrains/kotlin/descriptors/CallableDescriptor;Lorg/jetbrains/kotlin/de
Event: 41.360 Thread 0x000001aa723fcd40 DEOPT PACKING pc=0x000001aa1c85efb8 sp=0x0000008ca17fcc80
Event: 41.360 Thread 0x000001aa723fcd40 DEOPT UNPACKING pc=0x000001aa1aff46a2 sp=0x0000008ca17fcc68 mode 2
Event: 41.363 Thread 0x000001aa723fcd40 Uncommon trap: trap_request=0xffffffde fr.pc=0x000001aa1c6e0e14 relative=0x000000000000a414
Event: 41.363 Thread 0x000001aa723fcd40 Uncommon trap: reason=class_check action=maybe_recompile pc=0x000001aa1c6e0e14 method=org.jetbrains.kotlin.resolve.calls.tower.PSICallResolver.resolveReceiver(Lorg/jetbrains/kotlin/resolve/calls/context/BasicCallResolutionContext;Lorg/jetbrains/kotlin/res
Event: 41.363 Thread 0x000001aa723fcd40 DEOPT PACKING pc=0x000001aa1c6e0e14 sp=0x0000008ca17f9a20
Event: 41.363 Thread 0x000001aa723fcd40 DEOPT UNPACKING pc=0x000001aa1aff46a2 sp=0x0000008ca17f9990 mode 2
Event: 41.363 Thread 0x000001aa723fcd40 Uncommon trap: trap_request=0xffffffde fr.pc=0x000001aa1c69c278 relative=0x0000000000005f18
Event: 41.363 Thread 0x000001aa723fcd40 Uncommon trap: reason=class_check action=maybe_recompile pc=0x000001aa1c69c278 method=org.jetbrains.kotlin.resolve.calls.tower.ScopeTowerProcessorsKt.createProcessorWithReceiverValueOrEmpty(Lorg/jetbrains/kotlin/resolve/scopes/receivers/DetailedReceiver;L
Event: 41.363 Thread 0x000001aa723fcd40 DEOPT PACKING pc=0x000001aa1c69c278 sp=0x0000008ca17f9aa0
Event: 41.363 Thread 0x000001aa723fcd40 DEOPT UNPACKING pc=0x000001aa1aff46a2 sp=0x0000008ca17f99d8 mode 2
Event: 41.388 Thread 0x000001aa723fcd40 Uncommon trap: trap_request=0xffffffde fr.pc=0x000001aa1bb7e934 relative=0x00000000000010b4
Event: 41.388 Thread 0x000001aa723fcd40 Uncommon trap: reason=class_check action=maybe_recompile pc=0x000001aa1bb7e934 method=org.jetbrains.kotlin.cfg.ControlFlowProcessor$CFPVisitor.visitSimpleNameExpression(Lorg/jetbrains/kotlin/psi/KtSimpleNameExpression;)V @ 150 c2
Event: 41.388 Thread 0x000001aa723fcd40 DEOPT PACKING pc=0x000001aa1bb7e934 sp=0x0000008ca17fca20
Event: 41.388 Thread 0x000001aa723fcd40 DEOPT UNPACKING pc=0x000001aa1aff46a2 sp=0x0000008ca17fc9f8 mode 2

Classes loaded (20 events):
Event: 17.268 Loading class java/util/stream/ReferencePipeline$StatefulOp done
Event: 17.268 Loading class java/util/stream/SliceOps$1 done
Event: 17.270 Loading class java/util/stream/Nodes$SpinedNodeBuilder
Event: 17.273 Loading class java/util/stream/Nodes$SpinedNodeBuilder done
Event: 17.274 Loading class java/util/stream/SliceOps$1$1
Event: 17.274 Loading class java/util/stream/SliceOps$1$1 done
Event: 19.450 Loading class java/util/function/IntBinaryOperator
Event: 19.451 Loading class java/util/function/IntBinaryOperator done
Event: 19.617 Loading class java/beans/PropertyChangeSupport
Event: 19.618 Loading class java/beans/PropertyChangeSupport done
Event: 19.618 Loading class java/beans/PropertyChangeSupport$PropertyChangeListenerMap
Event: 19.618 Loading class java/beans/ChangeListenerMap
Event: 19.619 Loading class java/beans/ChangeListenerMap done
Event: 19.619 Loading class java/beans/PropertyChangeSupport$PropertyChangeListenerMap done
Event: 19.619 Loading class java/beans/PropertyChangeListener
Event: 19.619 Loading class java/beans/PropertyChangeListener done
Event: 19.708 Loading class java/util/concurrent/locks/ReentrantReadWriteLock$Sync$HoldCounter
Event: 19.709 Loading class java/util/concurrent/locks/ReentrantReadWriteLock$Sync$HoldCounter done
Event: 27.799 Loading class jdk/internal/math/FDBigInteger
Event: 27.800 Loading class jdk/internal/math/FDBigInteger done

Classes unloaded (0 events):
No events

Classes redefined (0 events):
No events

Internal exceptions (20 events):
Event: 19.458 Thread 0x000001aa7273ac90 Exception <a 'java/lang/NoSuchMethodError'{0x000000070c8e0d30}: 'int java.lang.invoke.DirectMethodHandle$Holder.invokeSpecialIFC(java.lang.Object, java.lang.Object, java.lang.Object)'> (0x000000070c8e0d30) 
thrown [s\src\hotspot\share\interpreter\linkResolver.cpp, line 773]
Event: 20.521 Thread 0x000001aa723fcd40 Exception <a 'java/lang/NoSuchMethodError'{0x000000070f050bd8}: 'java.lang.Object java.lang.invoke.DirectMethodHandle$Holder.newInvokeSpecial(java.lang.Object, java.lang.Object, java.lang.Object, java.lang.Object, java.lang.Object, java.lang.Object, java.lang.Object, int, java.lang.Object)'> (0x000000070f050bd8) 
thrown [s\src\hotspot\share\interpreter\linkResolver.cpp, line 773]
Event: 21.215 Thread 0x000001aa723fcd40 Implicit null exception at 0x000001aa1bdf891b to 0x000001aa1bdf91ec
Event: 22.632 Thread 0x000001aa723fcd40 Implicit null exception at 0x000001aa1bab0de8 to 0x000001aa1bab5e80
Event: 22.781 Thread 0x000001aa7c946440 Implicit null exception at 0x000001aa1b8c617b to 0x000001aa1b8c6a28
Event: 23.883 Thread 0x000001aa723fcd40 Implicit null exception at 0x000001aa1be58abd to 0x000001aa1be58e14
Event: 24.793 Thread 0x000001aa723fcd40 Implicit null exception at 0x000001aa1b851784 to 0x000001aa1b851b58
Event: 26.388 Thread 0x000001aa723fcd40 Implicit null exception at 0x000001aa1c150979 to 0x000001aa1c1527c8
Event: 26.685 Thread 0x000001aa723fcd40 Implicit null exception at 0x000001aa1c0677e6 to 0x000001aa1c069acc
Event: 26.696 Thread 0x000001aa723fcd40 Implicit null exception at 0x000001aa1c0677e6 to 0x000001aa1c069acc
Event: 28.889 Thread 0x000001aa723fcd40 Implicit null exception at 0x000001aa1c0677e6 to 0x000001aa1c069acc
Event: 28.930 Thread 0x000001aa723fcd40 Implicit null exception at 0x000001aa1c0677e6 to 0x000001aa1c069acc
Event: 35.860 Thread 0x000001aa723fcd40 Implicit null exception at 0x000001aa1c7833df to 0x000001aa1c783dcc
Event: 36.713 Thread 0x000001aa723fcd40 Implicit null exception at 0x000001aa1bf1a4e0 to 0x000001aa1bf1ad9c
Event: 36.713 Thread 0x000001aa723fcd40 Implicit null exception at 0x000001aa1b94b8e0 to 0x000001aa1b94b9a0
Event: 38.906 Thread 0x000001aa723fcd40 Implicit null exception at 0x000001aa1c1e2f6b to 0x000001aa1c1e43c8
Event: 39.138 Thread 0x000001aa723fcd40 Implicit null exception at 0x000001aa1c5f3661 to 0x000001aa1c5f42f8
Event: 40.732 Thread 0x000001aa723fcd40 Implicit null exception at 0x000001aa1ba0b66f to 0x000001aa1ba0b830
Event: 41.356 Thread 0x000001aa723fcd40 Implicit null exception at 0x000001aa1c609e63 to 0x000001aa1c60d784
Event: 41.356 Thread 0x000001aa723fcd40 Implicit null exception at 0x000001aa1c5b1b67 to 0x000001aa1c5b1c72

ZGC Phase Switch (0 events):
No events

VM Operations (20 events):
Event: 38.670 Executing VM operation: ICBufferFull
Event: 38.670 Executing VM operation: ICBufferFull done
Event: 38.913 Executing VM operation: ICBufferFull
Event: 38.913 Executing VM operation: ICBufferFull done
Event: 39.170 Executing VM operation: G1CollectForAllocation (G1 Evacuation Pause)
Event: 39.182 Executing VM operation: G1CollectForAllocation (G1 Evacuation Pause) done
Event: 39.653 Executing VM operation: ICBufferFull
Event: 39.654 Executing VM operation: ICBufferFull done
Event: 39.826 Executing VM operation: ICBufferFull
Event: 39.826 Executing VM operation: ICBufferFull done
Event: 39.939 Executing VM operation: G1CollectForAllocation (G1 Evacuation Pause)
Event: 39.960 Executing VM operation: G1CollectForAllocation (G1 Evacuation Pause) done
Event: 40.527 Executing VM operation: G1CollectForAllocation (G1 Evacuation Pause)
Event: 40.538 Executing VM operation: G1CollectForAllocation (G1 Evacuation Pause) done
Event: 40.709 Executing VM operation: G1PauseRemark
Event: 40.726 Executing VM operation: G1PauseRemark done
Event: 40.784 Executing VM operation: G1PauseCleanup
Event: 40.784 Executing VM operation: G1PauseCleanup done
Event: 41.186 Executing VM operation: G1CollectForAllocation (G1 Evacuation Pause)
Event: 41.202 Executing VM operation: G1CollectForAllocation (G1 Evacuation Pause) done

Memory protections (0 events):
No events

Nmethod flushes (20 events):
Event: 40.724 Thread 0x000001aa2b224e40 flushing  nmethod 0x000001aa16206910
Event: 40.724 Thread 0x000001aa2b224e40 flushing  nmethod 0x000001aa163ebe90
Event: 40.724 Thread 0x000001aa2b224e40 flushing  nmethod 0x000001aa16bdc910
Event: 40.724 Thread 0x000001aa2b224e40 flushing  nmethod 0x000001aa1b9a7f90
Event: 40.724 Thread 0x000001aa2b224e40 flushing  nmethod 0x000001aa1c021910
Event: 40.724 Thread 0x000001aa2b224e40 flushing  nmethod 0x000001aa1c2ac510
Event: 40.724 Thread 0x000001aa2b224e40 flushing  nmethod 0x000001aa1c477290
Event: 40.724 Thread 0x000001aa2b224e40 flushing  nmethod 0x000001aa1c782d90
Event: 40.724 Thread 0x000001aa2b224e40 flushing  nmethod 0x000001aa14b1de90
Event: 40.724 Thread 0x000001aa2b224e40 flushing  nmethod 0x000001aa14ba3310
Event: 40.724 Thread 0x000001aa2b224e40 flushing  nmethod 0x000001aa14baaf90
Event: 40.724 Thread 0x000001aa2b224e40 flushing  nmethod 0x000001aa14bae210
Event: 40.724 Thread 0x000001aa2b224e40 flushing  nmethod 0x000001aa14fb4b90
Event: 40.724 Thread 0x000001aa2b224e40 flushing  nmethod 0x000001aa15fbd410
Event: 40.724 Thread 0x000001aa2b224e40 flushing  nmethod 0x000001aa161c7d10
Event: 40.724 Thread 0x000001aa2b224e40 flushing  nmethod 0x000001aa1629ce90
Event: 40.724 Thread 0x000001aa2b224e40 flushing  nmethod 0x000001aa163fec90
Event: 40.724 Thread 0x000001aa2b224e40 flushing  nmethod 0x000001aa16402b90
Event: 40.724 Thread 0x000001aa2b224e40 flushing  nmethod 0x000001aa16c3cb10
Event: 40.724 Thread 0x000001aa2b224e40 flushing  nmethod 0x000001aa16d5dd90

Events (20 events):
Event: 11.915 Thread 0x000001aa727eb750 Thread added: 0x000001aa7cd64010
Event: 12.983 Thread 0x000001aa727eb750 Thread exited: 0x000001aa727eb750
Event: 12.986 Thread 0x000001aa727eb0b0 Thread exited: 0x000001aa727eb0b0
Event: 13.363 Thread 0x000001aa7cd64010 Thread exited: 0x000001aa7cd64010
Event: 13.383 Thread 0x000001aa7c557630 Thread exited: 0x000001aa7c557630
Event: 13.524 Thread 0x000001aa72d38ec0 Thread exited: 0x000001aa72d38ec0
Event: 13.540 Thread 0x000001aa723fcd40 Thread added: 0x000001aa7c946440
Event: 13.620 Thread 0x000001aa73a87be0 Thread added: 0x000001aa00bd1b30
Event: 13.620 Thread 0x000001aa73a87be0 Thread added: 0x000001aa00bd21d0
Event: 13.833 Thread 0x000001aa00bd1b30 Thread exited: 0x000001aa00bd1b30
Event: 13.834 Thread 0x000001aa2c9ef2e0 Thread exited: 0x000001aa2c9ef2e0
Event: 13.948 Thread 0x000001aa00bd21d0 Thread added: 0x000001aa2c9ef2e0
Event: 14.067 Thread 0x000001aa73a87be0 Thread added: 0x000001aa00bd1b30
Event: 16.005 Thread 0x000001aa00bd1b30 Thread exited: 0x000001aa00bd1b30
Event: 16.005 Thread 0x000001aa2c9ef2e0 Thread exited: 0x000001aa2c9ef2e0
Event: 17.348 Thread 0x000001aa73a87be0 Thread added: 0x000001aa7d1b44d0
Event: 26.976 Thread 0x000001aa73a87be0 Thread added: 0x000001aa7df2ce20
Event: 30.143 Thread 0x000001aa2b26a4d0 Thread added: 0x000001aa01249420
Event: 32.260 Thread 0x000001aa7d0110b0 Thread added: 0x000001aa01248680
Event: 40.213 Thread 0x000001aa01249420 Thread exited: 0x000001aa01249420


Dynamic libraries:
0x00007ff743be0000 - 0x00007ff743bee000 	D:\jdk_21.0.7.6\bin\java.exe
0x00007ff8c4c60000 - 0x00007ff8c4ec6000 	C:\WINDOWS\SYSTEM32\ntdll.dll
0x00007ff8c3070000 - 0x00007ff8c3139000 	C:\WINDOWS\System32\KERNEL32.DLL
0x00007ff8c23a0000 - 0x00007ff8c279f000 	C:\WINDOWS\System32\KERNELBASE.dll
0x00007ff8c2240000 - 0x00007ff8c238c000 	C:\WINDOWS\System32\ucrtbase.dll
0x00007ff889780000 - 0x00007ff889798000 	D:\jdk_21.0.7.6\bin\jli.dll
0x00007ff889760000 - 0x00007ff88977e000 	D:\jdk_21.0.7.6\bin\VCRUNTIME140.dll
0x00007ff8c2ea0000 - 0x00007ff8c3066000 	C:\WINDOWS\System32\USER32.dll
0x00007ff8c1f30000 - 0x00007ff8c1f57000 	C:\WINDOWS\System32\win32u.dll
0x00007ff8a1da0000 - 0x00007ff8a2031000 	C:\WINDOWS\WinSxS\amd64_microsoft.windows.common-controls_6595b64144ccf1df_6.0.26100.8972_none_3e0da176e32f9d4b\COMCTL32.dll
0x00007ff8c3bf0000 - 0x00007ff8c3c1b000 	C:\WINDOWS\System32\GDI32.dll
0x00007ff8c27b0000 - 0x00007ff8c28d9000 	C:\WINDOWS\System32\gdi32full.dll
0x00007ff8c2990000 - 0x00007ff8c2a39000 	C:\WINDOWS\System32\msvcrt.dll
0x00007ff8c28e0000 - 0x00007ff8c2983000 	C:\WINDOWS\System32\msvcp_win.dll
0x00007ff8c35d0000 - 0x00007ff8c3602000 	C:\WINDOWS\System32\IMM32.DLL
0x00007ff889750000 - 0x00007ff88975c000 	D:\jdk_21.0.7.6\bin\vcruntime140_1.dll
0x00007ff855de0000 - 0x00007ff855e6d000 	D:\jdk_21.0.7.6\bin\msvcp140.dll
0x00007fffbfed0000 - 0x00007fffc0c60000 	D:\jdk_21.0.7.6\bin\server\jvm.dll
0x00007ff8c2a60000 - 0x00007ff8c2b1c000 	C:\WINDOWS\System32\ADVAPI32.dll
0x00007ff8c3140000 - 0x00007ff8c31ea000 	C:\WINDOWS\System32\sechost.dll
0x00007ff8c34b0000 - 0x00007ff8c35c8000 	C:\WINDOWS\System32\RPCRT4.dll
0x00007ff8c37d0000 - 0x00007ff8c3852000 	C:\WINDOWS\System32\WS2_32.dll
0x00007ff8c09e0000 - 0x00007ff8c0a3e000 	C:\WINDOWS\SYSTEM32\POWRPROF.dll
0x00007ff8b5eb0000 - 0x00007ff8b5ee6000 	C:\WINDOWS\SYSTEM32\WINMM.dll
0x00007ff8b8980000 - 0x00007ff8b898b000 	C:\WINDOWS\SYSTEM32\VERSION.dll
0x00007ff8c09c0000 - 0x00007ff8c09d5000 	C:\WINDOWS\SYSTEM32\UMPDC.dll
0x00007ff8c0c80000 - 0x00007ff8c0c9b000 	C:\WINDOWS\SYSTEM32\kernel.appcore.dll
0x00007ff889740000 - 0x00007ff88974a000 	D:\jdk_21.0.7.6\bin\jimage.dll
0x00007ff8bf0b0000 - 0x00007ff8bf2f2000 	C:\WINDOWS\SYSTEM32\DBGHELP.DLL
0x00007ff8c3860000 - 0x00007ff8c3be5000 	C:\WINDOWS\System32\combase.dll
0x00007ff8c33d0000 - 0x00007ff8c34a9000 	C:\WINDOWS\System32\OLEAUT32.dll
0x00007ff893910000 - 0x00007ff89394b000 	C:\WINDOWS\SYSTEM32\dbgcore.DLL
0x00007ff8c1f60000 - 0x00007ff8c200c000 	C:\WINDOWS\System32\bcryptPrimitives.dll
0x00007ff8894e0000 - 0x00007ff8894ff000 	D:\jdk_21.0.7.6\bin\java.dll
0x00007ff8c4320000 - 0x00007ff8c4aa8000 	C:\WINDOWS\System32\SHELL32.dll
0x00007ff8bf960000 - 0x00007ff8c01fb000 	C:\WINDOWS\SYSTEM32\windows.storage.dll
0x00007ff8c36d0000 - 0x00007ff8c37c9000 	C:\WINDOWS\System32\SHCORE.dll
0x00007ff8c2c90000 - 0x00007ff8c2cf6000 	C:\WINDOWS\System32\shlwapi.dll
0x00007ff8c1d90000 - 0x00007ff8c1db9000 	C:\WINDOWS\SYSTEM32\profapi.dll
0x00007ff82dfb0000 - 0x00007ff82e087000 	D:\jdk_21.0.7.6\bin\jsvml.dll
0x00007ff8894d0000 - 0x00007ff8894e0000 	D:\jdk_21.0.7.6\bin\net.dll
0x00007ff8bb100000 - 0x00007ff8bb228000 	C:\WINDOWS\SYSTEM32\WINHTTP.dll
0x00007ff8c1230000 - 0x00007ff8c129c000 	C:\WINDOWS\system32\mswsock.dll
0x00007ff888b80000 - 0x00007ff888b96000 	D:\jdk_21.0.7.6\bin\nio.dll
0x00007ff888b60000 - 0x00007ff888b78000 	D:\jdk_21.0.7.6\bin\zip.dll
0x00007ff8c1520000 - 0x00007ff8c153b000 	C:\WINDOWS\SYSTEM32\CRYPTSP.dll
0x00007ff8c0be0000 - 0x00007ff8c0c19000 	C:\WINDOWS\system32\rsaenh.dll
0x00007ff8c12e0000 - 0x00007ff8c1312000 	C:\WINDOWS\SYSTEM32\USERENV.dll
0x00007ff8c1d60000 - 0x00007ff8c1d8a000 	C:\WINDOWS\SYSTEM32\bcrypt.dll
0x00007ff8c1540000 - 0x00007ff8c154c000 	C:\WINDOWS\SYSTEM32\CRYPTBASE.dll
0x00007ff8c0710000 - 0x00007ff8c0743000 	C:\WINDOWS\SYSTEM32\IPHLPAPI.DLL
0x00007ff8c2ba0000 - 0x00007ff8c2baa000 	C:\WINDOWS\System32\NSI.dll
0x00007ff888c90000 - 0x00007ff888ca0000 	D:\jdk_21.0.7.6\bin\verify.dll
0x00007ff82dec0000 - 0x00007ff82dfa9000 	C:\Users\ASUS\AppData\Local\Temp\sqlite-3.41.2.1-2bad8557-8157-4b4c-8c1f-a7896b4c3d20-sqlitejdbc.dll

dbghelp: loaded successfully - version: 4.0.5 - missing functions: none
symbol engine: initialized successfully - sym options: 0x614 - pdb path: .;D:\jdk_21.0.7.6\bin;C:\WINDOWS\SYSTEM32;C:\WINDOWS\WinSxS\amd64_microsoft.windows.common-controls_6595b64144ccf1df_6.0.26100.8972_none_3e0da176e32f9d4b;D:\jdk_21.0.7.6\bin\server;C:\Users\ASUS\AppData\Local\Temp

VM Arguments:
jvm_args: -DkotlinLanguageServer.version=1.3.13 
java_command: org.javacs.kt.MainKt
java_class_path (initial): c:\Users\ASUS\AppData\Roaming\Code\User\globalStorage\fwcd.kotlin\langServerInstall\server\lib\server-1.3.13.jar;c:\Users\ASUS\AppData\Roaming\Code\User\globalStorage\fwcd.kotlin\langServerInstall\server\lib\shared-1.3.13.jar;c:\Users\ASUS\AppData\Roaming\Code\User\globalStorage\fwcd.kotlin\langServerInstall\server\lib\kotlin-scripting-jvm-host-unshaded-2.1.0.jar;c:\Users\ASUS\AppData\Roaming\Code\User\globalStorage\fwcd.kotlin\langServerInstall\server\lib\kotlin-scripting-compiler-2.1.0.jar;c:\Users\ASUS\AppData\Roaming\Code\User\globalStorage\fwcd.kotlin\langServerInstall\server\lib\ktfmt-b5d31d1.jar;c:\Users\ASUS\AppData\Roaming\Code\User\globalStorage\fwcd.kotlin\langServerInstall\server\lib\kotlin-compiler-2.1.0.jar;c:\Users\ASUS\AppData\Roaming\Code\User\globalStorage\fwcd.kotlin\langServerInstall\server\lib\exposed-dao-0.37.3.jar;c:\Users\ASUS\AppData\Roaming\Code\User\globalStorage\fwcd.kotlin\langServerInstall\server\lib\exposed-jdbc-0.37.3.jar;c:\Users\ASUS\AppData\Roaming\Code\User\globalStorage\fwcd.kotlin\langServerInstall\server\lib\exposed-core-0.37.3.jar;c:\Users\ASUS\AppData\Roaming\Code\User\globalStorage\fwcd.kotlin\langServerInstall\server\lib\kotlin-scripting-compiler-impl-2.1.0.jar;c:\Users\ASUS\AppData\Roaming\Code\User\globalStorage\fwcd.kotlin\langServerInstall\server\lib\kotlin-reflect-2.1.0.jar;c:\Users\ASUS\AppData\Roaming\Code\User\globalStorage\fwcd.kotlin\langServerInstall\server\lib\kotlin-scripting-jvm-2.1.0.jar;c:\Users\ASUS\AppData\Roaming\Code\User\globalStorage\fwcd.kotlin\langServerInstall\server\lib\kotlin-scripting-common-2.1.0.jar;c:\Users\ASUS\AppData\Roaming\Code\User\globalStorage\fwcd.kotlin\langServerInstall\server\lib\kotlinx-coroutines-core-jvm-1.6.4.jar;c:\Users\ASUS\AppData\Roaming\Code\User\globalStorage\fwcd.kotlin\langServerInstall\server\lib\kotlin-stdlib-jdk8-2.1.0.jar;c:\Users\ASUS\AppData\Roaming\Code\User\globalStorage\fwcd.kotlin\langServerInstall\server\lib\kotlin-stdlib-jdk7-2.1.0.jar;c:\Users\ASUS\AppData\Roaming\Code\User\globalStorage\fwcd.kotlin\langServerInstall\server\lib\kotlin-stdlib-2.1.0.jar;c:\Users\ASUS\AppData\Roaming\Code\User\globalStorage\fwcd.kotlin\langServerInstall\server\lib\org.eclipse.lsp4j-0.21.2.jar;c:\Users\ASUS\AppData\Roaming\Code\User\globalStorage\fwcd.kotlin\langServerInstall\server\lib\org.eclipse.lsp4j.jsonrpc-0.21.2.jar;c:\Users\ASUS\AppData\Roaming\Code\User\globalStorage\fwcd.kotlin\langServerInstall\server\lib\kotlin-sam-with-receiver-compiler-plugin-2.1.0.jar;c:\Users\ASUS\AppData\Roaming\Code\User\globalStorage\fwcd.kotlin\langServerInstall\server\lib\fernflower-1.0.jar;c:\Users\ASUS\AppData\Roaming\Code\User\globalStorage\fwcd.kotlin\langServerInstall\server\lib\h2-1.4.200.jar;c:\Users\ASUS\AppData\Roaming\Code\User\globalStorage\fwcd.kotlin\langServerInstall\server\lib\jcommander-1.78.jar;c:\Users\ASUS\AppData\Roaming\Code\User\globalStorage\fwcd.kotlin\langServerInstall\server\lib\sqlite-jdbc-3.41.2.1.jar;c:\Users\ASUS\AppData\Roaming\Code\User\globalStorage\fwcd.kotlin\langServerInstall\server\lib\google-java-format-1.8.jar;c:\Users\ASUS\AppData\Roaming\Code\User\globalStorage\fwcd.kotlin\langServerInstall\server\lib\guava-33.3.0-jre.jar;c:\Users\ASUS\AppData\Roaming\Code\User\globalStorage\fwcd.kotlin\langServerInstall\server\lib\annotations-13.0.jar;c:\Users\ASUS\AppData\Roaming\Code\User\globalStorage\fwcd.kotlin\langServerInstall\server\lib\gson-2.10.1.jar;c:\Users\ASUS\AppData\Roaming\Code\User\globalStorage\fwcd.kotlin\langServerInstall\server\lib\kotlin-script-runtime-2.1.0.jar;c:\Users\ASUS\AppData\Roaming\Code\User\globalStorage\fwcd.kotlin\langServerInstall\server\lib\trove4j-1.0.20200330.jar;c:\Users\ASUS\AppData\Roaming\Code\User\globalStorage\fwcd.kotlin\langServerInstall\server\lib\jline-3.24.1.jar;c:\Users\ASUS\AppData\Roaming\Code\User\globalStorage\fwcd.kotlin\langServerInstall\server\lib\slf4j-api-1.7.25.jar;c:\Users\ASUS\AppData\Roaming\Code\User\globalStorage\fwcd.kotlin\langServerInstall\server\lib\jna-4.2.2.jar;c:\Users\ASUS\AppData\Roaming\Code\User\globalStorage\fwcd.kotlin\langServerInstall\server\lib\failureaccess-1.0.2.jar;c:\Users\ASUS\AppData\Roaming\Code\User\globalStorage\fwcd.kotlin\langServerInstall\server\lib\listenablefuture-9999.0-empty-to-avoid-conflict-with-guava.jar;c:\Users\ASUS\AppData\Roaming\Code\User\globalStorage\fwcd.kotlin\langServerInstall\server\lib\jsr305-3.0.2.jar;c:\Users\ASUS\AppData\Roaming\Code\User\globalStorage\fwcd.kotlin\langServerInstall\server\lib\checker-qual-3.43.0.jar;c:\Users\ASUS\AppData\Roaming\Code\User\globalStorage\fwcd.kotlin\langServerInstall\server\lib\error_prone_annotations-2.28.0.jar
Launcher Type: SUN_STANDARD

[Global flags]
     intx CICompilerCount                          = 15                                        {product} {ergonomic}
     uint ConcGCThreads                            = 6                                         {product} {ergonomic}
     uint G1ConcRefinementThreads                  = 23                                        {product} {ergonomic}
   size_t G1HeapRegionSize                         = 2097152                                   {product} {ergonomic}
    uintx GCDrainStackTargetSize                   = 64                                        {product} {ergonomic}
   size_t InitialHeapSize                          = 264241152                                 {product} {ergonomic}
   size_t MarkStackSize                            = 4194304                                   {product} {ergonomic}
   size_t MaxHeapSize                              = 4196401152                                {product} {ergonomic}
   size_t MaxNewSize                               = 2516582400                                {product} {ergonomic}
   size_t MinHeapDeltaBytes                        = 2097152                                   {product} {ergonomic}
   size_t MinHeapSize                              = 8388608                                   {product} {ergonomic}
    uintx NonNMethodCodeHeapSize                   = 8192380                                {pd product} {ergonomic}
    uintx NonProfiledCodeHeapSize                  = 121732930                              {pd product} {ergonomic}
    uintx ProfiledCodeHeapSize                     = 121732930                              {pd product} {ergonomic}
    uintx ReservedCodeCacheSize                    = 251658240                              {pd product} {ergonomic}
     bool SegmentedCodeCache                       = true                                      {product} {ergonomic}
   size_t SoftMaxHeapSize                          = 4196401152                             {manageable} {ergonomic}
     bool UseCompressedOops                        = true                           {product lp64_product} {ergonomic}
     bool UseG1GC                                  = true                                      {product} {ergonomic}
     bool UseLargePagesIndividualAllocation        = false                                  {pd product} {ergonomic}

Logging:
Log output configuration:
 #0: stdout all=warning uptime,level,tags foldmultilines=false
 #1: stderr all=off uptime,level,tags foldmultilines=false

Environment Variables:
JAVA_HOME=D:\jdk_21.0.7.6
CLASSPATH=c:\Users\ASUS\AppData\Roaming\Code\User\globalStorage\fwcd.kotlin\langServerInstall\server\lib\server-1.3.13.jar;c:\Users\ASUS\AppData\Roaming\Code\User\globalStorage\fwcd.kotlin\langServerInstall\server\lib\shared-1.3.13.jar;c:\Users\ASUS\AppData\Roaming\Code\User\globalStorage\fwcd.kotlin\langServerInstall\server\lib\kotlin-scripting-jvm-host-unshaded-2.1.0.jar;c:\Users\ASUS\AppData\Roaming\Code\User\globalStorage\fwcd.kotlin\langServerInstall\server\lib\kotlin-scripting-compiler-2.1.0.jar;c:\Users\ASUS\AppData\Roaming\Code\User\globalStorage\fwcd.kotlin\langServerInstall\server\lib\ktfmt-b5d31d1.jar;c:\Users\ASUS\AppData\Roaming\Code\User\globalStorage\fwcd.kotlin\langServerInstall\server\lib\kotlin-compiler-2.1.0.jar;c:\Users\ASUS\AppData\Roaming\Code\User\globalStorage\fwcd.kotlin\langServerInstall\server\lib\exposed-dao-0.37.3.jar;c:\Users\ASUS\AppData\Roaming\Code\User\globalStorage\fwcd.kotlin\langServerInstall\server\lib\exposed-jdbc-0.37.3.jar;c:\Users\ASUS\AppData\Roaming\Code\User\globalStorage\fwcd.kotlin\langServerInstall\server\lib\exposed-core-0.37.3.jar;c:\Users\ASUS\AppData\Roaming\Code\User\globalStorage\fwcd.kotlin\langServerInstall\server\lib\kotlin-scripting-compiler-impl-2.1.0.jar;c:\Users\ASUS\AppData\Roaming\Code\User\globalStorage\fwcd.kotlin\langServerInstall\server\lib\kotlin-reflect-2.1.0.jar;c:\Users\ASUS\AppData\Roaming\Code\User\globalStorage\fwcd.kotlin\langServerInstall\server\lib\kotlin-scripting-jvm-2.1.0.jar;c:\Users\ASUS\AppData\Roaming\Code\User\globalStorage\fwcd.kotlin\langServerInstall\server\lib\kotlin-scripting-common-2.1.0.jar;c:\Users\ASUS\AppData\Roaming\Code\User\globalStorage\fwcd.kotlin\langServerInstall\server\lib\kotlinx-coroutines-core-jvm-1.6.4.jar;c:\Users\ASUS\AppData\Roaming\Code\User\globalStorage\fwcd.kotlin\langServerInstall\server\lib\kotlin-stdlib-jdk8-2.1.0.jar;c:\Users\ASUS\AppData\Roaming\Code\User\globalStorage\fwcd.kotlin\langServerInstall\server\lib\kotlin-stdlib-jdk7-2.1.0.jar;c:\Users\ASUS\AppData\Roaming\Code\User\globalStorage\fwcd.kotlin\langServerInstall\server\lib\kotlin-stdlib-2.1.0.jar;c:\Users\ASUS\AppData\Roaming\Code\User\globalStorage\fwcd.kotlin\langServerInstall\server\lib\org.eclipse.lsp4j-0.21.2.jar;c:\Users\ASUS\AppData\Roaming\Code\User\globalStorage\fwcd.kotlin\langServerInstall\server\lib\org.eclipse.lsp4j.jsonrpc-0.21.2.jar;c:\Users\ASUS\AppData\Roaming\Code\User\globalStorage\fwcd.kotlin\langServerInstall\server\lib\kotlin-sam-with-receiver-compiler-plugin-2.1.0.jar;c:\Users\ASUS\AppData\Roaming\Code\User\globalStorage\fwcd.kotlin\langServerInstall\server\lib\fernflower-1.0.jar;c:\Users\ASUS\AppData\Roaming\Code\User\globalStorage\fwcd.kotlin\langServerInstall\server\lib\h2-1.4.200.jar;c:\Users\ASUS\AppData\Roaming\Code\User\globalStorage\fwcd.kotlin\langServerInstall\server\lib\jcommander-1.78.jar;c:\Users\ASUS\AppData\Roaming\Code\User\globalStorage\fwcd.kotlin\langServerInstall\server\lib\sqlite-jdbc-3.41.2.1.jar;c:\Users\ASUS\AppData\Roaming\Code\User\globalStorage\fwcd.kotlin\langServerInstall\server\lib\google-java-format-1.8.jar;c:\Users\ASUS\AppData\Roaming\Code\User\globalStorage\fwcd.kotlin\langServerInstall\server\lib\guava-33.3.0-jre.jar;c:\Users\ASUS\AppData\Roaming\Code\User\globalStorage\fwcd.kotlin\langServerInstall\server\lib\annotations-13.0.jar;c:\Users\ASUS\AppData\Roaming\Code\User\globalStorage\fwcd.kotlin\langServerInstall\server\lib\gson-2.10.1.jar;c:\Users\ASUS\AppData\Roaming\Code\User\globalStorage\fwcd.kotlin\langServerInstall\server\lib\kotlin-script-runtime-2.1.0.jar;c:\Users\ASUS\AppData\Roaming\Code\User\globalStorage\fwcd.kotlin\langServerInstall\server\lib\trove4j-1.0.20200330.jar;c:\Users\ASUS\AppData\Roaming\Code\User\globalStorage\fwcd.kotlin\langServerInstall\server\lib\jline-3.24.1.jar;c:\Users\ASUS\AppData\Roaming\Code\User\globalStorage\fwcd.kotlin\langServerInstall\server\lib\slf4j-api-1.7.25.jar;c:\Users\ASUS\AppData\Roaming\Code\User\globalStorage\fwcd.kotlin\langServerInstall\server\lib\jna-4.2.2.jar;c:\Users\ASUS\AppData\Roaming\Code\User\globalStorage\fwcd.kotlin\langServerInstall\server\lib\failureaccess-1.0.2.jar;c:\Users\ASUS\AppData\Roaming\Code\User\globalStorage\fwcd.kotlin\langServerInstall\server\lib\listenablefuture-9999.0-empty-to-avoid-conflict-with-guava.jar;c:\Users\ASUS\AppData\Roaming\Code\User\globalStorage\fwcd.kotlin\langServerInstall\server\lib\jsr305-3.0.2.jar;c:\Users\ASUS\AppData\Roaming\Code\User\globalStorage\fwcd.kotlin\langServerInstall\server\lib\checker-qual-3.43.0.jar;c:\Users\ASUS\AppData\Roaming\Code\User\globalStorage\fwcd.kotlin\langServerInstall\server\lib\error_prone_annotations-2.28.0.jar
PATH=E:\VMware\VMware Workstation\bin\;C:\Program Files\NVIDIA GPU Computing Toolkit\CUDA\v12.6\bin;C:\Program Files\NVIDIA GPU Computing Toolkit\CUDA\v12.6\libnvvp;D:\jdk_21.0.7.6\bin;C:\Windows\system32;C:\Windows;C:\Windows\System32\Wbem;C:\Windows\System32\WindowsPowerShell\v1.0\;C:\Windows\System32\OpenSSH\;C:\Program Files (x86)\NVIDIA Corporation\PhysX\Common;C:\Program Files\NVIDIA Corporation\NVIDIA NvDLISR;C:\Program Files\dotnet\;D:\Git\cmd;C:\Program Files (x86)\ZeroTier\One\;E:\Python;E:\Python\Scripts;D:\MySQL\MySQL Server 8.0\bin;D:\MATLAB R2024a(64bit)\MATLAB\R2024a\runtime\win64;D:\MATLAB R2024a(64bit)\MATLAB\R2024a\bin;D:\anaconda3\condabin;C:\Program Files\Microsoft SQL Server\Client SDK\ODBC\170\Tools\Binn\;C:\Program Files (x86)\Microsoft SQL Server\150\Tools\Binn\;C:\Program Files\Microsoft SQL Server\150\Tools\Binn\;C:\Program Files\Microsoft SQL Server\150\DTS\Binn\;C:\Program Files (x86)\Windows Kits\8.1\Windows Performance Toolkit\;D:\texlive\2024\bin\windows;C:\WINDOWS\system32;C:\WINDOWS;C:\WINDOWS\System32\Wbem;C:\WINDOWS\System32\WindowsPowerShell\v1.0\;C:\WINDOWS\System32\OpenSSH\;D:\Arduino IDE;D:\msys64\ucrt64\bin\;D:\Neo4j\bin;C:\Users\ASUS\AppData\Roaming\npm;C:\Program Files\NVIDIA Corporation\Nsight Compute 2024.3.2\;D:\USBip;d:\nodejs\;C:\Users\ASUS\AppData\Local\Microsoft\WindowsApps\winget.exe;E:\adb;E:\hdc;D:\Google\Chrome\Application;C:\Windows\system32;C:\Windows;C:\Windows\System32\Wbem;C:\Windows\System32\WindowsPowerShell\v1.0\;C:\Windows\System32\OpenSSH\;C:\Program Files (x86)\NVIDIA Corporation\PhysX\Common;C:\Program Files\NVIDIA Corporation\NVIDIA NvDLISR;C:\Program Files\dotnet\;D:\Git\cmd;d:\nodejs\;C:\Program Files\Cloudflare\Cloudflare WARP\;C:\Program Files (x86)\ZeroTier\One\;E:\Python;E:\Python\Scripts;D:\MySQL\MySQL Server 8.0\bin;D:\MATLAB R2024a(64bit)\MATLAB\R2024a\runtime\win64;D:\MATLAB R2024a(64bit)\MATLAB\R2024a\bin;D:\anaconda3\condabin;C:\Program Files\Microsoft SQL Server\Client SDK\ODBC\170\Tools\Binn\;C:\Program Files (x86)\Microsoft SQL Server\150\Tools\Binn\;C:\Program Files\Microsoft SQL Server\150\Tools\Binn\;C:\Program Files\Microsoft SQL Server\150\DTS\Binn\;C:\Program Files (x86)\Windows Kits\8.1\Windows Performance Toolkit\;D:\texlive\2024\bin\windows;D:\Microsoft VS Code\bin;F:\Users\ASUS\AppData\Local\Programs\cursor\resources\app\bin;D:\Ollama;C:\Users\ASUS\AppData\Roaming\npm;C:\Users\ASUS\AppData\Local\Microsoft\WinGet\Links;C:\Users\ASUS\.dotnet\tools;C:\Users\ASUS\AppData\Local\Programs\Tuanjie Cowork;C:\Users\ASUS\AppData\Local\Programs\Tuanjie Cowork\cli\bin\win32-x64;C:\Users\ASUS\AppData\Local\Programs\Tuanjie Cowork\app\resource\core\bin\win32-x64
USERNAME=ASUS
OS=Windows_NT
PROCESSOR_IDENTIFIER=Intel64 Family 6 Model 183 Stepping 1, GenuineIntel
TMP=C:\Users\ASUS\AppData\Local\Temp
TEMP=C:\Users\ASUS\AppData\Local\Temp




Periodic native trim disabled

---------------  S Y S T E M  ---------------

OS:
 Windows 11 , 64 bit Build 26100 (10.0.26100.9168)
OS uptime: 0 days 1:27 hours

CPU: total 32 (initial active 32) (16 cores per cpu, 2 threads per core) family 6 model 183 stepping 1 microcode 0x12b, cx8, cmov, fxsr, ht, mmx, 3dnowpref, sse, sse2, sse3, ssse3, sse4.1, sse4.2, popcnt, lzcnt, tsc, tscinvbit, avx, avx2, aes, erms, clmul, bmi1, bmi2, adx, sha, fma, vzeroupper, clflush, clflushopt, clwb, serialize, rdtscp, rdpid, fsrm, f16c, pku, cet_ibt, cet_ss
Processor Information for processor 0
  Max Mhz: 2200, Current Mhz: 2200, Mhz Limit: 2200
Processor Information for processor 1
  Max Mhz: 2200, Current Mhz: 2200, Mhz Limit: 2200
Processor Information for processor 2
  Max Mhz: 2200, Current Mhz: 2200, Mhz Limit: 2200
Processor Information for processor 3
  Max Mhz: 2200, Current Mhz: 2200, Mhz Limit: 2200
Processor Information for processor 4
  Max Mhz: 2200, Current Mhz: 2200, Mhz Limit: 2200
Processor Information for processor 5
  Max Mhz: 2200, Current Mhz: 1466, Mhz Limit: 2200
Processor Information for processor 6
  Max Mhz: 2200, Current Mhz: 2200, Mhz Limit: 2200
Processor Information for processor 7
  Max Mhz: 2200, Current Mhz: 2200, Mhz Limit: 2200
Processor Information for processor 8
  Max Mhz: 2200, Current Mhz: 2200, Mhz Limit: 2200
Processor Information for processor 9
  Max Mhz: 2200, Current Mhz: 2200, Mhz Limit: 2200
Processor Information for processor 10
  Max Mhz: 2200, Current Mhz: 2200, Mhz Limit: 2200
Processor Information for processor 11
  Max Mhz: 2200, Current Mhz: 2200, Mhz Limit: 2200
Processor Information for processor 12
  Max Mhz: 2200, Current Mhz: 2200, Mhz Limit: 2200
Processor Information for processor 13
  Max Mhz: 2200, Current Mhz: 2200, Mhz Limit: 2200
Processor Information for processor 14
  Max Mhz: 2200, Current Mhz: 2200, Mhz Limit: 2200
Processor Information for processor 15
  Max Mhz: 2200, Current Mhz: 2200, Mhz Limit: 2200
Processor Information for processor 16
  Max Mhz: 2200, Current Mhz: 1600, Mhz Limit: 1584
Processor Information for processor 17
  Max Mhz: 2200, Current Mhz: 1600, Mhz Limit: 1584
Processor Information for processor 18
  Max Mhz: 2200, Current Mhz: 1600, Mhz Limit: 1584
Processor Information for processor 19
  Max Mhz: 2200, Current Mhz: 1500, Mhz Limit: 1584
Processor Information for processor 20
  Max Mhz: 2200, Current Mhz: 1600, Mhz Limit: 1584
Processor Information for processor 21
  Max Mhz: 2200, Current Mhz: 1600, Mhz Limit: 1584
Processor Information for processor 22
  Max Mhz: 2200, Current Mhz: 1600, Mhz Limit: 1584
Processor Information for processor 23
  Max Mhz: 2200, Current Mhz: 1500, Mhz Limit: 1584
Processor Information for processor 24
  Max Mhz: 2200, Current Mhz: 1600, Mhz Limit: 1584
Processor Information for processor 25
  Max Mhz: 2200, Current Mhz: 1600, Mhz Limit: 1584
Processor Information for processor 26
  Max Mhz: 2200, Current Mhz: 1600, Mhz Limit: 1584
Processor Information for processor 27
  Max Mhz: 2200, Current Mhz: 1600, Mhz Limit: 1584
Processor Information for processor 28
  Max Mhz: 2200, Current Mhz: 1600, Mhz Limit: 1584
Processor Information for processor 29
  Max Mhz: 2200, Current Mhz: 1600, Mhz Limit: 1584
Processor Information for processor 30
  Max Mhz: 2200, Current Mhz: 1500, Mhz Limit: 1584
Processor Information for processor 31
  Max Mhz: 2200, Current Mhz: 1500, Mhz Limit: 1584

Memory: 4k page, system-wide physical 16002M (387M free)
TotalPageFile size 31754M (AvailPageFile size 0M)
current process WorkingSet (physical memory assigned to process): 1057M, peak: 1064M
current process commit charge ("private bytes"): 1322M, peak: 1324M

vm_info: OpenJDK 64-Bit Server VM (21.0.7+6-LTS) for windows-amd64 JRE (21.0.7+6-LTS), built on 2025-04-15T00:00:00Z by "admin" with MS VC++ 17.7 (VS2022)

END.
