#
# There is insufficient memory for the Java Runtime Environment to continue.
# Native memory allocation (mmap) failed to map 136314880 bytes. Error detail: G1 virtual space
# Possible reasons:
#   The system is out of physical RAM or swap space
#   This process is running with CompressedOops enabled, and the Java Heap may be blocking the growth of the native heap
# Possible solutions:
#   Reduce memory load on the system
#   Increase physical memory or swap space
#   Check if swap backing store is full
#   Decrease Java heap size (-Xmx/-Xms)
#   Decrease number of Java threads
#   Decrease Java thread stack sizes (-Xss)
#   Set larger code cache with -XX:ReservedCodeCacheSize=
#   JVM is running with Zero Based Compressed Oops mode in which the Java heap is
#     placed in the first 32GB address space. The Java Heap base address is the
#     maximum limit for the native heap growth. Please use -XX:HeapBaseMinAddress
#     to set the Java Heap base and to place the Java Heap above 32GB virtual address.
# This output file may be truncated or incomplete.
#
#  Out of Memory Error (os_windows.cpp:3686), pid=5016, tid=13812
#
# JRE version: OpenJDK Runtime Environment Temurin-21.0.7+6 (21.0.7+6) (build 21.0.7+6-LTS)
# Java VM: OpenJDK 64-Bit Server VM Temurin-21.0.7+6 (21.0.7+6-LTS, mixed mode, sharing, tiered, compressed oops, compressed class ptrs, g1 gc, windows-amd64)
# No core dump will be written. Minidumps are not enabled by default on client versions of Windows
#

---------------  S U M M A R Y ------------

Command Line: -DkotlinLanguageServer.version=1.3.13 org.javacs.kt.MainKt

Host: Intel(R) Core(TM) i9-14900HX, 32 cores, 15G,  Windows 11 , 64 bit Build 26100 (10.0.26100.9168)
Time: Tue Sep  1 09:59:34 2026  Windows 11 , 64 bit Build 26100 (10.0.26100.9168) elapsed time: 19.204516 seconds (0d 0h 0m 19s)

---------------  T H R E A D  ---------------

Current thread (0x000001f5334ccbe0):  VMThread "VM Thread"          [id=13812, stack(0x00000086f4b00000,0x00000086f4c00000) (1024K)]

Stack: [0x00000086f4b00000,0x00000086f4c00000]
Native frames: (J=compiled Java code, j=interpreted, Vv=VM code, C=native code)
V  [jvm.dll+0x6ce119]
V  [jvm.dll+0x8a84a1]
V  [jvm.dll+0x8aa9ce]
V  [jvm.dll+0x8ab0b3]
V  [jvm.dll+0x27f8a6]
V  [jvm.dll+0x6ca945]
V  [jvm.dll+0x6bebea]
V  [jvm.dll+0x355eca]
V  [jvm.dll+0x35da96]
V  [jvm.dll+0x3af72e]
V  [jvm.dll+0x3af9d8]
V  [jvm.dll+0x32a05c]
V  [jvm.dll+0x32c8b6]
V  [jvm.dll+0x336aa8]
V  [jvm.dll+0x36bfcf]
V  [jvm.dll+0x8b0dcf]
V  [jvm.dll+0x8b2154]
V  [jvm.dll+0x8b2690]
V  [jvm.dll+0x8b2933]
V  [jvm.dll+0x851f6b]
V  [jvm.dll+0x6cc7dd]
C  [ucrtbase.dll+0x2cd30]
C  [KERNEL32.DLL+0x2ccb7]
C  [ntdll.dll+0xaad6c]

VM_Operation (0x00000086f46ff9b0): G1PauseRemark, mode: safepoint, requested by thread 0x000001f51328ddb0


---------------  P R O C E S S  ---------------

Threads class SMR info:
_java_thread_list=0x000001f57babe7c0, length=19, elements={
0x000001f5334ee470, 0x000001f5334eeec0, 0x000001f5334f4150, 0x000001f5334f53c0,
0x000001f5334f6630, 0x000001f5334fb0a0, 0x000001f5334fbe20, 0x000001f5334fccc0,
0x000001f5347598f0, 0x000001f53484d670, 0x000001f5348518d0, 0x000001f57a0c0720,
0x000001f57a0c15d0, 0x000001f57b9e1c80, 0x000001f510d78330, 0x000001f57ee9b780,
0x000001f57bc8a050, 0x000001f57bc8b400, 0x000001f57d880900
}

Java Threads: ( => current thread )
  0x000001f5334ee470 JavaThread "Reference Handler"          daemon [_thread_blocked, id=10968, stack(0x00000086f4c00000,0x00000086f4d00000) (1024K)]
  0x000001f5334eeec0 JavaThread "Finalizer"                  daemon [_thread_blocked, id=20968, stack(0x00000086f4d00000,0x00000086f4e00000) (1024K)]
  0x000001f5334f4150 JavaThread "Signal Dispatcher"          daemon [_thread_blocked, id=18624, stack(0x00000086f4e00000,0x00000086f4f00000) (1024K)]
  0x000001f5334f53c0 JavaThread "Attach Listener"            daemon [_thread_blocked, id=18196, stack(0x00000086f4f00000,0x00000086f5000000) (1024K)]
  0x000001f5334f6630 JavaThread "Service Thread"             daemon [_thread_blocked, id=26824, stack(0x00000086f5000000,0x00000086f5100000) (1024K)]
  0x000001f5334fb0a0 JavaThread "Monitor Deflation Thread"   daemon [_thread_blocked, id=18756, stack(0x00000086f5100000,0x00000086f5200000) (1024K)]
  0x000001f5334fbe20 JavaThread "C2 CompilerThread0"         daemon [_thread_blocked, id=28116, stack(0x00000086f5200000,0x00000086f5300000) (1024K)]
  0x000001f5334fccc0 JavaThread "C1 CompilerThread0"         daemon [_thread_blocked, id=6552, stack(0x00000086f5300000,0x00000086f5400000) (1024K)]
  0x000001f5347598f0 JavaThread "C1 CompilerThread1"         daemon [_thread_blocked, id=692, stack(0x00000086f5400000,0x00000086f5500000) (1024K)]
  0x000001f53484d670 JavaThread "Notification Thread"        daemon [_thread_blocked, id=2452, stack(0x00000086f5500000,0x00000086f5600000) (1024K)]
  0x000001f5348518d0 JavaThread "Common-Cleaner"             daemon [_thread_blocked, id=21944, stack(0x00000086f5600000,0x00000086f5700000) (1024K)]
  0x000001f57a0c0720 JavaThread "C1 CompilerThread2"         daemon [_thread_blocked, id=24832, stack(0x00000086f5800000,0x00000086f5900000) (1024K)]
  0x000001f57a0c15d0 JavaThread "C1 CompilerThread3"         daemon [_thread_blocked, id=13124, stack(0x00000086f5900000,0x00000086f5a00000) (1024K)]
  0x000001f57b9e1c80 JavaThread "client"                            [_thread_in_native, id=22736, stack(0x00000086f6f00000,0x00000086f7000000) (1024K)]
  0x000001f510d78330 JavaThread "DestroyJavaVM"                     [_thread_blocked, id=30620, stack(0x00000086f4400000,0x00000086f4500000) (1024K)]
  0x000001f57ee9b780 JavaThread "async0"                            [_thread_blocked, id=20168, stack(0x00000086f7000000,0x00000086f7100000) (1024K)]
  0x000001f57bc8a050 JavaThread "async1"                            [_thread_blocked, id=16472, stack(0x00000086f6300000,0x00000086f6400000) (1024K)]
  0x000001f57bc8b400 JavaThread "debounce0"                         [_thread_blocked, id=2304, stack(0x00000086f7600000,0x00000086f7700000) (1024K)]
  0x000001f57d880900 JavaThread "async2"                            [_thread_blocked, id=12008, stack(0x00000086f7800000,0x00000086f7900000) (1024K)]
Total: 19

Other Threads:
=>0x000001f5334ccbe0 VMThread "VM Thread"                           [id=13812, stack(0x00000086f4b00000,0x00000086f4c00000) (1024K)]
  0x000001f5346c19e0 WatcherThread "VM Periodic Task Thread"        [id=10752, stack(0x00000086f4a00000,0x00000086f4b00000) (1024K)]
  0x000001f51327c480 WorkerThread "GC Thread#0"                     [id=19864, stack(0x00000086f4500000,0x00000086f4600000) (1024K)]
  0x000001f57a59c0b0 WorkerThread "GC Thread#1"                     [id=28016, stack(0x00000086f5a00000,0x00000086f5b00000) (1024K)]
  0x000001f57a6e2080 WorkerThread "GC Thread#2"                     [id=18852, stack(0x00000086f5b00000,0x00000086f5c00000) (1024K)]
  0x000001f57a6e2420 WorkerThread "GC Thread#3"                     [id=29280, stack(0x00000086f5c00000,0x00000086f5d00000) (1024K)]
  0x000001f57a6e27c0 WorkerThread "GC Thread#4"                     [id=27128, stack(0x00000086f5d00000,0x00000086f5e00000) (1024K)]
  0x000001f57a600010 WorkerThread "GC Thread#5"                     [id=4836, stack(0x00000086f5e00000,0x00000086f5f00000) (1024K)]
  0x000001f57a600b90 WorkerThread "GC Thread#6"                     [id=12396, stack(0x00000086f5f00000,0x00000086f6000000) (1024K)]
  0x000001f57ab23ce0 WorkerThread "GC Thread#7"                     [id=2852, stack(0x00000086f6000000,0x00000086f6100000) (1024K)]
  0x000001f57ab24080 WorkerThread "GC Thread#8"                     [id=30464, stack(0x00000086f6100000,0x00000086f6200000) (1024K)]
  0x000001f57ab22720 WorkerThread "GC Thread#9"                     [id=20024, stack(0x00000086f6200000,0x00000086f6300000) (1024K)]
  0x000001f57b5e5d10 WorkerThread "GC Thread#10"                    [id=11296, stack(0x00000086f6400000,0x00000086f6500000) (1024K)]
  0x000001f57b5e55d0 WorkerThread "GC Thread#11"                    [id=5100, stack(0x00000086f6500000,0x00000086f6600000) (1024K)]
  0x000001f57b5e67f0 WorkerThread "GC Thread#12"                    [id=19692, stack(0x00000086f6600000,0x00000086f6700000) (1024K)]
  0x000001f57b5e60b0 WorkerThread "GC Thread#13"                    [id=19612, stack(0x00000086f6c00000,0x00000086f6d00000) (1024K)]
  0x000001f57b5e5970 WorkerThread "GC Thread#14"                    [id=26180, stack(0x00000086f6d00000,0x00000086f6e00000) (1024K)]
  0x000001f57dafcb20 WorkerThread "GC Thread#15"                    [id=15972, stack(0x00000086f6e00000,0x00000086f6f00000) (1024K)]
  0x000001f57daf9860 WorkerThread "GC Thread#16"                    [id=8456, stack(0x00000086f5700000,0x00000086f5800000) (1024K)]
  0x000001f57dafc780 WorkerThread "GC Thread#17"                    [id=27656, stack(0x00000086f7100000,0x00000086f7200000) (1024K)]
  0x000001f57dafc3e0 WorkerThread "GC Thread#18"                    [id=14176, stack(0x00000086f7200000,0x00000086f7300000) (1024K)]
  0x000001f57daf94c0 WorkerThread "GC Thread#19"                    [id=19272, stack(0x00000086f7300000,0x00000086f7400000) (1024K)]
  0x000001f57dafb900 WorkerThread "GC Thread#20"                    [id=2940, stack(0x00000086f7400000,0x00000086f7500000) (1024K)]
  0x000001f57dafbca0 WorkerThread "GC Thread#21"                    [id=3836, stack(0x00000086f7500000,0x00000086f7600000) (1024K)]
  0x000001f57dafa6e0 WorkerThread "GC Thread#22"                    [id=8580, stack(0x00000086f7700000,0x00000086f7800000) (1024K)]
  0x000001f51328ddb0 ConcurrentGCThread "G1 Main Marker"            [id=14992, stack(0x00000086f4600000,0x00000086f4700000) (1024K)]
  0x000001f51328e8b0 WorkerThread "G1 Conc#0"                       [id=16092, stack(0x00000086f4700000,0x00000086f4800000) (1024K)]
  0x000001f57b5e5230 WorkerThread "G1 Conc#1"                       [id=16356, stack(0x00000086f6700000,0x00000086f6800000) (1024K)]
  0x000001f57b5e6450 WorkerThread "G1 Conc#2"                       [id=19884, stack(0x00000086f6800000,0x00000086f6900000) (1024K)]
  0x000001f57b5e6b90 WorkerThread "G1 Conc#3"                       [id=30488, stack(0x00000086f6900000,0x00000086f6a00000) (1024K)]
  0x000001f57b5e6f30 WorkerThread "G1 Conc#4"                       [id=8416, stack(0x00000086f6a00000,0x00000086f6b00000) (1024K)]
  0x000001f57b5e7670 WorkerThread "G1 Conc#5"                       [id=27632, stack(0x00000086f6b00000,0x00000086f6c00000) (1024K)]
  0x000001f53340f5a0 ConcurrentGCThread "G1 Refine#0"               [id=16168, stack(0x00000086f4800000,0x00000086f4900000) (1024K)]
  0x000001f533413340 ConcurrentGCThread "G1 Service"                [id=11300, stack(0x00000086f4900000,0x00000086f4a00000) (1024K)]
Total: 34

Threads with active compile tasks:
C2 CompilerThread0  19298 24818       4       org.jetbrains.kotlin.resolve.OverridingUtil::generateOverridesInFunctionGroup (123 bytes)
Total: 1

VM state: at safepoint (normal execution)

VM Mutex/Monitor currently owned by a thread:  ([mutex/lock_event])
[0x00007fffc0b7e308] Threads_lock - owner thread: 0x000001f5334ccbe0
[0x00007fffc0b7e408] Heap_lock - owner thread: 0x000001f51328ddb0

Heap address: 0x0000000705e00000, size: 4002 MB, Compressed Oops mode: Zero based, Oop shift amount: 3

CDS archive(s) mapped at: [0x000001f535000000-0x000001f535c80000-0x000001f535c80000), size 13107200, SharedBaseAddress: 0x000001f535000000, ArchiveRelocationMode: 1.
Compressed class space mapped at: 0x000001f536000000-0x000001f576000000, reserved size: 1073741824
Narrow klass base: 0x000001f535000000, Narrow klass shift: 0, Narrow klass range: 0x100000000

GC Precious Log:
 CardTable entry size: 512
 Card Set container configuration: InlinePtr #cards 4 size 8 Array Of Cards #cards 16 size 48 Howl #buckets 8 coarsen threshold 3686 Howl Bitmap #cards 512 size 80 coarsen threshold 460 Card regions per heap region 1 cards per card region 4096
 CPUs: 32 total, 32 available
 Memory: 16002M
 Large Page Support: Disabled
 NUMA Support: Disabled
 Compressed Oops: Enabled (Zero based)
 Heap Region Size: 2M
 Heap Min Capacity: 8M
 Heap Initial Capacity: 252M
 Heap Max Capacity: 4002M
 Pre-touch: Disabled
 Parallel Workers: 23
 Concurrent Workers: 6
 Concurrent Refinement Workers: 23
 Periodic GC: Disabled

Heap:
 garbage-first heap   total 614400K, used 461300K [0x0000000705e00000, 0x0000000800000000)
  region size 2048K, 17 young (34816K), 9 survivors (18432K)
 Metaspace       used 83760K, committed 84992K, reserved 1179648K
  class space    used 9059K, committed 9664K, reserved 1048576K

Heap Regions: E=young(eden), S=young(survivor), O=old, HS=humongous(starts), HC=humongous(continues), CS=collection set, F=free, TAMS=top-at-mark-start, PB=parsable bottom
|   0|0x0000000705e00000, 0x0000000706000000, 0x0000000706000000|100%|HS|  |TAMS 0x0000000706000000| PB 0x0000000705e00000| Complete 
|   1|0x0000000706000000, 0x0000000706200000, 0x0000000706200000|100%|HC|  |TAMS 0x0000000706200000| PB 0x0000000706000000| Complete 
|   2|0x0000000706200000, 0x0000000706400000, 0x0000000706400000|100%| O|  |TAMS 0x0000000706400000| PB 0x0000000706400000| Untracked 
|   3|0x0000000706400000, 0x0000000706600000, 0x0000000706600000|100%| O|  |TAMS 0x0000000706600000| PB 0x0000000706600000| Untracked 
|   4|0x0000000706600000, 0x0000000706800000, 0x0000000706800000|100%| O|  |TAMS 0x0000000706800000| PB 0x0000000706800000| Untracked 
|   5|0x0000000706800000, 0x0000000706a00000, 0x0000000706a00000|100%| O|  |TAMS 0x0000000706a00000| PB 0x0000000706a00000| Untracked 
|   6|0x0000000706a00000, 0x0000000706c00000, 0x0000000706c00000|100%| O|  |TAMS 0x0000000706c00000| PB 0x0000000706c00000| Untracked 
|   7|0x0000000706c00000, 0x0000000706e00000, 0x0000000706e00000|100%| O|  |TAMS 0x0000000706e00000| PB 0x0000000706e00000| Untracked 
|   8|0x0000000706e00000, 0x0000000707000000, 0x0000000707000000|100%| O|  |TAMS 0x0000000707000000| PB 0x0000000707000000| Untracked 
|   9|0x0000000707000000, 0x0000000707200000, 0x0000000707200000|100%| O|  |TAMS 0x0000000707200000| PB 0x0000000707200000| Untracked 
|  10|0x0000000707200000, 0x0000000707400000, 0x0000000707400000|100%| O|  |TAMS 0x0000000707400000| PB 0x0000000707400000| Untracked 
|  11|0x0000000707400000, 0x0000000707600000, 0x0000000707600000|100%| O|  |TAMS 0x0000000707600000| PB 0x0000000707600000| Untracked 
|  12|0x0000000707600000, 0x0000000707800000, 0x0000000707800000|100%|HS|  |TAMS 0x0000000707800000| PB 0x0000000707600000| Complete 
|  13|0x0000000707800000, 0x0000000707a00000, 0x0000000707a00000|100%| O|  |TAMS 0x0000000707a00000| PB 0x0000000707a00000| Untracked 
|  14|0x0000000707a00000, 0x0000000707c00000, 0x0000000707c00000|100%| O|  |TAMS 0x0000000707c00000| PB 0x0000000707c00000| Untracked 
|  15|0x0000000707c00000, 0x0000000707e00000, 0x0000000707e00000|100%| O|  |TAMS 0x0000000707e00000| PB 0x0000000707e00000| Untracked 
|  16|0x0000000707e00000, 0x0000000708000000, 0x0000000708000000|100%| O|  |TAMS 0x0000000708000000| PB 0x0000000708000000| Untracked 
|  17|0x0000000708000000, 0x0000000708200000, 0x0000000708200000|100%| O|  |TAMS 0x0000000708200000| PB 0x0000000708200000| Untracked 
|  18|0x0000000708200000, 0x0000000708400000, 0x0000000708400000|100%| O|  |TAMS 0x0000000708400000| PB 0x0000000708400000| Untracked 
|  19|0x0000000708400000, 0x0000000708600000, 0x0000000708600000|100%| O|  |TAMS 0x0000000708600000| PB 0x0000000708600000| Untracked 
|  20|0x0000000708600000, 0x0000000708800000, 0x0000000708800000|100%| O|  |TAMS 0x0000000708800000| PB 0x0000000708800000| Untracked 
|  21|0x0000000708800000, 0x0000000708a00000, 0x0000000708a00000|100%| O|  |TAMS 0x0000000708a00000| PB 0x0000000708a00000| Untracked 
|  22|0x0000000708a00000, 0x0000000708c00000, 0x0000000708c00000|100%| O|  |TAMS 0x0000000708c00000| PB 0x0000000708c00000| Untracked 
|  23|0x0000000708c00000, 0x0000000708e00000, 0x0000000708e00000|100%| O|  |TAMS 0x0000000708e00000| PB 0x0000000708e00000| Untracked 
|  24|0x0000000708e00000, 0x0000000709000000, 0x0000000709000000|100%| O|  |TAMS 0x0000000709000000| PB 0x0000000709000000| Untracked 
|  25|0x0000000709000000, 0x0000000709200000, 0x0000000709200000|100%| O|  |TAMS 0x0000000709200000| PB 0x0000000709200000| Untracked 
|  26|0x0000000709200000, 0x0000000709400000, 0x0000000709400000|100%| O|  |TAMS 0x0000000709400000| PB 0x0000000709400000| Untracked 
|  27|0x0000000709400000, 0x0000000709600000, 0x0000000709600000|100%| O|  |TAMS 0x0000000709600000| PB 0x0000000709600000| Untracked 
|  28|0x0000000709600000, 0x0000000709800000, 0x0000000709800000|100%|HS|  |TAMS 0x0000000709800000| PB 0x0000000709600000| Complete 
|  29|0x0000000709800000, 0x0000000709a00000, 0x0000000709a00000|100%| O|  |TAMS 0x0000000709a00000| PB 0x0000000709a00000| Untracked 
|  30|0x0000000709a00000, 0x0000000709c00000, 0x0000000709c00000|100%| O|  |TAMS 0x0000000709c00000| PB 0x0000000709c00000| Untracked 
|  31|0x0000000709c00000, 0x0000000709e00000, 0x0000000709e00000|100%| O|  |TAMS 0x0000000709e00000| PB 0x0000000709e00000| Untracked 
|  32|0x0000000709e00000, 0x000000070a000000, 0x000000070a000000|100%| O|  |TAMS 0x000000070a000000| PB 0x000000070a000000| Untracked 
|  33|0x000000070a000000, 0x000000070a200000, 0x000000070a200000|100%| O|  |TAMS 0x000000070a200000| PB 0x000000070a200000| Updating 
|  34|0x000000070a200000, 0x000000070a400000, 0x000000070a400000|100%| O|  |TAMS 0x000000070a400000| PB 0x000000070a400000| Untracked 
|  35|0x000000070a400000, 0x000000070a600000, 0x000000070a600000|100%| O|  |TAMS 0x000000070a600000| PB 0x000000070a600000| Untracked 
|  36|0x000000070a600000, 0x000000070a800000, 0x000000070a800000|100%| O|  |TAMS 0x000000070a800000| PB 0x000000070a800000| Updating 
|  37|0x000000070a800000, 0x000000070aa00000, 0x000000070aa00000|100%| O|  |TAMS 0x000000070aa00000| PB 0x000000070aa00000| Updating 
|  38|0x000000070aa00000, 0x000000070ac00000, 0x000000070ac00000|100%| O|  |TAMS 0x000000070ac00000| PB 0x000000070ac00000| Untracked 
|  39|0x000000070ac00000, 0x000000070ae00000, 0x000000070ae00000|100%| O|  |TAMS 0x000000070ae00000| PB 0x000000070ae00000| Untracked 
|  40|0x000000070ae00000, 0x000000070b000000, 0x000000070b000000|100%| O|  |TAMS 0x000000070b000000| PB 0x000000070b000000| Untracked 
|  41|0x000000070b000000, 0x000000070b200000, 0x000000070b200000|100%| O|  |TAMS 0x000000070b200000| PB 0x000000070b200000| Untracked 
|  42|0x000000070b200000, 0x000000070b400000, 0x000000070b400000|100%| O|  |TAMS 0x000000070b400000| PB 0x000000070b400000| Untracked 
|  43|0x000000070b400000, 0x000000070b600000, 0x000000070b600000|100%| O|  |TAMS 0x000000070b600000| PB 0x000000070b600000| Untracked 
|  44|0x000000070b600000, 0x000000070b800000, 0x000000070b800000|100%| O|  |TAMS 0x000000070b800000| PB 0x000000070b800000| Untracked 
|  45|0x000000070b800000, 0x000000070ba00000, 0x000000070ba00000|100%| O|  |TAMS 0x000000070ba00000| PB 0x000000070ba00000| Updating 
|  46|0x000000070ba00000, 0x000000070bc00000, 0x000000070bc00000|100%| O|  |TAMS 0x000000070bc00000| PB 0x000000070bc00000| Untracked 
|  47|0x000000070bc00000, 0x000000070be00000, 0x000000070be00000|100%| O|  |TAMS 0x000000070be00000| PB 0x000000070be00000| Untracked 
|  48|0x000000070be00000, 0x000000070c000000, 0x000000070c000000|100%| O|  |TAMS 0x000000070c000000| PB 0x000000070c000000| Untracked 
|  49|0x000000070c000000, 0x000000070c200000, 0x000000070c200000|100%| O|  |TAMS 0x000000070c200000| PB 0x000000070c200000| Untracked 
|  50|0x000000070c200000, 0x000000070c400000, 0x000000070c400000|100%| O|  |TAMS 0x000000070c400000| PB 0x000000070c400000| Untracked 
|  51|0x000000070c400000, 0x000000070c600000, 0x000000070c600000|100%| O|  |TAMS 0x000000070c600000| PB 0x000000070c600000| Untracked 
|  52|0x000000070c600000, 0x000000070c800000, 0x000000070c800000|100%| O|  |TAMS 0x000000070c800000| PB 0x000000070c800000| Untracked 
|  53|0x000000070c800000, 0x000000070ca00000, 0x000000070ca00000|100%| O|  |TAMS 0x000000070ca00000| PB 0x000000070ca00000| Updating 
|  54|0x000000070ca00000, 0x000000070cc00000, 0x000000070cc00000|100%| O|  |TAMS 0x000000070cc00000| PB 0x000000070cc00000| Untracked 
|  55|0x000000070cc00000, 0x000000070ce00000, 0x000000070ce00000|100%| O|  |TAMS 0x000000070ce00000| PB 0x000000070ce00000| Untracked 
|  56|0x000000070ce00000, 0x000000070d000000, 0x000000070d000000|100%| O|  |TAMS 0x000000070d000000| PB 0x000000070d000000| Untracked 
|  57|0x000000070d000000, 0x000000070d200000, 0x000000070d200000|100%| O|  |TAMS 0x000000070d200000| PB 0x000000070d200000| Untracked 
|  58|0x000000070d200000, 0x000000070d400000, 0x000000070d400000|100%| O|  |TAMS 0x000000070d400000| PB 0x000000070d400000| Untracked 
|  59|0x000000070d400000, 0x000000070d600000, 0x000000070d600000|100%| O|  |TAMS 0x000000070d600000| PB 0x000000070d600000| Untracked 
|  60|0x000000070d600000, 0x000000070d800000, 0x000000070d800000|100%| O|  |TAMS 0x000000070d800000| PB 0x000000070d800000| Untracked 
|  61|0x000000070d800000, 0x000000070da00000, 0x000000070da00000|100%| O|  |TAMS 0x000000070da00000| PB 0x000000070da00000| Updating 
|  62|0x000000070da00000, 0x000000070dc00000, 0x000000070dc00000|100%| O|  |TAMS 0x000000070dc00000| PB 0x000000070dc00000| Untracked 
|  63|0x000000070dc00000, 0x000000070de00000, 0x000000070de00000|100%| O|  |TAMS 0x000000070de00000| PB 0x000000070de00000| Updating 
|  64|0x000000070de00000, 0x000000070e000000, 0x000000070e000000|100%| O|  |TAMS 0x000000070e000000| PB 0x000000070e000000| Updating 
|  65|0x000000070e000000, 0x000000070e200000, 0x000000070e200000|100%| O|  |TAMS 0x000000070e200000| PB 0x000000070e200000| Untracked 
|  66|0x000000070e200000, 0x000000070e400000, 0x000000070e400000|100%| O|  |TAMS 0x000000070e400000| PB 0x000000070e400000| Untracked 
|  67|0x000000070e400000, 0x000000070e600000, 0x000000070e600000|100%| O|  |TAMS 0x000000070e600000| PB 0x000000070e600000| Untracked 
|  68|0x000000070e600000, 0x000000070e800000, 0x000000070e800000|100%| O|  |TAMS 0x000000070e800000| PB 0x000000070e800000| Updating 
|  69|0x000000070e800000, 0x000000070ea00000, 0x000000070ea00000|100%| O|  |TAMS 0x000000070ea00000| PB 0x000000070ea00000| Untracked 
|  70|0x000000070ea00000, 0x000000070ec00000, 0x000000070ec00000|100%| O|  |TAMS 0x000000070ec00000| PB 0x000000070ec00000| Untracked 
|  71|0x000000070ec00000, 0x000000070ee00000, 0x000000070ee00000|100%| O|  |TAMS 0x000000070ee00000| PB 0x000000070ee00000| Untracked 
|  72|0x000000070ee00000, 0x000000070f000000, 0x000000070f000000|100%| O|  |TAMS 0x000000070f000000| PB 0x000000070f000000| Untracked 
|  73|0x000000070f000000, 0x000000070f200000, 0x000000070f200000|100%| O|  |TAMS 0x000000070f200000| PB 0x000000070f200000| Untracked 
|  74|0x000000070f200000, 0x000000070f400000, 0x000000070f400000|100%| O|  |TAMS 0x000000070f400000| PB 0x000000070f400000| Untracked 
|  75|0x000000070f400000, 0x000000070f600000, 0x000000070f600000|100%| O|  |TAMS 0x000000070f600000| PB 0x000000070f600000| Untracked 
|  76|0x000000070f600000, 0x000000070f800000, 0x000000070f800000|100%| O|  |TAMS 0x000000070f800000| PB 0x000000070f800000| Untracked 
|  77|0x000000070f800000, 0x000000070fa00000, 0x000000070fa00000|100%| O|  |TAMS 0x000000070fa00000| PB 0x000000070fa00000| Untracked 
|  78|0x000000070fa00000, 0x000000070fc00000, 0x000000070fc00000|100%| O|  |TAMS 0x000000070fc00000| PB 0x000000070fc00000| Untracked 
|  79|0x000000070fc00000, 0x000000070fe00000, 0x000000070fe00000|100%| O|  |TAMS 0x000000070fe00000| PB 0x000000070fe00000| Untracked 
|  80|0x000000070fe00000, 0x0000000710000000, 0x0000000710000000|100%| O|  |TAMS 0x0000000710000000| PB 0x0000000710000000| Updating 
|  81|0x0000000710000000, 0x0000000710200000, 0x0000000710200000|100%| O|  |TAMS 0x0000000710200000| PB 0x0000000710200000| Untracked 
|  82|0x0000000710200000, 0x0000000710400000, 0x0000000710400000|100%| O|  |TAMS 0x0000000710400000| PB 0x0000000710400000| Untracked 
|  83|0x0000000710400000, 0x0000000710600000, 0x0000000710600000|100%| O|  |TAMS 0x0000000710600000| PB 0x0000000710600000| Untracked 
|  84|0x0000000710600000, 0x0000000710800000, 0x0000000710800000|100%| O|  |TAMS 0x0000000710800000| PB 0x0000000710800000| Untracked 
|  85|0x0000000710800000, 0x0000000710a00000, 0x0000000710a00000|100%| O|  |TAMS 0x0000000710a00000| PB 0x0000000710a00000| Untracked 
|  86|0x0000000710a00000, 0x0000000710c00000, 0x0000000710c00000|100%| O|  |TAMS 0x0000000710c00000| PB 0x0000000710c00000| Updating 
|  87|0x0000000710c00000, 0x0000000710e00000, 0x0000000710e00000|100%| O|  |TAMS 0x0000000710e00000| PB 0x0000000710e00000| Untracked 
|  88|0x0000000710e00000, 0x0000000711000000, 0x0000000711000000|100%| O|  |TAMS 0x0000000711000000| PB 0x0000000711000000| Untracked 
|  89|0x0000000711000000, 0x0000000711200000, 0x0000000711200000|100%| O|  |TAMS 0x0000000711200000| PB 0x0000000711200000| Untracked 
|  90|0x0000000711200000, 0x0000000711400000, 0x0000000711400000|100%| O|  |TAMS 0x0000000711400000| PB 0x0000000711400000| Untracked 
|  91|0x0000000711400000, 0x0000000711600000, 0x0000000711600000|100%| O|  |TAMS 0x0000000711600000| PB 0x0000000711600000| Untracked 
|  92|0x0000000711600000, 0x0000000711800000, 0x0000000711800000|100%| O|  |TAMS 0x0000000711800000| PB 0x0000000711800000| Untracked 
|  93|0x0000000711800000, 0x0000000711a00000, 0x0000000711a00000|100%| O|  |TAMS 0x0000000711a00000| PB 0x0000000711a00000| Updating 
|  94|0x0000000711a00000, 0x0000000711c00000, 0x0000000711c00000|100%| O|  |TAMS 0x0000000711c00000| PB 0x0000000711c00000| Updating 
|  95|0x0000000711c00000, 0x0000000711e00000, 0x0000000711e00000|100%| O|  |TAMS 0x0000000711e00000| PB 0x0000000711e00000| Untracked 
|  96|0x0000000711e00000, 0x0000000712000000, 0x0000000712000000|100%| O|  |TAMS 0x0000000712000000| PB 0x0000000712000000| Untracked 
|  97|0x0000000712000000, 0x0000000712200000, 0x0000000712200000|100%| O|  |TAMS 0x0000000712200000| PB 0x0000000712200000| Untracked 
|  98|0x0000000712200000, 0x0000000712400000, 0x0000000712400000|100%| O|  |TAMS 0x0000000712400000| PB 0x0000000712400000| Untracked 
|  99|0x0000000712400000, 0x0000000712600000, 0x0000000712600000|100%| O|  |TAMS 0x0000000712600000| PB 0x0000000712600000| Untracked 
| 100|0x0000000712600000, 0x0000000712800000, 0x0000000712800000|100%| O|  |TAMS 0x0000000712800000| PB 0x0000000712800000| Updating 
| 101|0x0000000712800000, 0x0000000712a00000, 0x0000000712a00000|100%| O|  |TAMS 0x0000000712a00000| PB 0x0000000712a00000| Untracked 
| 102|0x0000000712a00000, 0x0000000712c00000, 0x0000000712c00000|100%| O|  |TAMS 0x0000000712c00000| PB 0x0000000712c00000| Untracked 
| 103|0x0000000712c00000, 0x0000000712e00000, 0x0000000712e00000|100%| O|  |TAMS 0x0000000712e00000| PB 0x0000000712e00000| Untracked 
| 104|0x0000000712e00000, 0x0000000713000000, 0x0000000713000000|100%| O|  |TAMS 0x0000000713000000| PB 0x0000000713000000| Untracked 
| 105|0x0000000713000000, 0x0000000713200000, 0x0000000713200000|100%| O|  |TAMS 0x0000000713200000| PB 0x0000000713200000| Untracked 
| 106|0x0000000713200000, 0x0000000713400000, 0x0000000713400000|100%| O|  |TAMS 0x0000000713400000| PB 0x0000000713400000| Untracked 
| 107|0x0000000713400000, 0x0000000713600000, 0x0000000713600000|100%| O|  |TAMS 0x0000000713600000| PB 0x0000000713600000| Untracked 
| 108|0x0000000713600000, 0x0000000713800000, 0x0000000713800000|100%| O|  |TAMS 0x0000000713800000| PB 0x0000000713800000| Untracked 
| 109|0x0000000713800000, 0x0000000713a00000, 0x0000000713a00000|100%| O|  |TAMS 0x0000000713a00000| PB 0x0000000713a00000| Untracked 
| 110|0x0000000713a00000, 0x0000000713c00000, 0x0000000713c00000|100%| O|  |TAMS 0x0000000713c00000| PB 0x0000000713c00000| Untracked 
| 111|0x0000000713c00000, 0x0000000713e00000, 0x0000000713e00000|100%| O|  |TAMS 0x0000000713e00000| PB 0x0000000713e00000| Untracked 
| 112|0x0000000713e00000, 0x0000000714000000, 0x0000000714000000|100%| O|  |TAMS 0x0000000714000000| PB 0x0000000714000000| Untracked 
| 113|0x0000000714000000, 0x0000000714200000, 0x0000000714200000|100%| O|  |TAMS 0x0000000714200000| PB 0x0000000714200000| Updating 
| 114|0x0000000714200000, 0x0000000714400000, 0x0000000714400000|100%| O|  |TAMS 0x0000000714400000| PB 0x0000000714400000| Untracked 
| 115|0x0000000714400000, 0x0000000714600000, 0x0000000714600000|100%| O|  |TAMS 0x0000000714600000| PB 0x0000000714600000| Untracked 
| 116|0x0000000714600000, 0x0000000714800000, 0x0000000714800000|100%| O|  |TAMS 0x0000000714800000| PB 0x0000000714800000| Untracked 
| 117|0x0000000714800000, 0x0000000714a00000, 0x0000000714a00000|100%| O|  |TAMS 0x0000000714a00000| PB 0x0000000714a00000| Untracked 
| 118|0x0000000714a00000, 0x0000000714c00000, 0x0000000714c00000|100%| O|  |TAMS 0x0000000714c00000| PB 0x0000000714c00000| Untracked 
| 119|0x0000000714c00000, 0x0000000714e00000, 0x0000000714e00000|100%| O|  |TAMS 0x0000000714e00000| PB 0x0000000714e00000| Untracked 
| 120|0x0000000714e00000, 0x0000000715000000, 0x0000000715000000|100%| O|  |TAMS 0x0000000715000000| PB 0x0000000715000000| Untracked 
| 121|0x0000000715000000, 0x0000000715200000, 0x0000000715200000|100%| O|  |TAMS 0x0000000715200000| PB 0x0000000715200000| Untracked 
| 122|0x0000000715200000, 0x0000000715400000, 0x0000000715400000|100%| O|  |TAMS 0x0000000715400000| PB 0x0000000715400000| Untracked 
| 123|0x0000000715400000, 0x0000000715600000, 0x0000000715600000|100%| O|  |TAMS 0x0000000715600000| PB 0x0000000715600000| Untracked 
| 124|0x0000000715600000, 0x0000000715800000, 0x0000000715800000|100%| O|  |TAMS 0x0000000715800000| PB 0x0000000715800000| Untracked 
| 125|0x0000000715800000, 0x0000000715a00000, 0x0000000715a00000|100%| O|  |TAMS 0x0000000715a00000| PB 0x0000000715a00000| Untracked 
| 126|0x0000000715a00000, 0x0000000715c00000, 0x0000000715c00000|100%| O|  |TAMS 0x0000000715c00000| PB 0x0000000715c00000| Untracked 
| 127|0x0000000715c00000, 0x0000000715e00000, 0x0000000715e00000|100%| O|  |TAMS 0x0000000715e00000| PB 0x0000000715e00000| Untracked 
| 128|0x0000000715e00000, 0x0000000716000000, 0x0000000716000000|100%| O|  |TAMS 0x0000000716000000| PB 0x0000000716000000| Untracked 
| 129|0x0000000716000000, 0x0000000716200000, 0x0000000716200000|100%| O|  |TAMS 0x0000000716200000| PB 0x0000000716200000| Untracked 
| 130|0x0000000716200000, 0x0000000716400000, 0x0000000716400000|100%| O|  |TAMS 0x0000000716400000| PB 0x0000000716400000| Untracked 
| 131|0x0000000716400000, 0x0000000716600000, 0x0000000716600000|100%| O|  |TAMS 0x0000000716600000| PB 0x0000000716600000| Untracked 
| 132|0x0000000716600000, 0x0000000716800000, 0x0000000716800000|100%| O|  |TAMS 0x0000000716800000| PB 0x0000000716800000| Untracked 
| 133|0x0000000716800000, 0x0000000716a00000, 0x0000000716a00000|100%| O|  |TAMS 0x0000000716a00000| PB 0x0000000716a00000| Untracked 
| 134|0x0000000716a00000, 0x0000000716c00000, 0x0000000716c00000|100%| O|  |TAMS 0x0000000716c00000| PB 0x0000000716c00000| Untracked 
| 135|0x0000000716c00000, 0x0000000716e00000, 0x0000000716e00000|100%| O|  |TAMS 0x0000000716e00000| PB 0x0000000716e00000| Updating 
| 136|0x0000000716e00000, 0x0000000717000000, 0x0000000717000000|100%| O|  |TAMS 0x0000000717000000| PB 0x0000000717000000| Untracked 
| 137|0x0000000717000000, 0x0000000717200000, 0x0000000717200000|100%| O|  |TAMS 0x0000000717200000| PB 0x0000000717200000| Untracked 
| 138|0x0000000717200000, 0x0000000717400000, 0x0000000717400000|100%| O|  |TAMS 0x0000000717400000| PB 0x0000000717400000| Untracked 
| 139|0x0000000717400000, 0x0000000717600000, 0x0000000717600000|100%| O|  |TAMS 0x0000000717600000| PB 0x0000000717600000| Untracked 
| 140|0x0000000717600000, 0x0000000717800000, 0x0000000717800000|100%| O|  |TAMS 0x0000000717800000| PB 0x0000000717800000| Untracked 
| 141|0x0000000717800000, 0x0000000717a00000, 0x0000000717a00000|100%| O|  |TAMS 0x0000000717a00000| PB 0x0000000717a00000| Untracked 
| 142|0x0000000717a00000, 0x0000000717c00000, 0x0000000717c00000|100%| O|  |TAMS 0x0000000717c00000| PB 0x0000000717c00000| Updating 
| 143|0x0000000717c00000, 0x0000000717e00000, 0x0000000717e00000|100%| O|  |TAMS 0x0000000717e00000| PB 0x0000000717e00000| Untracked 
| 144|0x0000000717e00000, 0x0000000718000000, 0x0000000718000000|100%| O|  |TAMS 0x0000000718000000| PB 0x0000000718000000| Untracked 
| 145|0x0000000718000000, 0x0000000718200000, 0x0000000718200000|100%| O|  |TAMS 0x0000000718200000| PB 0x0000000718200000| Untracked 
| 146|0x0000000718200000, 0x0000000718400000, 0x0000000718400000|100%| O|  |TAMS 0x0000000718400000| PB 0x0000000718400000| Untracked 
| 147|0x0000000718400000, 0x0000000718600000, 0x0000000718600000|100%| O|  |TAMS 0x0000000718600000| PB 0x0000000718600000| Untracked 
| 148|0x0000000718600000, 0x0000000718800000, 0x0000000718800000|100%| O|  |TAMS 0x0000000718800000| PB 0x0000000718800000| Untracked 
| 149|0x0000000718800000, 0x0000000718a00000, 0x0000000718a00000|100%| O|  |TAMS 0x0000000718a00000| PB 0x0000000718a00000| Untracked 
| 150|0x0000000718a00000, 0x0000000718c00000, 0x0000000718c00000|100%| O|  |TAMS 0x0000000718c00000| PB 0x0000000718c00000| Updating 
| 151|0x0000000718c00000, 0x0000000718e00000, 0x0000000718e00000|100%| O|  |TAMS 0x0000000718e00000| PB 0x0000000718e00000| Untracked 
| 152|0x0000000718e00000, 0x0000000719000000, 0x0000000719000000|100%| O|  |TAMS 0x0000000719000000| PB 0x0000000719000000| Updating 
| 153|0x0000000719000000, 0x0000000719200000, 0x0000000719200000|100%| O|  |TAMS 0x0000000719200000| PB 0x0000000719200000| Updating 
| 154|0x0000000719200000, 0x0000000719400000, 0x0000000719400000|100%| O|  |TAMS 0x0000000719400000| PB 0x0000000719400000| Untracked 
| 155|0x0000000719400000, 0x0000000719600000, 0x0000000719600000|100%| O|  |TAMS 0x0000000719600000| PB 0x0000000719600000| Untracked 
| 156|0x0000000719600000, 0x0000000719800000, 0x0000000719800000|100%| O|  |TAMS 0x0000000719800000| PB 0x0000000719800000| Untracked 
| 157|0x0000000719800000, 0x0000000719a00000, 0x0000000719a00000|100%| O|  |TAMS 0x0000000719a00000| PB 0x0000000719a00000| Untracked 
| 158|0x0000000719a00000, 0x0000000719c00000, 0x0000000719c00000|100%| O|  |TAMS 0x0000000719c00000| PB 0x0000000719c00000| Untracked 
| 159|0x0000000719c00000, 0x0000000719e00000, 0x0000000719e00000|100%| O|  |TAMS 0x0000000719e00000| PB 0x0000000719e00000| Untracked 
| 160|0x0000000719e00000, 0x000000071a000000, 0x000000071a000000|100%| O|  |TAMS 0x000000071a000000| PB 0x000000071a000000| Untracked 
| 161|0x000000071a000000, 0x000000071a200000, 0x000000071a200000|100%| O|  |TAMS 0x000000071a200000| PB 0x000000071a200000| Untracked 
| 162|0x000000071a200000, 0x000000071a400000, 0x000000071a400000|100%| O|  |TAMS 0x000000071a400000| PB 0x000000071a400000| Untracked 
| 163|0x000000071a400000, 0x000000071a600000, 0x000000071a600000|100%| O|  |TAMS 0x000000071a600000| PB 0x000000071a600000| Untracked 
| 164|0x000000071a600000, 0x000000071a800000, 0x000000071a800000|100%| O|  |TAMS 0x000000071a800000| PB 0x000000071a800000| Updating 
| 165|0x000000071a800000, 0x000000071aa00000, 0x000000071aa00000|100%| O|  |TAMS 0x000000071aa00000| PB 0x000000071aa00000| Updating 
| 166|0x000000071aa00000, 0x000000071ac00000, 0x000000071ac00000|100%| O|  |TAMS 0x000000071ac00000| PB 0x000000071ac00000| Untracked 
| 167|0x000000071ac00000, 0x000000071ae00000, 0x000000071ae00000|100%| O|  |TAMS 0x000000071ae00000| PB 0x000000071ae00000| Untracked 
| 168|0x000000071ae00000, 0x000000071b000000, 0x000000071b000000|100%| O|  |TAMS 0x000000071b000000| PB 0x000000071b000000| Untracked 
| 169|0x000000071b000000, 0x000000071b200000, 0x000000071b200000|100%| O|  |TAMS 0x000000071b200000| PB 0x000000071b200000| Untracked 
| 170|0x000000071b200000, 0x000000071b400000, 0x000000071b400000|100%| O|  |TAMS 0x000000071b400000| PB 0x000000071b400000| Untracked 
| 171|0x000000071b400000, 0x000000071b600000, 0x000000071b600000|100%| O|  |TAMS 0x000000071b600000| PB 0x000000071b600000| Untracked 
| 172|0x000000071b600000, 0x000000071b800000, 0x000000071b800000|100%| O|  |TAMS 0x000000071b800000| PB 0x000000071b800000| Untracked 
| 173|0x000000071b800000, 0x000000071ba00000, 0x000000071ba00000|100%| O|  |TAMS 0x000000071ba00000| PB 0x000000071ba00000| Untracked 
| 174|0x000000071ba00000, 0x000000071bc00000, 0x000000071bc00000|100%| O|  |TAMS 0x000000071bc00000| PB 0x000000071bc00000| Untracked 
| 175|0x000000071bc00000, 0x000000071be00000, 0x000000071be00000|100%| O|  |TAMS 0x000000071be00000| PB 0x000000071be00000| Updating 
| 176|0x000000071be00000, 0x000000071c000000, 0x000000071c000000|100%| O|  |TAMS 0x000000071c000000| PB 0x000000071c000000| Updating 
| 177|0x000000071c000000, 0x000000071c200000, 0x000000071c200000|100%| O|  |TAMS 0x000000071c200000| PB 0x000000071c200000| Updating 
| 178|0x000000071c200000, 0x000000071c400000, 0x000000071c400000|100%| O|  |TAMS 0x000000071c400000| PB 0x000000071c400000| Untracked 
| 179|0x000000071c400000, 0x000000071c600000, 0x000000071c600000|100%| O|  |TAMS 0x000000071c600000| PB 0x000000071c600000| Untracked 
| 180|0x000000071c600000, 0x000000071c800000, 0x000000071c800000|100%| O|  |TAMS 0x000000071c800000| PB 0x000000071c800000| Untracked 
| 181|0x000000071c800000, 0x000000071ca00000, 0x000000071ca00000|100%| O|  |TAMS 0x000000071ca00000| PB 0x000000071ca00000| Untracked 
| 182|0x000000071ca00000, 0x000000071cc00000, 0x000000071cc00000|100%| O|  |TAMS 0x000000071cc00000| PB 0x000000071cc00000| Untracked 
| 183|0x000000071cc00000, 0x000000071ce00000, 0x000000071ce00000|100%| O|  |TAMS 0x000000071ce00000| PB 0x000000071ce00000| Untracked 
| 184|0x000000071ce00000, 0x000000071d000000, 0x000000071d000000|100%| O|  |TAMS 0x000000071d000000| PB 0x000000071d000000| Untracked 
| 185|0x000000071d000000, 0x000000071d200000, 0x000000071d200000|100%| O|  |TAMS 0x000000071d200000| PB 0x000000071d200000| Untracked 
| 186|0x000000071d200000, 0x000000071d400000, 0x000000071d400000|100%| O|  |TAMS 0x000000071d400000| PB 0x000000071d400000| Untracked 
| 187|0x000000071d400000, 0x000000071d600000, 0x000000071d600000|100%| O|  |TAMS 0x000000071d600000| PB 0x000000071d600000| Updating 
| 188|0x000000071d600000, 0x000000071d800000, 0x000000071d800000|100%| O|  |TAMS 0x000000071d800000| PB 0x000000071d800000| Untracked 
| 189|0x000000071d800000, 0x000000071da00000, 0x000000071da00000|100%| O|  |TAMS 0x000000071da00000| PB 0x000000071da00000| Untracked 
| 190|0x000000071da00000, 0x000000071dc00000, 0x000000071dc00000|100%| O|  |TAMS 0x000000071dc00000| PB 0x000000071dc00000| Untracked 
| 191|0x000000071dc00000, 0x000000071de00000, 0x000000071de00000|100%| O|  |TAMS 0x000000071de00000| PB 0x000000071de00000| Untracked 
| 192|0x000000071de00000, 0x000000071e000000, 0x000000071e000000|100%| O|  |TAMS 0x000000071e000000| PB 0x000000071e000000| Untracked 
| 193|0x000000071e000000, 0x000000071e200000, 0x000000071e200000|100%| O|  |TAMS 0x000000071e200000| PB 0x000000071e200000| Untracked 
| 194|0x000000071e200000, 0x000000071e400000, 0x000000071e400000|100%| O|  |TAMS 0x000000071e400000| PB 0x000000071e400000| Untracked 
| 195|0x000000071e400000, 0x000000071e600000, 0x000000071e600000|100%| O|  |TAMS 0x000000071e600000| PB 0x000000071e600000| Updating 
| 196|0x000000071e600000, 0x000000071e800000, 0x000000071e800000|100%| O|  |TAMS 0x000000071e800000| PB 0x000000071e800000| Updating 
| 197|0x000000071e800000, 0x000000071ea00000, 0x000000071ea00000|100%| O|  |TAMS 0x000000071e85f698| PB 0x000000071e85f698| Untracked 
| 198|0x000000071ea00000, 0x000000071ec00000, 0x000000071ec00000|100%| O|  |TAMS 0x000000071ea00000| PB 0x000000071ea00000| Untracked 
| 199|0x000000071ec00000, 0x000000071ee00000, 0x000000071ee00000|100%| O|  |TAMS 0x000000071ec00000| PB 0x000000071ec00000| Untracked 
| 200|0x000000071ee00000, 0x000000071f000000, 0x000000071f000000|100%| O|  |TAMS 0x000000071ee00000| PB 0x000000071ee00000| Untracked 
| 201|0x000000071f000000, 0x000000071f200000, 0x000000071f200000|100%| O|  |TAMS 0x000000071f000000| PB 0x000000071f000000| Untracked 
| 202|0x000000071f200000, 0x000000071f400000, 0x000000071f400000|100%| O|  |TAMS 0x000000071f200000| PB 0x000000071f200000| Untracked 
| 203|0x000000071f400000, 0x000000071f600000, 0x000000071f600000|100%| O|  |TAMS 0x000000071f400000| PB 0x000000071f400000| Untracked 
| 204|0x000000071f600000, 0x000000071f800000, 0x000000071f800000|100%| O|  |TAMS 0x000000071f600000| PB 0x000000071f600000| Untracked 
| 205|0x000000071f800000, 0x000000071fa00000, 0x000000071fa00000|100%| O|  |TAMS 0x000000071f800000| PB 0x000000071f800000| Untracked 
| 206|0x000000071fa00000, 0x000000071fc00000, 0x000000071fc00000|100%| O|  |TAMS 0x000000071fa00000| PB 0x000000071fa00000| Untracked 
| 207|0x000000071fc00000, 0x000000071fe00000, 0x000000071fe00000|100%| O|  |TAMS 0x000000071fc00000| PB 0x000000071fc00000| Untracked 
| 208|0x000000071fe00000, 0x0000000720000000, 0x0000000720000000|100%| O|  |TAMS 0x000000071fe00000| PB 0x000000071fe00000| Untracked 
| 209|0x0000000720000000, 0x000000072007d1c8, 0x0000000720200000| 24%| O|  |TAMS 0x0000000720000000| PB 0x0000000720000000| Updating 
| 210|0x0000000720200000, 0x0000000720200000, 0x0000000720400000|  0%| F|  |TAMS 0x0000000720200000| PB 0x0000000720200000| Untracked 
| 211|0x0000000720400000, 0x0000000720400000, 0x0000000720600000|  0%| F|  |TAMS 0x0000000720400000| PB 0x0000000720400000| Untracked 
| 212|0x0000000720600000, 0x0000000720600000, 0x0000000720800000|  0%| F|  |TAMS 0x0000000720600000| PB 0x0000000720600000| Untracked 
| 213|0x0000000720800000, 0x0000000720800000, 0x0000000720a00000|  0%| F|  |TAMS 0x0000000720800000| PB 0x0000000720800000| Untracked 
| 214|0x0000000720a00000, 0x0000000720a00000, 0x0000000720c00000|  0%| F|  |TAMS 0x0000000720a00000| PB 0x0000000720a00000| Untracked 
| 215|0x0000000720c00000, 0x0000000720c00000, 0x0000000720e00000|  0%| F|  |TAMS 0x0000000720c00000| PB 0x0000000720c00000| Untracked 
| 216|0x0000000720e00000, 0x0000000720e00000, 0x0000000721000000|  0%| F|  |TAMS 0x0000000720e00000| PB 0x0000000720e00000| Untracked 
| 217|0x0000000721000000, 0x0000000721000000, 0x0000000721200000|  0%| F|  |TAMS 0x0000000721000000| PB 0x0000000721000000| Untracked 
| 218|0x0000000721200000, 0x0000000721200000, 0x0000000721400000|  0%| F|  |TAMS 0x0000000721200000| PB 0x0000000721200000| Untracked 
| 219|0x0000000721400000, 0x0000000721400000, 0x0000000721600000|  0%| F|  |TAMS 0x0000000721400000| PB 0x0000000721400000| Untracked 
| 220|0x0000000721600000, 0x0000000721600000, 0x0000000721800000|  0%| F|  |TAMS 0x0000000721600000| PB 0x0000000721600000| Untracked 
| 221|0x0000000721800000, 0x0000000721800000, 0x0000000721a00000|  0%| F|  |TAMS 0x0000000721800000| PB 0x0000000721800000| Untracked 
| 222|0x0000000721a00000, 0x0000000721a00000, 0x0000000721c00000|  0%| F|  |TAMS 0x0000000721a00000| PB 0x0000000721a00000| Untracked 
| 223|0x0000000721c00000, 0x0000000721c00000, 0x0000000721e00000|  0%| F|  |TAMS 0x0000000721c00000| PB 0x0000000721c00000| Untracked 
| 224|0x0000000721e00000, 0x0000000721e00000, 0x0000000722000000|  0%| F|  |TAMS 0x0000000721e00000| PB 0x0000000721e00000| Untracked 
| 225|0x0000000722000000, 0x0000000722000000, 0x0000000722200000|  0%| F|  |TAMS 0x0000000722000000| PB 0x0000000722000000| Untracked 
| 226|0x0000000722200000, 0x0000000722400000, 0x0000000722400000|100%| S|CS|TAMS 0x0000000722200000| PB 0x0000000722200000| Complete 
| 227|0x0000000722400000, 0x0000000722400000, 0x0000000722600000|  0%| F|  |TAMS 0x0000000722400000| PB 0x0000000722400000| Untracked 
| 228|0x0000000722600000, 0x0000000722600000, 0x0000000722800000|  0%| F|  |TAMS 0x0000000722600000| PB 0x0000000722600000| Untracked 
| 229|0x0000000722800000, 0x0000000722800000, 0x0000000722a00000|  0%| F|  |TAMS 0x0000000722800000| PB 0x0000000722800000| Untracked 
| 230|0x0000000722a00000, 0x0000000722a00000, 0x0000000722c00000|  0%| F|  |TAMS 0x0000000722a00000| PB 0x0000000722a00000| Untracked 
| 231|0x0000000722c00000, 0x0000000722c00000, 0x0000000722e00000|  0%| F|  |TAMS 0x0000000722c00000| PB 0x0000000722c00000| Untracked 
| 232|0x0000000722e00000, 0x0000000722e00000, 0x0000000723000000|  0%| F|  |TAMS 0x0000000722e00000| PB 0x0000000722e00000| Untracked 
| 233|0x0000000723000000, 0x0000000723000000, 0x0000000723200000|  0%| F|  |TAMS 0x0000000723000000| PB 0x0000000723000000| Untracked 
| 234|0x0000000723200000, 0x0000000723200000, 0x0000000723400000|  0%| F|  |TAMS 0x0000000723200000| PB 0x0000000723200000| Untracked 
| 235|0x0000000723400000, 0x0000000723400000, 0x0000000723600000|  0%| F|  |TAMS 0x0000000723400000| PB 0x0000000723400000| Untracked 
| 236|0x0000000723600000, 0x0000000723600000, 0x0000000723800000|  0%| F|  |TAMS 0x0000000723600000| PB 0x0000000723600000| Untracked 
| 237|0x0000000723800000, 0x0000000723a00000, 0x0000000723a00000|100%| S|CS|TAMS 0x0000000723800000| PB 0x0000000723800000| Complete 
| 238|0x0000000723a00000, 0x0000000723c00000, 0x0000000723c00000|100%| S|CS|TAMS 0x0000000723a00000| PB 0x0000000723a00000| Complete 
| 239|0x0000000723c00000, 0x0000000723e00000, 0x0000000723e00000|100%| S|CS|TAMS 0x0000000723c00000| PB 0x0000000723c00000| Complete 
| 240|0x0000000723e00000, 0x0000000724000000, 0x0000000724000000|100%| S|CS|TAMS 0x0000000723e00000| PB 0x0000000723e00000| Complete 
| 241|0x0000000724000000, 0x0000000724200000, 0x0000000724200000|100%| S|CS|TAMS 0x0000000724000000| PB 0x0000000724000000| Complete 
| 242|0x0000000724200000, 0x0000000724400000, 0x0000000724400000|100%| S|CS|TAMS 0x0000000724200000| PB 0x0000000724200000| Complete 
| 243|0x0000000724400000, 0x0000000724600000, 0x0000000724600000|100%| S|CS|TAMS 0x0000000724400000| PB 0x0000000724400000| Complete 
| 244|0x0000000724600000, 0x0000000724800000, 0x0000000724800000|100%| S|CS|TAMS 0x0000000724600000| PB 0x0000000724600000| Complete 
| 245|0x0000000724800000, 0x0000000724800000, 0x0000000724a00000|  0%| F|  |TAMS 0x0000000724800000| PB 0x0000000724800000| Untracked 
| 246|0x0000000724a00000, 0x0000000724a00000, 0x0000000724c00000|  0%| F|  |TAMS 0x0000000724a00000| PB 0x0000000724a00000| Untracked 
| 247|0x0000000724c00000, 0x0000000724c00000, 0x0000000724e00000|  0%| F|  |TAMS 0x0000000724c00000| PB 0x0000000724c00000| Untracked 
| 248|0x0000000724e00000, 0x0000000724e00000, 0x0000000725000000|  0%| F|  |TAMS 0x0000000724e00000| PB 0x0000000724e00000| Untracked 
| 249|0x0000000725000000, 0x0000000725000000, 0x0000000725200000|  0%| F|  |TAMS 0x0000000725000000| PB 0x0000000725000000| Untracked 
| 250|0x0000000725200000, 0x0000000725200000, 0x0000000725400000|  0%| F|  |TAMS 0x0000000725200000| PB 0x0000000725200000| Untracked 
| 251|0x0000000725400000, 0x0000000725400000, 0x0000000725600000|  0%| F|  |TAMS 0x0000000725400000| PB 0x0000000725400000| Untracked 
| 252|0x0000000725600000, 0x0000000725600000, 0x0000000725800000|  0%| F|  |TAMS 0x0000000725600000| PB 0x0000000725600000| Untracked 
| 253|0x0000000725800000, 0x0000000725800000, 0x0000000725a00000|  0%| F|  |TAMS 0x0000000725800000| PB 0x0000000725800000| Untracked 
| 254|0x0000000725a00000, 0x0000000725a00000, 0x0000000725c00000|  0%| F|  |TAMS 0x0000000725a00000| PB 0x0000000725a00000| Untracked 
| 255|0x0000000725c00000, 0x0000000725c00000, 0x0000000725e00000|  0%| F|  |TAMS 0x0000000725c00000| PB 0x0000000725c00000| Untracked 
| 256|0x0000000725e00000, 0x0000000725e00000, 0x0000000726000000|  0%| F|  |TAMS 0x0000000725e00000| PB 0x0000000725e00000| Untracked 
| 257|0x0000000726000000, 0x0000000726000000, 0x0000000726200000|  0%| F|  |TAMS 0x0000000726000000| PB 0x0000000726000000| Untracked 
| 258|0x0000000726200000, 0x0000000726200000, 0x0000000726400000|  0%| F|  |TAMS 0x0000000726200000| PB 0x0000000726200000| Untracked 
| 259|0x0000000726400000, 0x0000000726400000, 0x0000000726600000|  0%| F|  |TAMS 0x0000000726400000| PB 0x0000000726400000| Untracked 
| 260|0x0000000726600000, 0x0000000726600000, 0x0000000726800000|  0%| F|  |TAMS 0x0000000726600000| PB 0x0000000726600000| Untracked 
| 261|0x0000000726800000, 0x0000000726800000, 0x0000000726a00000|  0%| F|  |TAMS 0x0000000726800000| PB 0x0000000726800000| Untracked 
| 262|0x0000000726a00000, 0x0000000726a00000, 0x0000000726c00000|  0%| F|  |TAMS 0x0000000726a00000| PB 0x0000000726a00000| Untracked 
| 263|0x0000000726c00000, 0x0000000726c00000, 0x0000000726e00000|  0%| F|  |TAMS 0x0000000726c00000| PB 0x0000000726c00000| Untracked 
| 264|0x0000000726e00000, 0x0000000726e00000, 0x0000000727000000|  0%| F|  |TAMS 0x0000000726e00000| PB 0x0000000726e00000| Untracked 
| 265|0x0000000727000000, 0x0000000727000000, 0x0000000727200000|  0%| F|  |TAMS 0x0000000727000000| PB 0x0000000727000000| Untracked 
| 266|0x0000000727200000, 0x0000000727200000, 0x0000000727400000|  0%| F|  |TAMS 0x0000000727200000| PB 0x0000000727200000| Untracked 
| 267|0x0000000727400000, 0x0000000727400000, 0x0000000727600000|  0%| F|  |TAMS 0x0000000727400000| PB 0x0000000727400000| Untracked 
| 268|0x0000000727600000, 0x0000000727600000, 0x0000000727800000|  0%| F|  |TAMS 0x0000000727600000| PB 0x0000000727600000| Untracked 
| 269|0x0000000727800000, 0x0000000727800000, 0x0000000727a00000|  0%| F|  |TAMS 0x0000000727800000| PB 0x0000000727800000| Untracked 
| 270|0x0000000727a00000, 0x0000000727a00000, 0x0000000727c00000|  0%| F|  |TAMS 0x0000000727a00000| PB 0x0000000727a00000| Untracked 
| 271|0x0000000727c00000, 0x0000000727c00000, 0x0000000727e00000|  0%| F|  |TAMS 0x0000000727c00000| PB 0x0000000727c00000| Untracked 
| 272|0x0000000727e00000, 0x0000000727e00000, 0x0000000728000000|  0%| F|  |TAMS 0x0000000727e00000| PB 0x0000000727e00000| Untracked 
| 273|0x0000000728000000, 0x0000000728000000, 0x0000000728200000|  0%| F|  |TAMS 0x0000000728000000| PB 0x0000000728000000| Untracked 
| 274|0x0000000728200000, 0x0000000728200000, 0x0000000728400000|  0%| F|  |TAMS 0x0000000728200000| PB 0x0000000728200000| Untracked 
| 275|0x0000000728400000, 0x0000000728400000, 0x0000000728600000|  0%| F|  |TAMS 0x0000000728400000| PB 0x0000000728400000| Untracked 
| 276|0x0000000728600000, 0x0000000728600000, 0x0000000728800000|  0%| F|  |TAMS 0x0000000728600000| PB 0x0000000728600000| Untracked 
| 277|0x0000000728800000, 0x0000000728800000, 0x0000000728a00000|  0%| F|  |TAMS 0x0000000728800000| PB 0x0000000728800000| Untracked 
| 278|0x0000000728a00000, 0x0000000728a00000, 0x0000000728c00000|  0%| F|  |TAMS 0x0000000728a00000| PB 0x0000000728a00000| Untracked 
| 279|0x0000000728c00000, 0x0000000728c00000, 0x0000000728e00000|  0%| F|  |TAMS 0x0000000728c00000| PB 0x0000000728c00000| Untracked 
| 280|0x0000000728e00000, 0x0000000728e00000, 0x0000000729000000|  0%| F|  |TAMS 0x0000000728e00000| PB 0x0000000728e00000| Untracked 
| 281|0x0000000729000000, 0x0000000729000000, 0x0000000729200000|  0%| F|  |TAMS 0x0000000729000000| PB 0x0000000729000000| Untracked 
| 282|0x0000000729200000, 0x0000000729200000, 0x0000000729400000|  0%| F|  |TAMS 0x0000000729200000| PB 0x0000000729200000| Untracked 
| 283|0x0000000729400000, 0x0000000729400000, 0x0000000729600000|  0%| F|  |TAMS 0x0000000729400000| PB 0x0000000729400000| Untracked 
| 284|0x0000000729600000, 0x0000000729600000, 0x0000000729800000|  0%| F|  |TAMS 0x0000000729600000| PB 0x0000000729600000| Untracked 
| 285|0x0000000729800000, 0x0000000729800000, 0x0000000729a00000|  0%| F|  |TAMS 0x0000000729800000| PB 0x0000000729800000| Untracked 
| 286|0x0000000729a00000, 0x0000000729a00000, 0x0000000729c00000|  0%| F|  |TAMS 0x0000000729a00000| PB 0x0000000729a00000| Untracked 
| 287|0x0000000729c00000, 0x0000000729c00000, 0x0000000729e00000|  0%| F|  |TAMS 0x0000000729c00000| PB 0x0000000729c00000| Untracked 
| 288|0x0000000729e00000, 0x0000000729e00000, 0x000000072a000000|  0%| F|  |TAMS 0x0000000729e00000| PB 0x0000000729e00000| Untracked 
| 289|0x000000072a000000, 0x000000072a000000, 0x000000072a200000|  0%| F|  |TAMS 0x000000072a000000| PB 0x000000072a000000| Untracked 
| 290|0x000000072a200000, 0x000000072a200000, 0x000000072a400000|  0%| F|  |TAMS 0x000000072a200000| PB 0x000000072a200000| Untracked 
| 291|0x000000072a400000, 0x000000072a400000, 0x000000072a600000|  0%| F|  |TAMS 0x000000072a400000| PB 0x000000072a400000| Untracked 
| 292|0x000000072a600000, 0x000000072a800000, 0x000000072a800000|100%| E|  |TAMS 0x000000072a600000| PB 0x000000072a600000| Complete 
| 293|0x000000072a800000, 0x000000072aa00000, 0x000000072aa00000|100%| E|CS|TAMS 0x000000072a800000| PB 0x000000072a800000| Complete 
| 294|0x000000072aa00000, 0x000000072ac00000, 0x000000072ac00000|100%| E|CS|TAMS 0x000000072aa00000| PB 0x000000072aa00000| Complete 
| 295|0x000000072ac00000, 0x000000072ae00000, 0x000000072ae00000|100%| E|CS|TAMS 0x000000072ac00000| PB 0x000000072ac00000| Complete 
| 296|0x000000072ae00000, 0x000000072b000000, 0x000000072b000000|100%| E|CS|TAMS 0x000000072ae00000| PB 0x000000072ae00000| Complete 
| 297|0x000000072b000000, 0x000000072b200000, 0x000000072b200000|100%| E|CS|TAMS 0x000000072b000000| PB 0x000000072b000000| Complete 
| 298|0x000000072b200000, 0x000000072b400000, 0x000000072b400000|100%| E|CS|TAMS 0x000000072b200000| PB 0x000000072b200000| Complete 
| 299|0x000000072b400000, 0x000000072b600000, 0x000000072b600000|100%| E|CS|TAMS 0x000000072b400000| PB 0x000000072b400000| Complete 

Card table byte_map: [0x000001f52c410000,0x000001f52cbf0000] _byte_map_base: 0x000001f528be1000

Marking Bits: (CMBitMap*) 0x000001f51327cb80
 Bits: [0x000001f52cbf0000, 0x000001f530a78000)

Polling page: 0x000001f510d20000

Metaspace:

Usage:
  Non-class:     72.95 MB used.
      Class:      8.85 MB used.
       Both:     81.80 MB used.

Virtual space:
  Non-class space:      128.00 MB reserved,      73.56 MB ( 57%) committed,  2 nodes.
      Class space:        1.00 GB reserved,       9.44 MB ( <1%) committed,  1 nodes.
             Both:        1.12 GB reserved,      83.00 MB (  7%) committed. 

Chunk freelists:
   Non-Class:  6.12 MB
       Class:  6.54 MB
        Both:  12.67 MB

MaxMetaspaceSize: unlimited
CompressedClassSpaceSize: 1.00 GB
Initial GC threshold: 21.00 MB
Current GC threshold: 135.75 MB
CDS: on
 - commit_granule_bytes: 65536.
 - commit_granule_words: 8192.
 - virtual_space_node_default_size: 8388608.
 - enlarge_chunks_in_place: 1.
 - use_allocation_guard: 0.


Internal statistics:

num_allocs_failed_limit: 6.
num_arena_births: 2088.
num_arena_deaths: 0.
num_vsnodes_births: 3.
num_vsnodes_deaths: 0.
num_space_committed: 1325.
num_space_uncommitted: 0.
num_chunks_returned_to_freelist: 6.
num_chunks_taken_from_freelist: 5472.
num_chunk_merges: 6.
num_chunk_splits: 3889.
num_chunks_enlarged: 2787.
num_inconsistent_stats: 0.

CodeHeap 'non-profiled nmethods': size=118848Kb used=9483Kb max_used=9752Kb free=109364Kb
 bounds [0x000001f5234e0000, 0x000001f523e70000, 0x000001f52a8f0000]
CodeHeap 'profiled nmethods': size=118848Kb used=45914Kb max_used=52327Kb free=72933Kb
 bounds [0x000001f51b8f0000, 0x000001f51ec40000, 0x000001f522d00000]
CodeHeap 'non-nmethods': size=8064Kb used=3447Kb max_used=3912Kb free=4616Kb
 bounds [0x000001f522d00000, 0x000001f5230e0000, 0x000001f5234e0000]
 total_blobs=16535 nmethods=15770 adapters=663
 compilation: enabled
              stopped_count=0, restarted_count=0
 full_count=0

Compilation events (20 events):
Event: 19.090 Thread 0x000001f57a0c0720 nmethod 24893 0x000001f51c1dda10 code [0x000001f51c1ddd00, 0x000001f51c1de958]
Event: 19.090 Thread 0x000001f57a0c0720 24894       2       org.h2.command.Prepared::collectDependencies (1 bytes)
Event: 19.090 Thread 0x000001f57a0c0720 nmethod 24894 0x000001f51c40f390 code [0x000001f51c40f520, 0x000001f51c40f628]
Event: 19.090 Thread 0x000001f57a0c15d0 nmethod 24892 0x000001f51ce83310 code [0x000001f51ce83720, 0x000001f51ce84640]
Event: 19.106 Thread 0x000001f5334fbe20 nmethod 24817 0x000001f523e58f90 code [0x000001f523e59680, 0x000001f523e5d900]
Event: 19.106 Thread 0x000001f5334fbe20 24884       4       org.jetbrains.kotlin.types.AbstractTypeChecker::checkSubtypeForSpecialCases (767 bytes)
Event: 19.111 Thread 0x000001f57a0c15d0 24895       3       org.jetbrains.kotlin.load.kotlin.FileBasedKotlinClass$3::visit (64 bytes)
Event: 19.112 Thread 0x000001f57a0c15d0 nmethod 24895 0x000001f51da14f90 code [0x000001f51da151e0, 0x000001f51da15b38]
Event: 19.115 Thread 0x000001f5334fbe20 nmethod 24884 0x000001f523e60790 code [0x000001f523e60aa0, 0x000001f523e616a8]
Event: 19.115 Thread 0x000001f5334fbe20 24837       4       org.jetbrains.kotlin.cfg.pseudocodeTraverser.PseudocodeTraverserKt::traverse (128 bytes)
Event: 19.115 Thread 0x000001f57a0c15d0 24896       3       org.jetbrains.kotlin.load.java.components.JavaAnnotationDescriptor::getType (8 bytes)
Event: 19.116 Thread 0x000001f57a0c15d0 nmethod 24896 0x000001f51d367c10 code [0x000001f51d367ee0, 0x000001f51d368c18]
Event: 19.140 Thread 0x000001f57a0c15d0 24899       3       org.jetbrains.kotlin.serialization.deserialization.descriptors.DeserializedMemberScope$OptimizedImplementation$computeDescriptors$1$1::invoke (5 bytes)
Event: 19.141 Thread 0x000001f57a0c15d0 nmethod 24899 0x000001f51cff9390 code [0x000001f51cff9580, 0x000001f51cff9b88]
Event: 19.141 Thread 0x000001f5334fbe20 nmethod 24837 0x000001f523e62410 code [0x000001f523e62740, 0x000001f523e63ce8]
Event: 19.142 Thread 0x000001f5334fbe20 24897       4       org.jetbrains.kotlin.load.java.lazy.descriptors.LazyJavaClassMemberScope$$Lambda/0x000001f53681a728::invoke (11 bytes)
Event: 19.144 Thread 0x000001f5334fbe20 nmethod 24897 0x000001f523e65b10 code [0x000001f523e65cc0, 0x000001f523e65ed8]
Event: 19.144 Thread 0x000001f5334fbe20 24818       4       org.jetbrains.kotlin.resolve.OverridingUtil::generateOverridesInFunctionGroup (123 bytes)
Event: 19.161 Thread 0x000001f57a0c0720 24901       3       org.jetbrains.kotlin.types.TypeSubstitutionKt::asSimpleType (62 bytes)
Event: 19.161 Thread 0x000001f57a0c0720 nmethod 24901 0x000001f51d61dd10 code [0x000001f51d61e020, 0x000001f51d61f000]

GC Heap History (20 events):
Event: 14.572 GC heap before
{Heap before GC invocations=50 (full 0):
 garbage-first heap   total 346112K, used 300585K [0x0000000705e00000, 0x0000000800000000)
  region size 2048K, 45 young (92160K), 5 survivors (10240K)
 Metaspace       used 81745K, committed 82688K, reserved 1179648K
  class space    used 8913K, committed 9344K, reserved 1048576K
}
Event: 14.577 GC heap after
{Heap after GC invocations=51 (full 0):
 garbage-first heap   total 346112K, used 231637K [0x0000000705e00000, 0x0000000800000000)
  region size 2048K, 6 young (12288K), 6 survivors (12288K)
 Metaspace       used 81745K, committed 82688K, reserved 1179648K
  class space    used 8913K, committed 9344K, reserved 1048576K
}
Event: 15.072 GC heap before
{Heap before GC invocations=51 (full 0):
 garbage-first heap   total 346112K, used 305365K [0x0000000705e00000, 0x0000000800000000)
  region size 2048K, 42 young (86016K), 6 survivors (12288K)
 Metaspace       used 81938K, committed 83008K, reserved 1179648K
  class space    used 8922K, committed 9408K, reserved 1048576K
}
Event: 15.077 GC heap after
{Heap after GC invocations=52 (full 0):
 garbage-first heap   total 346112K, used 247325K [0x0000000705e00000, 0x0000000800000000)
  region size 2048K, 6 young (12288K), 6 survivors (12288K)
 Metaspace       used 81938K, committed 83008K, reserved 1179648K
  class space    used 8922K, committed 9408K, reserved 1048576K
}
Event: 15.420 GC heap before
{Heap before GC invocations=53 (full 0):
 garbage-first heap   total 413696K, used 310813K [0x0000000705e00000, 0x0000000800000000)
  region size 2048K, 37 young (75776K), 6 survivors (12288K)
 Metaspace       used 82042K, committed 83072K, reserved 1179648K
  class space    used 8923K, committed 9408K, reserved 1048576K
}
Event: 15.428 GC heap after
{Heap after GC invocations=54 (full 0):
 garbage-first heap   total 413696K, used 262144K [0x0000000705e00000, 0x0000000800000000)
  region size 2048K, 5 young (10240K), 5 survivors (10240K)
 Metaspace       used 82042K, committed 83072K, reserved 1179648K
  class space    used 8923K, committed 9408K, reserved 1048576K
}
Event: 15.768 GC heap before
{Heap before GC invocations=54 (full 0):
 garbage-first heap   total 413696K, used 358400K [0x0000000705e00000, 0x0000000800000000)
  region size 2048K, 52 young (106496K), 5 survivors (10240K)
 Metaspace       used 82229K, committed 83200K, reserved 1179648K
  class space    used 8924K, committed 9408K, reserved 1048576K
}
Event: 15.777 GC heap after
{Heap after GC invocations=55 (full 0):
 garbage-first heap   total 413696K, used 287228K [0x0000000705e00000, 0x0000000800000000)
  region size 2048K, 7 young (14336K), 7 survivors (14336K)
 Metaspace       used 82229K, committed 83200K, reserved 1179648K
  class space    used 8924K, committed 9408K, reserved 1048576K
}
Event: 16.105 GC heap before
{Heap before GC invocations=55 (full 0):
 garbage-first heap   total 413696K, used 365052K [0x0000000705e00000, 0x0000000800000000)
  region size 2048K, 45 young (92160K), 7 survivors (14336K)
 Metaspace       used 82382K, committed 83392K, reserved 1179648K
  class space    used 8929K, committed 9408K, reserved 1048576K
}
Event: 16.111 GC heap after
{Heap after GC invocations=56 (full 0):
 garbage-first heap   total 413696K, used 307200K [0x0000000705e00000, 0x0000000800000000)
  region size 2048K, 6 young (12288K), 6 survivors (12288K)
 Metaspace       used 82382K, committed 83392K, reserved 1179648K
  class space    used 8929K, committed 9408K, reserved 1048576K
}
Event: 16.463 GC heap before
{Heap before GC invocations=57 (full 0):
 garbage-first heap   total 512000K, used 372736K [0x0000000705e00000, 0x0000000800000000)
  region size 2048K, 38 young (77824K), 6 survivors (12288K)
 Metaspace       used 82538K, committed 83520K, reserved 1179648K
  class space    used 8930K, committed 9408K, reserved 1048576K
}
Event: 16.471 GC heap after
{Heap after GC invocations=58 (full 0):
 garbage-first heap   total 512000K, used 325286K [0x0000000705e00000, 0x0000000800000000)
  region size 2048K, 5 young (10240K), 5 survivors (10240K)
 Metaspace       used 82538K, committed 83520K, reserved 1179648K
  class space    used 8930K, committed 9408K, reserved 1048576K
}
Event: 16.969 GC heap before
{Heap before GC invocations=58 (full 0):
 garbage-first heap   total 512000K, used 437926K [0x0000000705e00000, 0x0000000800000000)
  region size 2048K, 60 young (122880K), 5 survivors (10240K)
 Metaspace       used 82665K, committed 83648K, reserved 1179648K
  class space    used 8932K, committed 9408K, reserved 1048576K
}
Event: 16.985 GC heap after
{Heap after GC invocations=59 (full 0):
 garbage-first heap   total 614400K, used 348767K [0x0000000705e00000, 0x0000000800000000)
  region size 2048K, 8 young (16384K), 8 survivors (16384K)
 Metaspace       used 82665K, committed 83648K, reserved 1179648K
  class space    used 8932K, committed 9408K, reserved 1048576K
}
Event: 17.930 GC heap before
{Heap before GC invocations=59 (full 0):
 garbage-first heap   total 614400K, used 514655K [0x0000000705e00000, 0x0000000800000000)
  region size 2048K, 89 young (182272K), 8 survivors (16384K)
 Metaspace       used 83472K, committed 84608K, reserved 1179648K
  class space    used 9042K, committed 9600K, reserved 1048576K
}
Event: 17.947 GC heap after
{Heap after GC invocations=60 (full 0):
 garbage-first heap   total 614400K, used 387962K [0x0000000705e00000, 0x0000000800000000)
  region size 2048K, 12 young (24576K), 12 survivors (24576K)
 Metaspace       used 83472K, committed 84608K, reserved 1179648K
  class space    used 9042K, committed 9600K, reserved 1048576K
}
Event: 18.476 GC heap before
{Heap before GC invocations=60 (full 0):
 garbage-first heap   total 614400K, used 516986K [0x0000000705e00000, 0x0000000800000000)
  region size 2048K, 75 young (153600K), 12 survivors (24576K)
 Metaspace       used 83664K, committed 84928K, reserved 1179648K
  class space    used 9057K, committed 9664K, reserved 1048576K
}
Event: 18.487 GC heap after
{Heap after GC invocations=61 (full 0):
 garbage-first heap   total 614400K, used 424317K [0x0000000705e00000, 0x0000000800000000)
  region size 2048K, 10 young (20480K), 10 survivors (20480K)
 Metaspace       used 83664K, committed 84928K, reserved 1179648K
  class space    used 9057K, committed 9664K, reserved 1048576K
}
Event: 19.061 GC heap before
{Heap before GC invocations=61 (full 0):
 garbage-first heap   total 614400K, used 536957K [0x0000000705e00000, 0x0000000800000000)
  region size 2048K, 65 young (133120K), 10 survivors (20480K)
 Metaspace       used 83751K, committed 84992K, reserved 1179648K
  class space    used 9059K, committed 9664K, reserved 1048576K
}
Event: 19.069 GC heap after
{Heap after GC invocations=62 (full 0):
 garbage-first heap   total 614400K, used 446964K [0x0000000705e00000, 0x0000000800000000)
  region size 2048K, 9 young (18432K), 9 survivors (18432K)
 Metaspace       used 83751K, committed 84992K, reserved 1179648K
  class space    used 9059K, committed 9664K, reserved 1048576K
}

Dll operation events (8 events):
Event: 0.008 Loaded shared library D:\jdk_21.0.7.6\bin\java.dll
Event: 0.037 Loaded shared library D:\jdk_21.0.7.6\bin\jsvml.dll
Event: 0.073 Loaded shared library D:\jdk_21.0.7.6\bin\net.dll
Event: 0.075 Loaded shared library D:\jdk_21.0.7.6\bin\nio.dll
Event: 0.079 Loaded shared library D:\jdk_21.0.7.6\bin\zip.dll
Event: 0.151 Loaded shared library D:\jdk_21.0.7.6\bin\jimage.dll
Event: 0.989 Loaded shared library D:\jdk_21.0.7.6\bin\verify.dll
Event: 2.223 Loaded shared library C:\Users\ASUS\AppData\Local\Temp\sqlite-3.41.2.1-2d6e6386-c19f-488f-b610-2f95616ac67f-sqlitejdbc.dll

Deoptimization events (20 events):
Event: 18.917 Thread 0x000001f57bc8b400 DEOPT PACKING pc=0x000001f52389e93c sp=0x00000086f76fe560
Event: 18.917 Thread 0x000001f57bc8b400 DEOPT UNPACKING pc=0x000001f522d546a2 sp=0x00000086f76fe458 mode 2
Event: 18.928 Thread 0x000001f57bc8b400 Uncommon trap: trap_request=0xffffffc6 fr.pc=0x000001f523b50cb0 relative=0x0000000000000a30
Event: 18.928 Thread 0x000001f57bc8b400 Uncommon trap: reason=bimorphic_or_optimized_type_check action=maybe_recompile pc=0x000001f523b50cb0 method=org.jetbrains.kotlin.resolve.calls.util.CallUtilKt.getCall(Lorg/jetbrains/kotlin/psi/KtElement;Lorg/jetbrains/kotlin/resolve/BindingContext;)Lorg/j
Event: 18.928 Thread 0x000001f57bc8b400 DEOPT PACKING pc=0x000001f523b50cb0 sp=0x00000086f76fe430
Event: 18.928 Thread 0x000001f57bc8b400 DEOPT UNPACKING pc=0x000001f522d546a2 sp=0x00000086f76fe3a8 mode 2
Event: 18.928 Thread 0x000001f57bc8b400 Uncommon trap: trap_request=0xffffffc6 fr.pc=0x000001f523b24330 relative=0x0000000000000a10
Event: 18.928 Thread 0x000001f57bc8b400 Uncommon trap: reason=bimorphic_or_optimized_type_check action=maybe_recompile pc=0x000001f523b24330 method=org.jetbrains.kotlin.resolve.calls.util.PsiUtilsKt.getCalleeExpressionIfAny(Lorg/jetbrains/kotlin/psi/KtElement;)Lorg/jetbrains/kotlin/psi/KtExpres
Event: 18.928 Thread 0x000001f57bc8b400 DEOPT PACKING pc=0x000001f523b24330 sp=0x00000086f76fe3a0
Event: 18.928 Thread 0x000001f57bc8b400 DEOPT UNPACKING pc=0x000001f522d546a2 sp=0x00000086f76fe338 mode 2
Event: 18.934 Thread 0x000001f57bc8b400 DEOPT PACKING pc=0x000001f51d949ff0 sp=0x00000086f76fe820
Event: 18.934 Thread 0x000001f57bc8b400 DEOPT UNPACKING pc=0x000001f522d54e42 sp=0x00000086f76fddd0 mode 0
Event: 19.080 Thread 0x000001f57bc8b400 Uncommon trap: trap_request=0xffffffc6 fr.pc=0x000001f523b50cb0 relative=0x0000000000000a30
Event: 19.080 Thread 0x000001f57bc8b400 Uncommon trap: reason=bimorphic_or_optimized_type_check action=maybe_recompile pc=0x000001f523b50cb0 method=org.jetbrains.kotlin.resolve.calls.util.CallUtilKt.getCall(Lorg/jetbrains/kotlin/psi/KtElement;Lorg/jetbrains/kotlin/resolve/BindingContext;)Lorg/j
Event: 19.080 Thread 0x000001f57bc8b400 DEOPT PACKING pc=0x000001f523b50cb0 sp=0x00000086f76fe430
Event: 19.080 Thread 0x000001f57bc8b400 DEOPT UNPACKING pc=0x000001f522d546a2 sp=0x00000086f76fe3a8 mode 2
Event: 19.080 Thread 0x000001f57bc8b400 Uncommon trap: trap_request=0xffffffc6 fr.pc=0x000001f523b24330 relative=0x0000000000000a10
Event: 19.080 Thread 0x000001f57bc8b400 Uncommon trap: reason=bimorphic_or_optimized_type_check action=maybe_recompile pc=0x000001f523b24330 method=org.jetbrains.kotlin.resolve.calls.util.PsiUtilsKt.getCalleeExpressionIfAny(Lorg/jetbrains/kotlin/psi/KtElement;)Lorg/jetbrains/kotlin/psi/KtExpres
Event: 19.080 Thread 0x000001f57bc8b400 DEOPT PACKING pc=0x000001f523b24330 sp=0x00000086f76fe3a0
Event: 19.080 Thread 0x000001f57bc8b400 DEOPT UNPACKING pc=0x000001f522d546a2 sp=0x00000086f76fe338 mode 2

Classes loaded (20 events):
Event: 8.097 Loading class java/util/stream/SliceOps$1
Event: 8.097 Loading class java/util/stream/ReferencePipeline$StatefulOp
Event: 8.097 Loading class java/util/stream/ReferencePipeline$StatefulOp done
Event: 8.097 Loading class java/util/stream/SliceOps$1 done
Event: 8.098 Loading class java/util/stream/Nodes$SpinedNodeBuilder
Event: 8.098 Loading class java/util/stream/Nodes$SpinedNodeBuilder done
Event: 8.099 Loading class java/util/stream/SliceOps$1$1
Event: 8.099 Loading class java/util/stream/SliceOps$1$1 done
Event: 8.276 Loading class java/util/function/IntBinaryOperator
Event: 8.276 Loading class java/util/function/IntBinaryOperator done
Event: 8.812 Loading class java/beans/PropertyChangeSupport
Event: 8.813 Loading class java/beans/PropertyChangeSupport done
Event: 8.813 Loading class java/beans/PropertyChangeSupport$PropertyChangeListenerMap
Event: 8.813 Loading class java/beans/ChangeListenerMap
Event: 8.813 Loading class java/beans/ChangeListenerMap done
Event: 8.813 Loading class java/beans/PropertyChangeSupport$PropertyChangeListenerMap done
Event: 8.813 Loading class java/beans/PropertyChangeListener
Event: 8.813 Loading class java/beans/PropertyChangeListener done
Event: 12.801 Loading class jdk/internal/math/FDBigInteger
Event: 12.802 Loading class jdk/internal/math/FDBigInteger done

Classes unloaded (0 events):
No events

Classes redefined (0 events):
No events

Internal exceptions (20 events):
Event: 7.647 Thread 0x000001f57bc8b400 Implicit null exception at 0x000001f5237ef631 to 0x000001f5237ef744
Event: 7.647 Thread 0x000001f57bc8b400 Implicit null exception at 0x000001f5237ea01a to 0x000001f5237eae7c
Event: 7.664 Thread 0x000001f57bc8b400 Exception <a 'java/lang/NoSuchMethodError'{0x000000070e2e3108}: 'java.lang.Object java.lang.invoke.DirectMethodHandle$Holder.invokeStatic(java.lang.Object, int, java.lang.Object)'> (0x000000070e2e3108) 
thrown [s\src\hotspot\share\interpreter\linkResolver.cpp, line 773]
Event: 7.672 Thread 0x000001f57bc8b400 Exception <a 'java/lang/NoSuchMethodError'{0x000000070e348170}: 'java.lang.Object java.lang.invoke.DirectMethodHandle$Holder.newInvokeSpecial(java.lang.Object, java.lang.Object, java.lang.Object, java.lang.Object, int, java.lang.Object)'> (0x000000070e348170) 
thrown [s\src\hotspot\share\interpreter\linkResolver.cpp, line 773]
Event: 7.672 Thread 0x000001f57bc8b400 Exception <a 'java/lang/NoSuchMethodError'{0x000000070e34fcf8}: 'java.lang.Object java.lang.invoke.Invokers$Holder.linkToTargetMethod(java.lang.Object, java.lang.Object, java.lang.Object, int, java.lang.Object, java.lang.Object)'> (0x000000070e34fcf8) 
thrown [s\src\hotspot\share\interpreter\linkResolver.cpp, line 773]
Event: 7.751 Thread 0x000001f57bc8b400 Implicit null exception at 0x000001f5237e5cc7 to 0x000001f5237e7638
Event: 8.235 Thread 0x000001f57bc8b400 Exception <a 'java/lang/NoSuchMethodError'{0x000000070e6deb38}: 'java.lang.Object java.lang.invoke.DirectMethodHandle$Holder.newInvokeSpecial(java.lang.Object, int, java.lang.Object)'> (0x000000070e6deb38) 
thrown [s\src\hotspot\share\interpreter\linkResolver.cpp, line 773]
Event: 8.345 Thread 0x000001f57bc8b400 Exception <a 'java/lang/NoSuchMethodError'{0x000000070dba7418}: 'java.lang.Object java.lang.invoke.DirectMethodHandle$Holder.newInvokeSpecial(java.lang.Object, java.lang.Object, java.lang.Object, java.lang.Object, java.lang.Object, java.lang.Object, java.lang.Object, int, java.lang.Object)'> (0x000000070dba7418) 
thrown [s\src\hotspot\share\interpreter\linkResolver.cpp, line 773]
Event: 8.762 Thread 0x000001f57bc8b400 Exception <a 'java/lang/NoSuchMethodError'{0x000000070e7c5fa8}: 'java.lang.Object java.lang.invoke.DirectMethodHandle$Holder.newInvokeSpecial(java.lang.Object, int, java.lang.Object, java.lang.Object)'> (0x000000070e7c5fa8) 
thrown [s\src\hotspot\share\interpreter\linkResolver.cpp, line 773]
Event: 8.762 Thread 0x000001f57bc8b400 Exception <a 'java/lang/NoSuchMethodError'{0x000000070e7ca108}: 'java.lang.Object java.lang.invoke.DirectMethodHandle$Holder.invokeSpecial(java.lang.Object, java.lang.Object, int, java.lang.Object, java.lang.Object)'> (0x000000070e7ca108) 
thrown [s\src\hotspot\share\interpreter\linkResolver.cpp, line 773]
Event: 8.936 Thread 0x000001f57bc8b400 Exception <a 'java/lang/NoSuchMethodError'{0x0000000715861fd8}: 'java.lang.Object java.lang.invoke.DirectMethodHandle$Holder.newInvokeSpecial(java.lang.Object, java.lang.Object, java.lang.Object, java.lang.Object, int, int)'> (0x0000000715861fd8) 
thrown [s\src\hotspot\share\interpreter\linkResolver.cpp, line 773]
Event: 9.111 Thread 0x000001f57bc8b400 Exception <a 'java/lang/NoSuchMethodError'{0x000000070ef9c6d8}: 'java.lang.Object java.lang.invoke.DirectMethodHandle$Holder.invokeStatic(java.lang.Object, java.lang.Object, int, java.lang.Object)'> (0x000000070ef9c6d8) 
thrown [s\src\hotspot\share\interpreter\linkResolver.cpp, line 773]
Event: 9.111 Thread 0x000001f57bc8b400 Exception <a 'java/lang/NoSuchMethodError'{0x000000070efa38e0}: 'java.lang.Object java.lang.invoke.DirectMethodHandle$Holder.newInvokeSpecial(java.lang.Object, java.lang.Object, int, java.lang.Object)'> (0x000000070efa38e0) 
thrown [s\src\hotspot\share\interpreter\linkResolver.cpp, line 773]
Event: 9.111 Thread 0x000001f57bc8b400 Exception <a 'java/lang/NoSuchMethodError'{0x000000070efa7a30}: 'java.lang.Object java.lang.invoke.DirectMethodHandle$Holder.invokeSpecial(java.lang.Object, java.lang.Object, java.lang.Object, int, java.lang.Object)'> (0x000000070efa7a30) 
thrown [s\src\hotspot\share\interpreter\linkResolver.cpp, line 773]
Event: 9.111 Thread 0x000001f57bc8b400 Exception <a 'java/lang/NoSuchMethodError'{0x000000070efab6f8}: 'java.lang.Object java.lang.invoke.Invokers$Holder.linkToTargetMethod(java.lang.Object, int, java.lang.Object, java.lang.Object)'> (0x000000070efab6f8) 
thrown [s\src\hotspot\share\interpreter\linkResolver.cpp, line 773]
Event: 9.668 Thread 0x000001f57bc8b400 Exception <a 'java/lang/IncompatibleClassChangeError'{0x000000070f94b6d0}: Found class java.lang.Object, but interface was expected> (0x000000070f94b6d0) 
thrown [s\src\hotspot\share\interpreter\linkResolver.cpp, line 840]
Event: 9.668 Thread 0x000001f57bc8b400 Exception <a 'java/lang/NoSuchMethodError'{0x000000070f94e5d8}: 'int java.lang.invoke.DirectMethodHandle$Holder.invokeSpecialIFC(java.lang.Object, java.lang.Object, java.lang.Object)'> (0x000000070f94e5d8) 
thrown [s\src\hotspot\share\interpreter\linkResolver.cpp, line 773]
Event: 9.890 Thread 0x000001f57bc8b400 Implicit null exception at 0x000001f5235ad400 to 0x000001f5235ad6c4
Event: 11.137 Thread 0x000001f57bc8b400 Implicit null exception at 0x000001f5239a93da to 0x000001f5239a9564
Event: 16.224 Thread 0x000001f57bc8b400 Implicit null exception at 0x000001f523cae0bc to 0x000001f523caf044

ZGC Phase Switch (0 events):
No events

VM Operations (20 events):
Event: 18.305 Executing VM operation: HandshakeAllThreads (Deoptimize) done
Event: 18.307 Executing VM operation: HandshakeAllThreads (Deoptimize)
Event: 18.307 Executing VM operation: HandshakeAllThreads (Deoptimize) done
Event: 18.319 Executing VM operation: HandshakeAllThreads (Deoptimize)
Event: 18.319 Executing VM operation: HandshakeAllThreads (Deoptimize) done
Event: 18.320 Executing VM operation: HandshakeAllThreads (Deoptimize)
Event: 18.320 Executing VM operation: HandshakeAllThreads (Deoptimize) done
Event: 18.323 Executing VM operation: HandshakeAllThreads (Deoptimize)
Event: 18.323 Executing VM operation: HandshakeAllThreads (Deoptimize) done
Event: 18.323 Executing VM operation: HandshakeAllThreads (Deoptimize)
Event: 18.323 Executing VM operation: HandshakeAllThreads (Deoptimize) done
Event: 18.476 Executing VM operation: G1CollectForAllocation (G1 Evacuation Pause)
Event: 18.487 Executing VM operation: G1CollectForAllocation (G1 Evacuation Pause) done
Event: 18.887 Executing VM operation: ICBufferFull
Event: 18.887 Executing VM operation: ICBufferFull done
Event: 19.032 Executing VM operation: ICBufferFull
Event: 19.032 Executing VM operation: ICBufferFull done
Event: 19.061 Executing VM operation: G1CollectForAllocation (G1 Evacuation Pause)
Event: 19.069 Executing VM operation: G1CollectForAllocation (G1 Evacuation Pause) done
Event: 19.186 Executing VM operation: G1PauseRemark

Memory protections (0 events):
No events

Nmethod flushes (20 events):
Event: 19.199 Thread 0x000001f5334ccbe0 flushing  nmethod 0x000001f51c78da90
Event: 19.199 Thread 0x000001f5334ccbe0 flushing  nmethod 0x000001f51c7c5b10
Event: 19.199 Thread 0x000001f5334ccbe0 flushing  nmethod 0x000001f51c977e90
Event: 19.199 Thread 0x000001f5334ccbe0 flushing  nmethod 0x000001f51ca9c090
Event: 19.199 Thread 0x000001f5334ccbe0 flushing  nmethod 0x000001f51ca9c590
Event: 19.199 Thread 0x000001f5334ccbe0 flushing  nmethod 0x000001f51ca9d690
Event: 19.199 Thread 0x000001f5334ccbe0 flushing  nmethod 0x000001f51cc28990
Event: 19.199 Thread 0x000001f5334ccbe0 flushing  nmethod 0x000001f51d07f610
Event: 19.199 Thread 0x000001f5334ccbe0 flushing  nmethod 0x000001f51d0fb090
Event: 19.199 Thread 0x000001f5334ccbe0 flushing  nmethod 0x000001f51d0fcb10
Event: 19.199 Thread 0x000001f5334ccbe0 flushing  nmethod 0x000001f51d0fda10
Event: 19.199 Thread 0x000001f5334ccbe0 flushing  nmethod 0x000001f51d26e910
Event: 19.199 Thread 0x000001f5334ccbe0 flushing  nmethod 0x000001f51d270210
Event: 19.199 Thread 0x000001f5334ccbe0 flushing  nmethod 0x000001f51d4a0890
Event: 19.199 Thread 0x000001f5334ccbe0 flushing  nmethod 0x000001f51d4abd10
Event: 19.199 Thread 0x000001f5334ccbe0 flushing  nmethod 0x000001f51d82e010
Event: 19.199 Thread 0x000001f5334ccbe0 flushing  nmethod 0x000001f51d831710
Event: 19.199 Thread 0x000001f5334ccbe0 flushing  nmethod 0x000001f51e034990
Event: 19.199 Thread 0x000001f5334ccbe0 flushing  nmethod 0x000001f51e45a290
Event: 19.199 Thread 0x000001f5334ccbe0 flushing  nmethod 0x000001f51e45f610

Events (20 events):
Event: 0.070 Thread 0x000001f510d78330 Thread added: 0x000001f5348518d0
Event: 0.106 Thread 0x000001f5334fbe20 Thread added: 0x000001f5348c3870
Event: 0.225 Thread 0x000001f5347598f0 Thread added: 0x000001f57a0c0720
Event: 0.225 Thread 0x000001f5347598f0 Thread added: 0x000001f57a0c15d0
Event: 1.255 Thread 0x000001f5334fbe20 Thread added: 0x000001f57ba13d80
Event: 1.660 Thread 0x000001f510d78330 Thread added: 0x000001f57cdcb410
Event: 1.662 Thread 0x000001f57cdcb410 Thread exited: 0x000001f57cdcb410
Event: 1.875 Thread 0x000001f510d78330 Thread added: 0x000001f57b9e1c80
Event: 1.876 Thread 0x000001f510d78330 Thread exited: 0x000001f510d78330
Event: 1.876 Thread 0x000001f510d78330 Thread added: 0x000001f510d78330
Event: 1.931 Thread 0x000001f57b9e1c80 Thread added: 0x000001f57ee9b780
Event: 2.175 Thread 0x000001f5348c3870 Thread exited: 0x000001f5348c3870
Event: 2.461 Thread 0x000001f5334fccc0 Thread added: 0x000001f57bd02a30
Event: 3.298 Thread 0x000001f57bd02a30 Thread exited: 0x000001f57bd02a30
Event: 3.371 Thread 0x000001f5334fbe20 Thread added: 0x000001f57b11ceb0
Event: 4.049 Thread 0x000001f57ba13d80 Thread exited: 0x000001f57ba13d80
Event: 4.500 Thread 0x000001f57b11ceb0 Thread exited: 0x000001f57b11ceb0
Event: 4.910 Thread 0x000001f57ee9b780 Thread added: 0x000001f57bc8a050
Event: 5.143 Thread 0x000001f57ee9b780 Thread added: 0x000001f57bc8b400
Event: 7.021 Thread 0x000001f57bc8b400 Thread added: 0x000001f57d880900


Dynamic libraries:
0x00007ff743be0000 - 0x00007ff743bee000 	D:\jdk_21.0.7.6\bin\java.exe
0x00007ff8c4c60000 - 0x00007ff8c4ec6000 	C:\WINDOWS\SYSTEM32\ntdll.dll
0x00007ff8c3070000 - 0x00007ff8c3139000 	C:\WINDOWS\System32\KERNEL32.DLL
0x00007ff8c23a0000 - 0x00007ff8c279f000 	C:\WINDOWS\System32\KERNELBASE.dll
0x00007ff8c2240000 - 0x00007ff8c238c000 	C:\WINDOWS\System32\ucrtbase.dll
0x00007ff888b60000 - 0x00007ff888b78000 	D:\jdk_21.0.7.6\bin\jli.dll
0x00007ff8819d0000 - 0x00007ff8819ee000 	D:\jdk_21.0.7.6\bin\VCRUNTIME140.dll
0x00007ff8c2ea0000 - 0x00007ff8c3066000 	C:\WINDOWS\System32\USER32.dll
0x00007ff8c1f30000 - 0x00007ff8c1f57000 	C:\WINDOWS\System32\win32u.dll
0x00007ff8a1da0000 - 0x00007ff8a2031000 	C:\WINDOWS\WinSxS\amd64_microsoft.windows.common-controls_6595b64144ccf1df_6.0.26100.8972_none_3e0da176e32f9d4b\COMCTL32.dll
0x00007ff8c3bf0000 - 0x00007ff8c3c1b000 	C:\WINDOWS\System32\GDI32.dll
0x00007ff8c2990000 - 0x00007ff8c2a39000 	C:\WINDOWS\System32\msvcrt.dll
0x00007ff8c27b0000 - 0x00007ff8c28d9000 	C:\WINDOWS\System32\gdi32full.dll
0x00007ff8c28e0000 - 0x00007ff8c2983000 	C:\WINDOWS\System32\msvcp_win.dll
0x00007ff8c35d0000 - 0x00007ff8c3602000 	C:\WINDOWS\System32\IMM32.DLL
0x00007ff888c90000 - 0x00007ff888c9c000 	D:\jdk_21.0.7.6\bin\vcruntime140_1.dll
0x00007ff82e000000 - 0x00007ff82e08d000 	D:\jdk_21.0.7.6\bin\msvcp140.dll
0x00007fffbfed0000 - 0x00007fffc0c60000 	D:\jdk_21.0.7.6\bin\server\jvm.dll
0x00007ff8c2a60000 - 0x00007ff8c2b1c000 	C:\WINDOWS\System32\ADVAPI32.dll
0x00007ff8c3140000 - 0x00007ff8c31ea000 	C:\WINDOWS\System32\sechost.dll
0x00007ff8c34b0000 - 0x00007ff8c35c8000 	C:\WINDOWS\System32\RPCRT4.dll
0x00007ff8c37d0000 - 0x00007ff8c3852000 	C:\WINDOWS\System32\WS2_32.dll
0x00007ff8c09e0000 - 0x00007ff8c0a3e000 	C:\WINDOWS\SYSTEM32\POWRPROF.dll
0x00007ff8b5eb0000 - 0x00007ff8b5ee6000 	C:\WINDOWS\SYSTEM32\WINMM.dll
0x00007ff8b8980000 - 0x00007ff8b898b000 	C:\WINDOWS\SYSTEM32\VERSION.dll
0x00007ff8c09c0000 - 0x00007ff8c09d5000 	C:\WINDOWS\SYSTEM32\UMPDC.dll
0x00007ff8c0c80000 - 0x00007ff8c0c9b000 	C:\WINDOWS\SYSTEM32\kernel.appcore.dll
0x00007ff888b50000 - 0x00007ff888b5a000 	D:\jdk_21.0.7.6\bin\jimage.dll
0x00007ff8bf0b0000 - 0x00007ff8bf2f2000 	C:\WINDOWS\SYSTEM32\DBGHELP.DLL
0x00007ff8c3860000 - 0x00007ff8c3be5000 	C:\WINDOWS\System32\combase.dll
0x00007ff8c33d0000 - 0x00007ff8c34a9000 	C:\WINDOWS\System32\OLEAUT32.dll
0x00007ff893910000 - 0x00007ff89394b000 	C:\WINDOWS\SYSTEM32\dbgcore.DLL
0x00007ff8c1f60000 - 0x00007ff8c200c000 	C:\WINDOWS\System32\bcryptPrimitives.dll
0x00007ff881960000 - 0x00007ff88197f000 	D:\jdk_21.0.7.6\bin\java.dll
0x00007ff8c4320000 - 0x00007ff8c4aa8000 	C:\WINDOWS\System32\SHELL32.dll
0x00007ff8bf960000 - 0x00007ff8c01fb000 	C:\WINDOWS\SYSTEM32\windows.storage.dll
0x00007ff8c36d0000 - 0x00007ff8c37c9000 	C:\WINDOWS\System32\SHCORE.dll
0x00007ff8c2c90000 - 0x00007ff8c2cf6000 	C:\WINDOWS\System32\shlwapi.dll
0x00007ff8c1d90000 - 0x00007ff8c1db9000 	C:\WINDOWS\SYSTEM32\profapi.dll
0x00007ff82df20000 - 0x00007ff82dff7000 	D:\jdk_21.0.7.6\bin\jsvml.dll
0x00007ff8878c0000 - 0x00007ff8878d0000 	D:\jdk_21.0.7.6\bin\net.dll
0x00007ff8bb100000 - 0x00007ff8bb228000 	C:\WINDOWS\SYSTEM32\WINHTTP.dll
0x00007ff8c1230000 - 0x00007ff8c129c000 	C:\WINDOWS\system32\mswsock.dll
0x00007ff881840000 - 0x00007ff881856000 	D:\jdk_21.0.7.6\bin\nio.dll
0x00007ff879e60000 - 0x00007ff879e78000 	D:\jdk_21.0.7.6\bin\zip.dll
0x00007ff8c1520000 - 0x00007ff8c153b000 	C:\WINDOWS\SYSTEM32\CRYPTSP.dll
0x00007ff8c0be0000 - 0x00007ff8c0c19000 	C:\WINDOWS\system32\rsaenh.dll
0x00007ff8c12e0000 - 0x00007ff8c1312000 	C:\WINDOWS\SYSTEM32\USERENV.dll
0x00007ff8c1d60000 - 0x00007ff8c1d8a000 	C:\WINDOWS\SYSTEM32\bcrypt.dll
0x00007ff8c1540000 - 0x00007ff8c154c000 	C:\WINDOWS\SYSTEM32\CRYPTBASE.dll
0x00007ff8c0710000 - 0x00007ff8c0743000 	C:\WINDOWS\SYSTEM32\IPHLPAPI.DLL
0x00007ff8c2ba0000 - 0x00007ff8c2baa000 	C:\WINDOWS\System32\NSI.dll
0x00007ff884690000 - 0x00007ff8846a0000 	D:\jdk_21.0.7.6\bin\verify.dll
0x00007ff82de30000 - 0x00007ff82df19000 	C:\Users\ASUS\AppData\Local\Temp\sqlite-3.41.2.1-2d6e6386-c19f-488f-b610-2f95616ac67f-sqlitejdbc.dll

dbghelp: loaded successfully - version: 4.0.5 - missing functions: none
symbol engine: initialized successfully - sym options: 0x614 - pdb path: .;D:\jdk_21.0.7.6\bin;C:\WINDOWS\SYSTEM32;C:\WINDOWS\WinSxS\amd64_microsoft.windows.common-controls_6595b64144ccf1df_6.0.26100.8972_none_3e0da176e32f9d4b;D:\jdk_21.0.7.6\bin\server;C:\Users\ASUS\AppData\Local\Temp

VM Arguments:
jvm_args: -DkotlinLanguageServer.version=1.3.13 
java_command: org.javacs.kt.MainKt
java_class_path (initial): c:\Users\ASUS\AppData\Roaming\Code\User\globalStorage\fwcd.kotlin\langServerInstall\server\lib\server-1.3.13.jar;c:\Users\ASUS\AppData\Roaming\Code\User\globalStorage\fwcd.kotlin\langServerInstall\server\lib\shared-1.3.13.jar;c:\Users\ASUS\AppData\Roaming\Code\User\globalStorage\fwcd.kotlin\langServerInstall\server\lib\kotlin-scripting-jvm-host-unshaded-2.1.0.jar;c:\Users\ASUS\AppData\Roaming\Code\User\globalStorage\fwcd.kotlin\langServerInstall\server\lib\kotlin-scripting-compiler-2.1.0.jar;c:\Users\ASUS\AppData\Roaming\Code\User\globalStorage\fwcd.kotlin\langServerInstall\server\lib\ktfmt-b5d31d1.jar;c:\Users\ASUS\AppData\Roaming\Code\User\globalStorage\fwcd.kotlin\langServerInstall\server\lib\kotlin-compiler-2.1.0.jar;c:\Users\ASUS\AppData\Roaming\Code\User\globalStorage\fwcd.kotlin\langServerInstall\server\lib\exposed-dao-0.37.3.jar;c:\Users\ASUS\AppData\Roaming\Code\User\globalStorage\fwcd.kotlin\langServerInstall\server\lib\exposed-jdbc-0.37.3.jar;c:\Users\ASUS\AppData\Roaming\Code\User\globalStorage\fwcd.kotlin\langServerInstall\server\lib\exposed-core-0.37.3.jar;c:\Users\ASUS\AppData\Roaming\Code\User\globalStorage\fwcd.kotlin\langServerInstall\server\lib\kotlin-scripting-compiler-impl-2.1.0.jar;c:\Users\ASUS\AppData\Roaming\Code\User\globalStorage\fwcd.kotlin\langServerInstall\server\lib\kotlin-reflect-2.1.0.jar;c:\Users\ASUS\AppData\Roaming\Code\User\globalStorage\fwcd.kotlin\langServerInstall\server\lib\kotlin-scripting-jvm-2.1.0.jar;c:\Users\ASUS\AppData\Roaming\Code\User\globalStorage\fwcd.kotlin\langServerInstall\server\lib\kotlin-scripting-common-2.1.0.jar;c:\Users\ASUS\AppData\Roaming\Code\User\globalStorage\fwcd.kotlin\langServerInstall\server\lib\kotlinx-coroutines-core-jvm-1.6.4.jar;c:\Users\ASUS\AppData\Roaming\Code\User\globalStorage\fwcd.kotlin\langServerInstall\server\lib\kotlin-stdlib-jdk8-2.1.0.jar;c:\Users\ASUS\AppData\Roaming\Code\User\globalStorage\fwcd.kotlin\langServerInstall\server\lib\kotlin-stdlib-jdk7-2.1.0.jar;c:\Users\ASUS\AppData\Roaming\Code\User\globalStorage\fwcd.kotlin\langServerInstall\server\lib\kotlin-stdlib-2.1.0.jar;c:\Users\ASUS\AppData\Roaming\Code\User\globalStorage\fwcd.kotlin\langServerInstall\server\lib\org.eclipse.lsp4j-0.21.2.jar;c:\Users\ASUS\AppData\Roaming\Code\User\globalStorage\fwcd.kotlin\langServerInstall\server\lib\org.eclipse.lsp4j.jsonrpc-0.21.2.jar;c:\Users\ASUS\AppData\Roaming\Code\User\globalStorage\fwcd.kotlin\langServerInstall\server\lib\kotlin-sam-with-receiver-compiler-plugin-2.1.0.jar;c:\Users\ASUS\AppData\Roaming\Code\User\globalStorage\fwcd.kotlin\langServerInstall\server\lib\fernflower-1.0.jar;c:\Users\ASUS\AppData\Roaming\Code\User\globalStorage\fwcd.kotlin\langServerInstall\server\lib\h2-1.4.200.jar;c:\Users\ASUS\AppData\Roaming\Code\User\globalStorage\fwcd.kotlin\langServerInstall\server\lib\jcommander-1.78.jar;c:\Users\ASUS\AppData\Roaming\Code\User\globalStorage\fwcd.kotlin\langServerInstall\server\lib\sqlite-jdbc-3.41.2.1.jar;c:\Users\ASUS\AppData\Roaming\Code\User\globalStorage\fwcd.kotlin\langServerInstall\server\lib\google-java-format-1.8.jar;c:\Users\ASUS\AppData\Roaming\Code\User\globalStorage\fwcd.kotlin\langServerInstall\server\lib\guava-33.3.0-jre.jar;c:\Users\ASUS\AppData\Roaming\Code\User\globalStorage\fwcd.kotlin\langServerInstall\server\lib\annotations-13.0.jar;c:\Users\ASUS\AppData\Roaming\Code\User\globalStorage\fwcd.kotlin\langServerInstall\server\lib\gson-2.10.1.jar;c:\Users\ASUS\AppData\Roaming\Code\User\globalStorage\fwcd.kotlin\langServerInstall\server\lib\kotlin-script-runtime-2.1.0.jar;c:\Users\ASUS\AppData\Roaming\Code\User\globalStorage\fwcd.kotlin\langServerInstall\server\lib\trove4j-1.0.20200330.jar;c:\Users\ASUS\AppData\Roaming\Code\User\globalStorage\fwcd.kotlin\langServerInstall\server\lib\jline-3.24.1.jar;c:\Users\ASUS\AppData\Roaming\Code\User\globalStorage\fwcd.kotlin\langServerInstall\server\lib\slf4j-api-1.7.25.jar;c:\Users\ASUS\AppData\Roaming\Code\User\globalStorage\fwcd.kotlin\langServerInstall\server\lib\jna-4.2.2.jar;c:\Users\ASUS\AppData\Roaming\Code\User\globalStorage\fwcd.kotlin\langServerInstall\server\lib\failureaccess-1.0.2.jar;c:\Users\ASUS\AppData\Roaming\Code\User\globalStorage\fwcd.kotlin\langServerInstall\server\lib\listenablefuture-9999.0-empty-to-avoid-conflict-with-guava.jar;c:\Users\ASUS\AppData\Roaming\Code\User\globalStorage\fwcd.kotlin\langServerInstall\server\lib\jsr305-3.0.2.jar;c:\Users\ASUS\AppData\Roaming\Code\User\globalStorage\fwcd.kotlin\langServerInstall\server\lib\checker-qual-3.43.0.jar;c:\Users\ASUS\AppData\Roaming\Code\User\globalStorage\fwcd.kotlin\langServerInstall\server\lib\error_prone_annotations-2.28.0.jar
Launcher Type: SUN_STANDARD

[Global flags]
     intx CICompilerCount                          = 15                                        {product} {ergonomic}
     uint ConcGCThreads                            = 6                                         {product} {ergonomic}
     uint G1ConcRefinementThreads                  = 23                                        {product} {ergonomic}
   size_t G1HeapRegionSize                         = 2097152                                   {product} {ergonomic}
    uintx GCDrainStackTargetSize                   = 64                                        {product} {ergonomic}
   size_t InitialHeapSize                          = 264241152                                 {product} {ergonomic}
   size_t MarkStackSize                            = 4194304                                   {product} {ergonomic}
   size_t MaxHeapSize                              = 4196401152                                {product} {ergonomic}
   size_t MaxNewSize                               = 2516582400                                {product} {ergonomic}
   size_t MinHeapDeltaBytes                        = 2097152                                   {product} {ergonomic}
   size_t MinHeapSize                              = 8388608                                   {product} {ergonomic}
    uintx NonNMethodCodeHeapSize                   = 8192380                                {pd product} {ergonomic}
    uintx NonProfiledCodeHeapSize                  = 121732930                              {pd product} {ergonomic}
    uintx ProfiledCodeHeapSize                     = 121732930                              {pd product} {ergonomic}
    uintx ReservedCodeCacheSize                    = 251658240                              {pd product} {ergonomic}
     bool SegmentedCodeCache                       = true                                      {product} {ergonomic}
   size_t SoftMaxHeapSize                          = 4196401152                             {manageable} {ergonomic}
     bool UseCompressedOops                        = true                           {product lp64_product} {ergonomic}
     bool UseG1GC                                  = true                                      {product} {ergonomic}
     bool UseLargePagesIndividualAllocation        = false                                  {pd product} {ergonomic}

Logging:
Log output configuration:
 #0: stdout all=warning uptime,level,tags foldmultilines=false
 #1: stderr all=off uptime,level,tags foldmultilines=false

Environment Variables:
JAVA_HOME=D:\jdk_21.0.7.6
CLASSPATH=c:\Users\ASUS\AppData\Roaming\Code\User\globalStorage\fwcd.kotlin\langServerInstall\server\lib\server-1.3.13.jar;c:\Users\ASUS\AppData\Roaming\Code\User\globalStorage\fwcd.kotlin\langServerInstall\server\lib\shared-1.3.13.jar;c:\Users\ASUS\AppData\Roaming\Code\User\globalStorage\fwcd.kotlin\langServerInstall\server\lib\kotlin-scripting-jvm-host-unshaded-2.1.0.jar;c:\Users\ASUS\AppData\Roaming\Code\User\globalStorage\fwcd.kotlin\langServerInstall\server\lib\kotlin-scripting-compiler-2.1.0.jar;c:\Users\ASUS\AppData\Roaming\Code\User\globalStorage\fwcd.kotlin\langServerInstall\server\lib\ktfmt-b5d31d1.jar;c:\Users\ASUS\AppData\Roaming\Code\User\globalStorage\fwcd.kotlin\langServerInstall\server\lib\kotlin-compiler-2.1.0.jar;c:\Users\ASUS\AppData\Roaming\Code\User\globalStorage\fwcd.kotlin\langServerInstall\server\lib\exposed-dao-0.37.3.jar;c:\Users\ASUS\AppData\Roaming\Code\User\globalStorage\fwcd.kotlin\langServerInstall\server\lib\exposed-jdbc-0.37.3.jar;c:\Users\ASUS\AppData\Roaming\Code\User\globalStorage\fwcd.kotlin\langServerInstall\server\lib\exposed-core-0.37.3.jar;c:\Users\ASUS\AppData\Roaming\Code\User\globalStorage\fwcd.kotlin\langServerInstall\server\lib\kotlin-scripting-compiler-impl-2.1.0.jar;c:\Users\ASUS\AppData\Roaming\Code\User\globalStorage\fwcd.kotlin\langServerInstall\server\lib\kotlin-reflect-2.1.0.jar;c:\Users\ASUS\AppData\Roaming\Code\User\globalStorage\fwcd.kotlin\langServerInstall\server\lib\kotlin-scripting-jvm-2.1.0.jar;c:\Users\ASUS\AppData\Roaming\Code\User\globalStorage\fwcd.kotlin\langServerInstall\server\lib\kotlin-scripting-common-2.1.0.jar;c:\Users\ASUS\AppData\Roaming\Code\User\globalStorage\fwcd.kotlin\langServerInstall\server\lib\kotlinx-coroutines-core-jvm-1.6.4.jar;c:\Users\ASUS\AppData\Roaming\Code\User\globalStorage\fwcd.kotlin\langServerInstall\server\lib\kotlin-stdlib-jdk8-2.1.0.jar;c:\Users\ASUS\AppData\Roaming\Code\User\globalStorage\fwcd.kotlin\langServerInstall\server\lib\kotlin-stdlib-jdk7-2.1.0.jar;c:\Users\ASUS\AppData\Roaming\Code\User\globalStorage\fwcd.kotlin\langServerInstall\server\lib\kotlin-stdlib-2.1.0.jar;c:\Users\ASUS\AppData\Roaming\Code\User\globalStorage\fwcd.kotlin\langServerInstall\server\lib\org.eclipse.lsp4j-0.21.2.jar;c:\Users\ASUS\AppData\Roaming\Code\User\globalStorage\fwcd.kotlin\langServerInstall\server\lib\org.eclipse.lsp4j.jsonrpc-0.21.2.jar;c:\Users\ASUS\AppData\Roaming\Code\User\globalStorage\fwcd.kotlin\langServerInstall\server\lib\kotlin-sam-with-receiver-compiler-plugin-2.1.0.jar;c:\Users\ASUS\AppData\Roaming\Code\User\globalStorage\fwcd.kotlin\langServerInstall\server\lib\fernflower-1.0.jar;c:\Users\ASUS\AppData\Roaming\Code\User\globalStorage\fwcd.kotlin\langServerInstall\server\lib\h2-1.4.200.jar;c:\Users\ASUS\AppData\Roaming\Code\User\globalStorage\fwcd.kotlin\langServerInstall\server\lib\jcommander-1.78.jar;c:\Users\ASUS\AppData\Roaming\Code\User\globalStorage\fwcd.kotlin\langServerInstall\server\lib\sqlite-jdbc-3.41.2.1.jar;c:\Users\ASUS\AppData\Roaming\Code\User\globalStorage\fwcd.kotlin\langServerInstall\server\lib\google-java-format-1.8.jar;c:\Users\ASUS\AppData\Roaming\Code\User\globalStorage\fwcd.kotlin\langServerInstall\server\lib\guava-33.3.0-jre.jar;c:\Users\ASUS\AppData\Roaming\Code\User\globalStorage\fwcd.kotlin\langServerInstall\server\lib\annotations-13.0.jar;c:\Users\ASUS\AppData\Roaming\Code\User\globalStorage\fwcd.kotlin\langServerInstall\server\lib\gson-2.10.1.jar;c:\Users\ASUS\AppData\Roaming\Code\User\globalStorage\fwcd.kotlin\langServerInstall\server\lib\kotlin-script-runtime-2.1.0.jar;c:\Users\ASUS\AppData\Roaming\Code\User\globalStorage\fwcd.kotlin\langServerInstall\server\lib\trove4j-1.0.20200330.jar;c:\Users\ASUS\AppData\Roaming\Code\User\globalStorage\fwcd.kotlin\langServerInstall\server\lib\jline-3.24.1.jar;c:\Users\ASUS\AppData\Roaming\Code\User\globalStorage\fwcd.kotlin\langServerInstall\server\lib\slf4j-api-1.7.25.jar;c:\Users\ASUS\AppData\Roaming\Code\User\globalStorage\fwcd.kotlin\langServerInstall\server\lib\jna-4.2.2.jar;c:\Users\ASUS\AppData\Roaming\Code\User\globalStorage\fwcd.kotlin\langServerInstall\server\lib\failureaccess-1.0.2.jar;c:\Users\ASUS\AppData\Roaming\Code\User\globalStorage\fwcd.kotlin\langServerInstall\server\lib\listenablefuture-9999.0-empty-to-avoid-conflict-with-guava.jar;c:\Users\ASUS\AppData\Roaming\Code\User\globalStorage\fwcd.kotlin\langServerInstall\server\lib\jsr305-3.0.2.jar;c:\Users\ASUS\AppData\Roaming\Code\User\globalStorage\fwcd.kotlin\langServerInstall\server\lib\checker-qual-3.43.0.jar;c:\Users\ASUS\AppData\Roaming\Code\User\globalStorage\fwcd.kotlin\langServerInstall\server\lib\error_prone_annotations-2.28.0.jar
PATH=E:\VMware\VMware Workstation\bin\;C:\Program Files\NVIDIA GPU Computing Toolkit\CUDA\v12.6\bin;C:\Program Files\NVIDIA GPU Computing Toolkit\CUDA\v12.6\libnvvp;D:\jdk_21.0.7.6\bin;C:\Windows\system32;C:\Windows;C:\Windows\System32\Wbem;C:\Windows\System32\WindowsPowerShell\v1.0\;C:\Windows\System32\OpenSSH\;C:\Program Files (x86)\NVIDIA Corporation\PhysX\Common;C:\Program Files\NVIDIA Corporation\NVIDIA NvDLISR;C:\Program Files\dotnet\;D:\Git\cmd;C:\Program Files (x86)\ZeroTier\One\;E:\Python;E:\Python\Scripts;D:\MySQL\MySQL Server 8.0\bin;D:\MATLAB R2024a(64bit)\MATLAB\R2024a\runtime\win64;D:\MATLAB R2024a(64bit)\MATLAB\R2024a\bin;D:\anaconda3\condabin;C:\Program Files\Microsoft SQL Server\Client SDK\ODBC\170\Tools\Binn\;C:\Program Files (x86)\Microsoft SQL Server\150\Tools\Binn\;C:\Program Files\Microsoft SQL Server\150\Tools\Binn\;C:\Program Files\Microsoft SQL Server\150\DTS\Binn\;C:\Program Files (x86)\Windows Kits\8.1\Windows Performance Toolkit\;D:\texlive\2024\bin\windows;C:\WINDOWS\system32;C:\WINDOWS;C:\WINDOWS\System32\Wbem;C:\WINDOWS\System32\WindowsPowerShell\v1.0\;C:\WINDOWS\System32\OpenSSH\;D:\Arduino IDE;D:\msys64\ucrt64\bin\;D:\Neo4j\bin;C:\Users\ASUS\AppData\Roaming\npm;C:\Program Files\NVIDIA Corporation\Nsight Compute 2024.3.2\;D:\USBip;d:\nodejs\;C:\Users\ASUS\AppData\Local\Microsoft\WindowsApps\winget.exe;E:\adb;E:\hdc;D:\Google\Chrome\Application;C:\Windows\system32;C:\Windows;C:\Windows\System32\Wbem;C:\Windows\System32\WindowsPowerShell\v1.0\;C:\Windows\System32\OpenSSH\;C:\Program Files (x86)\NVIDIA Corporation\PhysX\Common;C:\Program Files\NVIDIA Corporation\NVIDIA NvDLISR;C:\Program Files\dotnet\;D:\Git\cmd;d:\nodejs\;C:\Program Files\Cloudflare\Cloudflare WARP\;C:\Program Files (x86)\ZeroTier\One\;E:\Python;E:\Python\Scripts;D:\MySQL\MySQL Server 8.0\bin;D:\MATLAB R2024a(64bit)\MATLAB\R2024a\runtime\win64;D:\MATLAB R2024a(64bit)\MATLAB\R2024a\bin;D:\anaconda3\condabin;C:\Program Files\Microsoft SQL Server\Client SDK\ODBC\170\Tools\Binn\;C:\Program Files (x86)\Microsoft SQL Server\150\Tools\Binn\;C:\Program Files\Microsoft SQL Server\150\Tools\Binn\;C:\Program Files\Microsoft SQL Server\150\DTS\Binn\;C:\Program Files (x86)\Windows Kits\8.1\Windows Performance Toolkit\;D:\texlive\2024\bin\windows;D:\Microsoft VS Code\bin;F:\Users\ASUS\AppData\Local\Programs\cursor\resources\app\bin;D:\Ollama;C:\Users\ASUS\AppData\Roaming\npm;C:\Users\ASUS\AppData\Local\Microsoft\WinGet\Links;C:\Users\ASUS\.dotnet\tools;C:\Users\ASUS\AppData\Local\Programs\Tuanjie Cowork;C:\Users\ASUS\AppData\Local\Programs\Tuanjie Cowork\cli\bin\win32-x64;C:\Users\ASUS\AppData\Local\Programs\Tuanjie Cowork\app\resource\core\bin\win32-x64
USERNAME=ASUS
OS=Windows_NT
PROCESSOR_IDENTIFIER=Intel64 Family 6 Model 183 Stepping 1, GenuineIntel
TMP=C:\Users\ASUS\AppData\Local\Temp
TEMP=C:\Users\ASUS\AppData\Local\Temp




Periodic native trim disabled

---------------  S Y S T E M  ---------------

OS:
 Windows 11 , 64 bit Build 26100 (10.0.26100.9168)
OS uptime: 0 days 1:23 hours

CPU: total 32 (initial active 32) (16 cores per cpu, 2 threads per core) family 6 model 183 stepping 1 microcode 0x12b, cx8, cmov, fxsr, ht, mmx, 3dnowpref, sse, sse2, sse3, ssse3, sse4.1, sse4.2, popcnt, lzcnt, tsc, tscinvbit, avx, avx2, aes, erms, clmul, bmi1, bmi2, adx, sha, fma, vzeroupper, clflush, clflushopt, clwb, serialize, rdtscp, rdpid, fsrm, f16c, pku, cet_ibt, cet_ss
Processor Information for processor 0
  Max Mhz: 2200, Current Mhz: 2200, Mhz Limit: 2200
Processor Information for processor 1
  Max Mhz: 2200, Current Mhz: 2200, Mhz Limit: 2200
Processor Information for processor 2
  Max Mhz: 2200, Current Mhz: 1466, Mhz Limit: 2200
Processor Information for processor 3
  Max Mhz: 2200, Current Mhz: 1466, Mhz Limit: 2200
Processor Information for processor 4
  Max Mhz: 2200, Current Mhz: 2200, Mhz Limit: 2200
Processor Information for processor 5
  Max Mhz: 2200, Current Mhz: 1466, Mhz Limit: 2200
Processor Information for processor 6
  Max Mhz: 2200, Current Mhz: 2200, Mhz Limit: 2200
Processor Information for processor 7
  Max Mhz: 2200, Current Mhz: 1466, Mhz Limit: 2200
Processor Information for processor 8
  Max Mhz: 2200, Current Mhz: 2200, Mhz Limit: 2200
Processor Information for processor 9
  Max Mhz: 2200, Current Mhz: 2200, Mhz Limit: 2200
Processor Information for processor 10
  Max Mhz: 2200, Current Mhz: 2200, Mhz Limit: 2200
Processor Information for processor 11
  Max Mhz: 2200, Current Mhz: 1466, Mhz Limit: 2200
Processor Information for processor 12
  Max Mhz: 2200, Current Mhz: 2200, Mhz Limit: 2200
Processor Information for processor 13
  Max Mhz: 2200, Current Mhz: 2200, Mhz Limit: 2200
Processor Information for processor 14
  Max Mhz: 2200, Current Mhz: 1466, Mhz Limit: 2200
Processor Information for processor 15
  Max Mhz: 2200, Current Mhz: 2200, Mhz Limit: 2200
Processor Information for processor 16
  Max Mhz: 2200, Current Mhz: 1500, Mhz Limit: 1584
Processor Information for processor 17
  Max Mhz: 2200, Current Mhz: 1500, Mhz Limit: 1584
Processor Information for processor 18
  Max Mhz: 2200, Current Mhz: 1600, Mhz Limit: 1584
Processor Information for processor 19
  Max Mhz: 2200, Current Mhz: 1500, Mhz Limit: 1584
Processor Information for processor 20
  Max Mhz: 2200, Current Mhz: 1600, Mhz Limit: 1584
Processor Information for processor 21
  Max Mhz: 2200, Current Mhz: 1600, Mhz Limit: 1584
Processor Information for processor 22
  Max Mhz: 2200, Current Mhz: 1500, Mhz Limit: 1584
Processor Information for processor 23
  Max Mhz: 2200, Current Mhz: 1600, Mhz Limit: 1584
Processor Information for processor 24
  Max Mhz: 2200, Current Mhz: 1600, Mhz Limit: 1584
Processor Information for processor 25
  Max Mhz: 2200, Current Mhz: 1600, Mhz Limit: 1584
Processor Information for processor 26
  Max Mhz: 2200, Current Mhz: 1600, Mhz Limit: 1584
Processor Information for processor 27
  Max Mhz: 2200, Current Mhz: 1500, Mhz Limit: 1584
Processor Information for processor 28
  Max Mhz: 2200, Current Mhz: 1500, Mhz Limit: 1584
Processor Information for processor 29
  Max Mhz: 2200, Current Mhz: 1500, Mhz Limit: 1584
Processor Information for processor 30
  Max Mhz: 2200, Current Mhz: 1500, Mhz Limit: 1584
Processor Information for processor 31
  Max Mhz: 2200, Current Mhz: 1500, Mhz Limit: 1584

Memory: 4k page, system-wide physical 16002M (154M free)
TotalPageFile size 31422M (AvailPageFile size 115M)
current process WorkingSet (physical memory assigned to process): 915M, peak: 917M
current process commit charge ("private bytes"): 981M, peak: 1111M

vm_info: OpenJDK 64-Bit Server VM (21.0.7+6-LTS) for windows-amd64 JRE (21.0.7+6-LTS), built on 2025-04-15T00:00:00Z by "admin" with MS VC++ 17.7 (VS2022)

END.
