#
# There is insufficient memory for the Java Runtime Environment to continue.
# Native memory allocation (mmap) failed to map 373293056 bytes. Error detail: G1 virtual space
# Possible reasons:
#   The system is out of physical RAM or swap space
#   This process is running with CompressedOops enabled, and the Java Heap may be blocking the growth of the native heap
# Possible solutions:
#   Reduce memory load on the system
#   Increase physical memory or swap space
#   Check if swap backing store is full
#   Decrease Java heap size (-Xmx/-Xms)
#   Decrease number of Java threads
#   Decrease Java thread stack sizes (-Xss)
#   Set larger code cache with -XX:ReservedCodeCacheSize=
#   JVM is running with Zero Based Compressed Oops mode in which the Java heap is
#     placed in the first 32GB address space. The Java Heap base address is the
#     maximum limit for the native heap growth. Please use -XX:HeapBaseMinAddress
#     to set the Java Heap base and to place the Java Heap above 32GB virtual address.
# This output file may be truncated or incomplete.
#
#  Out of Memory Error (os_windows.cpp:3686), pid=27772, tid=20344
#
# JRE version: OpenJDK Runtime Environment Temurin-21.0.7+6 (21.0.7+6) (build 21.0.7+6-LTS)
# Java VM: OpenJDK 64-Bit Server VM Temurin-21.0.7+6 (21.0.7+6-LTS, mixed mode, sharing, tiered, compressed oops, compressed class ptrs, g1 gc, windows-amd64)
# No core dump will be written. Minidumps are not enabled by default on client versions of Windows
#

---------------  S U M M A R Y ------------

Command Line: -DkotlinLanguageServer.version=1.3.13 org.javacs.kt.MainKt

Host: Intel(R) Core(TM) i9-14900HX, 32 cores, 15G,  Windows 11 , 64 bit Build 26100 (10.0.26100.9168)
Time: Tue Sep  1 10:06:21 2026  Windows 11 , 64 bit Build 26100 (10.0.26100.9168) elapsed time: 52.236369 seconds (0d 0h 0m 52s)

---------------  T H R E A D  ---------------

Current thread (0x000001ca761c7710):  VMThread "VM Thread"          [id=20344, stack(0x00000042b9d00000,0x00000042b9e00000) (1024K)]

Stack: [0x00000042b9d00000,0x00000042b9e00000]
Native frames: (J=compiled Java code, j=interpreted, Vv=VM code, C=native code)
V  [jvm.dll+0x6ce119]
V  [jvm.dll+0x8a84a1]
V  [jvm.dll+0x8aa9ce]
V  [jvm.dll+0x8ab0b3]
V  [jvm.dll+0x27f8a6]
V  [jvm.dll+0x6ca945]
V  [jvm.dll+0x6bebea]
V  [jvm.dll+0x355eca]
V  [jvm.dll+0x35da96]
V  [jvm.dll+0x3af72e]
V  [jvm.dll+0x3af9d8]
V  [jvm.dll+0x32a05c]
V  [jvm.dll+0x32c8b6]
V  [jvm.dll+0x336aa8]
V  [jvm.dll+0x36bfcf]
V  [jvm.dll+0x8b0dcf]
V  [jvm.dll+0x8b2154]
V  [jvm.dll+0x8b2690]
V  [jvm.dll+0x8b2933]
V  [jvm.dll+0x851f6b]
V  [jvm.dll+0x6cc7dd]
C  [ucrtbase.dll+0x2cd30]
C  [KERNEL32.DLL+0x2ccb7]
C  [ntdll.dll+0xaad6c]

VM_Operation (0x00000042b98ff510): G1PauseRemark, mode: safepoint, requested by thread 0x000001ca55f8b670


---------------  P R O C E S S  ---------------

Threads class SMR info:
_java_thread_list=0x000001ca7c9cfcc0, length=22, elements={
0x000001ca761e8210, 0x000001ca761ead70, 0x000001ca761ed7d0, 0x000001ca761ee220,
0x000001ca761eec70, 0x000001ca761ef6c0, 0x000001ca761f2a60, 0x000001ca761f5500,
0x000001ca7745fc00, 0x000001ca774682d0, 0x000001ca77569550, 0x000001ca7756c390,
0x000001ca77c7a380, 0x000001ca7ed97820, 0x000001ca53c36d20, 0x000001ca7d1498b0,
0x000001ca7da58af0, 0x000001ca7c7593a0, 0x000001ca7da56390, 0x000001ca7da58460,
0x000001ca7da59180, 0x000001ca7db27050
}

Java Threads: ( => current thread )
  0x000001ca761e8210 JavaThread "Reference Handler"          daemon [_thread_blocked, id=28140, stack(0x00000042b9e00000,0x00000042b9f00000) (1024K)]
  0x000001ca761ead70 JavaThread "Finalizer"                  daemon [_thread_blocked, id=18200, stack(0x00000042b9f00000,0x00000042ba000000) (1024K)]
  0x000001ca761ed7d0 JavaThread "Signal Dispatcher"          daemon [_thread_blocked, id=6528, stack(0x00000042ba000000,0x00000042ba100000) (1024K)]
  0x000001ca761ee220 JavaThread "Attach Listener"            daemon [_thread_blocked, id=21144, stack(0x00000042ba100000,0x00000042ba200000) (1024K)]
  0x000001ca761eec70 JavaThread "Service Thread"             daemon [_thread_blocked, id=23060, stack(0x00000042ba200000,0x00000042ba300000) (1024K)]
  0x000001ca761ef6c0 JavaThread "Monitor Deflation Thread"   daemon [_thread_blocked, id=4788, stack(0x00000042ba300000,0x00000042ba400000) (1024K)]
  0x000001ca761f2a60 JavaThread "C2 CompilerThread0"         daemon [_thread_blocked, id=21508, stack(0x00000042ba400000,0x00000042ba500000) (1024K)]
  0x000001ca761f5500 JavaThread "C1 CompilerThread0"         daemon [_thread_blocked, id=30408, stack(0x00000042ba500000,0x00000042ba600000) (1024K)]
  0x000001ca7745fc00 JavaThread "C1 CompilerThread1"         daemon [_thread_blocked, id=25660, stack(0x00000042ba600000,0x00000042ba700000) (1024K)]
  0x000001ca774682d0 JavaThread "C1 CompilerThread2"         daemon [_thread_blocked, id=27000, stack(0x00000042ba700000,0x00000042ba800000) (1024K)]
  0x000001ca77569550 JavaThread "Notification Thread"        daemon [_thread_blocked, id=11156, stack(0x00000042ba800000,0x00000042ba900000) (1024K)]
  0x000001ca7756c390 JavaThread "Common-Cleaner"             daemon [_thread_blocked, id=21772, stack(0x00000042ba900000,0x00000042baa00000) (1024K)]
  0x000001ca77c7a380 JavaThread "C1 CompilerThread3"         daemon [_thread_blocked, id=21696, stack(0x00000042bab00000,0x00000042bac00000) (1024K)]
  0x000001ca7ed97820 JavaThread "client"                            [_thread_in_native, id=3828, stack(0x00000042bbf00000,0x00000042bc000000) (1024K)]
  0x000001ca53c36d20 JavaThread "DestroyJavaVM"                     [_thread_blocked, id=26180, stack(0x00000042b9600000,0x00000042b9700000) (1024K)]
  0x000001ca7d1498b0 JavaThread "async0"                            [_thread_blocked, id=15776, stack(0x00000042bc300000,0x00000042bc400000) (1024K)]
  0x000001ca7da58af0 JavaThread "async1"                            [_thread_blocked, id=3388, stack(0x00000042baa00000,0x00000042bab00000) (1024K)]
  0x000001ca7c7593a0 JavaThread "C1 CompilerThread4"         daemon [_thread_blocked, id=3708, stack(0x00000042bcb00000,0x00000042bcc00000) (1024K)]
  0x000001ca7da56390 JavaThread "debounce0"                         [_thread_blocked, id=29352, stack(0x00000042bcc00000,0x00000042bcd00000) (1024K)]
  0x000001ca7da58460 JavaThread "async2"                            [_thread_blocked, id=17948, stack(0x00000042bc900000,0x00000042bca00000) (1024K)]
  0x000001ca7da59180 JavaThread "async3"                            [_thread_blocked, id=7644, stack(0x00000042bca00000,0x00000042bcb00000) (1024K)]
  0x000001ca7db27050 JavaThread "C2 CompilerThread1"         daemon [_thread_blocked, id=20664, stack(0x00000042b9500000,0x00000042b9600000) (1024K)]
Total: 22

Other Threads:
=>0x000001ca761c7710 VMThread "VM Thread"                           [id=20344, stack(0x00000042b9d00000,0x00000042b9e00000) (1024K)]
  0x000001ca761b4bf0 WatcherThread "VM Periodic Task Thread"        [id=29896, stack(0x00000042b9c00000,0x00000042b9d00000) (1024K)]
  0x000001ca55f79d40 WorkerThread "GC Thread#0"                     [id=7872, stack(0x00000042b9700000,0x00000042b9800000) (1024K)]
  0x000001ca77c79c90 WorkerThread "GC Thread#1"                     [id=27304, stack(0x00000042bac00000,0x00000042bad00000) (1024K)]
  0x000001ca77b9e4b0 WorkerThread "GC Thread#2"                     [id=26608, stack(0x00000042bad00000,0x00000042bae00000) (1024K)]
  0x000001ca779fbd40 WorkerThread "GC Thread#3"                     [id=30536, stack(0x00000042bae00000,0x00000042baf00000) (1024K)]
  0x000001ca779fc0e0 WorkerThread "GC Thread#4"                     [id=19808, stack(0x00000042baf00000,0x00000042bb000000) (1024K)]
  0x000001ca779fc480 WorkerThread "GC Thread#5"                     [id=26272, stack(0x00000042bb000000,0x00000042bb100000) (1024K)]
  0x000001ca77d59a00 WorkerThread "GC Thread#6"                     [id=28440, stack(0x00000042bb100000,0x00000042bb200000) (1024K)]
  0x000001ca7c742130 WorkerThread "GC Thread#7"                     [id=23644, stack(0x00000042bb200000,0x00000042bb300000) (1024K)]
  0x000001ca7c743350 WorkerThread "GC Thread#8"                     [id=7184, stack(0x00000042bb300000,0x00000042bb400000) (1024K)]
  0x000001ca7c742fb0 WorkerThread "GC Thread#9"                     [id=13856, stack(0x00000042bb400000,0x00000042bb500000) (1024K)]
  0x000001ca7d958020 WorkerThread "GC Thread#10"                    [id=3012, stack(0x00000042bb600000,0x00000042bb700000) (1024K)]
  0x000001ca7d958ea0 WorkerThread "GC Thread#11"                    [id=14488, stack(0x00000042bb700000,0x00000042bb800000) (1024K)]
  0x000001ca7d95a800 WorkerThread "GC Thread#12"                    [id=11912, stack(0x00000042bb800000,0x00000042bb900000) (1024K)]
  0x000001ca7d9578e0 WorkerThread "GC Thread#13"                    [id=16092, stack(0x00000042bc000000,0x00000042bc100000) (1024K)]
  0x000001ca7d9583c0 WorkerThread "GC Thread#14"                    [id=4404, stack(0x00000042bc100000,0x00000042bc200000) (1024K)]
  0x000001ca7edc2940 WorkerThread "GC Thread#15"                    [id=26516, stack(0x00000042bc200000,0x00000042bc300000) (1024K)]
  0x000001ca7edc2ce0 WorkerThread "GC Thread#16"                    [id=7772, stack(0x00000042bc400000,0x00000042bc500000) (1024K)]
  0x000001ca7edc42a0 WorkerThread "GC Thread#17"                    [id=26760, stack(0x00000042bc500000,0x00000042bc600000) (1024K)]
  0x000001ca7edc5120 WorkerThread "GC Thread#18"                    [id=27260, stack(0x00000042bc600000,0x00000042bc700000) (1024K)]
  0x000001ca7edc49e0 WorkerThread "GC Thread#19"                    [id=8972, stack(0x00000042bc700000,0x00000042bc800000) (1024K)]
  0x000001ca7edc5c00 WorkerThread "GC Thread#20"                    [id=19044, stack(0x00000042bc800000,0x00000042bc900000) (1024K)]
  0x000001ca7edc3080 WorkerThread "GC Thread#21"                    [id=13896, stack(0x00000042bcd00000,0x00000042bce00000) (1024K)]
  0x000001ca7edc3f00 WorkerThread "GC Thread#22"                    [id=11112, stack(0x00000042bcf00000,0x00000042bd000000) (1024K)]
  0x000001ca55f8b670 ConcurrentGCThread "G1 Main Marker"            [id=30568, stack(0x00000042b9800000,0x00000042b9900000) (1024K)]
  0x000001ca55f8d920 WorkerThread "G1 Conc#0"                       [id=23444, stack(0x00000042b9900000,0x00000042b9a00000) (1024K)]
  0x000001ca7d957c80 WorkerThread "G1 Conc#1"                       [id=27988, stack(0x00000042bb900000,0x00000042bba00000) (1024K)]
  0x000001ca7d95aba0 WorkerThread "G1 Conc#2"                       [id=21200, stack(0x00000042bba00000,0x00000042bbb00000) (1024K)]
  0x000001ca7d95af40 WorkerThread "G1 Conc#3"                       [id=12980, stack(0x00000042bbb00000,0x00000042bbc00000) (1024K)]
  0x000001ca7d95b2e0 WorkerThread "G1 Conc#4"                       [id=16084, stack(0x00000042bbc00000,0x00000042bbd00000) (1024K)]
  0x000001ca7d95a460 WorkerThread "G1 Conc#5"                       [id=6316, stack(0x00000042bbd00000,0x00000042bbe00000) (1024K)]
  0x000001ca760ff820 ConcurrentGCThread "G1 Refine#0"               [id=25604, stack(0x00000042b9a00000,0x00000042b9b00000) (1024K)]
  0x000001ca76101150 ConcurrentGCThread "G1 Service"                [id=24344, stack(0x00000042b9b00000,0x00000042b9c00000) (1024K)]
Total: 34

Threads with active compile tasks:
C2 CompilerThread0  52284 25790       4       org.jetbrains.kotlin.load.java.typeEnhancement.AbstractSignatureParts::extractQualifiers (166 bytes)
C2 CompilerThread1  52284 25789       4       org.jetbrains.kotlin.load.java.lazy.descriptors.LazyJavaClassDescriptor$LazyJavaClassTypeConstructor::computeSupertypes (505 bytes)
Total: 2

VM state: at safepoint (normal execution)

VM Mutex/Monitor currently owned by a thread:  ([mutex/lock_event])
[0x00007fffc0cfe308] Threads_lock - owner thread: 0x000001ca761c7710
[0x00007fffc0cfe408] Heap_lock - owner thread: 0x000001ca55f8b670

Heap address: 0x0000000705e00000, size: 4002 MB, Compressed Oops mode: Zero based, Oop shift amount: 3

CDS archive(s) mapped at: [0x000001ca00000000-0x000001ca00c80000-0x000001ca00c80000), size 13107200, SharedBaseAddress: 0x000001ca00000000, ArchiveRelocationMode: 1.
Compressed class space mapped at: 0x000001ca01000000-0x000001ca41000000, reserved size: 1073741824
Narrow klass base: 0x000001ca00000000, Narrow klass shift: 0, Narrow klass range: 0x100000000

GC Precious Log:
 CardTable entry size: 512
 Card Set container configuration: InlinePtr #cards 4 size 8 Array Of Cards #cards 16 size 48 Howl #buckets 8 coarsen threshold 3686 Howl Bitmap #cards 512 size 80 coarsen threshold 460 Card regions per heap region 1 cards per card region 4096
 CPUs: 32 total, 32 available
 Memory: 16002M
 Large Page Support: Disabled
 NUMA Support: Disabled
 Compressed Oops: Enabled (Zero based)
 Heap Region Size: 2M
 Heap Min Capacity: 8M
 Heap Initial Capacity: 252M
 Heap Max Capacity: 4002M
 Pre-touch: Disabled
 Parallel Workers: 23
 Concurrent Workers: 6
 Concurrent Refinement Workers: 23
 Periodic GC: Disabled

Heap:
 garbage-first heap   total 1232896K, used 1034739K [0x0000000705e00000, 0x0000000800000000)
  region size 2048K, 55 young (112640K), 16 survivors (32768K)
 Metaspace       used 85373K, committed 86592K, reserved 1179648K
  class space    used 9132K, committed 9728K, reserved 1048576K

Heap Regions: E=young(eden), S=young(survivor), O=old, HS=humongous(starts), HC=humongous(continues), CS=collection set, F=free, TAMS=top-at-mark-start, PB=parsable bottom
|   0|0x0000000705e00000, 0x0000000706000000, 0x0000000706000000|100%|HS|  |TAMS 0x0000000706000000| PB 0x0000000705e00000| Complete 
|   1|0x0000000706000000, 0x0000000706200000, 0x0000000706200000|100%|HC|  |TAMS 0x0000000706200000| PB 0x0000000706000000| Complete 
|   2|0x0000000706200000, 0x0000000706400000, 0x0000000706400000|100%| O|  |TAMS 0x0000000706400000| PB 0x0000000706400000| Untracked 
|   3|0x0000000706400000, 0x0000000706600000, 0x0000000706600000|100%| O|  |TAMS 0x0000000706600000| PB 0x0000000706600000| Untracked 
|   4|0x0000000706600000, 0x0000000706800000, 0x0000000706800000|100%| O|  |TAMS 0x0000000706800000| PB 0x0000000706800000| Untracked 
|   5|0x0000000706800000, 0x0000000706a00000, 0x0000000706a00000|100%| O|  |TAMS 0x0000000706a00000| PB 0x0000000706a00000| Untracked 
|   6|0x0000000706a00000, 0x0000000706c00000, 0x0000000706c00000|100%| O|  |TAMS 0x0000000706c00000| PB 0x0000000706c00000| Untracked 
|   7|0x0000000706c00000, 0x0000000706e00000, 0x0000000706e00000|100%| O|  |TAMS 0x0000000706e00000| PB 0x0000000706e00000| Untracked 
|   8|0x0000000706e00000, 0x0000000707000000, 0x0000000707000000|100%| O|  |TAMS 0x0000000707000000| PB 0x0000000707000000| Untracked 
|   9|0x0000000707000000, 0x0000000707200000, 0x0000000707200000|100%| O|  |TAMS 0x0000000707200000| PB 0x0000000707200000| Untracked 
|  10|0x0000000707200000, 0x0000000707400000, 0x0000000707400000|100%| O|  |TAMS 0x0000000707400000| PB 0x0000000707400000| Untracked 
|  11|0x0000000707400000, 0x0000000707600000, 0x0000000707600000|100%| O|  |TAMS 0x0000000707600000| PB 0x0000000707600000| Untracked 
|  12|0x0000000707600000, 0x0000000707800000, 0x0000000707800000|100%| O|  |TAMS 0x0000000707800000| PB 0x0000000707800000| Untracked 
|  13|0x0000000707800000, 0x0000000707a00000, 0x0000000707a00000|100%| O|  |TAMS 0x0000000707a00000| PB 0x0000000707a00000| Untracked 
|  14|0x0000000707a00000, 0x0000000707c00000, 0x0000000707c00000|100%| O|  |TAMS 0x0000000707c00000| PB 0x0000000707c00000| Untracked 
|  15|0x0000000707c00000, 0x0000000707e00000, 0x0000000707e00000|100%|HS|  |TAMS 0x0000000707e00000| PB 0x0000000707c00000| Complete 
|  16|0x0000000707e00000, 0x0000000708000000, 0x0000000708000000|100%| O|  |TAMS 0x0000000708000000| PB 0x0000000708000000| Untracked 
|  17|0x0000000708000000, 0x0000000708200000, 0x0000000708200000|100%| O|  |TAMS 0x0000000708200000| PB 0x0000000708200000| Untracked 
|  18|0x0000000708200000, 0x0000000708400000, 0x0000000708400000|100%| O|  |TAMS 0x0000000708400000| PB 0x0000000708400000| Untracked 
|  19|0x0000000708400000, 0x0000000708600000, 0x0000000708600000|100%| O|  |TAMS 0x0000000708600000| PB 0x0000000708600000| Untracked 
|  20|0x0000000708600000, 0x0000000708800000, 0x0000000708800000|100%| O|  |TAMS 0x0000000708800000| PB 0x0000000708800000| Untracked 
|  21|0x0000000708800000, 0x0000000708a00000, 0x0000000708a00000|100%| O|  |TAMS 0x0000000708a00000| PB 0x0000000708a00000| Untracked 
|  22|0x0000000708a00000, 0x0000000708c00000, 0x0000000708c00000|100%| O|  |TAMS 0x0000000708c00000| PB 0x0000000708c00000| Untracked 
|  23|0x0000000708c00000, 0x0000000708e00000, 0x0000000708e00000|100%| O|  |TAMS 0x0000000708e00000| PB 0x0000000708e00000| Untracked 
|  24|0x0000000708e00000, 0x0000000709000000, 0x0000000709000000|100%| O|  |TAMS 0x0000000709000000| PB 0x0000000709000000| Untracked 
|  25|0x0000000709000000, 0x0000000709200000, 0x0000000709200000|100%| O|  |TAMS 0x0000000709200000| PB 0x0000000709200000| Updating 
|  26|0x0000000709200000, 0x0000000709400000, 0x0000000709400000|100%| O|  |TAMS 0x0000000709400000| PB 0x0000000709400000| Untracked 
|  27|0x0000000709400000, 0x0000000709600000, 0x0000000709600000|100%| O|  |TAMS 0x0000000709600000| PB 0x0000000709600000| Untracked 
|  28|0x0000000709600000, 0x0000000709800000, 0x0000000709800000|100%| O|  |TAMS 0x0000000709800000| PB 0x0000000709800000| Untracked 
|  29|0x0000000709800000, 0x0000000709a00000, 0x0000000709a00000|100%| O|  |TAMS 0x0000000709a00000| PB 0x0000000709a00000| Updating 
|  30|0x0000000709a00000, 0x0000000709c00000, 0x0000000709c00000|100%| O|  |TAMS 0x0000000709c00000| PB 0x0000000709c00000| Untracked 
|  31|0x0000000709c00000, 0x0000000709e00000, 0x0000000709e00000|100%| O|  |TAMS 0x0000000709e00000| PB 0x0000000709e00000| Untracked 
|  32|0x0000000709e00000, 0x000000070a000000, 0x000000070a000000|100%| O|  |TAMS 0x000000070a000000| PB 0x000000070a000000| Untracked 
|  33|0x000000070a000000, 0x000000070a200000, 0x000000070a200000|100%| O|  |TAMS 0x000000070a200000| PB 0x000000070a200000| Untracked 
|  34|0x000000070a200000, 0x000000070a400000, 0x000000070a400000|100%|HS|  |TAMS 0x000000070a400000| PB 0x000000070a200000| Complete 
|  35|0x000000070a400000, 0x000000070a600000, 0x000000070a600000|100%| O|  |TAMS 0x000000070a600000| PB 0x000000070a600000| Untracked 
|  36|0x000000070a600000, 0x000000070a800000, 0x000000070a800000|100%| O|  |TAMS 0x000000070a800000| PB 0x000000070a800000| Updating 
|  37|0x000000070a800000, 0x000000070aa00000, 0x000000070aa00000|100%| O|  |TAMS 0x000000070aa00000| PB 0x000000070aa00000| Untracked 
|  38|0x000000070aa00000, 0x000000070ac00000, 0x000000070ac00000|100%| O|  |TAMS 0x000000070ac00000| PB 0x000000070ac00000| Updating 
|  39|0x000000070ac00000, 0x000000070ae00000, 0x000000070ae00000|100%| O|  |TAMS 0x000000070ae00000| PB 0x000000070ae00000| Untracked 
|  40|0x000000070ae00000, 0x000000070b000000, 0x000000070b000000|100%| O|  |TAMS 0x000000070b000000| PB 0x000000070b000000| Updating 
|  41|0x000000070b000000, 0x000000070b200000, 0x000000070b200000|100%| O|  |TAMS 0x000000070b200000| PB 0x000000070b200000| Untracked 
|  42|0x000000070b200000, 0x000000070b400000, 0x000000070b400000|100%| O|  |TAMS 0x000000070b400000| PB 0x000000070b400000| Untracked 
|  43|0x000000070b400000, 0x000000070b600000, 0x000000070b600000|100%| O|  |TAMS 0x000000070b600000| PB 0x000000070b600000| Untracked 
|  44|0x000000070b600000, 0x000000070b800000, 0x000000070b800000|100%| O|  |TAMS 0x000000070b800000| PB 0x000000070b800000| Untracked 
|  45|0x000000070b800000, 0x000000070ba00000, 0x000000070ba00000|100%| O|  |TAMS 0x000000070ba00000| PB 0x000000070ba00000| Updating 
|  46|0x000000070ba00000, 0x000000070bc00000, 0x000000070bc00000|100%| O|  |TAMS 0x000000070bc00000| PB 0x000000070bc00000| Untracked 
|  47|0x000000070bc00000, 0x000000070be00000, 0x000000070be00000|100%| O|  |TAMS 0x000000070be00000| PB 0x000000070be00000| Untracked 
|  48|0x000000070be00000, 0x000000070c000000, 0x000000070c000000|100%| O|  |TAMS 0x000000070c000000| PB 0x000000070c000000| Untracked 
|  49|0x000000070c000000, 0x000000070c200000, 0x000000070c200000|100%| O|  |TAMS 0x000000070c200000| PB 0x000000070c200000| Untracked 
|  50|0x000000070c200000, 0x000000070c400000, 0x000000070c400000|100%| O|  |TAMS 0x000000070c400000| PB 0x000000070c400000| Untracked 
|  51|0x000000070c400000, 0x000000070c600000, 0x000000070c600000|100%| O|  |TAMS 0x000000070c600000| PB 0x000000070c600000| Untracked 
|  52|0x000000070c600000, 0x000000070c800000, 0x000000070c800000|100%| O|  |TAMS 0x000000070c800000| PB 0x000000070c800000| Untracked 
|  53|0x000000070c800000, 0x000000070ca00000, 0x000000070ca00000|100%| O|  |TAMS 0x000000070ca00000| PB 0x000000070ca00000| Untracked 
|  54|0x000000070ca00000, 0x000000070cc00000, 0x000000070cc00000|100%| O|  |TAMS 0x000000070cc00000| PB 0x000000070cc00000| Untracked 
|  55|0x000000070cc00000, 0x000000070ce00000, 0x000000070ce00000|100%| O|  |TAMS 0x000000070ce00000| PB 0x000000070ce00000| Untracked 
|  56|0x000000070ce00000, 0x000000070d000000, 0x000000070d000000|100%| O|  |TAMS 0x000000070d000000| PB 0x000000070d000000| Untracked 
|  57|0x000000070d000000, 0x000000070d200000, 0x000000070d200000|100%| O|  |TAMS 0x000000070d200000| PB 0x000000070d200000| Untracked 
|  58|0x000000070d200000, 0x000000070d400000, 0x000000070d400000|100%| O|  |TAMS 0x000000070d400000| PB 0x000000070d400000| Untracked 
|  59|0x000000070d400000, 0x000000070d600000, 0x000000070d600000|100%| O|  |TAMS 0x000000070d600000| PB 0x000000070d600000| Updating 
|  60|0x000000070d600000, 0x000000070d800000, 0x000000070d800000|100%| O|  |TAMS 0x000000070d800000| PB 0x000000070d800000| Untracked 
|  61|0x000000070d800000, 0x000000070da00000, 0x000000070da00000|100%| O|  |TAMS 0x000000070da00000| PB 0x000000070da00000| Untracked 
|  62|0x000000070da00000, 0x000000070dc00000, 0x000000070dc00000|100%| O|  |TAMS 0x000000070dc00000| PB 0x000000070dc00000| Untracked 
|  63|0x000000070dc00000, 0x000000070de00000, 0x000000070de00000|100%| O|  |TAMS 0x000000070de00000| PB 0x000000070de00000| Untracked 
|  64|0x000000070de00000, 0x000000070e000000, 0x000000070e000000|100%| O|  |TAMS 0x000000070e000000| PB 0x000000070e000000| Untracked 
|  65|0x000000070e000000, 0x000000070e200000, 0x000000070e200000|100%| O|  |TAMS 0x000000070e200000| PB 0x000000070e200000| Updating 
|  66|0x000000070e200000, 0x000000070e400000, 0x000000070e400000|100%| O|  |TAMS 0x000000070e400000| PB 0x000000070e400000| Updating 
|  67|0x000000070e400000, 0x000000070e600000, 0x000000070e600000|100%| O|  |TAMS 0x000000070e600000| PB 0x000000070e600000| Untracked 
|  68|0x000000070e600000, 0x000000070e800000, 0x000000070e800000|100%| O|  |TAMS 0x000000070e800000| PB 0x000000070e800000| Untracked 
|  69|0x000000070e800000, 0x000000070ea00000, 0x000000070ea00000|100%| O|  |TAMS 0x000000070ea00000| PB 0x000000070ea00000| Untracked 
|  70|0x000000070ea00000, 0x000000070ec00000, 0x000000070ec00000|100%| O|  |TAMS 0x000000070ec00000| PB 0x000000070ec00000| Untracked 
|  71|0x000000070ec00000, 0x000000070ee00000, 0x000000070ee00000|100%| O|  |TAMS 0x000000070ee00000| PB 0x000000070ee00000| Untracked 
|  72|0x000000070ee00000, 0x000000070f000000, 0x000000070f000000|100%| O|  |TAMS 0x000000070f000000| PB 0x000000070f000000| Untracked 
|  73|0x000000070f000000, 0x000000070f200000, 0x000000070f200000|100%| O|  |TAMS 0x000000070f200000| PB 0x000000070f200000| Untracked 
|  74|0x000000070f200000, 0x000000070f400000, 0x000000070f400000|100%| O|  |TAMS 0x000000070f400000| PB 0x000000070f400000| Untracked 
|  75|0x000000070f400000, 0x000000070f600000, 0x000000070f600000|100%| O|  |TAMS 0x000000070f600000| PB 0x000000070f600000| Untracked 
|  76|0x000000070f600000, 0x000000070f800000, 0x000000070f800000|100%| O|  |TAMS 0x000000070f800000| PB 0x000000070f800000| Updating 
|  77|0x000000070f800000, 0x000000070fa00000, 0x000000070fa00000|100%| O|  |TAMS 0x000000070fa00000| PB 0x000000070fa00000| Untracked 
|  78|0x000000070fa00000, 0x000000070fc00000, 0x000000070fc00000|100%| O|  |TAMS 0x000000070fc00000| PB 0x000000070fc00000| Untracked 
|  79|0x000000070fc00000, 0x000000070fe00000, 0x000000070fe00000|100%| O|  |TAMS 0x000000070fe00000| PB 0x000000070fe00000| Untracked 
|  80|0x000000070fe00000, 0x0000000710000000, 0x0000000710000000|100%| O|  |TAMS 0x0000000710000000| PB 0x0000000710000000| Untracked 
|  81|0x0000000710000000, 0x0000000710200000, 0x0000000710200000|100%| O|  |TAMS 0x0000000710200000| PB 0x0000000710200000| Untracked 
|  82|0x0000000710200000, 0x0000000710400000, 0x0000000710400000|100%| O|  |TAMS 0x0000000710400000| PB 0x0000000710400000| Untracked 
|  83|0x0000000710400000, 0x0000000710600000, 0x0000000710600000|100%| O|  |TAMS 0x0000000710600000| PB 0x0000000710600000| Untracked 
|  84|0x0000000710600000, 0x0000000710800000, 0x0000000710800000|100%| O|  |TAMS 0x0000000710800000| PB 0x0000000710800000| Untracked 
|  85|0x0000000710800000, 0x0000000710a00000, 0x0000000710a00000|100%| O|  |TAMS 0x0000000710a00000| PB 0x0000000710a00000| Untracked 
|  86|0x0000000710a00000, 0x0000000710c00000, 0x0000000710c00000|100%| O|  |TAMS 0x0000000710c00000| PB 0x0000000710c00000| Untracked 
|  87|0x0000000710c00000, 0x0000000710e00000, 0x0000000710e00000|100%| O|  |TAMS 0x0000000710e00000| PB 0x0000000710e00000| Untracked 
|  88|0x0000000710e00000, 0x0000000711000000, 0x0000000711000000|100%| O|  |TAMS 0x0000000711000000| PB 0x0000000711000000| Untracked 
|  89|0x0000000711000000, 0x0000000711200000, 0x0000000711200000|100%| O|  |TAMS 0x0000000711200000| PB 0x0000000711200000| Untracked 
|  90|0x0000000711200000, 0x0000000711400000, 0x0000000711400000|100%| O|  |TAMS 0x0000000711400000| PB 0x0000000711400000| Untracked 
|  91|0x0000000711400000, 0x0000000711600000, 0x0000000711600000|100%| O|  |TAMS 0x0000000711600000| PB 0x0000000711600000| Untracked 
|  92|0x0000000711600000, 0x0000000711800000, 0x0000000711800000|100%| O|  |TAMS 0x0000000711800000| PB 0x0000000711800000| Untracked 
|  93|0x0000000711800000, 0x0000000711a00000, 0x0000000711a00000|100%| O|  |TAMS 0x0000000711a00000| PB 0x0000000711a00000| Untracked 
|  94|0x0000000711a00000, 0x0000000711c00000, 0x0000000711c00000|100%| O|  |TAMS 0x0000000711c00000| PB 0x0000000711c00000| Updating 
|  95|0x0000000711c00000, 0x0000000711e00000, 0x0000000711e00000|100%| O|  |TAMS 0x0000000711e00000| PB 0x0000000711e00000| Untracked 
|  96|0x0000000711e00000, 0x0000000712000000, 0x0000000712000000|100%| O|  |TAMS 0x0000000712000000| PB 0x0000000712000000| Untracked 
|  97|0x0000000712000000, 0x0000000712200000, 0x0000000712200000|100%| O|  |TAMS 0x0000000712200000| PB 0x0000000712200000| Untracked 
|  98|0x0000000712200000, 0x0000000712400000, 0x0000000712400000|100%| O|  |TAMS 0x0000000712400000| PB 0x0000000712400000| Untracked 
|  99|0x0000000712400000, 0x0000000712600000, 0x0000000712600000|100%| O|  |TAMS 0x0000000712600000| PB 0x0000000712600000| Updating 
| 100|0x0000000712600000, 0x0000000712800000, 0x0000000712800000|100%| O|  |TAMS 0x0000000712800000| PB 0x0000000712800000| Untracked 
| 101|0x0000000712800000, 0x0000000712a00000, 0x0000000712a00000|100%| O|  |TAMS 0x0000000712a00000| PB 0x0000000712a00000| Untracked 
| 102|0x0000000712a00000, 0x0000000712c00000, 0x0000000712c00000|100%| O|  |TAMS 0x0000000712c00000| PB 0x0000000712c00000| Updating 
| 103|0x0000000712c00000, 0x0000000712e00000, 0x0000000712e00000|100%| O|  |TAMS 0x0000000712e00000| PB 0x0000000712e00000| Untracked 
| 104|0x0000000712e00000, 0x0000000713000000, 0x0000000713000000|100%| O|  |TAMS 0x0000000713000000| PB 0x0000000713000000| Untracked 
| 105|0x0000000713000000, 0x0000000713200000, 0x0000000713200000|100%| O|  |TAMS 0x0000000713200000| PB 0x0000000713200000| Untracked 
| 106|0x0000000713200000, 0x0000000713400000, 0x0000000713400000|100%| O|  |TAMS 0x0000000713400000| PB 0x0000000713400000| Untracked 
| 107|0x0000000713400000, 0x0000000713600000, 0x0000000713600000|100%| O|  |TAMS 0x0000000713600000| PB 0x0000000713600000| Untracked 
| 108|0x0000000713600000, 0x0000000713800000, 0x0000000713800000|100%| O|  |TAMS 0x0000000713800000| PB 0x0000000713800000| Updating 
| 109|0x0000000713800000, 0x0000000713a00000, 0x0000000713a00000|100%| O|  |TAMS 0x0000000713a00000| PB 0x0000000713a00000| Untracked 
| 110|0x0000000713a00000, 0x0000000713c00000, 0x0000000713c00000|100%| O|  |TAMS 0x0000000713c00000| PB 0x0000000713c00000| Untracked 
| 111|0x0000000713c00000, 0x0000000713e00000, 0x0000000713e00000|100%| O|  |TAMS 0x0000000713e00000| PB 0x0000000713e00000| Untracked 
| 112|0x0000000713e00000, 0x0000000714000000, 0x0000000714000000|100%| O|  |TAMS 0x0000000714000000| PB 0x0000000714000000| Untracked 
| 113|0x0000000714000000, 0x0000000714200000, 0x0000000714200000|100%| O|  |TAMS 0x0000000714200000| PB 0x0000000714200000| Untracked 
| 114|0x0000000714200000, 0x0000000714400000, 0x0000000714400000|100%| O|  |TAMS 0x0000000714400000| PB 0x0000000714400000| Untracked 
| 115|0x0000000714400000, 0x0000000714600000, 0x0000000714600000|100%| O|  |TAMS 0x0000000714600000| PB 0x0000000714600000| Updating 
| 116|0x0000000714600000, 0x0000000714800000, 0x0000000714800000|100%| O|  |TAMS 0x0000000714800000| PB 0x0000000714800000| Untracked 
| 117|0x0000000714800000, 0x0000000714a00000, 0x0000000714a00000|100%| O|  |TAMS 0x0000000714a00000| PB 0x0000000714a00000| Updating 
| 118|0x0000000714a00000, 0x0000000714c00000, 0x0000000714c00000|100%| O|  |TAMS 0x0000000714c00000| PB 0x0000000714c00000| Updating 
| 119|0x0000000714c00000, 0x0000000714e00000, 0x0000000714e00000|100%| O|  |TAMS 0x0000000714e00000| PB 0x0000000714e00000| Untracked 
| 120|0x0000000714e00000, 0x0000000715000000, 0x0000000715000000|100%| O|  |TAMS 0x0000000715000000| PB 0x0000000715000000| Untracked 
| 121|0x0000000715000000, 0x0000000715200000, 0x0000000715200000|100%| O|  |TAMS 0x0000000715200000| PB 0x0000000715200000| Untracked 
| 122|0x0000000715200000, 0x0000000715400000, 0x0000000715400000|100%| O|  |TAMS 0x0000000715400000| PB 0x0000000715400000| Untracked 
| 123|0x0000000715400000, 0x0000000715600000, 0x0000000715600000|100%| O|  |TAMS 0x0000000715600000| PB 0x0000000715600000| Untracked 
| 124|0x0000000715600000, 0x0000000715800000, 0x0000000715800000|100%| O|  |TAMS 0x0000000715800000| PB 0x0000000715800000| Untracked 
| 125|0x0000000715800000, 0x0000000715a00000, 0x0000000715a00000|100%| O|  |TAMS 0x0000000715a00000| PB 0x0000000715a00000| Untracked 
| 126|0x0000000715a00000, 0x0000000715c00000, 0x0000000715c00000|100%| O|  |TAMS 0x0000000715c00000| PB 0x0000000715c00000| Untracked 
| 127|0x0000000715c00000, 0x0000000715e00000, 0x0000000715e00000|100%| O|  |TAMS 0x0000000715e00000| PB 0x0000000715e00000| Updating 
| 128|0x0000000715e00000, 0x0000000716000000, 0x0000000716000000|100%| O|  |TAMS 0x0000000716000000| PB 0x0000000716000000| Untracked 
| 129|0x0000000716000000, 0x0000000716200000, 0x0000000716200000|100%| O|  |TAMS 0x0000000716200000| PB 0x0000000716200000| Updating 
| 130|0x0000000716200000, 0x0000000716400000, 0x0000000716400000|100%| O|  |TAMS 0x0000000716400000| PB 0x0000000716400000| Untracked 
| 131|0x0000000716400000, 0x0000000716600000, 0x0000000716600000|100%| O|  |TAMS 0x0000000716600000| PB 0x0000000716600000| Untracked 
| 132|0x0000000716600000, 0x0000000716800000, 0x0000000716800000|100%| O|  |TAMS 0x0000000716800000| PB 0x0000000716800000| Untracked 
| 133|0x0000000716800000, 0x0000000716a00000, 0x0000000716a00000|100%| O|  |TAMS 0x0000000716a00000| PB 0x0000000716a00000| Updating 
| 134|0x0000000716a00000, 0x0000000716c00000, 0x0000000716c00000|100%| O|  |TAMS 0x0000000716c00000| PB 0x0000000716c00000| Untracked 
| 135|0x0000000716c00000, 0x0000000716e00000, 0x0000000716e00000|100%| O|  |TAMS 0x0000000716e00000| PB 0x0000000716e00000| Untracked 
| 136|0x0000000716e00000, 0x0000000717000000, 0x0000000717000000|100%| O|  |TAMS 0x0000000717000000| PB 0x0000000717000000| Untracked 
| 137|0x0000000717000000, 0x0000000717200000, 0x0000000717200000|100%| O|  |TAMS 0x0000000717200000| PB 0x0000000717200000| Untracked 
| 138|0x0000000717200000, 0x0000000717400000, 0x0000000717400000|100%| O|  |TAMS 0x0000000717400000| PB 0x0000000717400000| Untracked 
| 139|0x0000000717400000, 0x0000000717600000, 0x0000000717600000|100%| O|  |TAMS 0x0000000717600000| PB 0x0000000717600000| Untracked 
| 140|0x0000000717600000, 0x0000000717800000, 0x0000000717800000|100%| O|  |TAMS 0x0000000717800000| PB 0x0000000717800000| Untracked 
| 141|0x0000000717800000, 0x0000000717a00000, 0x0000000717a00000|100%| O|  |TAMS 0x0000000717a00000| PB 0x0000000717a00000| Untracked 
| 142|0x0000000717a00000, 0x0000000717c00000, 0x0000000717c00000|100%| O|  |TAMS 0x0000000717c00000| PB 0x0000000717c00000| Updating 
| 143|0x0000000717c00000, 0x0000000717e00000, 0x0000000717e00000|100%| O|  |TAMS 0x0000000717e00000| PB 0x0000000717e00000| Untracked 
| 144|0x0000000717e00000, 0x0000000718000000, 0x0000000718000000|100%| O|  |TAMS 0x0000000718000000| PB 0x0000000718000000| Untracked 
| 145|0x0000000718000000, 0x0000000718200000, 0x0000000718200000|100%| O|  |TAMS 0x0000000718200000| PB 0x0000000718200000| Untracked 
| 146|0x0000000718200000, 0x0000000718400000, 0x0000000718400000|100%| O|  |TAMS 0x0000000718400000| PB 0x0000000718400000| Untracked 
| 147|0x0000000718400000, 0x0000000718600000, 0x0000000718600000|100%| O|  |TAMS 0x0000000718600000| PB 0x0000000718600000| Untracked 
| 148|0x0000000718600000, 0x0000000718800000, 0x0000000718800000|100%| O|  |TAMS 0x0000000718800000| PB 0x0000000718800000| Untracked 
| 149|0x0000000718800000, 0x0000000718a00000, 0x0000000718a00000|100%| O|  |TAMS 0x0000000718a00000| PB 0x0000000718a00000| Updating 
| 150|0x0000000718a00000, 0x0000000718c00000, 0x0000000718c00000|100%| O|  |TAMS 0x0000000718c00000| PB 0x0000000718c00000| Untracked 
| 151|0x0000000718c00000, 0x0000000718e00000, 0x0000000718e00000|100%| O|  |TAMS 0x0000000718e00000| PB 0x0000000718e00000| Updating 
| 152|0x0000000718e00000, 0x0000000719000000, 0x0000000719000000|100%| O|  |TAMS 0x0000000719000000| PB 0x0000000719000000| Untracked 
| 153|0x0000000719000000, 0x0000000719200000, 0x0000000719200000|100%| O|  |TAMS 0x0000000719200000| PB 0x0000000719200000| Untracked 
| 154|0x0000000719200000, 0x0000000719400000, 0x0000000719400000|100%| O|  |TAMS 0x0000000719400000| PB 0x0000000719400000| Untracked 
| 155|0x0000000719400000, 0x0000000719600000, 0x0000000719600000|100%| O|  |TAMS 0x0000000719600000| PB 0x0000000719600000| Untracked 
| 156|0x0000000719600000, 0x0000000719800000, 0x0000000719800000|100%| O|  |TAMS 0x0000000719800000| PB 0x0000000719800000| Updating 
| 157|0x0000000719800000, 0x0000000719a00000, 0x0000000719a00000|100%| O|  |TAMS 0x0000000719a00000| PB 0x0000000719a00000| Untracked 
| 158|0x0000000719a00000, 0x0000000719c00000, 0x0000000719c00000|100%| O|  |TAMS 0x0000000719c00000| PB 0x0000000719c00000| Untracked 
| 159|0x0000000719c00000, 0x0000000719e00000, 0x0000000719e00000|100%| O|  |TAMS 0x0000000719e00000| PB 0x0000000719e00000| Untracked 
| 160|0x0000000719e00000, 0x000000071a000000, 0x000000071a000000|100%| O|  |TAMS 0x000000071a000000| PB 0x000000071a000000| Untracked 
| 161|0x000000071a000000, 0x000000071a200000, 0x000000071a200000|100%| O|  |TAMS 0x000000071a200000| PB 0x000000071a200000| Updating 
| 162|0x000000071a200000, 0x000000071a400000, 0x000000071a400000|100%| O|  |TAMS 0x000000071a400000| PB 0x000000071a400000| Untracked 
| 163|0x000000071a400000, 0x000000071a600000, 0x000000071a600000|100%| O|  |TAMS 0x000000071a600000| PB 0x000000071a600000| Untracked 
| 164|0x000000071a600000, 0x000000071a800000, 0x000000071a800000|100%| O|  |TAMS 0x000000071a800000| PB 0x000000071a800000| Untracked 
| 165|0x000000071a800000, 0x000000071aa00000, 0x000000071aa00000|100%| O|  |TAMS 0x000000071aa00000| PB 0x000000071aa00000| Untracked 
| 166|0x000000071aa00000, 0x000000071ac00000, 0x000000071ac00000|100%| O|  |TAMS 0x000000071ac00000| PB 0x000000071ac00000| Untracked 
| 167|0x000000071ac00000, 0x000000071ae00000, 0x000000071ae00000|100%| O|  |TAMS 0x000000071ae00000| PB 0x000000071ae00000| Untracked 
| 168|0x000000071ae00000, 0x000000071b000000, 0x000000071b000000|100%| O|  |TAMS 0x000000071b000000| PB 0x000000071b000000| Updating 
| 169|0x000000071b000000, 0x000000071b200000, 0x000000071b200000|100%| O|  |TAMS 0x000000071b200000| PB 0x000000071b200000| Updating 
| 170|0x000000071b200000, 0x000000071b400000, 0x000000071b400000|100%| O|  |TAMS 0x000000071b400000| PB 0x000000071b400000| Untracked 
| 171|0x000000071b400000, 0x000000071b600000, 0x000000071b600000|100%| O|  |TAMS 0x000000071b600000| PB 0x000000071b600000| Updating 
| 172|0x000000071b600000, 0x000000071b800000, 0x000000071b800000|100%| O|  |TAMS 0x000000071b800000| PB 0x000000071b800000| Updating 
| 173|0x000000071b800000, 0x000000071ba00000, 0x000000071ba00000|100%| O|  |TAMS 0x000000071ba00000| PB 0x000000071ba00000| Updating 
| 174|0x000000071ba00000, 0x000000071bc00000, 0x000000071bc00000|100%| O|  |TAMS 0x000000071bc00000| PB 0x000000071bc00000| Untracked 
| 175|0x000000071bc00000, 0x000000071be00000, 0x000000071be00000|100%| O|  |TAMS 0x000000071be00000| PB 0x000000071be00000| Updating 
| 176|0x000000071be00000, 0x000000071c000000, 0x000000071c000000|100%| O|  |TAMS 0x000000071c000000| PB 0x000000071c000000| Untracked 
| 177|0x000000071c000000, 0x000000071c200000, 0x000000071c200000|100%| O|  |TAMS 0x000000071c200000| PB 0x000000071c200000| Untracked 
| 178|0x000000071c200000, 0x000000071c400000, 0x000000071c400000|100%| O|  |TAMS 0x000000071c400000| PB 0x000000071c400000| Untracked 
| 179|0x000000071c400000, 0x000000071c600000, 0x000000071c600000|100%| O|  |TAMS 0x000000071c600000| PB 0x000000071c600000| Untracked 
| 180|0x000000071c600000, 0x000000071c800000, 0x000000071c800000|100%| O|  |TAMS 0x000000071c800000| PB 0x000000071c800000| Updating 
| 181|0x000000071c800000, 0x000000071ca00000, 0x000000071ca00000|100%| O|  |TAMS 0x000000071ca00000| PB 0x000000071ca00000| Untracked 
| 182|0x000000071ca00000, 0x000000071cc00000, 0x000000071cc00000|100%| O|  |TAMS 0x000000071cc00000| PB 0x000000071cc00000| Untracked 
| 183|0x000000071cc00000, 0x000000071ce00000, 0x000000071ce00000|100%| O|  |TAMS 0x000000071ce00000| PB 0x000000071ce00000| Untracked 
| 184|0x000000071ce00000, 0x000000071d000000, 0x000000071d000000|100%| O|  |TAMS 0x000000071d000000| PB 0x000000071d000000| Updating 
| 185|0x000000071d000000, 0x000000071d200000, 0x000000071d200000|100%| O|  |TAMS 0x000000071d200000| PB 0x000000071d200000| Untracked 
| 186|0x000000071d200000, 0x000000071d400000, 0x000000071d400000|100%| O|  |TAMS 0x000000071d400000| PB 0x000000071d400000| Untracked 
| 187|0x000000071d400000, 0x000000071d600000, 0x000000071d600000|100%| O|  |TAMS 0x000000071d600000| PB 0x000000071d600000| Untracked 
| 188|0x000000071d600000, 0x000000071d800000, 0x000000071d800000|100%| O|  |TAMS 0x000000071d800000| PB 0x000000071d800000| Untracked 
| 189|0x000000071d800000, 0x000000071da00000, 0x000000071da00000|100%| O|  |TAMS 0x000000071da00000| PB 0x000000071da00000| Untracked 
| 190|0x000000071da00000, 0x000000071dc00000, 0x000000071dc00000|100%| O|  |TAMS 0x000000071dc00000| PB 0x000000071dc00000| Untracked 
| 191|0x000000071dc00000, 0x000000071de00000, 0x000000071de00000|100%| O|  |TAMS 0x000000071de00000| PB 0x000000071de00000| Untracked 
| 192|0x000000071de00000, 0x000000071e000000, 0x000000071e000000|100%| O|  |TAMS 0x000000071e000000| PB 0x000000071e000000| Untracked 
| 193|0x000000071e000000, 0x000000071e200000, 0x000000071e200000|100%| O|  |TAMS 0x000000071e200000| PB 0x000000071e200000| Untracked 
| 194|0x000000071e200000, 0x000000071e400000, 0x000000071e400000|100%| O|  |TAMS 0x000000071e400000| PB 0x000000071e400000| Untracked 
| 195|0x000000071e400000, 0x000000071e600000, 0x000000071e600000|100%| O|  |TAMS 0x000000071e600000| PB 0x000000071e600000| Untracked 
| 196|0x000000071e600000, 0x000000071e800000, 0x000000071e800000|100%| O|  |TAMS 0x000000071e800000| PB 0x000000071e800000| Untracked 
| 197|0x000000071e800000, 0x000000071ea00000, 0x000000071ea00000|100%| O|  |TAMS 0x000000071ea00000| PB 0x000000071ea00000| Untracked 
| 198|0x000000071ea00000, 0x000000071ec00000, 0x000000071ec00000|100%| O|  |TAMS 0x000000071ec00000| PB 0x000000071ec00000| Untracked 
| 199|0x000000071ec00000, 0x000000071ee00000, 0x000000071ee00000|100%| O|  |TAMS 0x000000071ee00000| PB 0x000000071ee00000| Updating 
| 200|0x000000071ee00000, 0x000000071f000000, 0x000000071f000000|100%| O|  |TAMS 0x000000071f000000| PB 0x000000071f000000| Untracked 
| 201|0x000000071f000000, 0x000000071f200000, 0x000000071f200000|100%| O|  |TAMS 0x000000071f200000| PB 0x000000071f200000| Untracked 
| 202|0x000000071f200000, 0x000000071f400000, 0x000000071f400000|100%| O|  |TAMS 0x000000071f400000| PB 0x000000071f400000| Untracked 
| 203|0x000000071f400000, 0x000000071f600000, 0x000000071f600000|100%| O|  |TAMS 0x000000071f600000| PB 0x000000071f600000| Untracked 
| 204|0x000000071f600000, 0x000000071f800000, 0x000000071f800000|100%| O|  |TAMS 0x000000071f800000| PB 0x000000071f800000| Untracked 
| 205|0x000000071f800000, 0x000000071fa00000, 0x000000071fa00000|100%| O|  |TAMS 0x000000071fa00000| PB 0x000000071fa00000| Untracked 
| 206|0x000000071fa00000, 0x000000071fc00000, 0x000000071fc00000|100%| O|  |TAMS 0x000000071fc00000| PB 0x000000071fc00000| Untracked 
| 207|0x000000071fc00000, 0x000000071fe00000, 0x000000071fe00000|100%| O|  |TAMS 0x000000071fe00000| PB 0x000000071fe00000| Untracked 
| 208|0x000000071fe00000, 0x0000000720000000, 0x0000000720000000|100%| O|  |TAMS 0x0000000720000000| PB 0x0000000720000000| Untracked 
| 209|0x0000000720000000, 0x0000000720200000, 0x0000000720200000|100%| O|  |TAMS 0x0000000720200000| PB 0x0000000720200000| Updating 
| 210|0x0000000720200000, 0x0000000720400000, 0x0000000720400000|100%| O|  |TAMS 0x0000000720400000| PB 0x0000000720400000| Updating 
| 211|0x0000000720400000, 0x0000000720600000, 0x0000000720600000|100%| O|  |TAMS 0x0000000720600000| PB 0x0000000720600000| Untracked 
| 212|0x0000000720600000, 0x0000000720800000, 0x0000000720800000|100%| O|  |TAMS 0x0000000720800000| PB 0x0000000720800000| Untracked 
| 213|0x0000000720800000, 0x0000000720a00000, 0x0000000720a00000|100%| O|  |TAMS 0x0000000720a00000| PB 0x0000000720a00000| Untracked 
| 214|0x0000000720a00000, 0x0000000720c00000, 0x0000000720c00000|100%| O|  |TAMS 0x0000000720c00000| PB 0x0000000720c00000| Untracked 
| 215|0x0000000720c00000, 0x0000000720e00000, 0x0000000720e00000|100%| O|  |TAMS 0x0000000720e00000| PB 0x0000000720e00000| Updating 
| 216|0x0000000720e00000, 0x0000000721000000, 0x0000000721000000|100%| O|  |TAMS 0x0000000721000000| PB 0x0000000721000000| Untracked 
| 217|0x0000000721000000, 0x0000000721200000, 0x0000000721200000|100%| O|  |TAMS 0x0000000721200000| PB 0x0000000721200000| Updating 
| 218|0x0000000721200000, 0x0000000721400000, 0x0000000721400000|100%| O|  |TAMS 0x0000000721400000| PB 0x0000000721400000| Untracked 
| 219|0x0000000721400000, 0x0000000721600000, 0x0000000721600000|100%| O|  |TAMS 0x0000000721600000| PB 0x0000000721600000| Untracked 
| 220|0x0000000721600000, 0x0000000721800000, 0x0000000721800000|100%| O|  |TAMS 0x0000000721800000| PB 0x0000000721800000| Untracked 
| 221|0x0000000721800000, 0x0000000721a00000, 0x0000000721a00000|100%| O|  |TAMS 0x0000000721a00000| PB 0x0000000721a00000| Untracked 
| 222|0x0000000721a00000, 0x0000000721c00000, 0x0000000721c00000|100%| O|  |TAMS 0x0000000721c00000| PB 0x0000000721c00000| Untracked 
| 223|0x0000000721c00000, 0x0000000721e00000, 0x0000000721e00000|100%| O|  |TAMS 0x0000000721e00000| PB 0x0000000721e00000| Untracked 
| 224|0x0000000721e00000, 0x0000000722000000, 0x0000000722000000|100%| O|  |TAMS 0x0000000722000000| PB 0x0000000722000000| Untracked 
| 225|0x0000000722000000, 0x0000000722200000, 0x0000000722200000|100%| O|  |TAMS 0x0000000722200000| PB 0x0000000722200000| Untracked 
| 226|0x0000000722200000, 0x0000000722400000, 0x0000000722400000|100%| O|  |TAMS 0x0000000722400000| PB 0x0000000722400000| Untracked 
| 227|0x0000000722400000, 0x0000000722600000, 0x0000000722600000|100%| O|  |TAMS 0x0000000722600000| PB 0x0000000722600000| Untracked 
| 228|0x0000000722600000, 0x0000000722800000, 0x0000000722800000|100%| O|  |TAMS 0x0000000722800000| PB 0x0000000722800000| Untracked 
| 229|0x0000000722800000, 0x0000000722a00000, 0x0000000722a00000|100%| O|  |TAMS 0x0000000722a00000| PB 0x0000000722a00000| Untracked 
| 230|0x0000000722a00000, 0x0000000722c00000, 0x0000000722c00000|100%| O|  |TAMS 0x0000000722c00000| PB 0x0000000722c00000| Untracked 
| 231|0x0000000722c00000, 0x0000000722e00000, 0x0000000722e00000|100%| O|  |TAMS 0x0000000722e00000| PB 0x0000000722e00000| Untracked 
| 232|0x0000000722e00000, 0x0000000723000000, 0x0000000723000000|100%| O|  |TAMS 0x0000000723000000| PB 0x0000000723000000| Untracked 
| 233|0x0000000723000000, 0x0000000723200000, 0x0000000723200000|100%| O|  |TAMS 0x0000000723200000| PB 0x0000000723200000| Untracked 
| 234|0x0000000723200000, 0x0000000723400000, 0x0000000723400000|100%| O|  |TAMS 0x0000000723400000| PB 0x0000000723400000| Untracked 
| 235|0x0000000723400000, 0x0000000723600000, 0x0000000723600000|100%| O|  |TAMS 0x0000000723600000| PB 0x0000000723600000| Untracked 
| 236|0x0000000723600000, 0x0000000723800000, 0x0000000723800000|100%| O|  |TAMS 0x0000000723800000| PB 0x0000000723800000| Updating 
| 237|0x0000000723800000, 0x0000000723a00000, 0x0000000723a00000|100%| O|  |TAMS 0x0000000723a00000| PB 0x0000000723a00000| Updating 
| 238|0x0000000723a00000, 0x0000000723c00000, 0x0000000723c00000|100%| O|  |TAMS 0x0000000723c00000| PB 0x0000000723c00000| Untracked 
| 239|0x0000000723c00000, 0x0000000723e00000, 0x0000000723e00000|100%| O|  |TAMS 0x0000000723e00000| PB 0x0000000723e00000| Untracked 
| 240|0x0000000723e00000, 0x0000000724000000, 0x0000000724000000|100%| O|  |TAMS 0x0000000724000000| PB 0x0000000724000000| Untracked 
| 241|0x0000000724000000, 0x0000000724200000, 0x0000000724200000|100%| O|  |TAMS 0x0000000724200000| PB 0x0000000724200000| Untracked 
| 242|0x0000000724200000, 0x0000000724400000, 0x0000000724400000|100%| O|  |TAMS 0x0000000724400000| PB 0x0000000724400000| Untracked 
| 243|0x0000000724400000, 0x0000000724600000, 0x0000000724600000|100%| O|  |TAMS 0x0000000724600000| PB 0x0000000724600000| Untracked 
| 244|0x0000000724600000, 0x0000000724800000, 0x0000000724800000|100%| O|  |TAMS 0x0000000724800000| PB 0x0000000724800000| Untracked 
| 245|0x0000000724800000, 0x0000000724a00000, 0x0000000724a00000|100%| O|  |TAMS 0x0000000724a00000| PB 0x0000000724a00000| Untracked 
| 246|0x0000000724a00000, 0x0000000724c00000, 0x0000000724c00000|100%| O|  |TAMS 0x0000000724c00000| PB 0x0000000724c00000| Untracked 
| 247|0x0000000724c00000, 0x0000000724e00000, 0x0000000724e00000|100%| O|  |TAMS 0x0000000724e00000| PB 0x0000000724e00000| Untracked 
| 248|0x0000000724e00000, 0x0000000725000000, 0x0000000725000000|100%| O|  |TAMS 0x0000000725000000| PB 0x0000000725000000| Updating 
| 249|0x0000000725000000, 0x0000000725200000, 0x0000000725200000|100%| O|  |TAMS 0x0000000725200000| PB 0x0000000725200000| Untracked 
| 250|0x0000000725200000, 0x0000000725400000, 0x0000000725400000|100%| O|  |TAMS 0x0000000725400000| PB 0x0000000725400000| Untracked 
| 251|0x0000000725400000, 0x0000000725600000, 0x0000000725600000|100%| O|  |TAMS 0x0000000725600000| PB 0x0000000725600000| Untracked 
| 252|0x0000000725600000, 0x0000000725800000, 0x0000000725800000|100%| O|  |TAMS 0x0000000725800000| PB 0x0000000725800000| Untracked 
| 253|0x0000000725800000, 0x0000000725a00000, 0x0000000725a00000|100%| O|  |TAMS 0x0000000725a00000| PB 0x0000000725a00000| Untracked 
| 254|0x0000000725a00000, 0x0000000725c00000, 0x0000000725c00000|100%| O|  |TAMS 0x0000000725c00000| PB 0x0000000725c00000| Updating 
| 255|0x0000000725c00000, 0x0000000725e00000, 0x0000000725e00000|100%| O|  |TAMS 0x0000000725e00000| PB 0x0000000725e00000| Untracked 
| 256|0x0000000725e00000, 0x0000000726000000, 0x0000000726000000|100%| O|  |TAMS 0x0000000726000000| PB 0x0000000726000000| Untracked 
| 257|0x0000000726000000, 0x0000000726200000, 0x0000000726200000|100%| O|  |TAMS 0x0000000726200000| PB 0x0000000726200000| Updating 
| 258|0x0000000726200000, 0x0000000726400000, 0x0000000726400000|100%| O|  |TAMS 0x0000000726400000| PB 0x0000000726400000| Untracked 
| 259|0x0000000726400000, 0x0000000726600000, 0x0000000726600000|100%| O|  |TAMS 0x0000000726600000| PB 0x0000000726600000| Updating 
| 260|0x0000000726600000, 0x0000000726800000, 0x0000000726800000|100%| O|  |TAMS 0x0000000726800000| PB 0x0000000726800000| Untracked 
| 261|0x0000000726800000, 0x0000000726a00000, 0x0000000726a00000|100%| O|  |TAMS 0x0000000726a00000| PB 0x0000000726a00000| Untracked 
| 262|0x0000000726a00000, 0x0000000726c00000, 0x0000000726c00000|100%| O|  |TAMS 0x0000000726c00000| PB 0x0000000726c00000| Untracked 
| 263|0x0000000726c00000, 0x0000000726e00000, 0x0000000726e00000|100%| O|  |TAMS 0x0000000726e00000| PB 0x0000000726e00000| Untracked 
| 264|0x0000000726e00000, 0x0000000727000000, 0x0000000727000000|100%| O|  |TAMS 0x0000000727000000| PB 0x0000000727000000| Untracked 
| 265|0x0000000727000000, 0x0000000727200000, 0x0000000727200000|100%| O|  |TAMS 0x0000000727200000| PB 0x0000000727200000| Untracked 
| 266|0x0000000727200000, 0x0000000727400000, 0x0000000727400000|100%| O|  |TAMS 0x0000000727400000| PB 0x0000000727400000| Untracked 
| 267|0x0000000727400000, 0x0000000727600000, 0x0000000727600000|100%| O|  |TAMS 0x0000000727600000| PB 0x0000000727600000| Untracked 
| 268|0x0000000727600000, 0x0000000727800000, 0x0000000727800000|100%| O|  |TAMS 0x0000000727800000| PB 0x0000000727800000| Untracked 
| 269|0x0000000727800000, 0x0000000727a00000, 0x0000000727a00000|100%| O|  |TAMS 0x0000000727a00000| PB 0x0000000727a00000| Untracked 
| 270|0x0000000727a00000, 0x0000000727c00000, 0x0000000727c00000|100%| O|  |TAMS 0x0000000727c00000| PB 0x0000000727c00000| Untracked 
| 271|0x0000000727c00000, 0x0000000727e00000, 0x0000000727e00000|100%| O|  |TAMS 0x0000000727e00000| PB 0x0000000727e00000| Untracked 
| 272|0x0000000727e00000, 0x0000000728000000, 0x0000000728000000|100%| O|  |TAMS 0x0000000728000000| PB 0x0000000728000000| Untracked 
| 273|0x0000000728000000, 0x0000000728200000, 0x0000000728200000|100%| O|  |TAMS 0x0000000728200000| PB 0x0000000728200000| Untracked 
| 274|0x0000000728200000, 0x0000000728400000, 0x0000000728400000|100%| O|  |TAMS 0x0000000728400000| PB 0x0000000728400000| Untracked 
| 275|0x0000000728400000, 0x0000000728600000, 0x0000000728600000|100%| O|  |TAMS 0x0000000728600000| PB 0x0000000728600000| Untracked 
| 276|0x0000000728600000, 0x0000000728800000, 0x0000000728800000|100%| O|  |TAMS 0x0000000728800000| PB 0x0000000728800000| Untracked 
| 277|0x0000000728800000, 0x0000000728a00000, 0x0000000728a00000|100%| O|  |TAMS 0x0000000728a00000| PB 0x0000000728a00000| Updating 
| 278|0x0000000728a00000, 0x0000000728c00000, 0x0000000728c00000|100%| O|  |TAMS 0x0000000728c00000| PB 0x0000000728c00000| Untracked 
| 279|0x0000000728c00000, 0x0000000728e00000, 0x0000000728e00000|100%| O|  |TAMS 0x0000000728e00000| PB 0x0000000728e00000| Updating 
| 280|0x0000000728e00000, 0x0000000729000000, 0x0000000729000000|100%| O|  |TAMS 0x0000000729000000| PB 0x0000000729000000| Untracked 
| 281|0x0000000729000000, 0x0000000729200000, 0x0000000729200000|100%| O|  |TAMS 0x0000000729200000| PB 0x0000000729200000| Updating 
| 282|0x0000000729200000, 0x0000000729400000, 0x0000000729400000|100%| O|  |TAMS 0x0000000729400000| PB 0x0000000729400000| Untracked 
| 283|0x0000000729400000, 0x0000000729600000, 0x0000000729600000|100%| O|  |TAMS 0x0000000729600000| PB 0x0000000729600000| Updating 
| 284|0x0000000729600000, 0x0000000729800000, 0x0000000729800000|100%| O|  |TAMS 0x0000000729800000| PB 0x0000000729800000| Untracked 
| 285|0x0000000729800000, 0x0000000729a00000, 0x0000000729a00000|100%| O|  |TAMS 0x0000000729a00000| PB 0x0000000729a00000| Untracked 
| 286|0x0000000729a00000, 0x0000000729c00000, 0x0000000729c00000|100%| O|  |TAMS 0x0000000729c00000| PB 0x0000000729c00000| Untracked 
| 287|0x0000000729c00000, 0x0000000729e00000, 0x0000000729e00000|100%| O|  |TAMS 0x0000000729e00000| PB 0x0000000729e00000| Untracked 
| 288|0x0000000729e00000, 0x000000072a000000, 0x000000072a000000|100%| O|  |TAMS 0x000000072a000000| PB 0x000000072a000000| Untracked 
| 289|0x000000072a000000, 0x000000072a200000, 0x000000072a200000|100%| O|  |TAMS 0x000000072a200000| PB 0x000000072a200000| Untracked 
| 290|0x000000072a200000, 0x000000072a400000, 0x000000072a400000|100%| O|  |TAMS 0x000000072a400000| PB 0x000000072a400000| Untracked 
| 291|0x000000072a400000, 0x000000072a600000, 0x000000072a600000|100%| O|  |TAMS 0x000000072a600000| PB 0x000000072a600000| Untracked 
| 292|0x000000072a600000, 0x000000072a800000, 0x000000072a800000|100%| O|  |TAMS 0x000000072a800000| PB 0x000000072a800000| Untracked 
| 293|0x000000072a800000, 0x000000072aa00000, 0x000000072aa00000|100%| O|  |TAMS 0x000000072aa00000| PB 0x000000072aa00000| Untracked 
| 294|0x000000072aa00000, 0x000000072ac00000, 0x000000072ac00000|100%| O|  |TAMS 0x000000072ac00000| PB 0x000000072ac00000| Updating 
| 295|0x000000072ac00000, 0x000000072ae00000, 0x000000072ae00000|100%| O|  |TAMS 0x000000072ae00000| PB 0x000000072ae00000| Untracked 
| 296|0x000000072ae00000, 0x000000072b000000, 0x000000072b000000|100%| O|  |TAMS 0x000000072b000000| PB 0x000000072b000000| Untracked 
| 297|0x000000072b000000, 0x000000072b200000, 0x000000072b200000|100%| O|  |TAMS 0x000000072b200000| PB 0x000000072b200000| Untracked 
| 298|0x000000072b200000, 0x000000072b400000, 0x000000072b400000|100%| O|  |TAMS 0x000000072b400000| PB 0x000000072b400000| Untracked 
| 299|0x000000072b400000, 0x000000072b600000, 0x000000072b600000|100%| O|  |TAMS 0x000000072b600000| PB 0x000000072b600000| Untracked 
| 300|0x000000072b600000, 0x000000072b800000, 0x000000072b800000|100%| O|  |TAMS 0x000000072b800000| PB 0x000000072b800000| Untracked 
| 301|0x000000072b800000, 0x000000072ba00000, 0x000000072ba00000|100%| O|  |TAMS 0x000000072ba00000| PB 0x000000072ba00000| Updating 
| 302|0x000000072ba00000, 0x000000072bc00000, 0x000000072bc00000|100%| O|  |TAMS 0x000000072bc00000| PB 0x000000072bc00000| Untracked 
| 303|0x000000072bc00000, 0x000000072be00000, 0x000000072be00000|100%| O|  |TAMS 0x000000072be00000| PB 0x000000072be00000| Updating 
| 304|0x000000072be00000, 0x000000072c000000, 0x000000072c000000|100%| O|  |TAMS 0x000000072c000000| PB 0x000000072c000000| Untracked 
| 305|0x000000072c000000, 0x000000072c200000, 0x000000072c200000|100%| O|  |TAMS 0x000000072c200000| PB 0x000000072c200000| Untracked 
| 306|0x000000072c200000, 0x000000072c400000, 0x000000072c400000|100%| O|  |TAMS 0x000000072c400000| PB 0x000000072c400000| Updating 
| 307|0x000000072c400000, 0x000000072c600000, 0x000000072c600000|100%| O|  |TAMS 0x000000072c600000| PB 0x000000072c600000| Untracked 
| 308|0x000000072c600000, 0x000000072c800000, 0x000000072c800000|100%| O|  |TAMS 0x000000072c800000| PB 0x000000072c800000| Untracked 
| 309|0x000000072c800000, 0x000000072ca00000, 0x000000072ca00000|100%| O|  |TAMS 0x000000072ca00000| PB 0x000000072ca00000| Untracked 
| 310|0x000000072ca00000, 0x000000072cc00000, 0x000000072cc00000|100%| O|  |TAMS 0x000000072cc00000| PB 0x000000072cc00000| Untracked 
| 311|0x000000072cc00000, 0x000000072ce00000, 0x000000072ce00000|100%| O|  |TAMS 0x000000072ce00000| PB 0x000000072ce00000| Untracked 
| 312|0x000000072ce00000, 0x000000072d000000, 0x000000072d000000|100%| O|  |TAMS 0x000000072d000000| PB 0x000000072d000000| Untracked 
| 313|0x000000072d000000, 0x000000072d200000, 0x000000072d200000|100%| O|  |TAMS 0x000000072d200000| PB 0x000000072d200000| Untracked 
| 314|0x000000072d200000, 0x000000072d400000, 0x000000072d400000|100%| O|  |TAMS 0x000000072d400000| PB 0x000000072d400000| Untracked 
| 315|0x000000072d400000, 0x000000072d600000, 0x000000072d600000|100%| O|  |TAMS 0x000000072d600000| PB 0x000000072d600000| Untracked 
| 316|0x000000072d600000, 0x000000072d800000, 0x000000072d800000|100%| O|  |TAMS 0x000000072d800000| PB 0x000000072d800000| Untracked 
| 317|0x000000072d800000, 0x000000072da00000, 0x000000072da00000|100%| O|  |TAMS 0x000000072da00000| PB 0x000000072da00000| Untracked 
| 318|0x000000072da00000, 0x000000072dc00000, 0x000000072dc00000|100%| O|  |TAMS 0x000000072dc00000| PB 0x000000072dc00000| Updating 
| 319|0x000000072dc00000, 0x000000072de00000, 0x000000072de00000|100%| O|  |TAMS 0x000000072de00000| PB 0x000000072de00000| Untracked 
| 320|0x000000072de00000, 0x000000072e000000, 0x000000072e000000|100%| O|  |TAMS 0x000000072e000000| PB 0x000000072e000000| Updating 
| 321|0x000000072e000000, 0x000000072e200000, 0x000000072e200000|100%| O|  |TAMS 0x000000072e200000| PB 0x000000072e200000| Updating 
| 322|0x000000072e200000, 0x000000072e400000, 0x000000072e400000|100%| O|  |TAMS 0x000000072e400000| PB 0x000000072e400000| Untracked 
| 323|0x000000072e400000, 0x000000072e600000, 0x000000072e600000|100%| O|  |TAMS 0x000000072e600000| PB 0x000000072e600000| Untracked 
| 324|0x000000072e600000, 0x000000072e800000, 0x000000072e800000|100%| O|  |TAMS 0x000000072e800000| PB 0x000000072e800000| Untracked 
| 325|0x000000072e800000, 0x000000072ea00000, 0x000000072ea00000|100%| O|  |TAMS 0x000000072ea00000| PB 0x000000072ea00000| Untracked 
| 326|0x000000072ea00000, 0x000000072ec00000, 0x000000072ec00000|100%| O|  |TAMS 0x000000072ec00000| PB 0x000000072ec00000| Untracked 
| 327|0x000000072ec00000, 0x000000072ee00000, 0x000000072ee00000|100%| O|  |TAMS 0x000000072ee00000| PB 0x000000072ee00000| Untracked 
| 328|0x000000072ee00000, 0x000000072f000000, 0x000000072f000000|100%| O|  |TAMS 0x000000072f000000| PB 0x000000072f000000| Untracked 
| 329|0x000000072f000000, 0x000000072f200000, 0x000000072f200000|100%| O|  |TAMS 0x000000072f200000| PB 0x000000072f200000| Untracked 
| 330|0x000000072f200000, 0x000000072f400000, 0x000000072f400000|100%| O|  |TAMS 0x000000072f400000| PB 0x000000072f400000| Untracked 
| 331|0x000000072f400000, 0x000000072f600000, 0x000000072f600000|100%| O|  |TAMS 0x000000072f600000| PB 0x000000072f600000| Untracked 
| 332|0x000000072f600000, 0x000000072f800000, 0x000000072f800000|100%| O|  |TAMS 0x000000072f800000| PB 0x000000072f800000| Untracked 
| 333|0x000000072f800000, 0x000000072fa00000, 0x000000072fa00000|100%| O|  |TAMS 0x000000072fa00000| PB 0x000000072fa00000| Untracked 
| 334|0x000000072fa00000, 0x000000072fc00000, 0x000000072fc00000|100%| O|  |TAMS 0x000000072fc00000| PB 0x000000072fc00000| Updating 
| 335|0x000000072fc00000, 0x000000072fe00000, 0x000000072fe00000|100%| O|  |TAMS 0x000000072fe00000| PB 0x000000072fe00000| Untracked 
| 336|0x000000072fe00000, 0x0000000730000000, 0x0000000730000000|100%| O|  |TAMS 0x0000000730000000| PB 0x0000000730000000| Updating 
| 337|0x0000000730000000, 0x0000000730200000, 0x0000000730200000|100%| O|  |TAMS 0x0000000730200000| PB 0x0000000730200000| Updating 
| 338|0x0000000730200000, 0x0000000730400000, 0x0000000730400000|100%| O|  |TAMS 0x0000000730400000| PB 0x0000000730400000| Updating 
| 339|0x0000000730400000, 0x0000000730600000, 0x0000000730600000|100%| O|  |TAMS 0x0000000730600000| PB 0x0000000730600000| Untracked 
| 340|0x0000000730600000, 0x0000000730800000, 0x0000000730800000|100%| O|  |TAMS 0x0000000730800000| PB 0x0000000730800000| Untracked 
| 341|0x0000000730800000, 0x0000000730a00000, 0x0000000730a00000|100%| O|  |TAMS 0x0000000730a00000| PB 0x0000000730a00000| Untracked 
| 342|0x0000000730a00000, 0x0000000730c00000, 0x0000000730c00000|100%| O|  |TAMS 0x0000000730c00000| PB 0x0000000730c00000| Untracked 
| 343|0x0000000730c00000, 0x0000000730e00000, 0x0000000730e00000|100%| O|  |TAMS 0x0000000730e00000| PB 0x0000000730e00000| Untracked 
| 344|0x0000000730e00000, 0x0000000731000000, 0x0000000731000000|100%| O|  |TAMS 0x0000000731000000| PB 0x0000000731000000| Untracked 
| 345|0x0000000731000000, 0x0000000731200000, 0x0000000731200000|100%| O|  |TAMS 0x0000000731200000| PB 0x0000000731200000| Untracked 
| 346|0x0000000731200000, 0x0000000731400000, 0x0000000731400000|100%| O|  |TAMS 0x0000000731400000| PB 0x0000000731400000| Untracked 
| 347|0x0000000731400000, 0x0000000731600000, 0x0000000731600000|100%| O|  |TAMS 0x0000000731600000| PB 0x0000000731600000| Untracked 
| 348|0x0000000731600000, 0x0000000731800000, 0x0000000731800000|100%| O|  |TAMS 0x0000000731800000| PB 0x0000000731800000| Untracked 
| 349|0x0000000731800000, 0x0000000731a00000, 0x0000000731a00000|100%| O|  |TAMS 0x0000000731a00000| PB 0x0000000731a00000| Untracked 
| 350|0x0000000731a00000, 0x0000000731c00000, 0x0000000731c00000|100%| O|  |TAMS 0x0000000731c00000| PB 0x0000000731c00000| Untracked 
| 351|0x0000000731c00000, 0x0000000731e00000, 0x0000000731e00000|100%| O|  |TAMS 0x0000000731e00000| PB 0x0000000731e00000| Untracked 
| 352|0x0000000731e00000, 0x0000000732000000, 0x0000000732000000|100%| O|  |TAMS 0x0000000732000000| PB 0x0000000732000000| Untracked 
| 353|0x0000000732000000, 0x0000000732200000, 0x0000000732200000|100%| O|  |TAMS 0x0000000732200000| PB 0x0000000732200000| Untracked 
| 354|0x0000000732200000, 0x0000000732400000, 0x0000000732400000|100%| O|  |TAMS 0x0000000732400000| PB 0x0000000732400000| Untracked 
| 355|0x0000000732400000, 0x0000000732600000, 0x0000000732600000|100%| O|  |TAMS 0x0000000732600000| PB 0x0000000732600000| Untracked 
| 356|0x0000000732600000, 0x0000000732800000, 0x0000000732800000|100%| O|  |TAMS 0x0000000732800000| PB 0x0000000732800000| Untracked 
| 357|0x0000000732800000, 0x0000000732a00000, 0x0000000732a00000|100%| O|  |TAMS 0x0000000732a00000| PB 0x0000000732a00000| Untracked 
| 358|0x0000000732a00000, 0x0000000732c00000, 0x0000000732c00000|100%| O|  |TAMS 0x0000000732c00000| PB 0x0000000732c00000| Updating 
| 359|0x0000000732c00000, 0x0000000732e00000, 0x0000000732e00000|100%| O|  |TAMS 0x0000000732e00000| PB 0x0000000732e00000| Updating 
| 360|0x0000000732e00000, 0x0000000733000000, 0x0000000733000000|100%| O|  |TAMS 0x0000000733000000| PB 0x0000000733000000| Updating 
| 361|0x0000000733000000, 0x0000000733200000, 0x0000000733200000|100%| O|  |TAMS 0x0000000733200000| PB 0x0000000733200000| Updating 
| 362|0x0000000733200000, 0x0000000733400000, 0x0000000733400000|100%|HS|  |TAMS 0x0000000733400000| PB 0x0000000733200000| Complete 
| 363|0x0000000733400000, 0x0000000733600000, 0x0000000733600000|100%| O|  |TAMS 0x0000000733600000| PB 0x0000000733600000| Untracked 
| 364|0x0000000733600000, 0x0000000733800000, 0x0000000733800000|100%| O|  |TAMS 0x0000000733800000| PB 0x0000000733800000| Untracked 
| 365|0x0000000733800000, 0x0000000733a00000, 0x0000000733a00000|100%| O|  |TAMS 0x0000000733a00000| PB 0x0000000733a00000| Untracked 
| 366|0x0000000733a00000, 0x0000000733c00000, 0x0000000733c00000|100%| O|  |TAMS 0x0000000733c00000| PB 0x0000000733c00000| Untracked 
| 367|0x0000000733c00000, 0x0000000733e00000, 0x0000000733e00000|100%| O|  |TAMS 0x0000000733e00000| PB 0x0000000733e00000| Untracked 
| 368|0x0000000733e00000, 0x0000000734000000, 0x0000000734000000|100%| O|  |TAMS 0x0000000734000000| PB 0x0000000734000000| Untracked 
| 369|0x0000000734000000, 0x0000000734200000, 0x0000000734200000|100%| O|  |TAMS 0x0000000734200000| PB 0x0000000734200000| Untracked 
| 370|0x0000000734200000, 0x0000000734400000, 0x0000000734400000|100%| O|  |TAMS 0x0000000734400000| PB 0x0000000734400000| Untracked 
| 371|0x0000000734400000, 0x0000000734600000, 0x0000000734600000|100%| O|  |TAMS 0x0000000734600000| PB 0x0000000734600000| Updating 
| 372|0x0000000734600000, 0x0000000734800000, 0x0000000734800000|100%| O|  |TAMS 0x0000000734800000| PB 0x0000000734800000| Untracked 
| 373|0x0000000734800000, 0x0000000734a00000, 0x0000000734a00000|100%| O|  |TAMS 0x0000000734a00000| PB 0x0000000734a00000| Untracked 
| 374|0x0000000734a00000, 0x0000000734c00000, 0x0000000734c00000|100%| O|  |TAMS 0x0000000734c00000| PB 0x0000000734c00000| Untracked 
| 375|0x0000000734c00000, 0x0000000734e00000, 0x0000000734e00000|100%| O|  |TAMS 0x0000000734e00000| PB 0x0000000734e00000| Untracked 
| 376|0x0000000734e00000, 0x0000000735000000, 0x0000000735000000|100%| O|  |TAMS 0x0000000735000000| PB 0x0000000735000000| Untracked 
| 377|0x0000000735000000, 0x0000000735200000, 0x0000000735200000|100%| O|  |TAMS 0x0000000735200000| PB 0x0000000735200000| Untracked 
| 378|0x0000000735200000, 0x0000000735400000, 0x0000000735400000|100%| O|  |TAMS 0x0000000735400000| PB 0x0000000735400000| Untracked 
| 379|0x0000000735400000, 0x0000000735600000, 0x0000000735600000|100%| O|  |TAMS 0x0000000735600000| PB 0x0000000735600000| Untracked 
| 380|0x0000000735600000, 0x0000000735800000, 0x0000000735800000|100%| O|  |TAMS 0x0000000735800000| PB 0x0000000735800000| Untracked 
| 381|0x0000000735800000, 0x0000000735a00000, 0x0000000735a00000|100%| O|  |TAMS 0x0000000735a00000| PB 0x0000000735a00000| Untracked 
| 382|0x0000000735a00000, 0x0000000735c00000, 0x0000000735c00000|100%| O|  |TAMS 0x0000000735c00000| PB 0x0000000735c00000| Untracked 
| 383|0x0000000735c00000, 0x0000000735e00000, 0x0000000735e00000|100%| O|  |TAMS 0x0000000735e00000| PB 0x0000000735e00000| Updating 
| 384|0x0000000735e00000, 0x0000000736000000, 0x0000000736000000|100%| O|  |TAMS 0x0000000736000000| PB 0x0000000736000000| Updating 
| 385|0x0000000736000000, 0x0000000736200000, 0x0000000736200000|100%| O|  |TAMS 0x0000000736200000| PB 0x0000000736200000| Updating 
| 386|0x0000000736200000, 0x0000000736400000, 0x0000000736400000|100%| O|  |TAMS 0x0000000736400000| PB 0x0000000736400000| Updating 
| 387|0x0000000736400000, 0x0000000736600000, 0x0000000736600000|100%| O|  |TAMS 0x0000000736600000| PB 0x0000000736600000| Updating 
| 388|0x0000000736600000, 0x0000000736800000, 0x0000000736800000|100%| O|  |TAMS 0x0000000736800000| PB 0x0000000736800000| Untracked 
| 389|0x0000000736800000, 0x0000000736a00000, 0x0000000736a00000|100%| O|  |TAMS 0x0000000736a00000| PB 0x0000000736a00000| Untracked 
| 390|0x0000000736a00000, 0x0000000736c00000, 0x0000000736c00000|100%| O|  |TAMS 0x0000000736c00000| PB 0x0000000736c00000| Untracked 
| 391|0x0000000736c00000, 0x0000000736e00000, 0x0000000736e00000|100%| O|  |TAMS 0x0000000736e00000| PB 0x0000000736e00000| Untracked 
| 392|0x0000000736e00000, 0x0000000737000000, 0x0000000737000000|100%| O|  |TAMS 0x0000000737000000| PB 0x0000000737000000| Untracked 
| 393|0x0000000737000000, 0x0000000737200000, 0x0000000737200000|100%| O|  |TAMS 0x0000000737200000| PB 0x0000000737200000| Untracked 
| 394|0x0000000737200000, 0x0000000737400000, 0x0000000737400000|100%| O|  |TAMS 0x0000000737400000| PB 0x0000000737400000| Untracked 
| 395|0x0000000737400000, 0x0000000737600000, 0x0000000737600000|100%| O|  |TAMS 0x0000000737600000| PB 0x0000000737600000| Untracked 
| 396|0x0000000737600000, 0x0000000737800000, 0x0000000737800000|100%| O|  |TAMS 0x0000000737800000| PB 0x0000000737800000| Untracked 
| 397|0x0000000737800000, 0x0000000737a00000, 0x0000000737a00000|100%| O|  |TAMS 0x0000000737a00000| PB 0x0000000737a00000| Untracked 
| 398|0x0000000737a00000, 0x0000000737c00000, 0x0000000737c00000|100%| O|  |TAMS 0x0000000737c00000| PB 0x0000000737c00000| Untracked 
| 399|0x0000000737c00000, 0x0000000737e00000, 0x0000000737e00000|100%| O|  |TAMS 0x0000000737e00000| PB 0x0000000737e00000| Untracked 
| 400|0x0000000737e00000, 0x0000000738000000, 0x0000000738000000|100%| O|  |TAMS 0x0000000738000000| PB 0x0000000738000000| Untracked 
| 401|0x0000000738000000, 0x0000000738200000, 0x0000000738200000|100%| O|  |TAMS 0x0000000738200000| PB 0x0000000738200000| Untracked 
| 402|0x0000000738200000, 0x0000000738400000, 0x0000000738400000|100%| O|  |TAMS 0x0000000738400000| PB 0x0000000738400000| Untracked 
| 403|0x0000000738400000, 0x0000000738600000, 0x0000000738600000|100%| O|  |TAMS 0x0000000738600000| PB 0x0000000738600000| Updating 
| 404|0x0000000738600000, 0x0000000738800000, 0x0000000738800000|100%| O|  |TAMS 0x0000000738800000| PB 0x0000000738800000| Untracked 
| 405|0x0000000738800000, 0x0000000738a00000, 0x0000000738a00000|100%| O|  |TAMS 0x0000000738a00000| PB 0x0000000738a00000| Untracked 
| 406|0x0000000738a00000, 0x0000000738c00000, 0x0000000738c00000|100%| O|  |TAMS 0x0000000738c00000| PB 0x0000000738c00000| Untracked 
| 407|0x0000000738c00000, 0x0000000738e00000, 0x0000000738e00000|100%| O|  |TAMS 0x0000000738e00000| PB 0x0000000738e00000| Updating 
| 408|0x0000000738e00000, 0x0000000739000000, 0x0000000739000000|100%| O|  |TAMS 0x0000000739000000| PB 0x0000000739000000| Updating 
| 409|0x0000000739000000, 0x0000000739200000, 0x0000000739200000|100%| O|  |TAMS 0x0000000739200000| PB 0x0000000739200000| Updating 
| 410|0x0000000739200000, 0x0000000739400000, 0x0000000739400000|100%| O|  |TAMS 0x0000000739400000| PB 0x0000000739400000| Updating 
| 411|0x0000000739400000, 0x0000000739600000, 0x0000000739600000|100%| O|  |TAMS 0x0000000739600000| PB 0x0000000739600000| Updating 
| 412|0x0000000739600000, 0x0000000739800000, 0x0000000739800000|100%| O|  |TAMS 0x0000000739800000| PB 0x0000000739800000| Updating 
| 413|0x0000000739800000, 0x0000000739a00000, 0x0000000739a00000|100%| O|  |TAMS 0x0000000739800000| PB 0x0000000739800000| Untracked 
| 414|0x0000000739a00000, 0x0000000739c00000, 0x0000000739c00000|100%| O|  |TAMS 0x0000000739a00000| PB 0x0000000739a00000| Untracked 
| 415|0x0000000739c00000, 0x0000000739e00000, 0x0000000739e00000|100%| O|  |TAMS 0x0000000739c00000| PB 0x0000000739c00000| Untracked 
| 416|0x0000000739e00000, 0x000000073a000000, 0x000000073a000000|100%| O|  |TAMS 0x0000000739e00000| PB 0x0000000739e00000| Untracked 
| 417|0x000000073a000000, 0x000000073a200000, 0x000000073a200000|100%| O|  |TAMS 0x000000073a000000| PB 0x000000073a000000| Untracked 
| 418|0x000000073a200000, 0x000000073a400000, 0x000000073a400000|100%| O|  |TAMS 0x000000073a200000| PB 0x000000073a200000| Untracked 
| 419|0x000000073a400000, 0x000000073a600000, 0x000000073a600000|100%| O|  |TAMS 0x000000073a400000| PB 0x000000073a400000| Untracked 
| 420|0x000000073a600000, 0x000000073a800000, 0x000000073a800000|100%| O|  |TAMS 0x000000073a600000| PB 0x000000073a600000| Untracked 
| 421|0x000000073a800000, 0x000000073aa00000, 0x000000073aa00000|100%| O|  |TAMS 0x000000073a800000| PB 0x000000073a800000| Untracked 
| 422|0x000000073aa00000, 0x000000073ac00000, 0x000000073ac00000|100%| O|  |TAMS 0x000000073aa00000| PB 0x000000073aa00000| Untracked 
| 423|0x000000073ac00000, 0x000000073ae00000, 0x000000073ae00000|100%| O|  |TAMS 0x000000073ac00000| PB 0x000000073ac00000| Untracked 
| 424|0x000000073ae00000, 0x000000073b000000, 0x000000073b000000|100%| O|  |TAMS 0x000000073ae00000| PB 0x000000073ae00000| Untracked 
| 425|0x000000073b000000, 0x000000073b200000, 0x000000073b200000|100%| O|  |TAMS 0x000000073b000000| PB 0x000000073b000000| Untracked 
| 426|0x000000073b200000, 0x000000073b400000, 0x000000073b400000|100%| O|  |TAMS 0x000000073b200000| PB 0x000000073b200000| Untracked 
| 427|0x000000073b400000, 0x000000073b600000, 0x000000073b600000|100%| O|  |TAMS 0x000000073b400000| PB 0x000000073b400000| Untracked 
| 428|0x000000073b600000, 0x000000073b800000, 0x000000073b800000|100%| O|  |TAMS 0x000000073b600000| PB 0x000000073b600000| Untracked 
| 429|0x000000073b800000, 0x000000073ba00000, 0x000000073ba00000|100%| O|  |TAMS 0x000000073b800000| PB 0x000000073b800000| Untracked 
| 430|0x000000073ba00000, 0x000000073bc00000, 0x000000073bc00000|100%| O|  |TAMS 0x000000073ba00000| PB 0x000000073ba00000| Untracked 
| 431|0x000000073bc00000, 0x000000073be00000, 0x000000073be00000|100%| O|  |TAMS 0x000000073bc00000| PB 0x000000073bc00000| Untracked 
| 432|0x000000073be00000, 0x000000073c000000, 0x000000073c000000|100%| O|  |TAMS 0x000000073be00000| PB 0x000000073be00000| Untracked 
| 433|0x000000073c000000, 0x000000073c200000, 0x000000073c200000|100%| O|  |TAMS 0x000000073c000000| PB 0x000000073c000000| Untracked 
| 434|0x000000073c200000, 0x000000073c400000, 0x000000073c400000|100%| O|  |TAMS 0x000000073c200000| PB 0x000000073c200000| Untracked 
| 435|0x000000073c400000, 0x000000073c600000, 0x000000073c600000|100%| O|  |TAMS 0x000000073c400000| PB 0x000000073c400000| Untracked 
| 436|0x000000073c600000, 0x000000073c800000, 0x000000073c800000|100%| O|  |TAMS 0x000000073c600000| PB 0x000000073c600000| Untracked 
| 437|0x000000073c800000, 0x000000073ca00000, 0x000000073ca00000|100%| O|  |TAMS 0x000000073c800000| PB 0x000000073c800000| Untracked 
| 438|0x000000073ca00000, 0x000000073cc00000, 0x000000073cc00000|100%| O|  |TAMS 0x000000073ca00000| PB 0x000000073ca00000| Untracked 
| 439|0x000000073cc00000, 0x000000073ce00000, 0x000000073ce00000|100%| O|  |TAMS 0x000000073cc00000| PB 0x000000073cc00000| Untracked 
| 440|0x000000073ce00000, 0x000000073d000000, 0x000000073d000000|100%| O|  |TAMS 0x000000073ce00000| PB 0x000000073ce00000| Untracked 
| 441|0x000000073d000000, 0x000000073d200000, 0x000000073d200000|100%| O|  |TAMS 0x000000073d000000| PB 0x000000073d000000| Untracked 
| 442|0x000000073d200000, 0x000000073d400000, 0x000000073d400000|100%| O|  |TAMS 0x000000073d200000| PB 0x000000073d200000| Untracked 
| 443|0x000000073d400000, 0x000000073d600000, 0x000000073d600000|100%| O|  |TAMS 0x000000073d400000| PB 0x000000073d400000| Untracked 
| 444|0x000000073d600000, 0x000000073d800000, 0x000000073d800000|100%| O|  |TAMS 0x000000073d600000| PB 0x000000073d600000| Untracked 
| 445|0x000000073d800000, 0x000000073d87cd08, 0x000000073da00000| 24%| O|  |TAMS 0x000000073d800000| PB 0x000000073d800000| Updating 
| 446|0x000000073da00000, 0x000000073da00000, 0x000000073dc00000|  0%| F|  |TAMS 0x000000073da00000| PB 0x000000073da00000| Untracked 
| 447|0x000000073dc00000, 0x000000073dc00000, 0x000000073de00000|  0%| F|  |TAMS 0x000000073dc00000| PB 0x000000073dc00000| Untracked 
| 448|0x000000073de00000, 0x000000073de00000, 0x000000073e000000|  0%| F|  |TAMS 0x000000073de00000| PB 0x000000073de00000| Untracked 
| 449|0x000000073e000000, 0x000000073e000000, 0x000000073e200000|  0%| F|  |TAMS 0x000000073e000000| PB 0x000000073e000000| Untracked 
| 450|0x000000073e200000, 0x000000073e200000, 0x000000073e400000|  0%| F|  |TAMS 0x000000073e200000| PB 0x000000073e200000| Untracked 
| 451|0x000000073e400000, 0x000000073e400000, 0x000000073e600000|  0%| F|  |TAMS 0x000000073e400000| PB 0x000000073e400000| Untracked 
| 452|0x000000073e600000, 0x000000073e600000, 0x000000073e800000|  0%| F|  |TAMS 0x000000073e600000| PB 0x000000073e600000| Untracked 
| 453|0x000000073e800000, 0x000000073e800000, 0x000000073ea00000|  0%| F|  |TAMS 0x000000073e800000| PB 0x000000073e800000| Untracked 
| 454|0x000000073ea00000, 0x000000073ea00000, 0x000000073ec00000|  0%| F|  |TAMS 0x000000073ea00000| PB 0x000000073ea00000| Untracked 
| 455|0x000000073ec00000, 0x000000073ec00000, 0x000000073ee00000|  0%| F|  |TAMS 0x000000073ec00000| PB 0x000000073ec00000| Untracked 
| 456|0x000000073ee00000, 0x000000073ee00000, 0x000000073f000000|  0%| F|  |TAMS 0x000000073ee00000| PB 0x000000073ee00000| Untracked 
| 457|0x000000073f000000, 0x000000073f000000, 0x000000073f200000|  0%| F|  |TAMS 0x000000073f000000| PB 0x000000073f000000| Untracked 
| 458|0x000000073f200000, 0x000000073f200000, 0x000000073f400000|  0%| F|  |TAMS 0x000000073f200000| PB 0x000000073f200000| Untracked 
| 459|0x000000073f400000, 0x000000073f400000, 0x000000073f600000|  0%| F|  |TAMS 0x000000073f400000| PB 0x000000073f400000| Untracked 
| 460|0x000000073f600000, 0x000000073f600000, 0x000000073f800000|  0%| F|  |TAMS 0x000000073f600000| PB 0x000000073f600000| Untracked 
| 461|0x000000073f800000, 0x000000073f800000, 0x000000073fa00000|  0%| F|  |TAMS 0x000000073f800000| PB 0x000000073f800000| Untracked 
| 462|0x000000073fa00000, 0x000000073fa00000, 0x000000073fc00000|  0%| F|  |TAMS 0x000000073fa00000| PB 0x000000073fa00000| Untracked 
| 463|0x000000073fc00000, 0x000000073fc00000, 0x000000073fe00000|  0%| F|  |TAMS 0x000000073fc00000| PB 0x000000073fc00000| Untracked 
| 464|0x000000073fe00000, 0x000000073fe00000, 0x0000000740000000|  0%| F|  |TAMS 0x000000073fe00000| PB 0x000000073fe00000| Untracked 
| 465|0x0000000740000000, 0x0000000740000000, 0x0000000740200000|  0%| F|  |TAMS 0x0000000740000000| PB 0x0000000740000000| Untracked 
| 466|0x0000000740200000, 0x0000000740200000, 0x0000000740400000|  0%| F|  |TAMS 0x0000000740200000| PB 0x0000000740200000| Untracked 
| 467|0x0000000740400000, 0x0000000740400000, 0x0000000740600000|  0%| F|  |TAMS 0x0000000740400000| PB 0x0000000740400000| Untracked 
| 468|0x0000000740600000, 0x0000000740600000, 0x0000000740800000|  0%| F|  |TAMS 0x0000000740600000| PB 0x0000000740600000| Untracked 
| 469|0x0000000740800000, 0x0000000740800000, 0x0000000740a00000|  0%| F|  |TAMS 0x0000000740800000| PB 0x0000000740800000| Untracked 
| 470|0x0000000740a00000, 0x0000000740a00000, 0x0000000740c00000|  0%| F|  |TAMS 0x0000000740a00000| PB 0x0000000740a00000| Untracked 
| 471|0x0000000740c00000, 0x0000000740c00000, 0x0000000740e00000|  0%| F|  |TAMS 0x0000000740c00000| PB 0x0000000740c00000| Untracked 
| 472|0x0000000740e00000, 0x0000000740e00000, 0x0000000741000000|  0%| F|  |TAMS 0x0000000740e00000| PB 0x0000000740e00000| Untracked 
| 473|0x0000000741000000, 0x0000000741000000, 0x0000000741200000|  0%| F|  |TAMS 0x0000000741000000| PB 0x0000000741000000| Untracked 
| 474|0x0000000741200000, 0x0000000741400000, 0x0000000741400000|100%| S|CS|TAMS 0x0000000741200000| PB 0x0000000741200000| Complete 
| 475|0x0000000741400000, 0x0000000741600000, 0x0000000741600000|100%| S|CS|TAMS 0x0000000741400000| PB 0x0000000741400000| Complete 
| 476|0x0000000741600000, 0x0000000741800000, 0x0000000741800000|100%| S|CS|TAMS 0x0000000741600000| PB 0x0000000741600000| Complete 
| 477|0x0000000741800000, 0x0000000741a00000, 0x0000000741a00000|100%| S|CS|TAMS 0x0000000741800000| PB 0x0000000741800000| Complete 
| 478|0x0000000741a00000, 0x0000000741c00000, 0x0000000741c00000|100%| S|CS|TAMS 0x0000000741a00000| PB 0x0000000741a00000| Complete 
| 479|0x0000000741c00000, 0x0000000741e00000, 0x0000000741e00000|100%| S|CS|TAMS 0x0000000741c00000| PB 0x0000000741c00000| Complete 
| 480|0x0000000741e00000, 0x0000000742000000, 0x0000000742000000|100%| S|CS|TAMS 0x0000000741e00000| PB 0x0000000741e00000| Complete 
| 481|0x0000000742000000, 0x0000000742200000, 0x0000000742200000|100%| S|CS|TAMS 0x0000000742000000| PB 0x0000000742000000| Complete 
| 482|0x0000000742200000, 0x0000000742400000, 0x0000000742400000|100%| S|CS|TAMS 0x0000000742200000| PB 0x0000000742200000| Complete 
| 483|0x0000000742400000, 0x0000000742600000, 0x0000000742600000|100%| S|CS|TAMS 0x0000000742400000| PB 0x0000000742400000| Complete 
| 484|0x0000000742600000, 0x0000000742800000, 0x0000000742800000|100%| S|CS|TAMS 0x0000000742600000| PB 0x0000000742600000| Complete 
| 485|0x0000000742800000, 0x0000000742a00000, 0x0000000742a00000|100%| S|CS|TAMS 0x0000000742800000| PB 0x0000000742800000| Complete 
| 486|0x0000000742a00000, 0x0000000742c00000, 0x0000000742c00000|100%| S|CS|TAMS 0x0000000742a00000| PB 0x0000000742a00000| Complete 
| 487|0x0000000742c00000, 0x0000000742e00000, 0x0000000742e00000|100%| S|CS|TAMS 0x0000000742c00000| PB 0x0000000742c00000| Complete 
| 488|0x0000000742e00000, 0x0000000743000000, 0x0000000743000000|100%| S|CS|TAMS 0x0000000742e00000| PB 0x0000000742e00000| Complete 
| 489|0x0000000743000000, 0x0000000743200000, 0x0000000743200000|100%| S|CS|TAMS 0x0000000743000000| PB 0x0000000743000000| Complete 
| 490|0x0000000743200000, 0x0000000743200000, 0x0000000743400000|  0%| F|  |TAMS 0x0000000743200000| PB 0x0000000743200000| Untracked 
| 491|0x0000000743400000, 0x0000000743400000, 0x0000000743600000|  0%| F|  |TAMS 0x0000000743400000| PB 0x0000000743400000| Untracked 
| 492|0x0000000743600000, 0x0000000743600000, 0x0000000743800000|  0%| F|  |TAMS 0x0000000743600000| PB 0x0000000743600000| Untracked 
| 493|0x0000000743800000, 0x0000000743800000, 0x0000000743a00000|  0%| F|  |TAMS 0x0000000743800000| PB 0x0000000743800000| Untracked 
| 494|0x0000000743a00000, 0x0000000743a00000, 0x0000000743c00000|  0%| F|  |TAMS 0x0000000743a00000| PB 0x0000000743a00000| Untracked 
| 495|0x0000000743c00000, 0x0000000743c00000, 0x0000000743e00000|  0%| F|  |TAMS 0x0000000743c00000| PB 0x0000000743c00000| Untracked 
| 496|0x0000000743e00000, 0x0000000743e00000, 0x0000000744000000|  0%| F|  |TAMS 0x0000000743e00000| PB 0x0000000743e00000| Untracked 
| 497|0x0000000744000000, 0x0000000744000000, 0x0000000744200000|  0%| F|  |TAMS 0x0000000744000000| PB 0x0000000744000000| Untracked 
| 498|0x0000000744200000, 0x0000000744200000, 0x0000000744400000|  0%| F|  |TAMS 0x0000000744200000| PB 0x0000000744200000| Untracked 
| 499|0x0000000744400000, 0x0000000744400000, 0x0000000744600000|  0%| F|  |TAMS 0x0000000744400000| PB 0x0000000744400000| Untracked 
| 500|0x0000000744600000, 0x0000000744600000, 0x0000000744800000|  0%| F|  |TAMS 0x0000000744600000| PB 0x0000000744600000| Untracked 
| 501|0x0000000744800000, 0x0000000744800000, 0x0000000744a00000|  0%| F|  |TAMS 0x0000000744800000| PB 0x0000000744800000| Untracked 
| 502|0x0000000744a00000, 0x0000000744a00000, 0x0000000744c00000|  0%| F|  |TAMS 0x0000000744a00000| PB 0x0000000744a00000| Untracked 
| 503|0x0000000744c00000, 0x0000000744c00000, 0x0000000744e00000|  0%| F|  |TAMS 0x0000000744c00000| PB 0x0000000744c00000| Untracked 
| 504|0x0000000744e00000, 0x0000000744e00000, 0x0000000745000000|  0%| F|  |TAMS 0x0000000744e00000| PB 0x0000000744e00000| Untracked 
| 505|0x0000000745000000, 0x0000000745000000, 0x0000000745200000|  0%| F|  |TAMS 0x0000000745000000| PB 0x0000000745000000| Untracked 
| 506|0x0000000745200000, 0x0000000745200000, 0x0000000745400000|  0%| F|  |TAMS 0x0000000745200000| PB 0x0000000745200000| Untracked 
| 507|0x0000000745400000, 0x0000000745400000, 0x0000000745600000|  0%| F|  |TAMS 0x0000000745400000| PB 0x0000000745400000| Untracked 
| 508|0x0000000745600000, 0x0000000745600000, 0x0000000745800000|  0%| F|  |TAMS 0x0000000745600000| PB 0x0000000745600000| Untracked 
| 509|0x0000000745800000, 0x0000000745800000, 0x0000000745a00000|  0%| F|  |TAMS 0x0000000745800000| PB 0x0000000745800000| Untracked 
| 510|0x0000000745a00000, 0x0000000745a00000, 0x0000000745c00000|  0%| F|  |TAMS 0x0000000745a00000| PB 0x0000000745a00000| Untracked 
| 511|0x0000000745c00000, 0x0000000745c00000, 0x0000000745e00000|  0%| F|  |TAMS 0x0000000745c00000| PB 0x0000000745c00000| Untracked 
| 512|0x0000000745e00000, 0x0000000745e00000, 0x0000000746000000|  0%| F|  |TAMS 0x0000000745e00000| PB 0x0000000745e00000| Untracked 
| 513|0x0000000746000000, 0x0000000746000000, 0x0000000746200000|  0%| F|  |TAMS 0x0000000746000000| PB 0x0000000746000000| Untracked 
| 514|0x0000000746200000, 0x0000000746200000, 0x0000000746400000|  0%| F|  |TAMS 0x0000000746200000| PB 0x0000000746200000| Untracked 
| 515|0x0000000746400000, 0x0000000746400000, 0x0000000746600000|  0%| F|  |TAMS 0x0000000746400000| PB 0x0000000746400000| Untracked 
| 516|0x0000000746600000, 0x0000000746600000, 0x0000000746800000|  0%| F|  |TAMS 0x0000000746600000| PB 0x0000000746600000| Untracked 
| 517|0x0000000746800000, 0x0000000746800000, 0x0000000746a00000|  0%| F|  |TAMS 0x0000000746800000| PB 0x0000000746800000| Untracked 
| 518|0x0000000746a00000, 0x0000000746a00000, 0x0000000746c00000|  0%| F|  |TAMS 0x0000000746a00000| PB 0x0000000746a00000| Untracked 
| 519|0x0000000746c00000, 0x0000000746c00000, 0x0000000746e00000|  0%| F|  |TAMS 0x0000000746c00000| PB 0x0000000746c00000| Untracked 
| 520|0x0000000746e00000, 0x0000000746e00000, 0x0000000747000000|  0%| F|  |TAMS 0x0000000746e00000| PB 0x0000000746e00000| Untracked 
| 521|0x0000000747000000, 0x0000000747000000, 0x0000000747200000|  0%| F|  |TAMS 0x0000000747000000| PB 0x0000000747000000| Untracked 
| 522|0x0000000747200000, 0x0000000747200000, 0x0000000747400000|  0%| F|  |TAMS 0x0000000747200000| PB 0x0000000747200000| Untracked 
| 523|0x0000000747400000, 0x0000000747400000, 0x0000000747600000|  0%| F|  |TAMS 0x0000000747400000| PB 0x0000000747400000| Untracked 
| 524|0x0000000747600000, 0x0000000747600000, 0x0000000747800000|  0%| F|  |TAMS 0x0000000747600000| PB 0x0000000747600000| Untracked 
| 525|0x0000000747800000, 0x0000000747800000, 0x0000000747a00000|  0%| F|  |TAMS 0x0000000747800000| PB 0x0000000747800000| Untracked 
| 526|0x0000000747a00000, 0x0000000747a00000, 0x0000000747c00000|  0%| F|  |TAMS 0x0000000747a00000| PB 0x0000000747a00000| Untracked 
| 527|0x0000000747c00000, 0x0000000747c00000, 0x0000000747e00000|  0%| F|  |TAMS 0x0000000747c00000| PB 0x0000000747c00000| Untracked 
| 528|0x0000000747e00000, 0x0000000747e00000, 0x0000000748000000|  0%| F|  |TAMS 0x0000000747e00000| PB 0x0000000747e00000| Untracked 
| 529|0x0000000748000000, 0x0000000748000000, 0x0000000748200000|  0%| F|  |TAMS 0x0000000748000000| PB 0x0000000748000000| Untracked 
| 530|0x0000000748200000, 0x0000000748200000, 0x0000000748400000|  0%| F|  |TAMS 0x0000000748200000| PB 0x0000000748200000| Untracked 
| 531|0x0000000748400000, 0x0000000748400000, 0x0000000748600000|  0%| F|  |TAMS 0x0000000748400000| PB 0x0000000748400000| Untracked 
| 532|0x0000000748600000, 0x0000000748600000, 0x0000000748800000|  0%| F|  |TAMS 0x0000000748600000| PB 0x0000000748600000| Untracked 
| 533|0x0000000748800000, 0x0000000748800000, 0x0000000748a00000|  0%| F|  |TAMS 0x0000000748800000| PB 0x0000000748800000| Untracked 
| 534|0x0000000748a00000, 0x0000000748a00000, 0x0000000748c00000|  0%| F|  |TAMS 0x0000000748a00000| PB 0x0000000748a00000| Untracked 
| 535|0x0000000748c00000, 0x0000000748c00000, 0x0000000748e00000|  0%| F|  |TAMS 0x0000000748c00000| PB 0x0000000748c00000| Untracked 
| 536|0x0000000748e00000, 0x0000000748e00000, 0x0000000749000000|  0%| F|  |TAMS 0x0000000748e00000| PB 0x0000000748e00000| Untracked 
| 537|0x0000000749000000, 0x0000000749000000, 0x0000000749200000|  0%| F|  |TAMS 0x0000000749000000| PB 0x0000000749000000| Untracked 
| 538|0x0000000749200000, 0x0000000749200000, 0x0000000749400000|  0%| F|  |TAMS 0x0000000749200000| PB 0x0000000749200000| Untracked 
| 539|0x0000000749400000, 0x0000000749400000, 0x0000000749600000|  0%| F|  |TAMS 0x0000000749400000| PB 0x0000000749400000| Untracked 
| 540|0x0000000749600000, 0x0000000749600000, 0x0000000749800000|  0%| F|  |TAMS 0x0000000749600000| PB 0x0000000749600000| Untracked 
| 541|0x0000000749800000, 0x0000000749800000, 0x0000000749a00000|  0%| F|  |TAMS 0x0000000749800000| PB 0x0000000749800000| Untracked 
| 542|0x0000000749a00000, 0x0000000749a00000, 0x0000000749c00000|  0%| F|  |TAMS 0x0000000749a00000| PB 0x0000000749a00000| Untracked 
| 543|0x0000000749c00000, 0x0000000749c00000, 0x0000000749e00000|  0%| F|  |TAMS 0x0000000749c00000| PB 0x0000000749c00000| Untracked 
| 544|0x0000000749e00000, 0x0000000749e00000, 0x000000074a000000|  0%| F|  |TAMS 0x0000000749e00000| PB 0x0000000749e00000| Untracked 
| 545|0x000000074a000000, 0x000000074a000000, 0x000000074a200000|  0%| F|  |TAMS 0x000000074a000000| PB 0x000000074a000000| Untracked 
| 546|0x000000074a200000, 0x000000074a200000, 0x000000074a400000|  0%| F|  |TAMS 0x000000074a200000| PB 0x000000074a200000| Untracked 
| 547|0x000000074a400000, 0x000000074a400000, 0x000000074a600000|  0%| F|  |TAMS 0x000000074a400000| PB 0x000000074a400000| Untracked 
| 548|0x000000074a600000, 0x000000074a600000, 0x000000074a800000|  0%| F|  |TAMS 0x000000074a600000| PB 0x000000074a600000| Untracked 
| 549|0x000000074a800000, 0x000000074a800000, 0x000000074aa00000|  0%| F|  |TAMS 0x000000074a800000| PB 0x000000074a800000| Untracked 
| 550|0x000000074aa00000, 0x000000074aa00000, 0x000000074ac00000|  0%| F|  |TAMS 0x000000074aa00000| PB 0x000000074aa00000| Untracked 
| 551|0x000000074ac00000, 0x000000074ac00000, 0x000000074ae00000|  0%| F|  |TAMS 0x000000074ac00000| PB 0x000000074ac00000| Untracked 
| 552|0x000000074ae00000, 0x000000074ae00000, 0x000000074b000000|  0%| F|  |TAMS 0x000000074ae00000| PB 0x000000074ae00000| Untracked 
| 553|0x000000074b000000, 0x000000074b000000, 0x000000074b200000|  0%| F|  |TAMS 0x000000074b000000| PB 0x000000074b000000| Untracked 
| 554|0x000000074b200000, 0x000000074b200000, 0x000000074b400000|  0%| F|  |TAMS 0x000000074b200000| PB 0x000000074b200000| Untracked 
| 555|0x000000074b400000, 0x000000074b400000, 0x000000074b600000|  0%| F|  |TAMS 0x000000074b400000| PB 0x000000074b400000| Untracked 
| 556|0x000000074b600000, 0x000000074b600000, 0x000000074b800000|  0%| F|  |TAMS 0x000000074b600000| PB 0x000000074b600000| Untracked 
| 557|0x000000074b800000, 0x000000074b900000, 0x000000074ba00000| 50%| E|  |TAMS 0x000000074b800000| PB 0x000000074b800000| Complete 
| 558|0x000000074ba00000, 0x000000074bc00000, 0x000000074bc00000|100%| E|CS|TAMS 0x000000074ba00000| PB 0x000000074ba00000| Complete 
| 559|0x000000074bc00000, 0x000000074be00000, 0x000000074be00000|100%| E|CS|TAMS 0x000000074bc00000| PB 0x000000074bc00000| Complete 
| 560|0x000000074be00000, 0x000000074c000000, 0x000000074c000000|100%| E|CS|TAMS 0x000000074be00000| PB 0x000000074be00000| Complete 
| 561|0x000000074c000000, 0x000000074c200000, 0x000000074c200000|100%| E|CS|TAMS 0x000000074c000000| PB 0x000000074c000000| Complete 
| 562|0x000000074c200000, 0x000000074c400000, 0x000000074c400000|100%| E|CS|TAMS 0x000000074c200000| PB 0x000000074c200000| Complete 
| 563|0x000000074c400000, 0x000000074c600000, 0x000000074c600000|100%| E|CS|TAMS 0x000000074c400000| PB 0x000000074c400000| Complete 
| 564|0x000000074c600000, 0x000000074c800000, 0x000000074c800000|100%| E|CS|TAMS 0x000000074c600000| PB 0x000000074c600000| Complete 
| 565|0x000000074c800000, 0x000000074ca00000, 0x000000074ca00000|100%| E|CS|TAMS 0x000000074c800000| PB 0x000000074c800000| Complete 
| 566|0x000000074ca00000, 0x000000074cc00000, 0x000000074cc00000|100%| E|CS|TAMS 0x000000074ca00000| PB 0x000000074ca00000| Complete 
| 567|0x000000074cc00000, 0x000000074ce00000, 0x000000074ce00000|100%| E|CS|TAMS 0x000000074cc00000| PB 0x000000074cc00000| Complete 
| 568|0x000000074ce00000, 0x000000074d000000, 0x000000074d000000|100%| E|CS|TAMS 0x000000074ce00000| PB 0x000000074ce00000| Complete 
| 569|0x000000074d000000, 0x000000074d200000, 0x000000074d200000|100%| E|CS|TAMS 0x000000074d000000| PB 0x000000074d000000| Complete 
| 570|0x000000074d200000, 0x000000074d400000, 0x000000074d400000|100%| E|CS|TAMS 0x000000074d200000| PB 0x000000074d200000| Complete 
| 571|0x000000074d400000, 0x000000074d600000, 0x000000074d600000|100%| E|CS|TAMS 0x000000074d400000| PB 0x000000074d400000| Complete 
| 572|0x000000074d600000, 0x000000074d800000, 0x000000074d800000|100%| E|CS|TAMS 0x000000074d600000| PB 0x000000074d600000| Complete 
| 573|0x000000074d800000, 0x000000074da00000, 0x000000074da00000|100%| E|CS|TAMS 0x000000074d800000| PB 0x000000074d800000| Complete 
| 574|0x000000074da00000, 0x000000074dc00000, 0x000000074dc00000|100%| E|CS|TAMS 0x000000074da00000| PB 0x000000074da00000| Complete 
| 575|0x000000074dc00000, 0x000000074de00000, 0x000000074de00000|100%| E|CS|TAMS 0x000000074dc00000| PB 0x000000074dc00000| Complete 
| 576|0x000000074de00000, 0x000000074e000000, 0x000000074e000000|100%| E|CS|TAMS 0x000000074de00000| PB 0x000000074de00000| Complete 
| 577|0x000000074e000000, 0x000000074e200000, 0x000000074e200000|100%| E|CS|TAMS 0x000000074e000000| PB 0x000000074e000000| Complete 
| 578|0x000000074e200000, 0x000000074e400000, 0x000000074e400000|100%| E|CS|TAMS 0x000000074e200000| PB 0x000000074e200000| Complete 
| 579|0x000000074e400000, 0x000000074e600000, 0x000000074e600000|100%| E|CS|TAMS 0x000000074e400000| PB 0x000000074e400000| Complete 
| 580|0x000000074e600000, 0x000000074e800000, 0x000000074e800000|100%| E|CS|TAMS 0x000000074e600000| PB 0x000000074e600000| Complete 
| 581|0x000000074e800000, 0x000000074ea00000, 0x000000074ea00000|100%| E|CS|TAMS 0x000000074e800000| PB 0x000000074e800000| Complete 
| 582|0x000000074ea00000, 0x000000074ec00000, 0x000000074ec00000|100%| E|CS|TAMS 0x000000074ea00000| PB 0x000000074ea00000| Complete 
| 583|0x000000074ec00000, 0x000000074ee00000, 0x000000074ee00000|100%| E|CS|TAMS 0x000000074ec00000| PB 0x000000074ec00000| Complete 
| 584|0x000000074ee00000, 0x000000074f000000, 0x000000074f000000|100%| E|CS|TAMS 0x000000074ee00000| PB 0x000000074ee00000| Complete 
| 585|0x000000074f000000, 0x000000074f200000, 0x000000074f200000|100%| E|CS|TAMS 0x000000074f000000| PB 0x000000074f000000| Complete 
| 586|0x000000074f200000, 0x000000074f400000, 0x000000074f400000|100%| E|CS|TAMS 0x000000074f200000| PB 0x000000074f200000| Complete 
| 587|0x000000074f400000, 0x000000074f600000, 0x000000074f600000|100%| E|CS|TAMS 0x000000074f400000| PB 0x000000074f400000| Complete 
| 588|0x000000074f600000, 0x000000074f800000, 0x000000074f800000|100%| E|CS|TAMS 0x000000074f600000| PB 0x000000074f600000| Complete 
| 589|0x000000074f800000, 0x000000074fa00000, 0x000000074fa00000|100%| E|CS|TAMS 0x000000074f800000| PB 0x000000074f800000| Complete 
| 590|0x000000074fa00000, 0x000000074fc00000, 0x000000074fc00000|100%| E|CS|TAMS 0x000000074fa00000| PB 0x000000074fa00000| Complete 
| 591|0x000000074fc00000, 0x000000074fe00000, 0x000000074fe00000|100%| E|CS|TAMS 0x000000074fc00000| PB 0x000000074fc00000| Complete 
| 592|0x000000074fe00000, 0x0000000750000000, 0x0000000750000000|100%| E|CS|TAMS 0x000000074fe00000| PB 0x000000074fe00000| Complete 
| 593|0x0000000750000000, 0x0000000750200000, 0x0000000750200000|100%| E|CS|TAMS 0x0000000750000000| PB 0x0000000750000000| Complete 
| 594|0x0000000750200000, 0x0000000750400000, 0x0000000750400000|100%| E|CS|TAMS 0x0000000750200000| PB 0x0000000750200000| Complete 
| 595|0x0000000750400000, 0x0000000750600000, 0x0000000750600000|100%| E|CS|TAMS 0x0000000750400000| PB 0x0000000750400000| Complete 
|1995|0x00000007ff400000, 0x00000007ff600000, 0x00000007ff600000|100%| O|  |TAMS 0x00000007ff600000| PB 0x00000007ff600000| Updating 
|1996|0x00000007ff600000, 0x00000007ff800000, 0x00000007ff800000|100%| O|  |TAMS 0x00000007ff800000| PB 0x00000007ff800000| Untracked 
|1997|0x00000007ff800000, 0x00000007ffa00000, 0x00000007ffa00000|100%| O|  |TAMS 0x00000007ffa00000| PB 0x00000007ffa00000| Untracked 
|1998|0x00000007ffa00000, 0x00000007ffc00000, 0x00000007ffc00000|100%| O|  |TAMS 0x00000007ffc00000| PB 0x00000007ffc00000| Untracked 
|1999|0x00000007ffc00000, 0x00000007ffe00000, 0x00000007ffe00000|100%| O|  |TAMS 0x00000007ffe00000| PB 0x00000007ffe00000| Untracked 
|2000|0x00000007ffe00000, 0x0000000800000000, 0x0000000800000000|100%| O|  |TAMS 0x0000000800000000| PB 0x0000000800000000| Untracked 

Card table byte_map: [0x000001ca6f0f0000,0x000001ca6f8d0000] _byte_map_base: 0x000001ca6b8c1000

Marking Bits: (CMBitMap*) 0x000001ca55f7a440
 Bits: [0x000001ca6f8d0000, 0x000001ca73758000)

Polling page: 0x000001ca53bb0000

Metaspace:

Usage:
  Non-class:     74.45 MB used.
      Class:      8.92 MB used.
       Both:     83.37 MB used.

Virtual space:
  Non-class space:      128.00 MB reserved,      75.06 MB ( 59%) committed,  2 nodes.
      Class space:        1.00 GB reserved,       9.50 MB ( <1%) committed,  1 nodes.
             Both:        1.12 GB reserved,      84.56 MB (  7%) committed. 

Chunk freelists:
   Non-Class:  4.42 MB
       Class:  6.48 MB
        Both:  10.90 MB

MaxMetaspaceSize: unlimited
CompressedClassSpaceSize: 1.00 GB
Initial GC threshold: 21.00 MB
Current GC threshold: 139.94 MB
CDS: on
 - commit_granule_bytes: 65536.
 - commit_granule_words: 8192.
 - virtual_space_node_default_size: 8388608.
 - enlarge_chunks_in_place: 1.
 - use_allocation_guard: 0.


Internal statistics:

num_allocs_failed_limit: 8.
num_arena_births: 2104.
num_arena_deaths: 0.
num_vsnodes_births: 3.
num_vsnodes_deaths: 0.
num_space_committed: 1350.
num_space_uncommitted: 0.
num_chunks_returned_to_freelist: 8.
num_chunks_taken_from_freelist: 5557.
num_chunk_merges: 8.
num_chunk_splits: 3944.
num_chunks_enlarged: 2863.
num_inconsistent_stats: 0.

CodeHeap 'non-profiled nmethods': size=118848Kb used=23234Kb max_used=24453Kb free=95614Kb
 bounds [0x000001ca661e0000, 0x000001ca679d0000, 0x000001ca6d5f0000]
CodeHeap 'profiled nmethods': size=118848Kb used=43052Kb max_used=50576Kb free=75795Kb
 bounds [0x000001ca5e5f0000, 0x000001ca61760000, 0x000001ca65a00000]
CodeHeap 'non-nmethods': size=8064Kb used=4011Kb max_used=4122Kb free=4052Kb
 bounds [0x000001ca65a00000, 0x000001ca65e10000, 0x000001ca661e0000]
 total_blobs=16178 nmethods=15412 adapters=663
 compilation: enabled
              stopped_count=0, restarted_count=0
 full_count=0

Compilation events (20 events):
Event: 52.053 Thread 0x000001ca7745fc00 25780       3       org.jetbrains.kotlin.util.ReturnsCheck$ReturnsInt$$Lambda/0x000001ca017d91a0::invoke (8 bytes)
Event: 52.053 Thread 0x000001ca761f5500 25781       3       org.jetbrains.kotlin.util.ReturnsCheck$ReturnsInt::_init_$lambda$0 (20 bytes)
Event: 52.053 Thread 0x000001ca7745fc00 nmethod 25780 0x000001ca5f6b4e90 code [0x000001ca5f6b5100, 0x000001ca5f6b5a70]
Event: 52.053 Thread 0x000001ca761f5500 nmethod 25781 0x000001ca6079bd90 code [0x000001ca6079c040, 0x000001ca6079cb50]
Event: 52.056 Thread 0x000001ca7db27050 25782       4       org.jetbrains.kotlin.resolve.lazy.LazyImportScope::<init> (52 bytes)
Event: 52.060 Thread 0x000001ca7db27050 nmethod 25782 0x000001ca679bf290 code [0x000001ca679bf440, 0x000001ca679bfa20]
Event: 52.069 Thread 0x000001ca761f2a60 25783       4       org.jetbrains.exposed.sql.QueryBuilder::append (30 bytes)
Event: 52.069 Thread 0x000001ca77c7a380 25784   !   3       org.h2.command.Parser::parseQuerySub (98 bytes)
Event: 52.070 Thread 0x000001ca77c7a380 nmethod 25784 0x000001ca5fb0d610 code [0x000001ca5fb0da20, 0x000001ca5fb0f158]
Event: 52.072 Thread 0x000001ca761f2a60 nmethod 25783 0x000001ca679bfb90 code [0x000001ca679bfd60, 0x000001ca679c02c8]
Event: 52.080 Thread 0x000001ca7db27050 25785       4       org.jetbrains.kotlin.load.kotlin.FileBasedKotlinClass::getClassId (14 bytes)
Event: 52.080 Thread 0x000001ca7db27050 nmethod 25785 0x000001ca679c0690 code [0x000001ca679c0820, 0x000001ca679c08c8]
Event: 52.108 Thread 0x000001ca7db27050 25786       4       org.jetbrains.kotlin.load.java.lazy.descriptors.LazyJavaClassMemberScope::computeMemberIndex (8 bytes)
Event: 52.109 Thread 0x000001ca7db27050 nmethod 25786 0x000001ca679c0990 code [0x000001ca679c0b20, 0x000001ca679c0c60]
Event: 52.116 Thread 0x000001ca761f2a60 25787       4       java.nio.MappedByteBuffer::limit (6 bytes)
Event: 52.116 Thread 0x000001ca7db27050 25788       4       java.nio.MappedByteBuffer::position (6 bytes)
Event: 52.117 Thread 0x000001ca7db27050 nmethod 25788 0x000001ca679c0d90 code [0x000001ca679c0f20, 0x000001ca679c1030]
Event: 52.117 Thread 0x000001ca7db27050 25789       4       org.jetbrains.kotlin.load.java.lazy.descriptors.LazyJavaClassDescriptor$LazyJavaClassTypeConstructor::computeSupertypes (505 bytes)
Event: 52.117 Thread 0x000001ca761f2a60 nmethod 25787 0x000001ca679c1190 code [0x000001ca679c1320, 0x000001ca679c1440]
Event: 52.118 Thread 0x000001ca761f2a60 25790       4       org.jetbrains.kotlin.load.java.typeEnhancement.AbstractSignatureParts::extractQualifiers (166 bytes)

GC Heap History (20 events):
Event: 40.985 GC heap before
{Heap before GC invocations=65 (full 0):
 garbage-first heap   total 847872K, used 699392K [0x0000000705e00000, 0x0000000800000000)
  region size 2048K, 118 young (241664K), 15 survivors (30720K)
 Metaspace       used 84211K, committed 85440K, reserved 1179648K
  class space    used 9081K, committed 9664K, reserved 1048576K
}
Event: 41.009 GC heap after
{Heap after GC invocations=66 (full 0):
 garbage-first heap   total 847872K, used 533761K [0x0000000705e00000, 0x0000000800000000)
  region size 2048K, 15 young (30720K), 15 survivors (30720K)
 Metaspace       used 84211K, committed 85440K, reserved 1179648K
  class space    used 9081K, committed 9664K, reserved 1048576K
}
Event: 41.759 GC heap before
{Heap before GC invocations=66 (full 0):
 garbage-first heap   total 847872K, used 724225K [0x0000000705e00000, 0x0000000800000000)
  region size 2048K, 108 young (221184K), 15 survivors (30720K)
 Metaspace       used 84237K, committed 85440K, reserved 1179648K
  class space    used 9081K, committed 9664K, reserved 1048576K
}
Event: 41.802 GC heap after
{Heap after GC invocations=67 (full 0):
 garbage-first heap   total 847872K, used 577483K [0x0000000705e00000, 0x0000000800000000)
  region size 2048K, 14 young (28672K), 14 survivors (28672K)
 Metaspace       used 84237K, committed 85440K, reserved 1179648K
  class space    used 9081K, committed 9664K, reserved 1048576K
}
Event: 42.554 GC heap before
{Heap before GC invocations=67 (full 0):
 garbage-first heap   total 847872K, used 747467K [0x0000000705e00000, 0x0000000800000000)
  region size 2048K, 97 young (198656K), 14 survivors (28672K)
 Metaspace       used 84272K, committed 85504K, reserved 1179648K
  class space    used 9081K, committed 9664K, reserved 1048576K
}
Event: 42.584 GC heap after
{Heap after GC invocations=68 (full 0):
 garbage-first heap   total 847872K, used 615649K [0x0000000705e00000, 0x0000000800000000)
  region size 2048K, 13 young (26624K), 13 survivors (26624K)
 Metaspace       used 84272K, committed 85504K, reserved 1179648K
  class space    used 9081K, committed 9664K, reserved 1048576K
}
Event: 43.338 GC heap before
{Heap before GC invocations=69 (full 0):
 garbage-first heap   total 1028096K, used 763105K [0x0000000705e00000, 0x0000000800000000)
  region size 2048K, 85 young (174080K), 13 survivors (26624K)
 Metaspace       used 84342K, committed 85568K, reserved 1179648K
  class space    used 9081K, committed 9664K, reserved 1048576K
}
Event: 43.376 GC heap after
{Heap after GC invocations=70 (full 0):
 garbage-first heap   total 1028096K, used 649868K [0x0000000705e00000, 0x0000000800000000)
  region size 2048K, 11 young (22528K), 11 survivors (22528K)
 Metaspace       used 84342K, committed 85568K, reserved 1179648K
  class space    used 9081K, committed 9664K, reserved 1048576K
}
Event: 44.403 GC heap before
{Heap before GC invocations=70 (full 0):
 garbage-first heap   total 1028096K, used 899724K [0x0000000705e00000, 0x0000000800000000)
  region size 2048K, 133 young (272384K), 11 survivors (22528K)
 Metaspace       used 84473K, committed 85696K, reserved 1179648K
  class space    used 9081K, committed 9664K, reserved 1048576K
}
Event: 44.427 GC heap after
{Heap after GC invocations=71 (full 0):
 garbage-first heap   total 1028096K, used 696074K [0x0000000705e00000, 0x0000000800000000)
  region size 2048K, 17 young (34816K), 17 survivors (34816K)
 Metaspace       used 84473K, committed 85696K, reserved 1179648K
  class space    used 9081K, committed 9664K, reserved 1048576K
}
Event: 45.674 GC heap before
{Heap before GC invocations=71 (full 0):
 garbage-first heap   total 1028096K, used 911114K [0x0000000705e00000, 0x0000000800000000)
  region size 2048K, 122 young (249856K), 17 survivors (34816K)
 Metaspace       used 84772K, committed 85952K, reserved 1179648K
  class space    used 9108K, committed 9664K, reserved 1048576K
}
Event: 45.697 GC heap after
{Heap after GC invocations=72 (full 0):
 garbage-first heap   total 1028096K, used 737995K [0x0000000705e00000, 0x0000000800000000)
  region size 2048K, 16 young (32768K), 16 survivors (32768K)
 Metaspace       used 84772K, committed 85952K, reserved 1179648K
  class space    used 9108K, committed 9664K, reserved 1048576K
}
Event: 47.248 GC heap before
{Heap before GC invocations=73 (full 0):
 garbage-first heap   total 1232896K, used 928459K [0x0000000705e00000, 0x0000000800000000)
  region size 2048K, 109 young (223232K), 16 survivors (32768K)
 Metaspace       used 84990K, committed 86208K, reserved 1179648K
  class space    used 9122K, committed 9728K, reserved 1048576K
}
Event: 47.282 GC heap after
{Heap after GC invocations=74 (full 0):
 garbage-first heap   total 1232896K, used 782336K [0x0000000705e00000, 0x0000000800000000)
  region size 2048K, 14 young (28672K), 14 survivors (28672K)
 Metaspace       used 84990K, committed 86208K, reserved 1179648K
  class space    used 9122K, committed 9728K, reserved 1048576K
}
Event: 49.362 GC heap before
{Heap before GC invocations=74 (full 0):
 garbage-first heap   total 1232896K, used 1071104K [0x0000000705e00000, 0x0000000800000000)
  region size 2048K, 154 young (315392K), 14 survivors (28672K)
 Metaspace       used 85263K, committed 86464K, reserved 1179648K
  class space    used 9129K, committed 9728K, reserved 1048576K
}
Event: 49.396 GC heap after
{Heap after GC invocations=75 (full 0):
 garbage-first heap   total 1232896K, used 830927K [0x0000000705e00000, 0x0000000800000000)
  region size 2048K, 20 young (40960K), 20 survivors (40960K)
 Metaspace       used 85263K, committed 86464K, reserved 1179648K
  class space    used 9129K, committed 9728K, reserved 1048576K
}
Event: 50.654 GC heap before
{Heap before GC invocations=75 (full 0):
 garbage-first heap   total 1232896K, used 1093071K [0x0000000705e00000, 0x0000000800000000)
  region size 2048K, 148 young (303104K), 20 survivors (40960K)
 Metaspace       used 85309K, committed 86528K, reserved 1179648K
  class space    used 9132K, committed 9728K, reserved 1048576K
}
Event: 50.681 GC heap after
{Heap after GC invocations=76 (full 0):
 garbage-first heap   total 1232896K, used 897024K [0x0000000705e00000, 0x0000000800000000)
  region size 2048K, 19 young (38912K), 19 survivors (38912K)
 Metaspace       used 85309K, committed 86528K, reserved 1179648K
  class space    used 9132K, committed 9728K, reserved 1048576K
}
Event: 51.747 GC heap before
{Heap before GC invocations=76 (full 0):
 garbage-first heap   total 1232896K, used 1114112K [0x0000000705e00000, 0x0000000800000000)
  region size 2048K, 125 young (256000K), 19 survivors (38912K)
 Metaspace       used 85358K, committed 86528K, reserved 1179648K
  class space    used 9132K, committed 9728K, reserved 1048576K
}
Event: 51.795 GC heap after
{Heap after GC invocations=77 (full 0):
 garbage-first heap   total 1232896K, used 956915K [0x0000000705e00000, 0x0000000800000000)
  region size 2048K, 16 young (32768K), 16 survivors (32768K)
 Metaspace       used 85358K, committed 86528K, reserved 1179648K
  class space    used 9132K, committed 9728K, reserved 1048576K
}

Dll operation events (8 events):
Event: 0.005 Loaded shared library D:\jdk_21.0.7.6\bin\java.dll
Event: 0.026 Loaded shared library D:\jdk_21.0.7.6\bin\jsvml.dll
Event: 0.050 Loaded shared library D:\jdk_21.0.7.6\bin\net.dll
Event: 0.053 Loaded shared library D:\jdk_21.0.7.6\bin\nio.dll
Event: 0.055 Loaded shared library D:\jdk_21.0.7.6\bin\zip.dll
Event: 0.096 Loaded shared library D:\jdk_21.0.7.6\bin\jimage.dll
Event: 0.677 Loaded shared library D:\jdk_21.0.7.6\bin\verify.dll
Event: 1.819 Loaded shared library C:\Users\ASUS\AppData\Local\Temp\sqlite-3.41.2.1-cfad2671-ccbd-4720-a04f-7e1edcad4cef-sqlitejdbc.dll

Deoptimization events (20 events):
Event: 51.632 Thread 0x000001ca7da56390 DEOPT PACKING pc=0x000001ca6795e618 sp=0x00000042bccf9f30
Event: 51.632 Thread 0x000001ca7da56390 DEOPT UNPACKING pc=0x000001ca65a546a2 sp=0x00000042bccf9df0 mode 2
Event: 51.632 Thread 0x000001ca7da56390 Uncommon trap: trap_request=0xffffff66 fr.pc=0x000001ca6795e618 relative=0x0000000000001918
Event: 51.632 Thread 0x000001ca7da56390 Uncommon trap: reason=speculate_class_check action=maybe_recompile pc=0x000001ca6795e618 method=org.jetbrains.kotlin.builtins.KotlinBuiltIns.isConstructedFromGivenClass(Lorg/jetbrains/kotlin/types/KotlinType;Lorg/jetbrains/kotlin/name/FqNameUnsafe;)Z @ 19
Event: 51.632 Thread 0x000001ca7da56390 DEOPT PACKING pc=0x000001ca6795e618 sp=0x00000042bccf9f30
Event: 51.632 Thread 0x000001ca7da56390 DEOPT UNPACKING pc=0x000001ca65a546a2 sp=0x00000042bccf9df0 mode 2
Event: 51.642 Thread 0x000001ca7da56390 Uncommon trap: trap_request=0xffffff45 fr.pc=0x000001ca66d25eb0 relative=0x0000000000000d70
Event: 51.642 Thread 0x000001ca7da56390 Uncommon trap: reason=unstable_if action=reinterpret pc=0x000001ca66d25eb0 method=org.jetbrains.kotlin.cfg.ControlFlowInformationProviderImpl.collectUnreachableCode()Lorg/jetbrains/kotlin/cfg/UnreachableCode; @ 122 c2
Event: 51.642 Thread 0x000001ca7da56390 DEOPT PACKING pc=0x000001ca66d25eb0 sp=0x00000042bccfe4b0
Event: 51.642 Thread 0x000001ca7da56390 DEOPT UNPACKING pc=0x000001ca65a546a2 sp=0x00000042bccfe458 mode 2
Event: 51.973 Thread 0x000001ca7da56390 DEOPT PACKING pc=0x000001ca610925e7 sp=0x00000042bccf99b0
Event: 51.973 Thread 0x000001ca7da56390 DEOPT UNPACKING pc=0x000001ca65a54e42 sp=0x00000042bccf8d58 mode 0
Event: 51.980 Thread 0x000001ca7da56390 Uncommon trap: trap_request=0xffffffc6 fr.pc=0x000001ca6794a084 relative=0x0000000000004ea4
Event: 51.980 Thread 0x000001ca7da56390 Uncommon trap: reason=bimorphic_or_optimized_type_check action=maybe_recompile pc=0x000001ca6794a084 method=org.jetbrains.kotlin.resolve.calls.components.NewOverloadingConflictResolver$Companion.createFlatSignature(Lorg/jetbrains/kotlin/resolve/calls/comp
Event: 51.980 Thread 0x000001ca7da56390 DEOPT PACKING pc=0x000001ca6794a084 sp=0x00000042bccfaf20
Event: 51.980 Thread 0x000001ca7da56390 DEOPT UNPACKING pc=0x000001ca65a546a2 sp=0x00000042bccfaed0 mode 2
Event: 51.994 Thread 0x000001ca7da56390 Uncommon trap: trap_request=0xffffff45 fr.pc=0x000001ca670562b0 relative=0x0000000000002370
Event: 51.994 Thread 0x000001ca7da56390 Uncommon trap: reason=unstable_if action=reinterpret pc=0x000001ca670562b0 method=org.jetbrains.kotlin.resolve.constants.evaluate.ConstantExpressionEvaluatorVisitor.evaluateCall(Lorg/jetbrains/kotlin/psi/KtExpression;Lorg/jetbrains/kotlin/psi/KtExpression
Event: 51.994 Thread 0x000001ca7da56390 DEOPT PACKING pc=0x000001ca670562b0 sp=0x00000042bccfc580
Event: 51.994 Thread 0x000001ca7da56390 DEOPT UNPACKING pc=0x000001ca65a546a2 sp=0x00000042bccfc4d8 mode 2

Classes loaded (20 events):
Event: 12.918 Loading class java/util/stream/SliceOps$1
Event: 12.918 Loading class java/util/stream/ReferencePipeline$StatefulOp
Event: 12.918 Loading class java/util/stream/ReferencePipeline$StatefulOp done
Event: 12.918 Loading class java/util/stream/SliceOps$1 done
Event: 12.920 Loading class java/util/stream/Nodes$SpinedNodeBuilder
Event: 12.920 Loading class java/util/stream/Nodes$SpinedNodeBuilder done
Event: 12.921 Loading class java/util/stream/SliceOps$1$1
Event: 12.921 Loading class java/util/stream/SliceOps$1$1 done
Event: 15.553 Loading class java/util/function/IntBinaryOperator
Event: 15.553 Loading class java/util/function/IntBinaryOperator done
Event: 15.894 Loading class java/beans/PropertyChangeSupport
Event: 15.897 Loading class java/beans/PropertyChangeSupport done
Event: 15.898 Loading class java/beans/PropertyChangeSupport$PropertyChangeListenerMap
Event: 15.898 Loading class java/beans/ChangeListenerMap
Event: 15.898 Loading class java/beans/ChangeListenerMap done
Event: 15.898 Loading class java/beans/PropertyChangeSupport$PropertyChangeListenerMap done
Event: 15.899 Loading class java/beans/PropertyChangeListener
Event: 15.899 Loading class java/beans/PropertyChangeListener done
Event: 25.607 Loading class jdk/internal/math/FDBigInteger
Event: 25.608 Loading class jdk/internal/math/FDBigInteger done

Classes unloaded (0 events):
No events

Classes redefined (0 events):
No events

Internal exceptions (20 events):
Event: 26.798 Thread 0x000001ca7da56390 Implicit null exception at 0x000001ca66e70141 to 0x000001ca66e70b50
Event: 26.908 Thread 0x000001ca7da56390 Implicit null exception at 0x000001ca66ab5b92 to 0x000001ca66ab7670
Event: 26.940 Thread 0x000001ca7da56390 Implicit null exception at 0x000001ca66ab5b92 to 0x000001ca66ab7670
Event: 35.844 Thread 0x000001ca7da56390 Implicit null exception at 0x000001ca66ccfec7 to 0x000001ca66cd1350
Event: 36.935 Thread 0x000001ca7da56390 Implicit null exception at 0x000001ca670f8c60 to 0x000001ca670f9e28
Event: 36.936 Thread 0x000001ca7da56390 Implicit null exception at 0x000001ca66212060 to 0x000001ca66212120
Event: 39.860 Thread 0x000001ca7da56390 Implicit null exception at 0x000001ca671089ef to 0x000001ca67109e34
Event: 40.129 Thread 0x000001ca7da56390 Implicit null exception at 0x000001ca663690e1 to 0x000001ca66369d78
Event: 41.600 Thread 0x000001ca7da56390 Implicit null exception at 0x000001ca666f54ef to 0x000001ca666f56b0
Event: 42.163 Thread 0x000001ca7da56390 Implicit null exception at 0x000001ca67677367 to 0x000001ca6767ac88
Event: 42.163 Thread 0x000001ca7da56390 Implicit null exception at 0x000001ca6620c667 to 0x000001ca6620c772
Event: 45.294 Thread 0x000001ca7da56390 Implicit null exception at 0x000001ca676cd1ef to 0x000001ca676d0c54
Event: 45.294 Thread 0x000001ca7da56390 Implicit null exception at 0x000001ca676b8a67 to 0x000001ca676b8b72
Event: 45.296 Thread 0x000001ca7da56390 Implicit null exception at 0x000001ca67530cbb to 0x000001ca675326d4
Event: 45.296 Thread 0x000001ca7da56390 Implicit null exception at 0x000001ca675ff88b to 0x000001ca675fffe8
Event: 46.522 Thread 0x000001ca7da56390 Implicit null exception at 0x000001ca675a720b to 0x000001ca675a8cf4
Event: 46.522 Thread 0x000001ca7da56390 Implicit null exception at 0x000001ca675a23af to 0x000001ca675a25d6
Event: 46.526 Thread 0x000001ca7da56390 Implicit null exception at 0x000001ca67480977 to 0x000001ca67480e87
Event: 49.112 Thread 0x000001ca7da56390 Implicit null exception at 0x000001ca663886b4 to 0x000001ca663887a8
Event: 49.403 Thread 0x000001ca7da56390 Implicit null exception at 0x000001ca66565514 to 0x000001ca66567b68

ZGC Phase Switch (0 events):
No events

VM Operations (20 events):
Event: 47.282 Executing VM operation: G1CollectForAllocation (G1 Evacuation Pause) done
Event: 47.816 Executing VM operation: ICBufferFull
Event: 47.817 Executing VM operation: ICBufferFull done
Event: 48.714 Executing VM operation: ICBufferFull
Event: 48.714 Executing VM operation: ICBufferFull done
Event: 49.284 Executing VM operation: ICBufferFull
Event: 49.284 Executing VM operation: ICBufferFull done
Event: 49.362 Executing VM operation: G1CollectForAllocation (G1 Evacuation Pause)
Event: 49.396 Executing VM operation: G1CollectForAllocation (G1 Evacuation Pause) done
Event: 49.984 Executing VM operation: ICBufferFull
Event: 49.984 Executing VM operation: ICBufferFull done
Event: 50.581 Executing VM operation: ICBufferFull
Event: 50.581 Executing VM operation: ICBufferFull done
Event: 50.654 Executing VM operation: G1CollectForAllocation (G1 Evacuation Pause)
Event: 50.681 Executing VM operation: G1CollectForAllocation (G1 Evacuation Pause) done
Event: 51.687 Executing VM operation: Cleanup
Event: 51.729 Executing VM operation: Cleanup done
Event: 51.747 Executing VM operation: G1CollectForAllocation (G1 Evacuation Pause)
Event: 51.795 Executing VM operation: G1CollectForAllocation (G1 Evacuation Pause) done
Event: 52.129 Executing VM operation: G1PauseRemark

Memory protections (0 events):
No events

Nmethod flushes (20 events):
Event: 52.143 Thread 0x000001ca761c7710 flushing  nmethod 0x000001ca6096ab90
Event: 52.143 Thread 0x000001ca761c7710 flushing  nmethod 0x000001ca60bba910
Event: 52.143 Thread 0x000001ca761c7710 flushing  nmethod 0x000001ca611c6a10
Event: 52.143 Thread 0x000001ca761c7710 flushing  nmethod 0x000001ca6696c910
Event: 52.143 Thread 0x000001ca761c7710 flushing  nmethod 0x000001ca6696cf10
Event: 52.143 Thread 0x000001ca761c7710 flushing  nmethod 0x000001ca6696d590
Event: 52.143 Thread 0x000001ca761c7710 flushing  nmethod 0x000001ca66b7c510
Event: 52.143 Thread 0x000001ca761c7710 flushing  nmethod 0x000001ca66f0f810
Event: 52.143 Thread 0x000001ca761c7710 flushing  nmethod 0x000001ca5e78a790
Event: 52.143 Thread 0x000001ca761c7710 flushing  nmethod 0x000001ca5ef90b90
Event: 52.143 Thread 0x000001ca761c7710 flushing  nmethod 0x000001ca5f1a1890
Event: 52.143 Thread 0x000001ca761c7710 flushing  nmethod 0x000001ca5f2ec890
Event: 52.143 Thread 0x000001ca761c7710 flushing  nmethod 0x000001ca5f71df90
Event: 52.143 Thread 0x000001ca761c7710 flushing  nmethod 0x000001ca602c3990
Event: 52.143 Thread 0x000001ca761c7710 flushing  nmethod 0x000001ca5f15c910
Event: 52.143 Thread 0x000001ca761c7710 flushing  nmethod 0x000001ca5f464f90
Event: 52.143 Thread 0x000001ca761c7710 flushing  nmethod 0x000001ca5faa9b10
Event: 52.143 Thread 0x000001ca761c7710 flushing  nmethod 0x000001ca5fcc2690
Event: 52.143 Thread 0x000001ca761c7710 flushing  nmethod 0x000001ca60cce910
Event: 52.143 Thread 0x000001ca761c7710 flushing  nmethod 0x000001ca60cdcd90

Events (20 events):
Event: 10.305 Thread 0x000001ca77c7a380 Thread added: 0x000001ca7c755d20
Event: 11.506 Thread 0x000001ca761f5500 Thread added: 0x000001ca7c75a140
Event: 11.957 Thread 0x000001ca7c75a140 Thread exited: 0x000001ca7c75a140
Event: 11.958 Thread 0x000001ca7c755d20 Thread exited: 0x000001ca7c755d20
Event: 14.043 Thread 0x000001ca774682d0 Thread added: 0x000001ca7c5df560
Event: 14.114 Thread 0x000001ca761f5500 Thread added: 0x000001ca7db240a0
Event: 14.643 Thread 0x000001ca7db240a0 Thread exited: 0x000001ca7db240a0
Event: 14.815 Thread 0x000001ca7c5df560 Thread added: 0x000001ca7db24e40
Event: 15.812 Thread 0x000001ca7745fc00 Thread added: 0x000001ca7db25be0
Event: 15.897 Thread 0x000001ca774682d0 Thread added: 0x000001ca7db29930
Event: 17.221 Thread 0x000001ca7db29930 Thread exited: 0x000001ca7db29930
Event: 17.428 Thread 0x000001ca7c7593a0 Thread added: 0x000001ca7db29930
Event: 37.068 Thread 0x000001ca7db29930 Thread exited: 0x000001ca7db29930
Event: 37.068 Thread 0x000001ca7db25be0 Thread exited: 0x000001ca7db25be0
Event: 37.068 Thread 0x000001ca7db24e40 Thread exited: 0x000001ca7db24e40
Event: 42.469 Thread 0x000001ca7c5df560 Thread exited: 0x000001ca7c5df560
Event: 44.748 Thread 0x000001ca7c756ac0 Thread exited: 0x000001ca7c756ac0
Event: 45.557 Thread 0x000001ca761f5500 Thread added: 0x000001ca7c758600
Event: 51.236 Thread 0x000001ca7c758600 Thread exited: 0x000001ca7c758600
Event: 51.276 Thread 0x000001ca77c7a380 Thread added: 0x000001ca7db27050


Dynamic libraries:
0x00007ff743be0000 - 0x00007ff743bee000 	D:\jdk_21.0.7.6\bin\java.exe
0x00007ff8c4c60000 - 0x00007ff8c4ec6000 	C:\WINDOWS\SYSTEM32\ntdll.dll
0x00007ff8c3070000 - 0x00007ff8c3139000 	C:\WINDOWS\System32\KERNEL32.DLL
0x00007ff8c23a0000 - 0x00007ff8c279f000 	C:\WINDOWS\System32\KERNELBASE.dll
0x00007ff8c2240000 - 0x00007ff8c238c000 	C:\WINDOWS\System32\ucrtbase.dll
0x00007ff889780000 - 0x00007ff889798000 	D:\jdk_21.0.7.6\bin\jli.dll
0x00007ff889760000 - 0x00007ff88977e000 	D:\jdk_21.0.7.6\bin\VCRUNTIME140.dll
0x00007ff8c2ea0000 - 0x00007ff8c3066000 	C:\WINDOWS\System32\USER32.dll
0x00007ff8c1f30000 - 0x00007ff8c1f57000 	C:\WINDOWS\System32\win32u.dll
0x00007ff8a1da0000 - 0x00007ff8a2031000 	C:\WINDOWS\WinSxS\amd64_microsoft.windows.common-controls_6595b64144ccf1df_6.0.26100.8972_none_3e0da176e32f9d4b\COMCTL32.dll
0x00007ff8c3bf0000 - 0x00007ff8c3c1b000 	C:\WINDOWS\System32\GDI32.dll
0x00007ff8c2990000 - 0x00007ff8c2a39000 	C:\WINDOWS\System32\msvcrt.dll
0x00007ff8c27b0000 - 0x00007ff8c28d9000 	C:\WINDOWS\System32\gdi32full.dll
0x00007ff8c28e0000 - 0x00007ff8c2983000 	C:\WINDOWS\System32\msvcp_win.dll
0x00007ff8c35d0000 - 0x00007ff8c3602000 	C:\WINDOWS\System32\IMM32.DLL
0x00007ff889750000 - 0x00007ff88975c000 	D:\jdk_21.0.7.6\bin\vcruntime140_1.dll
0x00007ff855de0000 - 0x00007ff855e6d000 	D:\jdk_21.0.7.6\bin\msvcp140.dll
0x00007fffc0050000 - 0x00007fffc0de0000 	D:\jdk_21.0.7.6\bin\server\jvm.dll
0x00007ff8c2a60000 - 0x00007ff8c2b1c000 	C:\WINDOWS\System32\ADVAPI32.dll
0x00007ff8c3140000 - 0x00007ff8c31ea000 	C:\WINDOWS\System32\sechost.dll
0x00007ff8c34b0000 - 0x00007ff8c35c8000 	C:\WINDOWS\System32\RPCRT4.dll
0x00007ff8c37d0000 - 0x00007ff8c3852000 	C:\WINDOWS\System32\WS2_32.dll
0x00007ff8c09e0000 - 0x00007ff8c0a3e000 	C:\WINDOWS\SYSTEM32\POWRPROF.dll
0x00007ff8b8980000 - 0x00007ff8b898b000 	C:\WINDOWS\SYSTEM32\VERSION.dll
0x00007ff8b5eb0000 - 0x00007ff8b5ee6000 	C:\WINDOWS\SYSTEM32\WINMM.dll
0x00007ff8c09c0000 - 0x00007ff8c09d5000 	C:\WINDOWS\SYSTEM32\UMPDC.dll
0x00007ff8c0c80000 - 0x00007ff8c0c9b000 	C:\WINDOWS\SYSTEM32\kernel.appcore.dll
0x00007ff889740000 - 0x00007ff88974a000 	D:\jdk_21.0.7.6\bin\jimage.dll
0x00007ff8bf0b0000 - 0x00007ff8bf2f2000 	C:\WINDOWS\SYSTEM32\DBGHELP.DLL
0x00007ff8c3860000 - 0x00007ff8c3be5000 	C:\WINDOWS\System32\combase.dll
0x00007ff8c33d0000 - 0x00007ff8c34a9000 	C:\WINDOWS\System32\OLEAUT32.dll
0x00007ff893910000 - 0x00007ff89394b000 	C:\WINDOWS\SYSTEM32\dbgcore.DLL
0x00007ff8c1f60000 - 0x00007ff8c200c000 	C:\WINDOWS\System32\bcryptPrimitives.dll
0x00007ff8894e0000 - 0x00007ff8894ff000 	D:\jdk_21.0.7.6\bin\java.dll
0x00007ff8c4320000 - 0x00007ff8c4aa8000 	C:\WINDOWS\System32\SHELL32.dll
0x00007ff8bf960000 - 0x00007ff8c01fb000 	C:\WINDOWS\SYSTEM32\windows.storage.dll
0x00007ff8c36d0000 - 0x00007ff8c37c9000 	C:\WINDOWS\System32\SHCORE.dll
0x00007ff8c2c90000 - 0x00007ff8c2cf6000 	C:\WINDOWS\System32\shlwapi.dll
0x00007ff8c1d90000 - 0x00007ff8c1db9000 	C:\WINDOWS\SYSTEM32\profapi.dll
0x00007ff82e030000 - 0x00007ff82e107000 	D:\jdk_21.0.7.6\bin\jsvml.dll
0x00007ff8894d0000 - 0x00007ff8894e0000 	D:\jdk_21.0.7.6\bin\net.dll
0x00007ff8bb100000 - 0x00007ff8bb228000 	C:\WINDOWS\SYSTEM32\WINHTTP.dll
0x00007ff8c1230000 - 0x00007ff8c129c000 	C:\WINDOWS\system32\mswsock.dll
0x00007ff888b80000 - 0x00007ff888b96000 	D:\jdk_21.0.7.6\bin\nio.dll
0x00007ff888b60000 - 0x00007ff888b78000 	D:\jdk_21.0.7.6\bin\zip.dll
0x00007ff8c1520000 - 0x00007ff8c153b000 	C:\WINDOWS\SYSTEM32\CRYPTSP.dll
0x00007ff8c0be0000 - 0x00007ff8c0c19000 	C:\WINDOWS\system32\rsaenh.dll
0x00007ff8c12e0000 - 0x00007ff8c1312000 	C:\WINDOWS\SYSTEM32\USERENV.dll
0x00007ff8c1d60000 - 0x00007ff8c1d8a000 	C:\WINDOWS\SYSTEM32\bcrypt.dll
0x00007ff8c1540000 - 0x00007ff8c154c000 	C:\WINDOWS\SYSTEM32\CRYPTBASE.dll
0x00007ff8c0710000 - 0x00007ff8c0743000 	C:\WINDOWS\SYSTEM32\IPHLPAPI.DLL
0x00007ff8c2ba0000 - 0x00007ff8c2baa000 	C:\WINDOWS\System32\NSI.dll
0x00007ff888c90000 - 0x00007ff888ca0000 	D:\jdk_21.0.7.6\bin\verify.dll
0x00007ff82df40000 - 0x00007ff82e029000 	C:\Users\ASUS\AppData\Local\Temp\sqlite-3.41.2.1-cfad2671-ccbd-4720-a04f-7e1edcad4cef-sqlitejdbc.dll

dbghelp: loaded successfully - version: 4.0.5 - missing functions: none
symbol engine: initialized successfully - sym options: 0x614 - pdb path: .;D:\jdk_21.0.7.6\bin;C:\WINDOWS\SYSTEM32;C:\WINDOWS\WinSxS\amd64_microsoft.windows.common-controls_6595b64144ccf1df_6.0.26100.8972_none_3e0da176e32f9d4b;D:\jdk_21.0.7.6\bin\server;C:\Users\ASUS\AppData\Local\Temp

VM Arguments:
jvm_args: -DkotlinLanguageServer.version=1.3.13 
java_command: org.javacs.kt.MainKt
java_class_path (initial): c:\Users\ASUS\AppData\Roaming\Code\User\globalStorage\fwcd.kotlin\langServerInstall\server\lib\server-1.3.13.jar;c:\Users\ASUS\AppData\Roaming\Code\User\globalStorage\fwcd.kotlin\langServerInstall\server\lib\shared-1.3.13.jar;c:\Users\ASUS\AppData\Roaming\Code\User\globalStorage\fwcd.kotlin\langServerInstall\server\lib\kotlin-scripting-jvm-host-unshaded-2.1.0.jar;c:\Users\ASUS\AppData\Roaming\Code\User\globalStorage\fwcd.kotlin\langServerInstall\server\lib\kotlin-scripting-compiler-2.1.0.jar;c:\Users\ASUS\AppData\Roaming\Code\User\globalStorage\fwcd.kotlin\langServerInstall\server\lib\ktfmt-b5d31d1.jar;c:\Users\ASUS\AppData\Roaming\Code\User\globalStorage\fwcd.kotlin\langServerInstall\server\lib\kotlin-compiler-2.1.0.jar;c:\Users\ASUS\AppData\Roaming\Code\User\globalStorage\fwcd.kotlin\langServerInstall\server\lib\exposed-dao-0.37.3.jar;c:\Users\ASUS\AppData\Roaming\Code\User\globalStorage\fwcd.kotlin\langServerInstall\server\lib\exposed-jdbc-0.37.3.jar;c:\Users\ASUS\AppData\Roaming\Code\User\globalStorage\fwcd.kotlin\langServerInstall\server\lib\exposed-core-0.37.3.jar;c:\Users\ASUS\AppData\Roaming\Code\User\globalStorage\fwcd.kotlin\langServerInstall\server\lib\kotlin-scripting-compiler-impl-2.1.0.jar;c:\Users\ASUS\AppData\Roaming\Code\User\globalStorage\fwcd.kotlin\langServerInstall\server\lib\kotlin-reflect-2.1.0.jar;c:\Users\ASUS\AppData\Roaming\Code\User\globalStorage\fwcd.kotlin\langServerInstall\server\lib\kotlin-scripting-jvm-2.1.0.jar;c:\Users\ASUS\AppData\Roaming\Code\User\globalStorage\fwcd.kotlin\langServerInstall\server\lib\kotlin-scripting-common-2.1.0.jar;c:\Users\ASUS\AppData\Roaming\Code\User\globalStorage\fwcd.kotlin\langServerInstall\server\lib\kotlinx-coroutines-core-jvm-1.6.4.jar;c:\Users\ASUS\AppData\Roaming\Code\User\globalStorage\fwcd.kotlin\langServerInstall\server\lib\kotlin-stdlib-jdk8-2.1.0.jar;c:\Users\ASUS\AppData\Roaming\Code\User\globalStorage\fwcd.kotlin\langServerInstall\server\lib\kotlin-stdlib-jdk7-2.1.0.jar;c:\Users\ASUS\AppData\Roaming\Code\User\globalStorage\fwcd.kotlin\langServerInstall\server\lib\kotlin-stdlib-2.1.0.jar;c:\Users\ASUS\AppData\Roaming\Code\User\globalStorage\fwcd.kotlin\langServerInstall\server\lib\org.eclipse.lsp4j-0.21.2.jar;c:\Users\ASUS\AppData\Roaming\Code\User\globalStorage\fwcd.kotlin\langServerInstall\server\lib\org.eclipse.lsp4j.jsonrpc-0.21.2.jar;c:\Users\ASUS\AppData\Roaming\Code\User\globalStorage\fwcd.kotlin\langServerInstall\server\lib\kotlin-sam-with-receiver-compiler-plugin-2.1.0.jar;c:\Users\ASUS\AppData\Roaming\Code\User\globalStorage\fwcd.kotlin\langServerInstall\server\lib\fernflower-1.0.jar;c:\Users\ASUS\AppData\Roaming\Code\User\globalStorage\fwcd.kotlin\langServerInstall\server\lib\h2-1.4.200.jar;c:\Users\ASUS\AppData\Roaming\Code\User\globalStorage\fwcd.kotlin\langServerInstall\server\lib\jcommander-1.78.jar;c:\Users\ASUS\AppData\Roaming\Code\User\globalStorage\fwcd.kotlin\langServerInstall\server\lib\sqlite-jdbc-3.41.2.1.jar;c:\Users\ASUS\AppData\Roaming\Code\User\globalStorage\fwcd.kotlin\langServerInstall\server\lib\google-java-format-1.8.jar;c:\Users\ASUS\AppData\Roaming\Code\User\globalStorage\fwcd.kotlin\langServerInstall\server\lib\guava-33.3.0-jre.jar;c:\Users\ASUS\AppData\Roaming\Code\User\globalStorage\fwcd.kotlin\langServerInstall\server\lib\annotations-13.0.jar;c:\Users\ASUS\AppData\Roaming\Code\User\globalStorage\fwcd.kotlin\langServerInstall\server\lib\gson-2.10.1.jar;c:\Users\ASUS\AppData\Roaming\Code\User\globalStorage\fwcd.kotlin\langServerInstall\server\lib\kotlin-script-runtime-2.1.0.jar;c:\Users\ASUS\AppData\Roaming\Code\User\globalStorage\fwcd.kotlin\langServerInstall\server\lib\trove4j-1.0.20200330.jar;c:\Users\ASUS\AppData\Roaming\Code\User\globalStorage\fwcd.kotlin\langServerInstall\server\lib\jline-3.24.1.jar;c:\Users\ASUS\AppData\Roaming\Code\User\globalStorage\fwcd.kotlin\langServerInstall\server\lib\slf4j-api-1.7.25.jar;c:\Users\ASUS\AppData\Roaming\Code\User\globalStorage\fwcd.kotlin\langServerInstall\server\lib\jna-4.2.2.jar;c:\Users\ASUS\AppData\Roaming\Code\User\globalStorage\fwcd.kotlin\langServerInstall\server\lib\failureaccess-1.0.2.jar;c:\Users\ASUS\AppData\Roaming\Code\User\globalStorage\fwcd.kotlin\langServerInstall\server\lib\listenablefuture-9999.0-empty-to-avoid-conflict-with-guava.jar;c:\Users\ASUS\AppData\Roaming\Code\User\globalStorage\fwcd.kotlin\langServerInstall\server\lib\jsr305-3.0.2.jar;c:\Users\ASUS\AppData\Roaming\Code\User\globalStorage\fwcd.kotlin\langServerInstall\server\lib\checker-qual-3.43.0.jar;c:\Users\ASUS\AppData\Roaming\Code\User\globalStorage\fwcd.kotlin\langServerInstall\server\lib\error_prone_annotations-2.28.0.jar
Launcher Type: SUN_STANDARD

[Global flags]
     intx CICompilerCount                          = 15                                        {product} {ergonomic}
     uint ConcGCThreads                            = 6                                         {product} {ergonomic}
     uint G1ConcRefinementThreads                  = 23                                        {product} {ergonomic}
   size_t G1HeapRegionSize                         = 2097152                                   {product} {ergonomic}
    uintx GCDrainStackTargetSize                   = 64                                        {product} {ergonomic}
   size_t InitialHeapSize                          = 264241152                                 {product} {ergonomic}
   size_t MarkStackSize                            = 4194304                                   {product} {ergonomic}
   size_t MaxHeapSize                              = 4196401152                                {product} {ergonomic}
   size_t MaxNewSize                               = 2516582400                                {product} {ergonomic}
   size_t MinHeapDeltaBytes                        = 2097152                                   {product} {ergonomic}
   size_t MinHeapSize                              = 8388608                                   {product} {ergonomic}
    uintx NonNMethodCodeHeapSize                   = 8192380                                {pd product} {ergonomic}
    uintx NonProfiledCodeHeapSize                  = 121732930                              {pd product} {ergonomic}
    uintx ProfiledCodeHeapSize                     = 121732930                              {pd product} {ergonomic}
    uintx ReservedCodeCacheSize                    = 251658240                              {pd product} {ergonomic}
     bool SegmentedCodeCache                       = true                                      {product} {ergonomic}
   size_t SoftMaxHeapSize                          = 4196401152                             {manageable} {ergonomic}
     bool UseCompressedOops                        = true                           {product lp64_product} {ergonomic}
     bool UseG1GC                                  = true                                      {product} {ergonomic}
     bool UseLargePagesIndividualAllocation        = false                                  {pd product} {ergonomic}

Logging:
Log output configuration:
 #0: stdout all=warning uptime,level,tags foldmultilines=false
 #1: stderr all=off uptime,level,tags foldmultilines=false

Environment Variables:
JAVA_HOME=D:\jdk_21.0.7.6
CLASSPATH=c:\Users\ASUS\AppData\Roaming\Code\User\globalStorage\fwcd.kotlin\langServerInstall\server\lib\server-1.3.13.jar;c:\Users\ASUS\AppData\Roaming\Code\User\globalStorage\fwcd.kotlin\langServerInstall\server\lib\shared-1.3.13.jar;c:\Users\ASUS\AppData\Roaming\Code\User\globalStorage\fwcd.kotlin\langServerInstall\server\lib\kotlin-scripting-jvm-host-unshaded-2.1.0.jar;c:\Users\ASUS\AppData\Roaming\Code\User\globalStorage\fwcd.kotlin\langServerInstall\server\lib\kotlin-scripting-compiler-2.1.0.jar;c:\Users\ASUS\AppData\Roaming\Code\User\globalStorage\fwcd.kotlin\langServerInstall\server\lib\ktfmt-b5d31d1.jar;c:\Users\ASUS\AppData\Roaming\Code\User\globalStorage\fwcd.kotlin\langServerInstall\server\lib\kotlin-compiler-2.1.0.jar;c:\Users\ASUS\AppData\Roaming\Code\User\globalStorage\fwcd.kotlin\langServerInstall\server\lib\exposed-dao-0.37.3.jar;c:\Users\ASUS\AppData\Roaming\Code\User\globalStorage\fwcd.kotlin\langServerInstall\server\lib\exposed-jdbc-0.37.3.jar;c:\Users\ASUS\AppData\Roaming\Code\User\globalStorage\fwcd.kotlin\langServerInstall\server\lib\exposed-core-0.37.3.jar;c:\Users\ASUS\AppData\Roaming\Code\User\globalStorage\fwcd.kotlin\langServerInstall\server\lib\kotlin-scripting-compiler-impl-2.1.0.jar;c:\Users\ASUS\AppData\Roaming\Code\User\globalStorage\fwcd.kotlin\langServerInstall\server\lib\kotlin-reflect-2.1.0.jar;c:\Users\ASUS\AppData\Roaming\Code\User\globalStorage\fwcd.kotlin\langServerInstall\server\lib\kotlin-scripting-jvm-2.1.0.jar;c:\Users\ASUS\AppData\Roaming\Code\User\globalStorage\fwcd.kotlin\langServerInstall\server\lib\kotlin-scripting-common-2.1.0.jar;c:\Users\ASUS\AppData\Roaming\Code\User\globalStorage\fwcd.kotlin\langServerInstall\server\lib\kotlinx-coroutines-core-jvm-1.6.4.jar;c:\Users\ASUS\AppData\Roaming\Code\User\globalStorage\fwcd.kotlin\langServerInstall\server\lib\kotlin-stdlib-jdk8-2.1.0.jar;c:\Users\ASUS\AppData\Roaming\Code\User\globalStorage\fwcd.kotlin\langServerInstall\server\lib\kotlin-stdlib-jdk7-2.1.0.jar;c:\Users\ASUS\AppData\Roaming\Code\User\globalStorage\fwcd.kotlin\langServerInstall\server\lib\kotlin-stdlib-2.1.0.jar;c:\Users\ASUS\AppData\Roaming\Code\User\globalStorage\fwcd.kotlin\langServerInstall\server\lib\org.eclipse.lsp4j-0.21.2.jar;c:\Users\ASUS\AppData\Roaming\Code\User\globalStorage\fwcd.kotlin\langServerInstall\server\lib\org.eclipse.lsp4j.jsonrpc-0.21.2.jar;c:\Users\ASUS\AppData\Roaming\Code\User\globalStorage\fwcd.kotlin\langServerInstall\server\lib\kotlin-sam-with-receiver-compiler-plugin-2.1.0.jar;c:\Users\ASUS\AppData\Roaming\Code\User\globalStorage\fwcd.kotlin\langServerInstall\server\lib\fernflower-1.0.jar;c:\Users\ASUS\AppData\Roaming\Code\User\globalStorage\fwcd.kotlin\langServerInstall\server\lib\h2-1.4.200.jar;c:\Users\ASUS\AppData\Roaming\Code\User\globalStorage\fwcd.kotlin\langServerInstall\server\lib\jcommander-1.78.jar;c:\Users\ASUS\AppData\Roaming\Code\User\globalStorage\fwcd.kotlin\langServerInstall\server\lib\sqlite-jdbc-3.41.2.1.jar;c:\Users\ASUS\AppData\Roaming\Code\User\globalStorage\fwcd.kotlin\langServerInstall\server\lib\google-java-format-1.8.jar;c:\Users\ASUS\AppData\Roaming\Code\User\globalStorage\fwcd.kotlin\langServerInstall\server\lib\guava-33.3.0-jre.jar;c:\Users\ASUS\AppData\Roaming\Code\User\globalStorage\fwcd.kotlin\langServerInstall\server\lib\annotations-13.0.jar;c:\Users\ASUS\AppData\Roaming\Code\User\globalStorage\fwcd.kotlin\langServerInstall\server\lib\gson-2.10.1.jar;c:\Users\ASUS\AppData\Roaming\Code\User\globalStorage\fwcd.kotlin\langServerInstall\server\lib\kotlin-script-runtime-2.1.0.jar;c:\Users\ASUS\AppData\Roaming\Code\User\globalStorage\fwcd.kotlin\langServerInstall\server\lib\trove4j-1.0.20200330.jar;c:\Users\ASUS\AppData\Roaming\Code\User\globalStorage\fwcd.kotlin\langServerInstall\server\lib\jline-3.24.1.jar;c:\Users\ASUS\AppData\Roaming\Code\User\globalStorage\fwcd.kotlin\langServerInstall\server\lib\slf4j-api-1.7.25.jar;c:\Users\ASUS\AppData\Roaming\Code\User\globalStorage\fwcd.kotlin\langServerInstall\server\lib\jna-4.2.2.jar;c:\Users\ASUS\AppData\Roaming\Code\User\globalStorage\fwcd.kotlin\langServerInstall\server\lib\failureaccess-1.0.2.jar;c:\Users\ASUS\AppData\Roaming\Code\User\globalStorage\fwcd.kotlin\langServerInstall\server\lib\listenablefuture-9999.0-empty-to-avoid-conflict-with-guava.jar;c:\Users\ASUS\AppData\Roaming\Code\User\globalStorage\fwcd.kotlin\langServerInstall\server\lib\jsr305-3.0.2.jar;c:\Users\ASUS\AppData\Roaming\Code\User\globalStorage\fwcd.kotlin\langServerInstall\server\lib\checker-qual-3.43.0.jar;c:\Users\ASUS\AppData\Roaming\Code\User\globalStorage\fwcd.kotlin\langServerInstall\server\lib\error_prone_annotations-2.28.0.jar
PATH=E:\VMware\VMware Workstation\bin\;C:\Program Files\NVIDIA GPU Computing Toolkit\CUDA\v12.6\bin;C:\Program Files\NVIDIA GPU Computing Toolkit\CUDA\v12.6\libnvvp;D:\jdk_21.0.7.6\bin;C:\Windows\system32;C:\Windows;C:\Windows\System32\Wbem;C:\Windows\System32\WindowsPowerShell\v1.0\;C:\Windows\System32\OpenSSH\;C:\Program Files (x86)\NVIDIA Corporation\PhysX\Common;C:\Program Files\NVIDIA Corporation\NVIDIA NvDLISR;C:\Program Files\dotnet\;D:\Git\cmd;C:\Program Files (x86)\ZeroTier\One\;E:\Python;E:\Python\Scripts;D:\MySQL\MySQL Server 8.0\bin;D:\MATLAB R2024a(64bit)\MATLAB\R2024a\runtime\win64;D:\MATLAB R2024a(64bit)\MATLAB\R2024a\bin;D:\anaconda3\condabin;C:\Program Files\Microsoft SQL Server\Client SDK\ODBC\170\Tools\Binn\;C:\Program Files (x86)\Microsoft SQL Server\150\Tools\Binn\;C:\Program Files\Microsoft SQL Server\150\Tools\Binn\;C:\Program Files\Microsoft SQL Server\150\DTS\Binn\;C:\Program Files (x86)\Windows Kits\8.1\Windows Performance Toolkit\;D:\texlive\2024\bin\windows;C:\WINDOWS\system32;C:\WINDOWS;C:\WINDOWS\System32\Wbem;C:\WINDOWS\System32\WindowsPowerShell\v1.0\;C:\WINDOWS\System32\OpenSSH\;D:\Arduino IDE;D:\msys64\ucrt64\bin\;D:\Neo4j\bin;C:\Users\ASUS\AppData\Roaming\npm;C:\Program Files\NVIDIA Corporation\Nsight Compute 2024.3.2\;D:\USBip;d:\nodejs\;C:\Users\ASUS\AppData\Local\Microsoft\WindowsApps\winget.exe;E:\adb;E:\hdc;D:\Google\Chrome\Application;C:\Windows\system32;C:\Windows;C:\Windows\System32\Wbem;C:\Windows\System32\WindowsPowerShell\v1.0\;C:\Windows\System32\OpenSSH\;C:\Program Files (x86)\NVIDIA Corporation\PhysX\Common;C:\Program Files\NVIDIA Corporation\NVIDIA NvDLISR;C:\Program Files\dotnet\;D:\Git\cmd;d:\nodejs\;C:\Program Files\Cloudflare\Cloudflare WARP\;C:\Program Files (x86)\ZeroTier\One\;E:\Python;E:\Python\Scripts;D:\MySQL\MySQL Server 8.0\bin;D:\MATLAB R2024a(64bit)\MATLAB\R2024a\runtime\win64;D:\MATLAB R2024a(64bit)\MATLAB\R2024a\bin;D:\anaconda3\condabin;C:\Program Files\Microsoft SQL Server\Client SDK\ODBC\170\Tools\Binn\;C:\Program Files (x86)\Microsoft SQL Server\150\Tools\Binn\;C:\Program Files\Microsoft SQL Server\150\Tools\Binn\;C:\Program Files\Microsoft SQL Server\150\DTS\Binn\;C:\Program Files (x86)\Windows Kits\8.1\Windows Performance Toolkit\;D:\texlive\2024\bin\windows;D:\Microsoft VS Code\bin;F:\Users\ASUS\AppData\Local\Programs\cursor\resources\app\bin;D:\Ollama;C:\Users\ASUS\AppData\Roaming\npm;C:\Users\ASUS\AppData\Local\Microsoft\WinGet\Links;C:\Users\ASUS\.dotnet\tools;C:\Users\ASUS\AppData\Local\Programs\Tuanjie Cowork;C:\Users\ASUS\AppData\Local\Programs\Tuanjie Cowork\cli\bin\win32-x64;C:\Users\ASUS\AppData\Local\Programs\Tuanjie Cowork\app\resource\core\bin\win32-x64
USERNAME=ASUS
OS=Windows_NT
PROCESSOR_IDENTIFIER=Intel64 Family 6 Model 183 Stepping 1, GenuineIntel
TMP=C:\Users\ASUS\AppData\Local\Temp
TEMP=C:\Users\ASUS\AppData\Local\Temp




Periodic native trim disabled

---------------  S Y S T E M  ---------------

OS:
 Windows 11 , 64 bit Build 26100 (10.0.26100.9168)
OS uptime: 0 days 1:30 hours

CPU: total 32 (initial active 32) (16 cores per cpu, 2 threads per core) family 6 model 183 stepping 1 microcode 0x12b, cx8, cmov, fxsr, ht, mmx, 3dnowpref, sse, sse2, sse3, ssse3, sse4.1, sse4.2, popcnt, lzcnt, tsc, tscinvbit, avx, avx2, aes, erms, clmul, bmi1, bmi2, adx, sha, fma, vzeroupper, clflush, clflushopt, clwb, serialize, rdtscp, rdpid, fsrm, f16c, pku, cet_ibt, cet_ss
Processor Information for processor 0
  Max Mhz: 2200, Current Mhz: 2200, Mhz Limit: 2200
Processor Information for processor 1
  Max Mhz: 2200, Current Mhz: 2200, Mhz Limit: 2200
Processor Information for processor 2
  Max Mhz: 2200, Current Mhz: 2200, Mhz Limit: 2200
Processor Information for processor 3
  Max Mhz: 2200, Current Mhz: 1466, Mhz Limit: 2200
Processor Information for processor 4
  Max Mhz: 2200, Current Mhz: 2200, Mhz Limit: 2200
Processor Information for processor 5
  Max Mhz: 2200, Current Mhz: 1466, Mhz Limit: 2200
Processor Information for processor 6
  Max Mhz: 2200, Current Mhz: 1466, Mhz Limit: 2200
Processor Information for processor 7
  Max Mhz: 2200, Current Mhz: 2200, Mhz Limit: 2200
Processor Information for processor 8
  Max Mhz: 2200, Current Mhz: 2200, Mhz Limit: 2200
Processor Information for processor 9
  Max Mhz: 2200, Current Mhz: 2200, Mhz Limit: 2200
Processor Information for processor 10
  Max Mhz: 2200, Current Mhz: 2200, Mhz Limit: 2200
Processor Information for processor 11
  Max Mhz: 2200, Current Mhz: 2200, Mhz Limit: 2200
Processor Information for processor 12
  Max Mhz: 2200, Current Mhz: 1466, Mhz Limit: 2200
Processor Information for processor 13
  Max Mhz: 2200, Current Mhz: 2200, Mhz Limit: 2200
Processor Information for processor 14
  Max Mhz: 2200, Current Mhz: 1466, Mhz Limit: 2200
Processor Information for processor 15
  Max Mhz: 2200, Current Mhz: 2200, Mhz Limit: 2200
Processor Information for processor 16
  Max Mhz: 2200, Current Mhz: 1600, Mhz Limit: 1584
Processor Information for processor 17
  Max Mhz: 2200, Current Mhz: 1600, Mhz Limit: 1584
Processor Information for processor 18
  Max Mhz: 2200, Current Mhz: 1600, Mhz Limit: 1584
Processor Information for processor 19
  Max Mhz: 2200, Current Mhz: 1600, Mhz Limit: 1584
Processor Information for processor 20
  Max Mhz: 2200, Current Mhz: 1500, Mhz Limit: 1584
Processor Information for processor 21
  Max Mhz: 2200, Current Mhz: 1500, Mhz Limit: 1584
Processor Information for processor 22
  Max Mhz: 2200, Current Mhz: 1500, Mhz Limit: 1584
Processor Information for processor 23
  Max Mhz: 2200, Current Mhz: 1600, Mhz Limit: 1584
Processor Information for processor 24
  Max Mhz: 2200, Current Mhz: 1600, Mhz Limit: 1584
Processor Information for processor 25
  Max Mhz: 2200, Current Mhz: 1500, Mhz Limit: 1584
Processor Information for processor 26
  Max Mhz: 2200, Current Mhz: 1600, Mhz Limit: 1584
Processor Information for processor 27
  Max Mhz: 2200, Current Mhz: 1600, Mhz Limit: 1584
Processor Information for processor 28
  Max Mhz: 2200, Current Mhz: 1600, Mhz Limit: 1584
Processor Information for processor 29
  Max Mhz: 2200, Current Mhz: 1600, Mhz Limit: 1584
Processor Information for processor 30
  Max Mhz: 2200, Current Mhz: 1600, Mhz Limit: 1584
Processor Information for processor 31
  Max Mhz: 2200, Current Mhz: 1500, Mhz Limit: 1584

Memory: 4k page, system-wide physical 16002M (406M free)
TotalPageFile size 31754M (AvailPageFile size 137M)
current process WorkingSet (physical memory assigned to process): 1450M, peak: 1451M
current process commit charge ("private bytes"): 1636M, peak: 1992M

vm_info: OpenJDK 64-Bit Server VM (21.0.7+6-LTS) for windows-amd64 JRE (21.0.7+6-LTS), built on 2025-04-15T00:00:00Z by "admin" with MS VC++ 17.7 (VS2022)

END.
