version 2
JvmtiExport can_access_local_variables 0
JvmtiExport can_hotswap_or_post_breakpoint 0
JvmtiExport can_post_on_exceptions 0
# 519 ciObject found
instanceKlass jdk/internal/loader/Resource
ciInstanceKlass java/lang/Cloneable 1 0 7 100 1 100 1 1 1
instanceKlass org/jetbrains/kotlin/resolve/TypeResolver$TypeTransformerForTests
instanceKlass org/jetbrains/kotlin/load/java/components/TraceBasedErrorReporter
instanceKlass org/jetbrains/kotlin/load/java/components/SignaturePropagatorImpl
instanceKlass org/jetbrains/kotlin/load/java/components/SignaturePropagator
instanceKlass org/jetbrains/kotlin/load/java/components/JavaPropertyInitializerEvaluatorImpl
instanceKlass org/jetbrains/kotlin/load/java/components/JavaPropertyInitializerEvaluator
instanceKlass org/jetbrains/kotlin/load/kotlin/DeserializationComponentsForJava
instanceKlass org/jetbrains/kotlin/resolve/jvm/JavaDescriptorResolver
instanceKlass org/jetbrains/kotlin/load/kotlin/VirtualFileFinder$SERVICE
instanceKlass org/jetbrains/kotlin/load/kotlin/VirtualFileFinderFactory$SERVICE
instanceKlass org/jetbrains/kotlin/resolve/AnnotationResolver
instanceKlass org/jetbrains/kotlin/resolve/LazyTopDownAnalyzer
instanceKlass org/jetbrains/kotlin/resolve/lazy/ResolveSession
instanceKlass org/jetbrains/kotlin/resolve/lazy/LazyClassContext
instanceKlass org/jetbrains/kotlin/resolve/lazy/KotlinCodeAnalyzer
instanceKlass org/jetbrains/kotlin/resolve/lazy/TopLevelDescriptorProvider
instanceKlass org/jetbrains/kotlin/util/ProgressManagerBasedCancellationChecker
instanceKlass org/jetbrains/kotlin/util/CancellationChecker
instanceKlass org/jetbrains/kotlin/resolve/calls/inference/components/ClassicConstraintSystemUtilContext
instanceKlass org/jetbrains/kotlin/resolve/calls/inference/components/ConstraintSystemUtilContext
instanceKlass org/jetbrains/kotlin/resolve/calls/components/ClassicTypeSystemContextForCS
instanceKlass org/jetbrains/kotlin/types/model/TypeSystemInferenceExtensionContextDelegate
instanceKlass org/jetbrains/kotlin/types/checker/ClassicTypeSystemContext
instanceKlass org/jetbrains/kotlin/types/model/TypeSystemInferenceExtensionContext
instanceKlass org/jetbrains/kotlin/types/model/TypeSystemCommonSuperTypesContext
instanceKlass org/jetbrains/kotlin/types/model/TypeSystemTypeFactoryContext
instanceKlass org/jetbrains/kotlin/types/model/TypeCheckerProviderContext
instanceKlass org/jetbrains/kotlin/types/model/TypeSystemBuiltInsContext
instanceKlass org/jetbrains/kotlin/types/TypeSystemCommonBackendContext
instanceKlass org/jetbrains/kotlin/types/model/TypeSystemContext
instanceKlass org/jetbrains/kotlin/types/model/TypeSystemOptimizationContext
instanceKlass org/jetbrains/kotlin/resolve/calls/components/BuiltInsProvider
instanceKlass org/jetbrains/kotlin/contracts/ContractDeserializerImpl
instanceKlass org/jetbrains/kotlin/resolve/checkers/OptInUsageChecker$ClassifierUsage
instanceKlass org/jetbrains/kotlin/resolve/checkers/OptInUsageChecker$Overrides
instanceKlass org/jetbrains/kotlin/resolve/checkers/OptInUsageChecker
instanceKlass org/jetbrains/kotlin/resolve/calls/smartcasts/DataFlowValueFactoryImpl
instanceKlass org/jetbrains/kotlin/resolve/calls/smartcasts/DataFlowValueFactory
instanceKlass org/jetbrains/kotlin/resolve/calls/tower/KotlinResolutionStatelessCallbacksImpl
instanceKlass org/jetbrains/kotlin/resolve/calls/components/KotlinResolutionStatelessCallbacks
instanceKlass org/jetbrains/kotlin/resolve/SupertypeLoopCheckerImpl
instanceKlass org/jetbrains/kotlin/samWithReceiver/SamWithReceiverResolverExtension
instanceKlass org/jetbrains/kotlin/resolve/sam/SamWithReceiverResolver
instanceKlass org/jetbrains/kotlin/platform/jvm/JvmPlatformKt
instanceKlass org/jetbrains/kotlin/resolve/jvm/checkers/RepeatableAnnotationChecker
instanceKlass org/jetbrains/kotlin/resolve/checkers/ExpectedActualDeclarationChecker
instanceKlass org/jetbrains/kotlin/resolve/checkers/OptInMarkerDeclarationAnnotationChecker
instanceKlass org/jetbrains/kotlin/resolve/jvm/checkers/JvmSerializableLambdaAnnotationChecker
instanceKlass org/jetbrains/kotlin/resolve/jvm/multiplatform/JavaActualAnnotationArgumentExtractor
instanceKlass org/jetbrains/kotlin/resolve/checkers/ExpectedActualDeclarationChecker$ActualAnnotationArgumentExtractor
instanceKlass org/jetbrains/kotlin/types/expressions/GenericArrayClassLiteralSupport$Enabled
instanceKlass org/jetbrains/kotlin/types/expressions/GenericArrayClassLiteralSupport
instanceKlass org/jetbrains/kotlin/types/expressions/FunctionWithBigAritySupport$LanguageVersionDependent
instanceKlass org/jetbrains/kotlin/types/expressions/FunctionWithBigAritySupport
instanceKlass org/jetbrains/kotlin/resolve/jvm/JvmPlatformAnnotationFeaturesSupport
instanceKlass org/jetbrains/kotlin/resolve/PlatformAnnotationFeaturesSupport
instanceKlass org/jetbrains/kotlin/resolve/jvm/checkers/JvmRecordApplicabilityChecker
instanceKlass org/jetbrains/kotlin/resolve/jvm/JvmAdditionalClassPartsProvider
instanceKlass org/jetbrains/kotlin/resolve/AdditionalClassPartsProvider
instanceKlass org/jetbrains/kotlin/load/java/sam/JvmSamConversionOracle
instanceKlass org/jetbrains/kotlin/resolve/sam/SamConversionOracle
instanceKlass org/jetbrains/kotlin/resolve/jvm/JvmPlatformOverloadsSpecificityComparator
instanceKlass org/jetbrains/kotlin/resolve/calls/results/PlatformOverloadsSpecificityComparator
instanceKlass org/jetbrains/kotlin/resolve/jvm/JvmTypeSpecificityComparator
instanceKlass org/jetbrains/kotlin/resolve/jvm/checkers/JvmModuleAccessibilityChecker$ClassifierUsage
instanceKlass org/jetbrains/kotlin/resolve/jvm/checkers/JvmModuleAccessibilityChecker
instanceKlass org/jetbrains/kotlin/resolve/jvm/checkers/InlinePlatformCompatibilityChecker
instanceKlass org/jetbrains/kotlin/resolve/jvm/checkers/JvmDefaultChecker
instanceKlass org/jetbrains/kotlin/resolve/jvm/checkers/InterfaceDefaultMethodCallChecker
instanceKlass org/jetbrains/kotlin/synthetic/JavaSyntheticScopes
instanceKlass org/jetbrains/kotlin/resolve/scopes/SyntheticScopes
instanceKlass org/jetbrains/kotlin/resolve/calls/checkers/AbstractReflectionApiCallChecker
instanceKlass org/jetbrains/kotlin/resolve/jvm/checkers/JvmStaticChecker
instanceKlass org/jetbrains/kotlin/resolve/jvm/checkers/JavaNullabilityChecker
# instanceKlass org/jetbrains/kotlin/container/SingletonDescriptor$$Lambda+0x000002390a54fbe8
instanceKlass org/jetbrains/kotlin/container/SingletonDescriptor
instanceKlass org/jetbrains/kotlin/resolve/UpperBoundChecker
instanceKlass org/jetbrains/kotlin/frontend/di/InjectionKt
# instanceKlass java/lang/invoke/LambdaForm$MH+0x000002390a54d000
# instanceKlass java/lang/invoke/LambdaForm$DMH+0x000002390a54cc00
# instanceKlass java/lang/invoke/LambdaForm$DMH+0x000002390a54c800
# instanceKlass org/jetbrains/kotlin/frontend/java/di/InjectionKt$$Lambda+0x000002390a54ea48
# instanceKlass java/lang/invoke/LambdaForm$DMH+0x000002390a54c400
instanceKlass org/jetbrains/kotlin/load/java/JavaClassesTracker
instanceKlass org/jetbrains/kotlin/resolve/calls/tower/ImplicitsExtensionsResolutionFilter
instanceKlass org/jetbrains/kotlin/resolve/scopes/optimization/OptimizingOptions
instanceKlass org/jetbrains/kotlin/types/WrappedTypeFactory
# instanceKlass java/lang/invoke/LambdaForm$MH+0x000002390a54c000
instanceKlass org/jetbrains/kotlin/resolve/checkers/ClassifierUsageCheckerContext
instanceKlass org/jetbrains/kotlin/resolve/calls/context/ResolutionContext
instanceKlass kotlin/annotation/MustBeDocumented
instanceKlass kotlin/jvm/JvmStatic
instanceKlass org/jetbrains/kotlin/resolve/calls/checkers/CallCheckerContext
instanceKlass org/jetbrains/kotlin/resolve/calls/model/ResolvedCall
instanceKlass org/jetbrains/kotlin/descriptors/annotations/AnnotationDescriptor
instanceKlass org/jetbrains/kotlin/types/model/AnnotationMarker
instanceKlass org/jetbrains/kotlin/container/ConstructorInfo
# instanceKlass com/intellij/util/containers/MultiMap$$Lambda+0x000002390a54a748
instanceKlass com/intellij/util/ObjectUtilsRt
instanceKlass org/jetbrains/kotlin/container/DefaultImplementation
instanceKlass  @bci kotlin/sequences/SequencesKt__SequencesKt generateSequence (Ljava/lang/Object;Lkotlin/jvm/functions/Function1;)Lkotlin/sequences/Sequence; 24 <appendix> member <vmtarget> ; # kotlin/sequences/SequencesKt__SequencesKt$$Lambda+0x000002390a549c58
# instanceKlass org/jetbrains/kotlin/container/CacheKt$$Lambda+0x000002390a549a48
instanceKlass org/jetbrains/kotlin/resolve/checkers/DeclarationCheckerContext
instanceKlass org/jetbrains/kotlin/resolve/checkers/CheckerContext
instanceKlass org/jetbrains/kotlin/container/ClassInfo
instanceKlass org/jetbrains/kotlin/container/ClassTraversalCache
instanceKlass org/jetbrains/kotlin/container/CacheKt
instanceKlass org/jetbrains/kotlin/container/DynamicComponentDescriptor
instanceKlass org/jetbrains/kotlin/container/InstanceComponentDescriptor
instanceKlass org/jetbrains/kotlin/container/ComponentDescriptor
instanceKlass org/jetbrains/kotlin/container/ValueDescriptor
instanceKlass org/jetbrains/kotlin/container/ContainerKt
instanceKlass org/jetbrains/kotlin/resolve/checkers/PlatformDiagnosticSuppressor
instanceKlass org/jetbrains/kotlin/resolve/lazy/AbsentDescriptorHandler
instanceKlass org/jetbrains/kotlin/types/DynamicTypesSettings
instanceKlass org/jetbrains/kotlin/resolve/calls/results/TypeSpecificityComparator$NONE
instanceKlass org/jetbrains/kotlin/resolve/calls/results/TypeSpecificityComparator
instanceKlass org/jetbrains/kotlin/resolve/checkers/OptionalExpectationUsageChecker
instanceKlass org/jetbrains/kotlin/resolve/checkers/MissingDependencyClassChecker$ClassifierUsage
instanceKlass org/jetbrains/kotlin/resolve/checkers/ApiVersionClassifierUsageChecker
instanceKlass org/jetbrains/kotlin/resolve/checkers/DeprecatedClassifierUsageChecker
instanceKlass org/jetbrains/kotlin/resolve/calls/checkers/EnumEntriesUnsupportedChecker
instanceKlass org/jetbrains/kotlin/resolve/calls/checkers/CustomEnumEntriesMigrationCallChecker
instanceKlass org/jetbrains/kotlin/resolve/calls/checkers/CompanionIncorrectlyUnboundedWhenUsedAsLHSCallChecker
instanceKlass org/jetbrains/kotlin/resolve/calls/checkers/IncorrectCapturedApproximationCallChecker
instanceKlass org/jetbrains/kotlin/resolve/calls/checkers/BuilderInferenceAssignmentChecker
instanceKlass org/jetbrains/kotlin/resolve/calls/checkers/UnsupportedUntilOperatorChecker
instanceKlass org/jetbrains/kotlin/resolve/calls/checkers/EqualityCallChecker
instanceKlass org/jetbrains/kotlin/resolve/calls/checkers/ResolutionToPrivateConstructorOfSealedClassChecker
instanceKlass org/jetbrains/kotlin/resolve/calls/checkers/CompanionInParenthesesLHSCallChecker
instanceKlass org/jetbrains/kotlin/resolve/calls/checkers/EnumEntryVsCompanionPriorityCallChecker
instanceKlass org/jetbrains/kotlin/resolve/calls/checkers/NewSchemeOfIntegerOperatorResolutionChecker
instanceKlass org/jetbrains/kotlin/resolve/calls/checkers/SelfCallInNestedObjectConstructorChecker
instanceKlass org/jetbrains/kotlin/resolve/calls/checkers/VarargWrongExecutionOrderChecker
instanceKlass org/jetbrains/kotlin/resolve/calls/checkers/ReferencingToUnderscoreNamedParameterOfCatchBlockChecker
instanceKlass org/jetbrains/kotlin/resolve/checkers/NullableExtensionOperatorWithSafeCallChecker
instanceKlass org/jetbrains/kotlin/resolve/calls/checkers/FunInterfaceConstructorReferenceChecker
instanceKlass org/jetbrains/kotlin/resolve/calls/checkers/UnitConversionCallChecker
instanceKlass org/jetbrains/kotlin/resolve/calls/checkers/SuspendConversionCallChecker
instanceKlass org/jetbrains/kotlin/resolve/calls/checkers/AbstractClassInstantiationChecker
instanceKlass org/jetbrains/kotlin/resolve/checkers/MissingDependencySupertypeChecker$ForCalls
instanceKlass org/jetbrains/kotlin/resolve/calls/checkers/ReifiedTypeParameterSubstitutionChecker
instanceKlass org/jetbrains/kotlin/resolve/calls/checkers/ContractNotAllowedCallChecker
instanceKlass org/jetbrains/kotlin/resolve/calls/checkers/NamedFunAsExpressionChecker
instanceKlass org/jetbrains/kotlin/resolve/calls/checkers/NullableVarargArgumentCallChecker
instanceKlass org/jetbrains/kotlin/resolve/calls/checkers/ResultTypeWithNullableOperatorsChecker
instanceKlass org/jetbrains/kotlin/resolve/calls/checkers/UselessElvisCallChecker
instanceKlass org/jetbrains/kotlin/resolve/calls/checkers/LambdaWithSuspendModifierCallChecker
instanceKlass org/jetbrains/kotlin/resolve/checkers/PrimitiveNumericComparisonCallChecker
instanceKlass org/jetbrains/kotlin/resolve/calls/checkers/ImplicitNothingAsTypeParameterCallChecker
instanceKlass org/jetbrains/kotlin/resolve/calls/checkers/AssigningNamedArgumentToVarargChecker
instanceKlass org/jetbrains/kotlin/resolve/calls/checkers/UnderscoreUsageChecker
instanceKlass org/jetbrains/kotlin/resolve/calls/checkers/CallableReferenceCompatibilityChecker
instanceKlass org/jetbrains/kotlin/resolve/checkers/MissingDependencyClassChecker
instanceKlass org/jetbrains/kotlin/resolve/calls/checkers/DslScopeViolationCallChecker
instanceKlass org/jetbrains/kotlin/resolve/calls/checkers/BuilderFunctionsCallChecker
instanceKlass org/jetbrains/kotlin/resolve/calls/checkers/CoroutineSuspendCallChecker
instanceKlass org/jetbrains/kotlin/resolve/calls/checkers/ApiVersionCallChecker
instanceKlass org/jetbrains/kotlin/resolve/calls/checkers/ProtectedConstructorCallChecker
instanceKlass org/jetbrains/kotlin/resolve/calls/checkers/ConstructorHeaderCallChecker
instanceKlass org/jetbrains/kotlin/resolve/calls/checkers/OperatorCallChecker$Companion
instanceKlass org/jetbrains/kotlin/resolve/calls/checkers/OperatorCallChecker
instanceKlass org/jetbrains/kotlin/resolve/calls/checkers/InfixCallChecker
instanceKlass org/jetbrains/kotlin/resolve/calls/checkers/CallReturnsArrayOfNothingChecker
instanceKlass org/jetbrains/kotlin/resolve/calls/checkers/DeprecatedCallChecker
instanceKlass org/jetbrains/kotlin/resolve/checkers/TrailingCommaCallChecker
instanceKlass org/jetbrains/kotlin/resolve/calls/checkers/SafeCallChecker
instanceKlass org/jetbrains/kotlin/resolve/calls/checkers/SynchronizedByValueChecker
instanceKlass org/jetbrains/kotlin/resolve/calls/checkers/InlineCheckerWrapper
instanceKlass org/jetbrains/kotlin/resolve/calls/checkers/CapturingInClosureChecker
instanceKlass org/jetbrains/kotlin/resolve/checkers/StubForBuilderInferenceParameterTypeChecker
instanceKlass org/jetbrains/kotlin/resolve/checkers/ActualTypealiasToSpecialAnnotationChecker
instanceKlass org/jetbrains/kotlin/resolve/checkers/VolatileAnnotationChecker
instanceKlass org/jetbrains/kotlin/resolve/checkers/EnumEntriesRedeclarationChecker
instanceKlass org/jetbrains/kotlin/resolve/checkers/DataObjectContentChecker
instanceKlass org/jetbrains/kotlin/resolve/calls/checkers/UnsupportedUntilRangeDeclarationChecker
instanceKlass org/jetbrains/kotlin/resolve/checkers/CyclicAnnotationsChecker
instanceKlass org/jetbrains/kotlin/resolve/checkers/ValueParameterUsageInDefaultArgumentChecker
instanceKlass org/jetbrains/kotlin/resolve/checkers/SubtypingBetweenContextReceiversChecker
instanceKlass org/jetbrains/kotlin/resolve/checkers/ContextualDeclarationChecker
instanceKlass org/jetbrains/kotlin/resolve/checkers/EnumCompanionInEnumConstructorCallChecker
instanceKlass org/jetbrains/kotlin/resolve/checkers/SuspendFunctionAsSupertypeChecker
instanceKlass org/jetbrains/kotlin/resolve/checkers/SealedInterfaceAllowedChecker
instanceKlass org/jetbrains/kotlin/resolve/checkers/SealedInheritorInSameModuleChecker
instanceKlass org/jetbrains/kotlin/resolve/checkers/SealedInheritorInSamePackageChecker
instanceKlass org/jetbrains/kotlin/resolve/checkers/PrivateInlineFunctionsReturningAnonymousObjectsChecker
instanceKlass org/jetbrains/kotlin/resolve/checkers/ContractDescriptionBlockChecker
instanceKlass org/jetbrains/kotlin/resolve/checkers/DeprecatedSinceKotlinAnnotationChecker
instanceKlass org/jetbrains/kotlin/resolve/checkers/DeprecationInheritanceChecker
instanceKlass org/jetbrains/kotlin/resolve/checkers/FunInterfaceDeclarationChecker
instanceKlass org/jetbrains/kotlin/resolve/checkers/MissingDependencySupertypeChecker$ForDeclarations
instanceKlass org/jetbrains/kotlin/resolve/checkers/TrailingCommaDeclarationChecker
instanceKlass org/jetbrains/kotlin/resolve/checkers/TailrecFunctionChecker
instanceKlass org/jetbrains/kotlin/resolve/checkers/ExplicitApiDeclarationChecker$Companion
instanceKlass org/jetbrains/kotlin/resolve/checkers/ExplicitApiDeclarationChecker
instanceKlass org/jetbrains/kotlin/resolve/checkers/LocalVariableTypeParametersChecker
instanceKlass org/jetbrains/kotlin/resolve/checkers/ResultClassInReturnTypeChecker
instanceKlass org/jetbrains/kotlin/resolve/checkers/ReservedMembersAndConstructsForValueClass$Companion
instanceKlass org/jetbrains/kotlin/resolve/checkers/ReservedMembersAndConstructsForValueClass
instanceKlass org/jetbrains/kotlin/resolve/checkers/AnnotationClassTargetAndRetentionChecker
instanceKlass org/jetbrains/kotlin/resolve/checkers/InnerClassInsideValueClass
instanceKlass org/jetbrains/kotlin/resolve/checkers/PropertiesWithBackingFieldsInsideValueClass
instanceKlass org/jetbrains/kotlin/resolve/checkers/MultiFieldValueClassAnnotationsChecker
instanceKlass org/jetbrains/kotlin/resolve/checkers/ValueClassDeclarationChecker
instanceKlass org/jetbrains/kotlin/util/OperatorNameConventions
instanceKlass org/jetbrains/kotlin/resolve/checkers/SuspendLimitationsChecker
instanceKlass org/jetbrains/kotlin/resolve/checkers/KClassWithIncorrectTypeArgumentChecker
instanceKlass org/jetbrains/kotlin/resolve/checkers/DelegationChecker
instanceKlass org/jetbrains/kotlin/resolve/checkers/DynamicReceiverChecker
instanceKlass org/jetbrains/kotlin/resolve/checkers/ReifiedTypeParameterAnnotationChecker
instanceKlass org/jetbrains/kotlin/resolve/RequireKotlinConstants
instanceKlass org/jetbrains/kotlin/resolve/AnnotationsKt
instanceKlass org/jetbrains/kotlin/resolve/checkers/KotlinVersionStringAnnotationValueChecker
instanceKlass org/jetbrains/kotlin/resolve/checkers/InfixModifierChecker
instanceKlass org/jetbrains/kotlin/resolve/checkers/InlineParameterChecker
instanceKlass org/jetbrains/kotlin/resolve/checkers/UnderscoreChecker
instanceKlass org/jetbrains/kotlin/resolve/checkers/ConstModifierChecker
instanceKlass org/jetbrains/kotlin/resolve/checkers/DataClassDeclarationChecker
instanceKlass org/jetbrains/kotlin/resolve/checkers/ExpectActualClassifiersAreInBetaChecker
instanceKlass org/jetbrains/kotlin/resolve/checkers/ActualClassifierMustHasTheSameMembersAsNonFinalExpectClassifierChecker
instanceKlass org/jetbrains/kotlin/resolve/checkers/ExpectActualInTheSameModuleChecker
instanceKlass org/jetbrains/kotlin/resolve/PlatformConfiguratorBaseKt
instanceKlass org/jetbrains/kotlin/container/ComponentRegistry
instanceKlass com/intellij/util/containers/MultiMap
instanceKlass org/jetbrains/kotlin/container/ComponentStorage
instanceKlass org/jetbrains/kotlin/container/ValueResolver
# instanceKlass org/jetbrains/kotlin/container/StorageComponentContainer$$Lambda+0x000002390a5375f8
instanceKlass org/jetbrains/kotlin/container/ComponentResolveContext
instanceKlass org/jetbrains/kotlin/container/ValueResolveContext
instanceKlass org/jetbrains/kotlin/container/DslKt
# instanceKlass org/jetbrains/kotlin/resolve/PlatformConfiguratorBase$$Lambda+0x000002390a536b90
instanceKlass org/jetbrains/kotlin/container/StorageComponentContainer
instanceKlass org/jetbrains/kotlin/container/ComponentProvider
instanceKlass org/jetbrains/kotlin/container/ComponentContainer
instanceKlass org/jetbrains/kotlin/resolve/jvm/JvmDeclarationReturnTypeSanitizer
instanceKlass org/jetbrains/kotlin/resolve/DeclarationReturnTypeSanitizer
instanceKlass org/jetbrains/kotlin/resolve/jvm/JvmOverridesBackwardCompatibilityHelper
instanceKlass org/jetbrains/kotlin/resolve/OverridesBackwardCompatibilityHelper
instanceKlass org/jetbrains/kotlin/resolve/jvm/JvmDelegationFilter
instanceKlass org/jetbrains/kotlin/resolve/lazy/DelegationFilter
instanceKlass org/jetbrains/kotlin/resolve/jvm/JvmOverloadFilter
instanceKlass org/jetbrains/kotlin/resolve/OverloadFilter
instanceKlass org/jetbrains/kotlin/resolve/jvm/checkers/JvmSimpleNameBacktickChecker
instanceKlass org/jetbrains/kotlin/resolve/IdentifierChecker
instanceKlass org/jetbrains/kotlin/resolve/sam/SamConversionResolver$Empty
instanceKlass org/jetbrains/kotlin/container/PlatformExtensionsClashResolver
instanceKlass org/jetbrains/kotlin/resolve/jvm/checkers/SynchronizedAnnotationOnLambdaChecker
instanceKlass org/jetbrains/kotlin/resolve/jvm/checkers/ExplicitMetadataChecker
instanceKlass org/jetbrains/kotlin/name/StandardClassIdsKt
instanceKlass org/jetbrains/kotlin/name/StandardClassIds
instanceKlass org/jetbrains/kotlin/name/JvmStandardClassIds
instanceKlass org/jetbrains/kotlin/resolve/jvm/checkers/FileClassAnnotationsChecker
instanceKlass org/jetbrains/kotlin/resolve/AdditionalAnnotationChecker
instanceKlass org/jetbrains/kotlin/resolve/jvm/checkers/MissingBuiltInDeclarationChecker$ClassifierUsage
instanceKlass org/jetbrains/kotlin/resolve/checkers/BigFunctionTypeAvailabilityChecker
instanceKlass org/jetbrains/kotlin/resolve/checkers/ClassifierUsageChecker
instanceKlass org/jetbrains/kotlin/resolve/jvm/checkers/JvmArrayVariableInLoopAssignmentChecker
instanceKlass org/jetbrains/kotlin/resolve/jvm/checkers/JavaTypeAccessibilityChecker
instanceKlass org/jetbrains/kotlin/resolve/jvm/platform/JavaGenericVarianceViolationTypeChecker
instanceKlass org/jetbrains/kotlin/resolve/jvm/RuntimeAssertionsTypeChecker
instanceKlass org/jetbrains/kotlin/resolve/calls/checkers/AdditionalTypeChecker
instanceKlass  @bci org/jetbrains/kotlin/diagnostics/Errors$Initializer initializeFactoryNames (Ljava/lang/Class;)V 9 <appendix> argL0 ; # org/jetbrains/kotlin/diagnostics/Errors$Initializer$$Lambda+0x000002390a5307e0
instanceKlass org/jetbrains/kotlin/diagnostics/rendering/DiagnosticFactoryToRendererMap
instanceKlass org/jetbrains/kotlin/diagnostics/rendering/DefaultErrorMessages$Extension
instanceKlass org/jetbrains/kotlin/diagnostics/Errors$Initializer
instanceKlass com/google/common/collect/Hashing
instanceKlass com/google/common/math/IntMath$1
instanceKlass com/google/common/math/MathPreconditions
instanceKlass com/google/common/math/IntMath
instanceKlass com/google/common/base/Preconditions
instanceKlass com/google/common/collect/ImmutableSet$SetBuilderImpl
instanceKlass org/jetbrains/kotlin/diagnostics/DiagnosticFactoryForDeprecation4$Companion
instanceKlass org/jetbrains/kotlin/diagnostics/ClassicPositioningStrategies
instanceKlass org/jetbrains/kotlin/diagnostics/DiagnosticFactoryForDeprecation2$Companion
instanceKlass org/jetbrains/kotlin/diagnostics/DiagnosticFactoryForDeprecation0$Companion
instanceKlass org/jetbrains/kotlin/diagnostics/DiagnosticFactoryForDeprecation1$Companion
instanceKlass org/jetbrains/kotlin/diagnostics/DiagnosticFactoryForDeprecation3$Companion
instanceKlass org/jetbrains/kotlin/diagnostics/DiagnosticFactoryForDeprecation
instanceKlass org/jetbrains/kotlin/psi/KtOperationExpression
instanceKlass org/jetbrains/kotlin/BlockExpressionElementType$Companion
instanceKlass com/intellij/psi/tree/IReparseableElementTypeBase
instanceKlass com/intellij/psi/tree/ICompositeElementType
instanceKlass org/jetbrains/kotlin/KtNodeTypes
instanceKlass com/intellij/lang/PsiParser
instanceKlass org/jetbrains/kotlin/kdoc/lexer/KDocTokens
instanceKlass org/jetbrains/kotlin/lexer/KtTokens
instanceKlass org/jetbrains/kotlin/diagnostics/PositioningStrategy
instanceKlass org/jetbrains/kotlin/diagnostics/PositioningStrategies
instanceKlass org/jetbrains/kotlin/diagnostics/DiagnosticFactory$Companion
instanceKlass org/jetbrains/kotlin/diagnostics/ParametrizedDiagnostic
instanceKlass org/jetbrains/kotlin/diagnostics/Errors
instanceKlass org/jetbrains/kotlin/diagnostics/DiagnosticFactory
instanceKlass org/jetbrains/kotlin/resolve/jvm/checkers/JvmSyntheticAssignmentChecker
instanceKlass org/jetbrains/kotlin/resolve/calls/checkers/AssignmentChecker
instanceKlass org/jetbrains/kotlin/resolve/jvm/checkers/JvmPropertyVsFieldAmbiguityCallChecker
instanceKlass org/jetbrains/kotlin/resolve/calls/checkers/LateinitIntrinsicApplicabilityChecker
instanceKlass org/jetbrains/kotlin/resolve/jvm/checkers/UpperBoundViolatedInTypealiasConstructorChecker
instanceKlass org/jetbrains/kotlin/resolve/jvm/checkers/EnumDeclaringClassDeprecationChecker
instanceKlass org/jetbrains/kotlin/resolve/jvm/checkers/SamInterfaceConstructorReferenceCallChecker
instanceKlass org/jetbrains/kotlin/resolve/jvm/checkers/PolymorphicSignatureCallChecker
instanceKlass org/jetbrains/kotlin/resolve/jvm/checkers/InconsistentOperatorFromJavaCallChecker
instanceKlass org/jetbrains/kotlin/resolve/jvm/checkers/ApiVersionIsAtLeastArgumentsChecker
instanceKlass org/jetbrains/kotlin/resolve/jvm/RuntimeAssertionsOnExtensionReceiverCallChecker
instanceKlass org/jetbrains/kotlin/resolve/jvm/checkers/ProtectedSyntheticExtensionCallChecker
instanceKlass org/jetbrains/kotlin/resolve/jvm/checkers/SuperCallWithDefaultArgumentsChecker
instanceKlass org/jetbrains/kotlin/resolve/jvm/checkers/UnsupportedSyntheticCallableReferenceChecker
instanceKlass org/jetbrains/kotlin/resolve/jvm/checkers/ProtectedInSuperClassCompanionCallChecker
instanceKlass org/jetbrains/kotlin/resolve/jvm/checkers/JavaClassOnCompanionChecker
instanceKlass org/jetbrains/kotlin/resolve/jvm/checkers/SuspensionPointInsideMutexLockChecker
instanceKlass org/jetbrains/kotlin/resolve/jvm/checkers/JavaAnnotationCallChecker$Companion
instanceKlass org/jetbrains/kotlin/resolve/jvm/checkers/JavaAnnotationCallChecker
instanceKlass org/jetbrains/kotlin/resolve/jvm/checkers/MissingBuiltInDeclarationChecker
instanceKlass org/jetbrains/kotlin/resolve/calls/checkers/CallChecker
instanceKlass org/jetbrains/kotlin/resolve/jvm/checkers/JavaOverrideWithWrongNullabilityOverrideChecker
instanceKlass org/jetbrains/kotlin/resolve/jvm/checkers/ClassInheritsJavaSealedClassChecker
instanceKlass org/jetbrains/kotlin/resolve/jvm/checkers/FunctionDelegateMemberNameClashChecker
instanceKlass org/jetbrains/kotlin/resolve/jvm/checkers/DefaultCheckerInTailrec
instanceKlass org/jetbrains/kotlin/resolve/jvm/checkers/JvmMultifileClassStateChecker
instanceKlass org/jetbrains/kotlin/resolve/jvm/checkers/BadInheritedJavaSignaturesChecker
instanceKlass org/jetbrains/kotlin/resolve/jvm/checkers/SuspendInFunInterfaceChecker
instanceKlass org/jetbrains/kotlin/util/capitalizeDecapitalize/CapitalizeDecapitalizeKt
instanceKlass org/jetbrains/kotlin/resolve/jvm/checkers/JvmAnnotationsTargetNonExistentAccessorChecker$Companion
instanceKlass org/jetbrains/kotlin/resolve/jvm/checkers/JvmAnnotationsTargetNonExistentAccessorChecker
instanceKlass org/jetbrains/kotlin/resolve/jvm/checkers/StrictfpApplicabilityChecker
instanceKlass org/jetbrains/kotlin/resolve/jvm/checkers/JvmInlineApplicabilityChecker
instanceKlass org/jetbrains/kotlin/resolve/jvm/checkers/JvmSyntheticApplicabilityChecker
instanceKlass org/jetbrains/kotlin/resolve/jvm/checkers/TypeParameterBoundIsNotArrayChecker
instanceKlass org/jetbrains/kotlin/resolve/jvm/checkers/JvmFieldApplicabilityChecker
instanceKlass org/jetbrains/kotlin/resolve/jvm/checkers/OverloadsAnnotationChecker
instanceKlass org/jetbrains/kotlin/resolve/jvm/checkers/ExternalFunChecker
instanceKlass org/jetbrains/kotlin/resolve/jvm/checkers/LocalFunInlineChecker
instanceKlass org/jetbrains/kotlin/resolve/jvm/checkers/SynchronizedAnnotationChecker
instanceKlass org/jetbrains/kotlin/resolve/jvm/checkers/JvmNameAnnotationChecker
instanceKlass org/jetbrains/kotlin/resolve/checkers/DeclarationChecker
instanceKlass org/jetbrains/kotlin/resolve/PlatformConfiguratorBase
instanceKlass org/jetbrains/kotlin/resolve/PlatformConfigurator
instanceKlass org/jetbrains/kotlin/resolve/ImportPath$Companion
instanceKlass org/jetbrains/kotlin/resolve/ImportPath
instanceKlass  @bci org/jetbrains/kotlin/resolve/DefaultImportProvider <init> ()V 21 <appendix> member <vmtarget> ; # org/jetbrains/kotlin/resolve/DefaultImportProvider$$Lambda+0x000002390a4daeb0
instanceKlass org/jetbrains/kotlin/resolve/DefaultImportProvider$DefaultImportsKey
instanceKlass org/jetbrains/kotlin/resolve/DefaultImportProvider
instanceKlass org/jetbrains/kotlin/resolve/SealedClassInheritorsProvider
instanceKlass org/jetbrains/kotlin/cli/common/messages/CompilerMessageLocation$Companion
instanceKlass org/jetbrains/kotlin/cli/common/messages/CompilerMessageLocation
instanceKlass org/jetbrains/kotlin/cli/common/messages/CompilerMessageSourceLocation
instanceKlass org/jetbrains/kotlin/load/kotlin/JvmPackagePartProviderBase$ModuleMappingInfo
instanceKlass org/jetbrains/kotlin/metadata/jvm/deserialization/ModuleMappingKt
instanceKlass org/jetbrains/kotlin/protobuf/UnmodifiableLazyStringList$2
instanceKlass org/jetbrains/kotlin/metadata/jvm/deserialization/PackageParts
instanceKlass org/jetbrains/kotlin/metadata/jvm/JvmModuleProtoBuf$PackagePartsOrBuilder
instanceKlass org/jetbrains/kotlin/metadata/jvm/JvmModuleProtoBuf$ModuleOrBuilder
instanceKlass org/jetbrains/kotlin/metadata/deserialization/VersionSpecificBehaviorKt
instanceKlass org/jetbrains/kotlin/utils/MetadataHelpersKt
instanceKlass org/jetbrains/kotlin/utils/DeserializationHelpersKt
instanceKlass org/jetbrains/kotlin/load/kotlin/ModuleMappingUtilKt
instanceKlass  @bci org/jetbrains/kotlin/cli/jvm/compiler/JvmPackagePartProviderKt tryLoadModuleMapping (Lkotlin/jvm/functions/Function0;Ljava/lang/String;Ljava/lang/String;Lorg/jetbrains/kotlin/resolve/CompilerDeserializationConfiguration;Lorg/jetbrains/kotlin/cli/common/messages/MessageCollector;)Lorg/jetbrains/kotlin/metadata/jvm/deserialization/ModuleMapping; 52 <appendix> member <vmtarget> ; # org/jetbrains/kotlin/cli/jvm/compiler/JvmPackagePartProviderKt$$Lambda+0x000002390a4d4a00
instanceKlass org/jetbrains/kotlin/metadata/jvm/deserialization/BinaryModuleData
instanceKlass org/jetbrains/kotlin/metadata/jvm/deserialization/JvmMetadataVersion$Companion
instanceKlass org/jetbrains/kotlin/metadata/jvm/deserialization/ModuleMapping$Companion
instanceKlass org/jetbrains/kotlin/metadata/jvm/deserialization/ModuleMapping
instanceKlass org/jetbrains/kotlin/cli/jvm/compiler/JvmPackagePartProviderKt
instanceKlass  @bci org/jetbrains/kotlin/cli/jvm/compiler/JvmPackagePartProvider addRoots (Ljava/util/List;Lorg/jetbrains/kotlin/cli/common/messages/MessageCollector;)V 146 <appendix> member <vmtarget> ; # org/jetbrains/kotlin/cli/jvm/compiler/JvmPackagePartProvider$$Lambda+0x000002390a4d5270
instanceKlass  @bci com/intellij/psi/search/GlobalSearchScope$UnionScope contains (Lcom/intellij/openapi/vfs/VirtualFile;)Z 14 <appendix> member <vmtarget> ; # com/intellij/psi/search/GlobalSearchScope$UnionScope$$Lambda+0x000002390a4d5000
instanceKlass org/jetbrains/kotlin/config/KotlinCompilerVersion
instanceKlass org/jetbrains/kotlin/config/LanguageVersionSettingsKt
instanceKlass org/jetbrains/kotlin/config/ExplicitApiMode$Companion
instanceKlass org/jetbrains/kotlin/config/AnalysisFlag$Delegates$ApiModeDisabledByDefault
instanceKlass org/jetbrains/kotlin/config/AnalysisFlag$Delegates$ListOfStrings
instanceKlass org/jetbrains/kotlin/config/AnalysisFlag
instanceKlass org/jetbrains/kotlin/config/AnalysisFlag$Delegate
instanceKlass org/jetbrains/kotlin/config/AnalysisFlag$Delegates$Boolean
instanceKlass kotlin/reflect/jvm/internal/KProperty0Impl$$Lambda$1
instanceKlass kotlin/reflect/jvm/internal/KProperty0Impl$$Lambda$0
instanceKlass org/jetbrains/kotlin/config/AnalysisFlags
instanceKlass org/jetbrains/kotlin/resolve/CompilerDeserializationConfiguration
instanceKlass  @bci org/jetbrains/kotlin/load/kotlin/JvmPackagePartProviderBase <init> ()V 6 <appendix> member <vmtarget> ; # org/jetbrains/kotlin/load/kotlin/JvmPackagePartProviderBase$$Lambda+0x000002390a4d3478
instanceKlass org/jetbrains/kotlin/load/kotlin/JvmPackagePartProviderBase$Companion
instanceKlass org/jetbrains/kotlin/load/kotlin/JvmPackagePartProviderBase
instanceKlass org/jetbrains/kotlin/load/kotlin/PackageAndMetadataPartProvider
instanceKlass org/jetbrains/kotlin/serialization/deserialization/MetadataPartProvider
instanceKlass org/jetbrains/kotlin/load/kotlin/PackagePartProvider
instanceKlass  @bci org/jetbrains/kotlin/resolve/lazy/declarations/FileBasedDeclarationProviderFactory <init> (Lorg/jetbrains/kotlin/storage/StorageManager;Ljava/util/Collection;)V 29 <appendix> member <vmtarget> ; # org/jetbrains/kotlin/resolve/lazy/declarations/FileBasedDeclarationProviderFactory$$Lambda+0x000002390a4d2558
instanceKlass org/jetbrains/kotlin/resolve/lazy/declarations/FileBasedDeclarationProviderFactory$Index
instanceKlass  @bci org/jetbrains/kotlin/resolve/lazy/declarations/AbstractDeclarationProviderFactory <init> (Lorg/jetbrains/kotlin/storage/StorageManager;)V 15 <appendix> member <vmtarget> ; # org/jetbrains/kotlin/resolve/lazy/declarations/AbstractDeclarationProviderFactory$$Lambda+0x000002390a4d2140
instanceKlass  @cpi org/jetbrains/kotlin/resolve/lazy/declarations/AbstractDeclarationProviderFactory 47 form vmentry <vmtarget> ; # java/lang/invoke/LambdaForm$DMH+0x000002390a4d4000
instanceKlass org/jetbrains/kotlin/resolve/lazy/declarations/ClassMemberDeclarationProvider
instanceKlass org/jetbrains/kotlin/resolve/lazy/declarations/PackageMemberDeclarationProvider
instanceKlass org/jetbrains/kotlin/resolve/lazy/declarations/DeclarationProvider
instanceKlass  @bci org/jetbrains/kotlin/builtins/jvm/JvmBuiltIns initialize (Lorg/jetbrains/kotlin/descriptors/ModuleDescriptor;Z)V 9 <appendix> member <vmtarget> ; # org/jetbrains/kotlin/builtins/jvm/JvmBuiltIns$$Lambda+0x000002390a4d1958
instanceKlass org/jetbrains/kotlin/frontend/java/di/InjectionKt
instanceKlass org/jetbrains/kotlin/descriptors/impl/ModuleDependenciesImpl
instanceKlass org/jetbrains/kotlin/descriptors/impl/ModuleDependencies
instanceKlass  @bci org/jetbrains/kotlin/serialization/deserialization/descriptors/DeserializedMemberScope <init> (Lorg/jetbrains/kotlin/serialization/deserialization/DeserializationContext;Ljava/util/List;Ljava/util/List;Ljava/util/List;Lkotlin/jvm/functions/Function0;)V 85 <appendix> member <vmtarget> ; # org/jetbrains/kotlin/serialization/deserialization/descriptors/DeserializedMemberScope$$Lambda+0x000002390a4d0000
instanceKlass  @bci org/jetbrains/kotlin/serialization/deserialization/descriptors/DeserializedMemberScope <init> (Lorg/jetbrains/kotlin/serialization/deserialization/DeserializationContext;Ljava/util/List;Ljava/util/List;Ljava/util/List;Lkotlin/jvm/functions/Function0;)V 63 <appendix> member <vmtarget> ; # org/jetbrains/kotlin/serialization/deserialization/descriptors/DeserializedMemberScope$$Lambda+0x000002390a4cfc78
instanceKlass  @bci org/jetbrains/kotlin/serialization/deserialization/descriptors/DeserializedMemberScope$OptimizedImplementation <init> (Lorg/jetbrains/kotlin/serialization/deserialization/descriptors/DeserializedMemberScope;Ljava/util/List;Ljava/util/List;Ljava/util/List;)V 842 <appendix> member <vmtarget> ; # org/jetbrains/kotlin/serialization/deserialization/descriptors/DeserializedMemberScope$OptimizedImplementation$$Lambda+0x000002390a4cfa60
instanceKlass  @bci org/jetbrains/kotlin/serialization/deserialization/descriptors/DeserializedMemberScope$OptimizedImplementation <init> (Lorg/jetbrains/kotlin/serialization/deserialization/descriptors/DeserializedMemberScope;Ljava/util/List;Ljava/util/List;Ljava/util/List;)V 813 <appendix> member <vmtarget> ; # org/jetbrains/kotlin/serialization/deserialization/descriptors/DeserializedMemberScope$OptimizedImplementation$$Lambda+0x000002390a4cf848
instanceKlass  @bci org/jetbrains/kotlin/serialization/deserialization/descriptors/DeserializedMemberScope$OptimizedImplementation <init> (Lorg/jetbrains/kotlin/serialization/deserialization/descriptors/DeserializedMemberScope;Ljava/util/List;Ljava/util/List;Ljava/util/List;)V 784 <appendix> member <vmtarget> ; # org/jetbrains/kotlin/serialization/deserialization/descriptors/DeserializedMemberScope$OptimizedImplementation$$Lambda+0x000002390a4cf630
instanceKlass org/jetbrains/kotlin/descriptors/TypeAliasDescriptor
instanceKlass org/jetbrains/kotlin/mpp/TypeAliasSymbolMarker
instanceKlass  @bci org/jetbrains/kotlin/serialization/deserialization/descriptors/DeserializedMemberScope$OptimizedImplementation <init> (Lorg/jetbrains/kotlin/serialization/deserialization/descriptors/DeserializedMemberScope;Ljava/util/List;Ljava/util/List;Ljava/util/List;)V 759 <appendix> member <vmtarget> ; # org/jetbrains/kotlin/serialization/deserialization/descriptors/DeserializedMemberScope$OptimizedImplementation$$Lambda+0x000002390a4cf038
instanceKlass  @bci org/jetbrains/kotlin/serialization/deserialization/descriptors/DeserializedMemberScope$OptimizedImplementation <init> (Lorg/jetbrains/kotlin/serialization/deserialization/descriptors/DeserializedMemberScope;Ljava/util/List;Ljava/util/List;Ljava/util/List;)V 734 <appendix> member <vmtarget> ; # org/jetbrains/kotlin/serialization/deserialization/descriptors/DeserializedMemberScope$OptimizedImplementation$$Lambda+0x000002390a4cee20
instanceKlass org/jetbrains/kotlin/protobuf/SmallSortedMap$EntryIterator
instanceKlass org/jetbrains/kotlin/protobuf/GeneratedMessageLite$ExtendableMessage$ExtensionWriter
instanceKlass org/jetbrains/kotlin/serialization/deserialization/descriptors/DeserializedMemberScope$OptimizedImplementation
instanceKlass org/jetbrains/kotlin/serialization/deserialization/descriptors/DeserializedMemberScope$Implementation
instanceKlass org/jetbrains/kotlin/serialization/deserialization/MemberDeserializer
instanceKlass  @bci org/jetbrains/kotlin/serialization/deserialization/TypeDeserializer <init> (Lorg/jetbrains/kotlin/serialization/deserialization/DeserializationContext;Lorg/jetbrains/kotlin/serialization/deserialization/TypeDeserializer;Ljava/util/List;Ljava/lang/String;Ljava/lang/String;)V 86 <appendix> member <vmtarget> ; # org/jetbrains/kotlin/serialization/deserialization/TypeDeserializer$$Lambda+0x000002390a4cdd68
instanceKlass  @bci org/jetbrains/kotlin/serialization/deserialization/TypeDeserializer <init> (Lorg/jetbrains/kotlin/serialization/deserialization/DeserializationContext;Lorg/jetbrains/kotlin/serialization/deserialization/TypeDeserializer;Ljava/util/List;Ljava/lang/String;Ljava/lang/String;)V 61 <appendix> member <vmtarget> ; # org/jetbrains/kotlin/serialization/deserialization/TypeDeserializer$$Lambda+0x000002390a4cdb50
instanceKlass org/jetbrains/kotlin/serialization/deserialization/TypeDeserializer
instanceKlass org/jetbrains/kotlin/serialization/deserialization/DeserializationContext
instanceKlass org/jetbrains/kotlin/metadata/deserialization/VersionRequirementTable$Companion
instanceKlass org/jetbrains/kotlin/metadata/deserialization/VersionRequirementTable
instanceKlass org/jetbrains/kotlin/metadata/deserialization/TypeTable
instanceKlass  @bci org/jetbrains/kotlin/serialization/deserialization/DeserializedPackageFragmentImpl initialize (Lorg/jetbrains/kotlin/serialization/deserialization/DeserializationComponents;)V 89 <appendix> member <vmtarget> ; # org/jetbrains/kotlin/serialization/deserialization/DeserializedPackageFragmentImpl$$Lambda+0x000002390a4ccf40
instanceKlass  @bci org/jetbrains/kotlin/serialization/deserialization/ClassDeserializer <init> (Lorg/jetbrains/kotlin/serialization/deserialization/DeserializationComponents;)V 24 <appendix> member <vmtarget> ; # org/jetbrains/kotlin/serialization/deserialization/ClassDeserializer$$Lambda+0x000002390a4cc6d0
instanceKlass org/jetbrains/kotlin/serialization/deserialization/ClassDeserializer$ClassKey
instanceKlass org/jetbrains/kotlin/serialization/deserialization/ClassDeserializer$Companion
instanceKlass org/jetbrains/kotlin/serialization/deserialization/ClassDeserializer
instanceKlass org/jetbrains/kotlin/serialization/deserialization/EnumEntriesDeserializationSupport$Default
instanceKlass org/jetbrains/kotlin/serialization/deserialization/EnumEntriesDeserializationSupport
instanceKlass org/jetbrains/kotlin/resolve/OverridingUtil$1
instanceKlass org/jetbrains/kotlin/load/java/JavaIncompatibilityRulesOverridabilityCondition$Companion
instanceKlass org/jetbrains/kotlin/load/java/JavaIncompatibilityRulesOverridabilityCondition
instanceKlass org/jetbrains/kotlin/load/java/ErasedOverridabilityCondition
instanceKlass org/jetbrains/kotlin/load/java/FieldOverridabilityCondition
instanceKlass org/jetbrains/kotlin/resolve/ExternalOverridabilityCondition
instanceKlass org/jetbrains/kotlin/types/checker/KotlinTypeChecker$TypeConstructorEquality
instanceKlass org/jetbrains/kotlin/resolve/OverridingUtil
instanceKlass org/jetbrains/kotlin/types/AbstractTypePreparator
instanceKlass org/jetbrains/kotlin/types/checker/NewKotlinTypeCheckerImpl
instanceKlass org/jetbrains/kotlin/types/checker/NewKotlinTypeChecker$Companion
instanceKlass org/jetbrains/kotlin/types/checker/NewKotlinTypeChecker
instanceKlass org/jetbrains/kotlin/types/checker/KotlinTypeChecker
instanceKlass org/jetbrains/kotlin/resolve/sam/SamConversionResolverImpl
instanceKlass org/jetbrains/kotlin/resolve/sam/SamConversionResolver
instanceKlass org/jetbrains/kotlin/container/PlatformSpecificExtension
instanceKlass org/jetbrains/kotlin/serialization/deserialization/ContractDeserializer$Companion$DEFAULT$1
instanceKlass org/jetbrains/kotlin/serialization/deserialization/ContractDeserializer$Companion
instanceKlass org/jetbrains/kotlin/serialization/deserialization/ContractDeserializer
instanceKlass org/jetbrains/kotlin/serialization/deserialization/FlexibleTypeDeserializer$ThrowException
instanceKlass org/jetbrains/kotlin/serialization/deserialization/FlexibleTypeDeserializer
instanceKlass org/jetbrains/kotlin/serialization/deserialization/ErrorReporter$1
instanceKlass org/jetbrains/kotlin/serialization/deserialization/ErrorReporter
instanceKlass org/jetbrains/kotlin/serialization/deserialization/LocalClassifierTypeSettings$Default
instanceKlass org/jetbrains/kotlin/serialization/deserialization/LocalClassifierTypeSettings
instanceKlass org/jetbrains/kotlin/resolve/constants/ConstantValue
instanceKlass org/jetbrains/kotlin/serialization/deserialization/AnnotationDeserializer
instanceKlass org/jetbrains/kotlin/serialization/deserialization/AbstractAnnotationLoader
instanceKlass org/jetbrains/kotlin/serialization/deserialization/AnnotationAndConstantLoader
instanceKlass org/jetbrains/kotlin/serialization/deserialization/AnnotationLoader
instanceKlass org/jetbrains/kotlin/serialization/deserialization/DeserializedClassDataFinder
instanceKlass org/jetbrains/kotlin/serialization/deserialization/DeserializationConfiguration$Default
instanceKlass org/jetbrains/kotlin/serialization/deserialization/DeserializationConfiguration
instanceKlass org/jetbrains/kotlin/serialization/deserialization/DeserializationComponents
instanceKlass  @bci org/jetbrains/kotlin/descriptors/NotFoundClasses <init> (Lorg/jetbrains/kotlin/storage/StorageManager;Lorg/jetbrains/kotlin/descriptors/ModuleDescriptor;)V 51 <appendix> member <vmtarget> ; # org/jetbrains/kotlin/descriptors/NotFoundClasses$$Lambda+0x000002390a4c5890
instanceKlass org/jetbrains/kotlin/descriptors/NotFoundClasses$ClassRequest
instanceKlass  @bci org/jetbrains/kotlin/descriptors/NotFoundClasses <init> (Lorg/jetbrains/kotlin/storage/StorageManager;Lorg/jetbrains/kotlin/descriptors/ModuleDescriptor;)V 32 <appendix> member <vmtarget> ; # org/jetbrains/kotlin/descriptors/NotFoundClasses$$Lambda+0x000002390a4c5478
instanceKlass org/jetbrains/kotlin/descriptors/NotFoundClasses
instanceKlass org/jetbrains/kotlin/descriptors/PackageFragmentProviderImpl
instanceKlass org/jetbrains/kotlin/metadata/deserialization/NameResolverImpl$WhenMappings
instanceKlass org/jetbrains/kotlin/protobuf/Utf8
instanceKlass org/jetbrains/kotlin/serialization/deserialization/NameResolverUtilKt
instanceKlass  @bci org/jetbrains/kotlin/serialization/deserialization/DeserializedPackageFragmentImpl <init> (Lorg/jetbrains/kotlin/name/FqName;Lorg/jetbrains/kotlin/storage/StorageManager;Lorg/jetbrains/kotlin/descriptors/ModuleDescriptor;Lorg/jetbrains/kotlin/metadata/ProtoBuf$PackageFragment;Lorg/jetbrains/kotlin/metadata/deserialization/BinaryVersion;Lorg/jetbrains/kotlin/serialization/deserialization/descriptors/DeserializedContainerSource;)V 103 <appendix> member <vmtarget> ; # org/jetbrains/kotlin/serialization/deserialization/DeserializedPackageFragmentImpl$$Lambda+0x000002390a4c4838
instanceKlass org/jetbrains/kotlin/serialization/deserialization/ProtoBasedClassDataFinder
instanceKlass org/jetbrains/kotlin/serialization/deserialization/ClassDataFinder
instanceKlass org/jetbrains/kotlin/metadata/deserialization/NameResolverImpl
instanceKlass org/jetbrains/kotlin/metadata/deserialization/NameResolver
instanceKlass org/jetbrains/kotlin/metadata/ProtoBuf$Type$Argument$Projection$1
instanceKlass org/jetbrains/kotlin/metadata/ProtoBuf$Type$ArgumentOrBuilder
instanceKlass org/jetbrains/kotlin/protobuf/SmallSortedMap$Entry
instanceKlass org/jetbrains/kotlin/protobuf/FieldSet$1
instanceKlass org/jetbrains/kotlin/metadata/ProtoBuf$Annotation$ArgumentOrBuilder
instanceKlass org/jetbrains/kotlin/protobuf/AbstractMessageLite$Builder
instanceKlass org/jetbrains/kotlin/protobuf/GeneratedMessageLite$1
instanceKlass org/jetbrains/kotlin/metadata/ProtoBuf$QualifiedNameTable$QualifiedName$Kind$1
instanceKlass org/jetbrains/kotlin/metadata/ProtoBuf$QualifiedNameTable$QualifiedNameOrBuilder
instanceKlass org/jetbrains/kotlin/protobuf/WireFormat
instanceKlass org/jetbrains/kotlin/protobuf/CodedOutputStream
instanceKlass org/jetbrains/kotlin/protobuf/CodedInputStream
instanceKlass org/jetbrains/kotlin/metadata/ProtoBuf$QualifiedNameTableOrBuilder
instanceKlass org/jetbrains/kotlin/protobuf/LazyStringList
instanceKlass org/jetbrains/kotlin/protobuf/ProtocolStringList
instanceKlass org/jetbrains/kotlin/metadata/ProtoBuf$StringTableOrBuilder
instanceKlass org/jetbrains/kotlin/metadata/ProtoBuf$PackageFragmentOrBuilder
instanceKlass org/jetbrains/kotlin/metadata/builtins/BuiltInsBinaryVersion$Companion
instanceKlass org/jetbrains/kotlin/metadata/deserialization/BinaryVersion$Companion
instanceKlass org/jetbrains/kotlin/metadata/deserialization/BinaryVersion
instanceKlass org/jetbrains/kotlin/metadata/builtins/ReadPackageFragmentKt
instanceKlass org/jetbrains/kotlin/serialization/deserialization/builtins/BuiltInsPackageFragmentImpl$Companion
instanceKlass org/jetbrains/kotlin/protobuf/ExtensionRegistryLite$ObjectIntPair
instanceKlass org/jetbrains/kotlin/metadata/ProtoBuf$TypeParameter$Variance$1
instanceKlass org/jetbrains/kotlin/metadata/ProtoBuf$TypeParameterOrBuilder
instanceKlass org/jetbrains/kotlin/metadata/ProtoBuf$EnumEntryOrBuilder
instanceKlass org/jetbrains/kotlin/metadata/ProtoBuf$Annotation$Argument$Value$Type$1
instanceKlass org/jetbrains/kotlin/protobuf/Internal$EnumLiteMap
instanceKlass org/jetbrains/kotlin/metadata/ProtoBuf$Annotation$Argument$ValueOrBuilder
instanceKlass org/jetbrains/kotlin/metadata/ProtoBuf$ValueParameterOrBuilder
instanceKlass org/jetbrains/kotlin/metadata/ProtoBuf$PropertyOrBuilder
instanceKlass org/jetbrains/kotlin/metadata/ProtoBuf$ContractOrBuilder
instanceKlass org/jetbrains/kotlin/metadata/ProtoBuf$FunctionOrBuilder
instanceKlass org/jetbrains/kotlin/metadata/ProtoBuf$ConstructorOrBuilder
instanceKlass org/jetbrains/kotlin/metadata/ProtoBuf$AnnotationOrBuilder
instanceKlass org/jetbrains/kotlin/metadata/ProtoBuf$TypeOrBuilder
instanceKlass org/jetbrains/kotlin/metadata/ProtoBuf$ClassOrBuilder
instanceKlass org/jetbrains/kotlin/protobuf/Internal$EnumLite
instanceKlass org/jetbrains/kotlin/protobuf/GeneratedMessageLite$ExtensionDescriptor
instanceKlass org/jetbrains/kotlin/protobuf/GeneratedMessageLite$GeneratedExtension
instanceKlass org/jetbrains/kotlin/metadata/ProtoBuf$VersionRequirementTableOrBuilder
instanceKlass org/jetbrains/kotlin/metadata/ProtoBuf$TypeTableOrBuilder
instanceKlass org/jetbrains/kotlin/protobuf/ByteString$ByteIterator
instanceKlass org/jetbrains/kotlin/protobuf/ByteString
instanceKlass org/jetbrains/kotlin/protobuf/SmallSortedMap$EmptySet$2
instanceKlass org/jetbrains/kotlin/protobuf/SmallSortedMap$EmptySet$1
instanceKlass org/jetbrains/kotlin/protobuf/SmallSortedMap$EmptySet
instanceKlass org/jetbrains/kotlin/protobuf/LazyFieldLite
instanceKlass org/jetbrains/kotlin/protobuf/FieldSet
instanceKlass org/jetbrains/kotlin/protobuf/AbstractParser
instanceKlass org/jetbrains/kotlin/protobuf/MessageLite$Builder
instanceKlass org/jetbrains/kotlin/protobuf/Parser
instanceKlass org/jetbrains/kotlin/protobuf/FieldSet$FieldDescriptorLite
instanceKlass org/jetbrains/kotlin/protobuf/AbstractMessageLite
instanceKlass org/jetbrains/kotlin/metadata/ProtoBuf$PackageOrBuilder
instanceKlass org/jetbrains/kotlin/protobuf/GeneratedMessageLite$ExtendableMessageOrBuilder
instanceKlass org/jetbrains/kotlin/protobuf/MessageLite
instanceKlass org/jetbrains/kotlin/protobuf/MessageLiteOrBuilder
instanceKlass org/jetbrains/kotlin/metadata/builtins/BuiltInsProtoBuf
instanceKlass org/jetbrains/kotlin/protobuf/ExtensionRegistryLite
instanceKlass org/jetbrains/kotlin/serialization/SerializerExtensionProtocol
instanceKlass org/jetbrains/kotlin/utils/WrappedValues$ThrowableWrapper
instanceKlass  @bci org/jetbrains/kotlin/builtins/jvm/JvmBuiltInsCustomizer <init> (Lorg/jetbrains/kotlin/descriptors/ModuleDescriptor;Lorg/jetbrains/kotlin/storage/StorageManager;Lkotlin/jvm/functions/Function0;)V 100 <appendix> member <vmtarget> ; # org/jetbrains/kotlin/builtins/jvm/JvmBuiltInsCustomizer$$Lambda+0x000002390a4a9b08
instanceKlass  @bci org/jetbrains/kotlin/builtins/jvm/JvmBuiltInsCustomizer <init> (Lorg/jetbrains/kotlin/descriptors/ModuleDescriptor;Lorg/jetbrains/kotlin/storage/StorageManager;Lkotlin/jvm/functions/Function0;)V 84 <appendix> member <vmtarget> ; # org/jetbrains/kotlin/builtins/jvm/JvmBuiltInsCustomizer$$Lambda+0x000002390a4a98f0
instanceKlass org/jetbrains/kotlin/storage/LockBasedStorageManager$CacheWithNullableValuesBasedOnMemoizedFunction$1
instanceKlass  @bci org/jetbrains/kotlin/builtins/jvm/JvmBuiltInsCustomizer <init> (Lorg/jetbrains/kotlin/descriptors/ModuleDescriptor;Lorg/jetbrains/kotlin/storage/StorageManager;Lkotlin/jvm/functions/Function0;)V 58 <appendix> member <vmtarget> ; # org/jetbrains/kotlin/builtins/jvm/JvmBuiltInsCustomizer$$Lambda+0x000002390a4a8fc0
instanceKlass org/jetbrains/kotlin/types/KotlinTypeFactory$EMPTY_REFINED_TYPE_FACTORY$1
instanceKlass org/jetbrains/kotlin/types/KotlinTypeFactory
instanceKlass org/jetbrains/kotlin/util/ArrayMap
instanceKlass org/jetbrains/kotlin/util/TypeRegistry
instanceKlass org/jetbrains/kotlin/util/AbstractArrayMapOwner
instanceKlass org/jetbrains/kotlin/descriptors/FieldDescriptor
instanceKlass org/jetbrains/kotlin/descriptors/PropertySetterDescriptor
instanceKlass org/jetbrains/kotlin/descriptors/PropertyGetterDescriptor
instanceKlass org/jetbrains/kotlin/descriptors/PropertyAccessorDescriptor
instanceKlass org/jetbrains/kotlin/descriptors/VariableAccessorDescriptor
instanceKlass org/jetbrains/kotlin/types/error/ErrorPropertyDescriptor
instanceKlass org/jetbrains/kotlin/descriptors/PropertyDescriptor
instanceKlass org/jetbrains/kotlin/mpp/PropertySymbolMarker
instanceKlass org/jetbrains/kotlin/descriptors/VariableDescriptorWithAccessors
instanceKlass org/jetbrains/kotlin/types/error/ErrorTypeConstructor
instanceKlass org/jetbrains/kotlin/types/error/ErrorScope
instanceKlass org/jetbrains/kotlin/cli/common/ModuleVisibilityHelperImpl
instanceKlass org/jetbrains/kotlin/descriptors/DescriptorVisibilities$12
instanceKlass org/jetbrains/kotlin/descriptors/DescriptorVisibilities$11
instanceKlass org/jetbrains/kotlin/descriptors/DescriptorVisibilities$10
instanceKlass org/jetbrains/kotlin/util/ModuleVisibilityHelper
instanceKlass org/jetbrains/kotlin/descriptors/DescriptorVisibility
instanceKlass org/jetbrains/kotlin/descriptors/Visibility
instanceKlass org/jetbrains/kotlin/descriptors/DescriptorVisibilities
instanceKlass org/jetbrains/kotlin/name/SpecialNames
instanceKlass org/jetbrains/kotlin/resolve/scopes/receivers/ReceiverValue
instanceKlass org/jetbrains/kotlin/resolve/scopes/receivers/Receiver
instanceKlass org/jetbrains/kotlin/descriptors/FunctionDescriptor$CopyBuilder
instanceKlass org/jetbrains/kotlin/descriptors/CallableMemberDescriptor$CopyBuilder
instanceKlass org/jetbrains/kotlin/descriptors/ClassConstructorDescriptor
instanceKlass org/jetbrains/kotlin/mpp/ConstructorSymbolMarker
instanceKlass org/jetbrains/kotlin/descriptors/ConstructorDescriptor
instanceKlass  @bci org/jetbrains/kotlin/types/error/ErrorModuleDescriptor <clinit> ()V 46 <appendix> argL0 ; # org/jetbrains/kotlin/types/error/ErrorModuleDescriptor$$Lambda+0x000002390a49cc90
instanceKlass org/jetbrains/kotlin/types/error/ErrorModuleDescriptor
instanceKlass org/jetbrains/kotlin/types/error/ErrorUtils
instanceKlass org/jetbrains/kotlin/types/TypeProjection
instanceKlass org/jetbrains/kotlin/types/model/TypeArgumentMarker
instanceKlass org/jetbrains/kotlin/types/TypeUtils
instanceKlass org/jetbrains/kotlin/descriptors/impl/AbstractClassDescriptor$1$1
instanceKlass org/jetbrains/kotlin/types/AbstractTypeRefiner
instanceKlass org/jetbrains/kotlin/types/checker/KotlinTypeRefinerKt
instanceKlass org/jetbrains/kotlin/resolve/descriptorUtil/DescriptorUtilsKt
instanceKlass org/jetbrains/kotlin/descriptors/FunctionDescriptor
instanceKlass org/jetbrains/kotlin/mpp/FunctionSymbolMarker
instanceKlass org/jetbrains/kotlin/descriptors/CallableMemberDescriptor
instanceKlass org/jetbrains/kotlin/resolve/DescriptorUtils
instanceKlass org/jetbrains/kotlin/resolve/scopes/MemberScopeImpl
instanceKlass  @bci org/jetbrains/kotlin/types/AbstractTypeConstructor <init> (Lorg/jetbrains/kotlin/storage/StorageManager;)V 24 <appendix> member <vmtarget> ; # org/jetbrains/kotlin/types/AbstractTypeConstructor$$Lambda+0x000002390a498628
instanceKlass  @bci org/jetbrains/kotlin/types/AbstractTypeConstructor <init> (Lorg/jetbrains/kotlin/storage/StorageManager;)V 18 <appendix> argL0 ; # org/jetbrains/kotlin/types/AbstractTypeConstructor$$Lambda+0x000002390a498418
instanceKlass  @bci org/jetbrains/kotlin/types/AbstractTypeConstructor <init> (Lorg/jetbrains/kotlin/storage/StorageManager;)V 13 <appendix> member <vmtarget> ; # org/jetbrains/kotlin/types/AbstractTypeConstructor$$Lambda+0x000002390a498200
instanceKlass org/jetbrains/kotlin/types/AbstractTypeConstructor$Supertypes
instanceKlass org/jetbrains/kotlin/descriptors/SupertypeLoopChecker
instanceKlass org/jetbrains/kotlin/types/ClassifierBasedTypeConstructor
instanceKlass org/jetbrains/kotlin/descriptors/ReceiverParameterDescriptor
instanceKlass org/jetbrains/kotlin/descriptors/impl/AbstractClassDescriptor$3
instanceKlass org/jetbrains/kotlin/descriptors/impl/AbstractClassDescriptor$2
instanceKlass org/jetbrains/kotlin/descriptors/impl/AbstractClassDescriptor$1
instanceKlass org/jetbrains/kotlin/descriptors/Modality$Companion
instanceKlass org/jetbrains/kotlin/descriptors/impl/ModuleAwareClassDescriptor$Companion
instanceKlass org/jetbrains/kotlin/types/TypeConstructor
instanceKlass org/jetbrains/kotlin/types/model/TypeConstructorMarker
instanceKlass org/jetbrains/kotlin/resolve/scopes/MemberScope
instanceKlass org/jetbrains/kotlin/resolve/scopes/ResolutionScope
instanceKlass  @bci org/jetbrains/kotlin/builtins/jvm/JvmBuiltInsCustomizer createMockJavaIoSerializableType (Lorg/jetbrains/kotlin/storage/StorageManager;)Lorg/jetbrains/kotlin/types/KotlinType; 33 <appendix> member <vmtarget> ; # org/jetbrains/kotlin/builtins/jvm/JvmBuiltInsCustomizer$$Lambda+0x000002390a4952e8
instanceKlass org/jetbrains/kotlin/renderer/KeywordStringsGenerated
instanceKlass org/jetbrains/kotlin/renderer/RenderingUtilsKt
instanceKlass org/jetbrains/kotlin/descriptors/ModuleDescriptor$DefaultImpls
instanceKlass org/jetbrains/kotlin/renderer/DescriptorRendererImpl$RenderDeclarationDescriptorVisitor
instanceKlass org/jetbrains/kotlin/descriptors/DeclarationDescriptorVisitor
instanceKlass  @bci org/jetbrains/kotlin/renderer/DescriptorRenderer <clinit> ()V 154 <appendix> argL0 ; # org/jetbrains/kotlin/renderer/DescriptorRenderer$$Lambda+0x000002390a4941a0
instanceKlass org/jetbrains/kotlin/renderer/ClassifierNamePolicy$FULLY_QUALIFIED
instanceKlass  @bci org/jetbrains/kotlin/renderer/DescriptorRenderer <clinit> ()V 140 <appendix> argL0 ; # org/jetbrains/kotlin/renderer/DescriptorRenderer$$Lambda+0x000002390a493d80
instanceKlass  @bci org/jetbrains/kotlin/renderer/DescriptorRenderer <clinit> ()V 126 <appendix> argL0 ; # org/jetbrains/kotlin/renderer/DescriptorRenderer$$Lambda+0x000002390a493b70
instanceKlass  @bci org/jetbrains/kotlin/renderer/DescriptorRenderer <clinit> ()V 112 <appendix> argL0 ; # org/jetbrains/kotlin/renderer/DescriptorRenderer$$Lambda+0x000002390a493960
instanceKlass  @bci org/jetbrains/kotlin/renderer/DescriptorRenderer <clinit> ()V 98 <appendix> argL0 ; # org/jetbrains/kotlin/renderer/DescriptorRenderer$$Lambda+0x000002390a493750
instanceKlass  @bci org/jetbrains/kotlin/renderer/DescriptorRenderer <clinit> ()V 84 <appendix> argL0 ; # org/jetbrains/kotlin/renderer/DescriptorRenderer$$Lambda+0x000002390a493540
instanceKlass org/jetbrains/kotlin/renderer/ClassifierNamePolicy$SHORT
instanceKlass  @bci org/jetbrains/kotlin/renderer/DescriptorRenderer <clinit> ()V 70 <appendix> argL0 ; # org/jetbrains/kotlin/renderer/DescriptorRenderer$$Lambda+0x000002390a493120
instanceKlass  @bci org/jetbrains/kotlin/renderer/DescriptorRenderer <clinit> ()V 56 <appendix> argL0 ; # org/jetbrains/kotlin/renderer/DescriptorRenderer$$Lambda+0x000002390a492f10
instanceKlass  @bci org/jetbrains/kotlin/renderer/DescriptorRenderer <clinit> ()V 42 <appendix> argL0 ; # org/jetbrains/kotlin/renderer/DescriptorRenderer$$Lambda+0x000002390a492d00
instanceKlass  @bci org/jetbrains/kotlin/renderer/DescriptorRenderer <clinit> ()V 28 <appendix> argL0 ; # org/jetbrains/kotlin/renderer/DescriptorRenderer$$Lambda+0x000002390a492af0
instanceKlass  @bci org/jetbrains/kotlin/renderer/DescriptorRendererImpl <init> (Lorg/jetbrains/kotlin/renderer/DescriptorRendererOptionsImpl;)V 49 <appendix> member <vmtarget> ; # org/jetbrains/kotlin/renderer/DescriptorRendererImpl$$Lambda+0x000002390a4928d8
instanceKlass org/jetbrains/kotlin/renderer/ExcludedTypeAnnotations
instanceKlass org/jetbrains/kotlin/renderer/DescriptorRenderer$ValueParametersHandler$DEFAULT
instanceKlass org/jetbrains/kotlin/renderer/DescriptorRenderer$ValueParametersHandler
instanceKlass  @bci org/jetbrains/kotlin/renderer/DescriptorRendererOptionsImpl <init> ()V 290 <appendix> argL0 ; # org/jetbrains/kotlin/renderer/DescriptorRendererOptionsImpl$$Lambda+0x000002390a4901f0
instanceKlass org/jetbrains/kotlin/descriptors/ValueParameterDescriptor
instanceKlass org/jetbrains/kotlin/mpp/ValueParameterSymbolMarker
instanceKlass org/jetbrains/kotlin/descriptors/VariableDescriptor
instanceKlass org/jetbrains/kotlin/descriptors/ParameterDescriptor
instanceKlass org/jetbrains/kotlin/descriptors/ValueDescriptor
instanceKlass org/jetbrains/kotlin/descriptors/CallableDescriptor
instanceKlass org/jetbrains/kotlin/mpp/CallableSymbolMarker
instanceKlass  @bci org/jetbrains/kotlin/renderer/DescriptorRendererOptionsImpl <init> ()V 277 <appendix> argL0 ; # org/jetbrains/kotlin/renderer/DescriptorRendererOptionsImpl$$Lambda+0x000002390a48f1b8
instanceKlass org/jetbrains/kotlin/renderer/DescriptorRendererModifier$Companion
instanceKlass org/jetbrains/kotlin/renderer/ClassifierNamePolicy$SOURCE_CODE_QUALIFIED
instanceKlass org/jetbrains/kotlin/renderer/ClassifierNamePolicy
instanceKlass org/jetbrains/kotlin/renderer/DescriptorRendererOptionsImpl
instanceKlass  @bci org/jetbrains/kotlin/renderer/DescriptorRenderer <clinit> ()V 14 <appendix> argL0 ; # org/jetbrains/kotlin/renderer/DescriptorRenderer$$Lambda+0x000002390a48ddf8
instanceKlass org/jetbrains/kotlin/renderer/DescriptorRendererOptions
instanceKlass org/jetbrains/kotlin/renderer/DescriptorRenderer$Companion
instanceKlass org/jetbrains/kotlin/renderer/DescriptorRenderer
instanceKlass org/jetbrains/kotlin/descriptors/SourceElement$1
instanceKlass org/jetbrains/kotlin/descriptors/SourceElement
instanceKlass org/jetbrains/kotlin/builtins/jvm/JavaToKotlinClassMapper
instanceKlass org/jetbrains/kotlin/builtins/PlatformToKotlinClassMapper
instanceKlass  @bci org/jetbrains/kotlin/builtins/jvm/JvmBuiltIns customizer_delegate$lambda$5 (Lorg/jetbrains/kotlin/builtins/jvm/JvmBuiltIns;Lorg/jetbrains/kotlin/storage/StorageManager;)Lorg/jetbrains/kotlin/builtins/jvm/JvmBuiltInsCustomizer; 19 <appendix> member <vmtarget> ; # org/jetbrains/kotlin/builtins/jvm/JvmBuiltIns$$Lambda+0x000002390a48c1f8
instanceKlass org/jetbrains/kotlin/builtins/jvm/JvmBuiltIns$Settings
instanceKlass org/jetbrains/kotlin/storage/StorageKt
instanceKlass  @bci org/jetbrains/kotlin/builtins/jvm/JvmBuiltInClassDescriptorFactory <init> (Lorg/jetbrains/kotlin/storage/StorageManager;Lorg/jetbrains/kotlin/descriptors/ModuleDescriptor;Lkotlin/jvm/functions/Function1;)V 36 <appendix> member <vmtarget> ; # org/jetbrains/kotlin/builtins/jvm/JvmBuiltInClassDescriptorFactory$$Lambda+0x000002390a48bbe8
instanceKlass org/jetbrains/kotlin/descriptors/impl/ModuleAwareClassDescriptor
instanceKlass org/jetbrains/kotlin/descriptors/ClassDescriptor
instanceKlass org/jetbrains/kotlin/mpp/RegularClassSymbolMarker
instanceKlass org/jetbrains/kotlin/descriptors/ClassifierDescriptorWithTypeParameters
instanceKlass org/jetbrains/kotlin/mpp/ClassLikeSymbolMarker
instanceKlass org/jetbrains/kotlin/descriptors/Substitutable
instanceKlass org/jetbrains/kotlin/descriptors/MemberDescriptor
instanceKlass org/jetbrains/kotlin/descriptors/DeclarationDescriptorWithVisibility
instanceKlass  @bci org/jetbrains/kotlin/builtins/jvm/JvmBuiltInClassDescriptorFactory <init> (Lorg/jetbrains/kotlin/storage/StorageManager;Lorg/jetbrains/kotlin/descriptors/ModuleDescriptor;Lkotlin/jvm/functions/Function1;ILkotlin/jvm/internal/DefaultConstructorMarker;)V 7 <appendix> argL0 ; # org/jetbrains/kotlin/builtins/jvm/JvmBuiltInClassDescriptorFactory$$Lambda+0x000002390a488bc8
instanceKlass org/jetbrains/kotlin/builtins/BuiltInsPackageFragment
instanceKlass org/jetbrains/kotlin/descriptors/PackageFragmentDescriptor
instanceKlass org/jetbrains/kotlin/descriptors/ClassOrPackageFragmentDescriptor
instanceKlass org/jetbrains/kotlin/builtins/PrimitiveType$Companion
instanceKlass  @bci org/jetbrains/kotlin/builtins/PrimitiveType <init> (Ljava/lang/String;ILjava/lang/String;)V 73 <appendix> member <vmtarget> ; # org/jetbrains/kotlin/builtins/PrimitiveType$$Lambda+0x000002390a488000
instanceKlass  @bci org/jetbrains/kotlin/builtins/PrimitiveType <init> (Ljava/lang/String;ILjava/lang/String;)V 57 <appendix> member <vmtarget> ; # org/jetbrains/kotlin/builtins/PrimitiveType$$Lambda+0x000002390a487d50
instanceKlass org/jetbrains/kotlin/name/ClassId$Companion
instanceKlass org/jetbrains/kotlin/builtins/StandardNames$FqNames
instanceKlass org/jetbrains/kotlin/builtins/StandardNames
instanceKlass org/jetbrains/kotlin/builtins/jvm/JvmBuiltInClassDescriptorFactory$Companion
instanceKlass org/jetbrains/kotlin/builtins/jvm/JvmBuiltInClassDescriptorFactory
instanceKlass org/jetbrains/kotlin/builtins/functions/BuiltInFictitiousFunctionClassFactory
instanceKlass org/jetbrains/kotlin/descriptors/deserialization/ClassDescriptorFactory
instanceKlass org/jetbrains/kotlin/serialization/deserialization/builtins/BuiltInsResourceLoader
instanceKlass org/jetbrains/kotlin/serialization/deserialization/builtins/BuiltInsLoaderImpl
instanceKlass  @bci org/jetbrains/kotlin/builtins/BuiltInsLoader$Companion <clinit> ()V 13 <appendix> argL0 ; # org/jetbrains/kotlin/builtins/BuiltInsLoader$Companion$$Lambda+0x000002390a4864f0
instanceKlass org/jetbrains/kotlin/builtins/BuiltInsLoader$Companion
instanceKlass org/jetbrains/kotlin/builtins/BuiltInsLoader
instanceKlass org/jetbrains/kotlin/cli/jvm/compiler/TopDownAnalyzerFacadeForJVM$SourceOrBinaryModuleClassResolver
instanceKlass org/jetbrains/kotlin/load/java/lazy/ModuleClassResolver
instanceKlass org/jetbrains/kotlin/incremental/components/EnumWhenTracker$DoNothing
instanceKlass org/jetbrains/kotlin/incremental/components/EnumWhenTracker
instanceKlass org/jetbrains/kotlin/incremental/components/InlineConstTracker$DoNothing
instanceKlass org/jetbrains/kotlin/incremental/components/InlineConstTracker
instanceKlass org/jetbrains/kotlin/incremental/components/ExpectActualTracker$DoNothing
instanceKlass org/jetbrains/kotlin/incremental/components/ExpectActualTracker
instanceKlass org/jetbrains/kotlin/incremental/components/LookupTracker$DO_NOTHING
instanceKlass org/jetbrains/kotlin/incremental/components/LookupTracker
instanceKlass org/jetbrains/kotlin/builtins/KotlinBuiltIns$4
instanceKlass org/jetbrains/kotlin/context/MutableModuleContextImpl
instanceKlass org/jetbrains/kotlin/context/MutableModuleContext
instanceKlass org/jetbrains/kotlin/context/ModuleContext
instanceKlass  @bci org/jetbrains/kotlin/descriptors/impl/ModuleDescriptorImpl <init> (Lorg/jetbrains/kotlin/name/Name;Lorg/jetbrains/kotlin/storage/StorageManager;Lorg/jetbrains/kotlin/builtins/KotlinBuiltIns;Lorg/jetbrains/kotlin/platform/TargetPlatform;Ljava/util/Map;Lorg/jetbrains/kotlin/name/Name;)V 154 <appendix> member <vmtarget> ; # org/jetbrains/kotlin/descriptors/impl/ModuleDescriptorImpl$$Lambda+0x000002390a484218
instanceKlass org/jetbrains/kotlin/descriptors/impl/CompositePackageFragmentProvider
instanceKlass org/jetbrains/kotlin/descriptors/PackageFragmentProviderOptimized
instanceKlass org/jetbrains/kotlin/descriptors/PackageFragmentProvider
instanceKlass  @bci org/jetbrains/kotlin/descriptors/impl/ModuleDescriptorImpl <init> (Lorg/jetbrains/kotlin/name/Name;Lorg/jetbrains/kotlin/storage/StorageManager;Lorg/jetbrains/kotlin/builtins/KotlinBuiltIns;Lorg/jetbrains/kotlin/platform/TargetPlatform;Ljava/util/Map;Lorg/jetbrains/kotlin/name/Name;)V 139 <appendix> member <vmtarget> ; # org/jetbrains/kotlin/descriptors/impl/ModuleDescriptorImpl$$Lambda+0x000002390a4839e0
instanceKlass org/jetbrains/kotlin/descriptors/PackageViewDescriptor
instanceKlass org/jetbrains/kotlin/descriptors/impl/PackageViewDescriptorFactory$Default
instanceKlass org/jetbrains/kotlin/descriptors/ModuleCapability
instanceKlass org/jetbrains/kotlin/descriptors/impl/PackageViewDescriptorFactory$Companion
instanceKlass org/jetbrains/kotlin/descriptors/impl/PackageViewDescriptorFactory
instanceKlass org/jetbrains/kotlin/descriptors/annotations/Annotations$Companion$EMPTY$1
instanceKlass org/jetbrains/kotlin/descriptors/annotations/Annotations$Companion
instanceKlass org/jetbrains/kotlin/descriptors/annotations/Annotations
instanceKlass org/jetbrains/kotlin/descriptors/annotations/AnnotatedImpl
instanceKlass org/jetbrains/kotlin/builtins/jvm/JvmBuiltIns$WhenMappings
instanceKlass  @bci org/jetbrains/kotlin/builtins/jvm/JvmBuiltIns <init> (Lorg/jetbrains/kotlin/storage/StorageManager;Lorg/jetbrains/kotlin/builtins/jvm/JvmBuiltIns$Kind;)V 26 <appendix> member <vmtarget> ; # org/jetbrains/kotlin/builtins/jvm/JvmBuiltIns$$Lambda+0x000002390a481d50
instanceKlass org/jetbrains/kotlin/builtins/jvm/JvmBuiltInsCustomizer
instanceKlass org/jetbrains/kotlin/builtins/KotlinBuiltIns$3
instanceKlass org/jetbrains/kotlin/builtins/KotlinBuiltIns$2
instanceKlass org/jetbrains/kotlin/storage/LockBasedStorageManager$LockBasedLazyValue
instanceKlass org/jetbrains/kotlin/builtins/KotlinBuiltIns$1
instanceKlass org/jetbrains/kotlin/descriptors/deserialization/PlatformDependentDeclarationFilter
instanceKlass org/jetbrains/kotlin/descriptors/deserialization/AdditionalClassPartsProvider
instanceKlass org/jetbrains/kotlin/types/model/TypeArgumentListMarker
instanceKlass org/jetbrains/kotlin/types/model/SimpleTypeMarker
instanceKlass org/jetbrains/kotlin/types/model/RigidTypeMarker
instanceKlass org/jetbrains/kotlin/types/KotlinType
instanceKlass org/jetbrains/kotlin/descriptors/ModuleDescriptor
instanceKlass org/jetbrains/kotlin/incremental/components/LookupLocation
instanceKlass org/jetbrains/kotlin/descriptors/ClassifierDescriptor
instanceKlass org/jetbrains/kotlin/mpp/ClassifierSymbolMarker
instanceKlass org/jetbrains/kotlin/descriptors/DeclarationDescriptorNonRoot
instanceKlass org/jetbrains/kotlin/descriptors/DeclarationDescriptorWithSource
instanceKlass org/jetbrains/kotlin/descriptors/DeclarationDescriptor
instanceKlass org/jetbrains/kotlin/mpp/DeclarationSymbolMarker
instanceKlass org/jetbrains/kotlin/descriptors/annotations/Annotated
instanceKlass org/jetbrains/kotlin/descriptors/ValidateableDescriptor
instanceKlass org/jetbrains/kotlin/descriptors/Named
instanceKlass org/jetbrains/kotlin/builtins/KotlinBuiltIns
instanceKlass org/jetbrains/kotlin/storage/DefaultSimpleLock
instanceKlass org/jetbrains/kotlin/storage/SimpleLock$Companion
instanceKlass  @bci org/jetbrains/kotlin/context/ContextKt GlobalContext (Ljava/lang/String;)Lorg/jetbrains/kotlin/context/GlobalContextImpl; 28 <appendix> argL0 ; # org/jetbrains/kotlin/context/ContextKt$$Lambda+0x000002390a47cf68
instanceKlass  @bci org/jetbrains/kotlin/context/ContextKt GlobalContext (Ljava/lang/String;)Lorg/jetbrains/kotlin/context/GlobalContextImpl; 23 <appendix> argL0 ; # org/jetbrains/kotlin/context/ContextKt$$Lambda+0x000002390a47cd58
instanceKlass org/jetbrains/kotlin/context/SimpleGlobalContext
instanceKlass org/jetbrains/kotlin/storage/ExceptionTracker
instanceKlass org/jetbrains/kotlin/context/ProjectContextImpl
instanceKlass org/jetbrains/kotlin/context/ProjectContext
instanceKlass org/jetbrains/kotlin/context/GlobalContext
instanceKlass org/jetbrains/kotlin/context/ContextKt
instanceKlass org/jetbrains/kotlin/platform/TargetPlatform
instanceKlass org/jetbrains/kotlin/platform/TargetPlatformKt
instanceKlass org/jetbrains/kotlin/platform/TargetPlatformVersion$NoVersion
instanceKlass org/jetbrains/kotlin/platform/SimplePlatform
instanceKlass org/jetbrains/kotlin/platform/jvm/JvmPlatforms
instanceKlass com/intellij/openapi/vfs/VirtualFileWithId
instanceKlass it/unimi/dsi/fastutil/ints/IntList
instanceKlass com/intellij/openapi/vfs/VirtualFileSetEx
instanceKlass  @bci com/intellij/openapi/vfs/VfsUtilCore <clinit> ()V 8 <appendix> argL0 ; # com/intellij/openapi/vfs/VfsUtilCore$$Lambda+0x000002390a479c48
instanceKlass com/intellij/openapi/vfs/VirtualFileVisitor
instanceKlass com/intellij/openapi/vfs/VfsUtilCore
instanceKlass org/jetbrains/kotlin/resolve/TargetEnvironment$Companion
instanceKlass org/jetbrains/kotlin/resolve/TargetEnvironment
instanceKlass org/jetbrains/kotlin/resolve/lazy/declarations/AbstractDeclarationProviderFactory
instanceKlass org/jetbrains/kotlin/resolve/lazy/declarations/DeclarationProviderFactory
instanceKlass org/jetbrains/kotlin/cli/jvm/compiler/TopDownAnalyzerFacadeForJVM
instanceKlass  @bci org/jetbrains/kotlin/resolve/diagnostics/MutableDiagnosticsWithSuppression <init> (Lorg/jetbrains/kotlin/resolve/diagnostics/KotlinSuppressCache;Lorg/jetbrains/kotlin/resolve/diagnostics/Diagnostics;)V 43 <appendix> member <vmtarget> ; # org/jetbrains/kotlin/resolve/diagnostics/MutableDiagnosticsWithSuppression$$Lambda+0x000002390a4777f8
instanceKlass com/intellij/psi/util/CachedValueProvider$Result
instanceKlass com/intellij/openapi/util/Getter
instanceKlass com/intellij/util/CachedValueBase
instanceKlass  @bci org/jetbrains/kotlin/resolve/diagnostics/KotlinSuppressCache <init> (Lcom/intellij/openapi/project/Project;)V 39 <appendix> member <vmtarget> ; # org/jetbrains/kotlin/resolve/diagnostics/KotlinSuppressCache$$Lambda+0x000002390a476cf8
instanceKlass org/jetbrains/kotlin/diagnostics/Diagnostic
instanceKlass org/jetbrains/kotlin/diagnostics/DiagnosticMarker
instanceKlass org/jetbrains/kotlin/resolve/diagnostics/KotlinSuppressCache$Companion
instanceKlass org/jetbrains/kotlin/diagnostics/AbstractKotlinSuppressCache$Companion
instanceKlass org/jetbrains/kotlin/resolve/diagnostics/Diagnostics$Companion$EMPTY$1
instanceKlass org/jetbrains/kotlin/resolve/diagnostics/Diagnostics$Companion
instanceKlass org/jetbrains/kotlin/resolve/diagnostics/MutableDiagnosticsWithSuppression
instanceKlass org/jetbrains/kotlin/util/slicedMap/WritableSlice
instanceKlass org/jetbrains/kotlin/resolve/BindingTraceContext$1
instanceKlass org/jetbrains/kotlin/resolve/CleanableBindingContext
instanceKlass com/google/common/collect/Multimap
instanceKlass org/jetbrains/kotlin/util/slicedMap/SlicedMapImpl
instanceKlass org/jetbrains/kotlin/resolve/BindingTraceFilter$Companion
instanceKlass org/jetbrains/kotlin/resolve/BindingTraceFilter
instanceKlass org/jetbrains/kotlin/diagnostics/UnboundDiagnostic
instanceKlass org/jetbrains/kotlin/diagnostics/DiagnosticSink$2
instanceKlass org/jetbrains/kotlin/diagnostics/DiagnosticSink$1
instanceKlass org/jetbrains/kotlin/util/slicedMap/ReadOnlySlice
instanceKlass org/jetbrains/kotlin/util/slicedMap/MutableSlicedMap
instanceKlass org/jetbrains/kotlin/util/slicedMap/SlicedMap
instanceKlass org/jetbrains/kotlin/diagnostics/AbstractKotlinSuppressCache
instanceKlass org/jetbrains/kotlin/resolve/BindingContext
instanceKlass org/jetbrains/kotlin/resolve/BindingTraceContext
instanceKlass org/jetbrains/kotlin/resolve/BindingTrace
instanceKlass org/jetbrains/kotlin/diagnostics/DiagnosticSink
instanceKlass com/intellij/util/indexing/IndexingDataKeys
instanceKlass com/intellij/psi/impl/source/FileTrees
instanceKlass org/jetbrains/kotlin/psi/stubs/KotlinScriptStub
instanceKlass org/jetbrains/kotlin/psi/stubs/KotlinPlaceHolderWithTextStub
instanceKlass com/intellij/psi/tree/IReparseableLeafElementType
instanceKlass com/intellij/psi/TokenType
instanceKlass com/intellij/psi/LiteralTextEscaper
instanceKlass com/intellij/psi/ContributedReferenceHost
instanceKlass org/jetbrains/kotlin/psi/stubs/KotlinCollectionLiteralExpressionStub
instanceKlass org/jetbrains/kotlin/psi/stubs/KotlinClassLiteralExpressionStub
instanceKlass org/jetbrains/kotlin/psi/KtDoubleColonExpression
instanceKlass org/jetbrains/kotlin/psi/stubs/KotlinConstantExpressionStub
instanceKlass org/jetbrains/kotlin/psi/stubs/elements/KtConstantExpressionElementType$Companion
instanceKlass org/jetbrains/kotlin/psi/stubs/KotlinContextReceiverStub
instanceKlass org/jetbrains/kotlin/psi/LambdaArgument
instanceKlass org/jetbrains/kotlin/psi/stubs/KotlinContractEffectStub
instanceKlass org/jetbrains/kotlin/psi/ValueArgumentName
instanceKlass org/jetbrains/kotlin/psi/stubs/KotlinValueArgumentStub
instanceKlass org/jetbrains/kotlin/psi/ValueArgument
instanceKlass org/jetbrains/kotlin/psi/stubs/KotlinEnumEntrySuperclassReferenceExpressionStub
instanceKlass org/jetbrains/kotlin/psi/KtQualifiedExpression
instanceKlass org/jetbrains/kotlin/psi/stubs/KotlinNameReferenceExpressionStub
instanceKlass org/jetbrains/kotlin/psi/stubs/KotlinTypeProjectionStub
instanceKlass org/jetbrains/kotlin/psi/stubs/KotlinFunctionTypeStub
instanceKlass org/jetbrains/kotlin/psi/KtSimpleNameExpression
instanceKlass org/jetbrains/kotlin/psi/KtReferenceExpression
instanceKlass org/jetbrains/kotlin/psi/stubs/impl/KotlinTypeBean
instanceKlass org/jetbrains/kotlin/types/model/KotlinTypeMarker
instanceKlass org/jetbrains/kotlin/psi/stubs/KotlinUserTypeStub
instanceKlass org/jetbrains/kotlin/psi/KtTypeElement
instanceKlass org/jetbrains/kotlin/psi/stubs/KotlinModifierListStub
instanceKlass org/jetbrains/kotlin/psi/stubs/KotlinImportAliasStub
instanceKlass org/jetbrains/kotlin/psi/KtImportInfo$ImportContent
instanceKlass org/jetbrains/kotlin/psi/KtImportInfo
instanceKlass org/jetbrains/kotlin/psi/stubs/KotlinImportDirectiveStub
instanceKlass org/jetbrains/kotlin/psi/KtAnnotationsContainer
instanceKlass org/jetbrains/kotlin/psi/stubs/KotlinAnnotationUseSiteTargetStub
instanceKlass org/jetbrains/kotlin/psi/KtCallElement
instanceKlass org/jetbrains/kotlin/psi/stubs/KotlinAnnotationEntryStub
instanceKlass org/jetbrains/kotlin/psi/stubs/KotlinTypeParameterStub
instanceKlass org/jetbrains/kotlin/psi/stubs/KotlinParameterStub
instanceKlass org/jetbrains/kotlin/psi/stubs/KotlinConstructorStub
instanceKlass org/jetbrains/kotlin/psi/KtAnonymousInitializer
instanceKlass org/jetbrains/kotlin/psi/stubs/KotlinPlaceHolderStub
instanceKlass org/jetbrains/kotlin/psi/stubs/KotlinObjectStub
instanceKlass org/jetbrains/kotlin/psi/stubs/KotlinTypeAliasStub
instanceKlass org/jetbrains/kotlin/psi/stubs/KotlinBackingFieldStub
instanceKlass org/jetbrains/kotlin/psi/stubs/KotlinPropertyAccessorStub
instanceKlass org/jetbrains/kotlin/psi/KtVariableDeclaration
instanceKlass org/jetbrains/kotlin/psi/KtValVarKeywordOwner
instanceKlass org/jetbrains/kotlin/psi/stubs/KotlinPropertyStub
instanceKlass org/jetbrains/kotlin/psi/KtFunction
instanceKlass org/jetbrains/kotlin/psi/KtDeclarationWithBody
instanceKlass org/jetbrains/kotlin/psi/KtCallableDeclaration
instanceKlass org/jetbrains/kotlin/psi/KtDeclarationWithInitializer
instanceKlass org/jetbrains/kotlin/psi/stubs/KotlinFunctionStub
instanceKlass org/jetbrains/kotlin/psi/stubs/KotlinCallableStubBase
instanceKlass  @bci org/jetbrains/kotlin/psi/stubs/elements/KtStubElementType <init> (Ljava/lang/String;Ljava/lang/Class;Ljava/lang/Class;)V 125 <appendix> member <vmtarget> ; # org/jetbrains/kotlin/psi/stubs/elements/KtStubElementType$$Lambda+0x000002390a40b908
instanceKlass com/intellij/psi/impl/source/SubstrateRef
instanceKlass com/intellij/psi/StubBasedPsiElement
instanceKlass org/jetbrains/kotlin/psi/KtTypeParameterListOwner
instanceKlass org/jetbrains/kotlin/psi/KtPureClassOrObject
instanceKlass org/jetbrains/kotlin/psi/KtClassLikeDeclaration
instanceKlass org/jetbrains/kotlin/psi/KtNamedDeclaration
instanceKlass org/jetbrains/kotlin/psi/KtStatementExpression
instanceKlass org/jetbrains/kotlin/psi/KtNamed
instanceKlass org/jetbrains/kotlin/psi/KtDeclaration
instanceKlass org/jetbrains/kotlin/psi/KtModifierListOwner
instanceKlass org/jetbrains/kotlin/psi/KtExpression
instanceKlass org/jetbrains/kotlin/psi/stubs/KotlinClassStub
instanceKlass org/jetbrains/kotlin/psi/stubs/KotlinClassOrObjectStub
instanceKlass org/jetbrains/kotlin/psi/stubs/KotlinStubWithFqName
instanceKlass com/intellij/psi/stubs/NamedStub
instanceKlass org/jetbrains/kotlin/psi/stubs/KotlinClassifierStub
instanceKlass org/jetbrains/kotlin/psi/stubs/elements/KtStubElementTypes
instanceKlass org/jetbrains/kotlin/psi/stubs/elements/KtTokenSets
instanceKlass com/intellij/psi/tree/TokenSet
instanceKlass org/jetbrains/kotlin/psi/KtFile$Companion
instanceKlass  @bci java/util/Comparator comparing (Ljava/util/function/Function;)Ljava/util/Comparator; 6 <appendix> member <vmtarget> ; # java/util/Comparator$$Lambda+0x000002390a1e2f20
instanceKlass  @bci java/lang/invoke/BootstrapMethodInvoker invoke (Ljava/lang/Class;Ljava/lang/invoke/MethodHandle;Ljava/lang/String;Ljava/lang/Object;Ljava/lang/Object;Ljava/lang/Class;)Ljava/lang/Object; 462 <adapter> ; # java/lang/invoke/LambdaForm$MH+0x000002390a3f0400
instanceKlass  @bci com/intellij/psi/impl/source/PsiFileImpl <clinit> ()V 36 <appendix> argL0 ; # com/intellij/psi/impl/source/PsiFileImpl$$Lambda+0x000002390a3f7130
instanceKlass com/intellij/psi/impl/source/StubbedSpine
# instanceKlass java/lang/invoke/LambdaForm$MH+0x000002390a3f0000
instanceKlass org/jetbrains/kotlin/psi/KtDeclarationContainer
instanceKlass org/eclipse/lsp4j/SemanticTokensServerFull
instanceKlass org/jetbrains/kotlin/psi/KtAnnotated
instanceKlass org/jetbrains/kotlin/psi/KtElement
instanceKlass org/jetbrains/kotlin/psi/KtPureElement
instanceKlass com/intellij/psi/PsiClassOwner
instanceKlass org/eclipse/lsp4j/FileOperationPatternOptions
instanceKlass org/eclipse/lsp4j/FileOperationPattern
instanceKlass org/eclipse/lsp4j/FileOperationFilter
instanceKlass com/intellij/util/keyFMap/ArrayBackedFMap
instanceKlass org/eclipse/lsp4j/FileOperationOptions
instanceKlass org/eclipse/lsp4j/FileOperationsServerCapabilities
instanceKlass com/intellij/psi/util/PsiUtilCore$NullPsiElement
instanceKlass com/intellij/psi/util/PsiUtilCore
instanceKlass com/intellij/injected/editor/VirtualFileWindow
instanceKlass com/intellij/psi/AbstractFileViewProvider$VirtualFileContent
instanceKlass com/intellij/psi/PsiLock
instanceKlass com/intellij/psi/PsiLargeBinaryFile
instanceKlass com/intellij/psi/PsiLargeFile
instanceKlass org/eclipse/lsp4j/DocumentFilter
instanceKlass com/intellij/psi/PsiBinaryFile
instanceKlass org/eclipse/lsp4j/CompletionItemOptions
instanceKlass com/intellij/psi/AbstractFileViewProvider$Content
instanceKlass org/eclipse/lsp4j/NotebookSelectorCell
instanceKlass org/eclipse/lsp4j/NotebookDocumentFilter
instanceKlass org/eclipse/lsp4j/NotebookSelector
instanceKlass org/eclipse/lsp4j/SaveOptions
instanceKlass org/eclipse/lsp4j/TextDocumentSyncOptions
instanceKlass org/eclipse/lsp4j/DocumentOnTypeFormattingOptions
instanceKlass org/eclipse/lsp4j/NotebookDocumentSyncRegistrationOptions
instanceKlass com/intellij/openapi/vfs/CharsetToolkit
instanceKlass org/javacs/kt/compiler/Compiler$WhenMappings
instanceKlass org/eclipse/lsp4j/ServerInfo
instanceKlass  @bci org/javacs/kt/util/Debouncer submitImmediately$lambda$2 (Lkotlin/jvm/functions/Function1;Ljava/util/concurrent/atomic/AtomicReference;)V 2 <appendix> member <vmtarget> ; # org/javacs/kt/util/Debouncer$$Lambda+0x000002390a3e18a8
instanceKlass org/javacs/kt/util/DebouncerKt
instanceKlass  @bci org/javacs/kt/util/Debouncer submitImmediately (Lkotlin/jvm/functions/Function1;)V 39 <appendix> member <vmtarget> ; # org/javacs/kt/util/Debouncer$$Lambda+0x000002390a3e1498
instanceKlass  @bci org/javacs/kt/KotlinTextDocumentService lintAll ()V 5 <appendix> member <vmtarget> ; # org/javacs/kt/KotlinTextDocumentService$$Lambda+0x000002390a3e1280
instanceKlass org/eclipse/lsp4j/WorkDoneProgressEnd
instanceKlass org/jetbrains/kotlin/cli/jvm/compiler/ClasspathRootsResolver$RootWithPrefix
instanceKlass org/jetbrains/kotlin/cli/jvm/config/JvmModulePathRoot
instanceKlass java/io/RandomAccessFile$1
instanceKlass  @bci com/intellij/util/containers/FactoryMap entrySet ()Ljava/util/Set; 9 <appendix> argL0 ; # com/intellij/util/containers/FactoryMap$$Lambda+0x000002390a3e0540
instanceKlass com/intellij/util/containers/FactoryMap
instanceKlass  @bci com/intellij/openapi/vfs/impl/jar/CoreJarHandler <init> (Lcom/intellij/openapi/vfs/impl/jar/CoreJarFileSystem;Ljava/lang/String;)V 40 <appendix> argL0 ; # com/intellij/openapi/vfs/impl/jar/CoreJarHandler$$Lambda+0x000002390a3dd968
instanceKlass com/intellij/util/text/CharArrayExternalizable
instanceKlass com/intellij/util/text/ImmutableCharSequence
instanceKlass com/intellij/util/text/CharArrayUtil
instanceKlass  @bci com/intellij/openapi/vfs/impl/ZipHandlerBase buildEntryMapForZipFile (Ljava/util/zip/ZipFile;)Ljava/util/Map; 70 <appendix> member <vmtarget> ; # com/intellij/openapi/vfs/impl/ZipHandlerBase$$Lambda+0x000002390a3dfc60
instanceKlass com/intellij/openapi/util/io/FileUtil$2
instanceKlass com/intellij/openapi/util/io/FileUtil$1
instanceKlass com/intellij/openapi/util/io/FileUtilRt$SymlinkResolver
instanceKlass gnu/trove/TObjectHashingStrategy
instanceKlass gnu/trove/Equality
instanceKlass java/util/zip/ZipFile$ZipEntryIterator
instanceKlass com/intellij/openapi/vfs/impl/ArchiveHandler$EntryInfo
instanceKlass com/intellij/util/containers/ShareableKey
instanceKlass com/intellij/openapi/util/Pair
instanceKlass org/jetbrains/kotlin/cli/common/config/KotlinSourceRoot
instanceKlass com/intellij/util/containers/LockFreeCopyOnWriteArrayList$COWIterator
instanceKlass org/jetbrains/kotlin/cli/jvm/config/JavaSourceRoot
instanceKlass org/jetbrains/kotlin/cli/jvm/config/JvmClasspathRoot
instanceKlass org/jetbrains/kotlin/cli/jvm/config/JvmContentRoot
instanceKlass org/jetbrains/kotlin/cli/jvm/config/JvmClasspathRootBase
instanceKlass org/jetbrains/kotlin/cli/jvm/config/JvmContentRootBase
instanceKlass org/jetbrains/kotlin/cli/common/config/ContentRoot
instanceKlass  @bci com/intellij/util/containers/SLRUMap <init> (IILcom/intellij/util/containers/hash/EqualityPolicy;)V 55 <appendix> member <vmtarget> ; # com/intellij/util/containers/SLRUMap$$Lambda+0x000002390a3dad48
instanceKlass com/intellij/util/containers/LinkedCustomHashMap$Entry
instanceKlass  @bci com/intellij/util/containers/SLRUMap <init> (IILcom/intellij/util/containers/hash/EqualityPolicy;)V 37 <appendix> member <vmtarget> ; # com/intellij/util/containers/SLRUMap$$Lambda+0x000002390a3da710
instanceKlass  @cpi com/intellij/util/containers/SLRUMap 90 form vmentry <vmtarget> ; # java/lang/invoke/LambdaForm$DMH+0x000002390a3dc800
instanceKlass com/intellij/util/containers/LinkedCustomHashMap$RemoveCallback
instanceKlass com/intellij/util/containers/LinkedCustomHashMap
instanceKlass com/intellij/util/containers/SLRUMap
instanceKlass com/intellij/openapi/util/io/FileAttributes
instanceKlass com/intellij/util/io/ResourceHandle
instanceKlass com/intellij/util/io/FileAccessorCache
instanceKlass com/intellij/util/containers/hash/EqualityPolicy
instanceKlass com/intellij/openapi/vfs/impl/AddonlyKeylessHash$KeyValueMapper
instanceKlass  @bci jdk/internal/reflect/MethodHandleObjectFieldAccessorImpl set (Ljava/lang/Object;Ljava/lang/Object;)V 29 <adapter> ; # java/lang/invoke/LambdaForm$MH+0x000002390a3dc400
# instanceKlass java/lang/invoke/LambdaForm$MH+0x000002390a3dc000
instanceKlass kotlinx/collections/immutable/implementations/immutableMap/TrieNodeBaseIterator
instanceKlass kotlinx/collections/immutable/implementations/immutableMap/PersistentHashMapBaseIterator
instanceKlass  @bci com/intellij/util/messages/impl/MessageBusImpl dispose ()V 88 <appendix> member <vmtarget> ; # com/intellij/util/messages/impl/MessageBusImpl$$Lambda+0x000002390a3d5c90
instanceKlass com/intellij/psi/impl/DebugUtil
instanceKlass  @bci com/intellij/psi/impl/file/impl/FileManagerImpl clearViewProviders ()V 11 <appendix> member <vmtarget> ; # com/intellij/psi/impl/file/impl/FileManagerImpl$$Lambda+0x000002390a3d7728
instanceKlass com/intellij/util/ThrowableRunnable
instanceKlass com/intellij/util/messages/impl/MessageBusImplKt
instanceKlass com/intellij/openapi/Disposable$Parent
instanceKlass  @bci org/javacs/kt/CompilerClassPath refresh$lambda$5 (Lorg/javacs/kt/classpath/ClassPathResolver;Lorg/javacs/kt/CompilerClassPath;)Lkotlin/Unit; 27 <appendix> argL0 ; # org/javacs/kt/CompilerClassPath$$Lambda+0x000002390a3d6f40
instanceKlass  @bci com/intellij/openapi/util/ObjectNode removeChildNodesRecursively (Ljava/util/List;Lcom/intellij/openapi/util/ObjectTree;Ljava/lang/Throwable;Ljava/util/function/Predicate;)V 27 <appendix> member <vmtarget> ; # com/intellij/openapi/util/ObjectNode$$Lambda+0x000002390a3d6ab8
instanceKlass  @bci com/intellij/openapi/util/ObjectTree executeAll (Lcom/intellij/openapi/Disposable;Z)V 13 <adapter> ; # java/lang/invoke/LambdaForm$MH+0x000002390a3d5000
# instanceKlass java/lang/invoke/LambdaForm$DMH+0x000002390a3d4c00
instanceKlass  @bci com/intellij/openapi/util/ObjectTree executeAll (Lcom/intellij/openapi/Disposable;Z)V 13 <appendix> form vmentry <vmtarget> ; # java/lang/invoke/LambdaForm$DMH+0x000002390a3d4800
instanceKlass  @bci com/intellij/openapi/util/ObjectTree executeAll (Lcom/intellij/openapi/Disposable;Z)V 13 <appendix> member <vmtarget> ; # com/intellij/openapi/util/ObjectTree$$Lambda+0x000002390a3d6890
instanceKlass  @cpi com/intellij/openapi/util/ObjectTree 144 form vmentry <vmtarget> ; # java/lang/invoke/LambdaForm$DMH+0x000002390a3d4400
instanceKlass  @bci org/javacs/kt/CompilerClassPath refresh (ZZZ)Z 164 <appendix> argL0 ; # org/javacs/kt/CompilerClassPath$$Lambda+0x000002390a3d6680
instanceKlass  @bci org/javacs/kt/classpath/CachedClassPathResolver getCachedBuildScriptClassPathEntries ()Ljava/util/Set; 4 <appendix> argL0 ; # org/javacs/kt/classpath/CachedClassPathResolver$$Lambda+0x000002390a3d6000
instanceKlass  @bci org/javacs/kt/CompilerClassPath refresh (ZZZ)Z 107 <appendix> member <vmtarget> ; # org/javacs/kt/CompilerClassPath$$Lambda+0x000002390a3d3ca8
instanceKlass org/javacs/kt/CompilerClassPathKt
instanceKlass  @bci org/javacs/kt/CompilerClassPath refresh (ZZZ)Z 69 <appendix> argL0 ; # org/javacs/kt/CompilerClassPath$$Lambda+0x000002390a3d38a0
instanceKlass  @bci org/javacs/kt/classpath/CachedClassPathResolver getCachedClassPathMetadata ()Lorg/javacs/kt/classpath/ClasspathMetadata; 4 <appendix> argL0 ; # org/javacs/kt/classpath/CachedClassPathResolver$$Lambda+0x000002390a3d3220
instanceKlass org/javacs/kt/classpath/ClasspathMetadata
# instanceKlass java/lang/invoke/LambdaForm$MH+0x000002390a3d4000
instanceKlass org/javacs/kt/classpath/ClassPathEntry
instanceKlass  @bci org/javacs/kt/classpath/CachedClassPathResolver getCachedClassPathEntries ()Ljava/util/Set; 4 <appendix> argL0 ; # org/javacs/kt/classpath/CachedClassPathResolver$$Lambda+0x000002390a3d27a0
instanceKlass org/javacs/kt/classpath/ClassPathResolver$DefaultImpls
instanceKlass org/jetbrains/exposed/sql/BooleanColumnType$Companion
instanceKlass  @bci org/javacs/kt/classpath/CachedClassPathResolver <init> (Lorg/javacs/kt/classpath/ClassPathResolver;Lorg/jetbrains/exposed/sql/Database;)V 31 <appendix> argL0 ; # org/javacs/kt/classpath/CachedClassPathResolver$$Lambda+0x000002390a3d13a8
instanceKlass org/javacs/kt/classpath/CachedClassPathResolver
instanceKlass org/javacs/kt/classpath/BackupClassPathResolver
instanceKlass org/javacs/kt/classpath/FirstNonEmptyClassPathResolver
instanceKlass org/javacs/kt/classpath/UnionClassPathResolver
instanceKlass org/javacs/kt/classpath/GradleClassPathResolver$Companion
instanceKlass org/javacs/kt/classpath/GradleClassPathResolver
instanceKlass org/javacs/kt/classpath/MavenClassPathResolver$Companion
instanceKlass org/javacs/kt/classpath/MavenClassPathResolver
instanceKlass  @bci org/javacs/kt/classpath/DefaultClassPathResolverKt folderResolvers (Ljava/nio/file/Path;Ljava/util/List;)Ljava/util/Collection; 30 <appendix> argL0 ; # org/javacs/kt/classpath/DefaultClassPathResolverKt$$Lambda+0x000002390a3d0000
instanceKlass  @bci org/javacs/kt/classpath/DefaultClassPathResolverKt folderResolvers (Ljava/nio/file/Path;Ljava/util/List;)Ljava/util/Collection; 19 <appendix> member <vmtarget> ; # org/javacs/kt/classpath/DefaultClassPathResolverKt$$Lambda+0x000002390a3cac00
instanceKlass kotlin/io/LinesSequence$iterator$1
instanceKlass kotlin/io/LinesSequence
instanceKlass  @bci kotlin/io/FilesKt__FileReadWriteKt readLines (Ljava/io/File;Ljava/nio/charset/Charset;)Ljava/util/List; 23 <appendix> member <vmtarget> ; # kotlin/io/FilesKt__FileReadWriteKt$$Lambda+0x000002390a3cb848
instanceKlass org/javacs/kt/classpath/ClassPathResolverKt
instanceKlass  @bci org/javacs/kt/classpath/DefaultClassPathResolverKt defaultClassPathResolver (Ljava/util/Collection;Lorg/jetbrains/exposed/sql/Database;)Lorg/javacs/kt/classpath/ClassPathResolver; 33 <appendix> argL0 ; # org/javacs/kt/classpath/DefaultClassPathResolverKt$$Lambda+0x000002390a3cb440
instanceKlass org/javacs/kt/classpath/ClassPathResolver$Companion$empty$1
instanceKlass org/javacs/kt/classpath/ClassPathResolver$Companion
instanceKlass java/lang/ProcessEnvironment$CheckedEntry
instanceKlass java/lang/ProcessEnvironment$CheckedEntrySet$1
instanceKlass java/lang/ProcessEnvironment$EntryComparator
instanceKlass java/lang/ProcessEnvironment$NameComparator
instanceKlass org/javacs/kt/util/ShellPathUtilsKt
instanceKlass org/javacs/kt/classpath/ShellClassPathResolver$Companion
instanceKlass org/javacs/kt/classpath/ShellClassPathResolver
instanceKlass org/javacs/kt/classpath/WithStdlibResolver
instanceKlass org/javacs/kt/classpath/ClassPathResolver
instanceKlass org/javacs/kt/classpath/DefaultClassPathResolverKt
instanceKlass  @bci org/javacs/kt/CompilerClassPath findJavaSourceFiles (Ljava/nio/file/Path;)Ljava/util/Set; 32 <appendix> member <vmtarget> ; # org/javacs/kt/CompilerClassPath$$Lambda+0x000002390a3cf058
instanceKlass org/javacs/kt/SourcePath$SourceFile
instanceKlass org/javacs/kt/SourceVersion
instanceKlass kotlin/io/TextStreamsKt
instanceKlass kotlin/text/Charsets
instanceKlass org/javacs/kt/SourceFilesKt
instanceKlass  @bci java/util/concurrent/Executors$AutoShutdownDelegatedExecutorService lambda$new$1 (Ljava/util/concurrent/ExecutorService;)V 10 <appendix> member <vmtarget> ; # java/util/concurrent/Executors$AutoShutdownDelegatedExecutorService$$Lambda+0x000002390a1e0480
instanceKlass java/nio/file/Path$1
instanceKlass kotlin/io/FileTreeWalk$WalkState
instanceKlass kotlin/io/FileTreeWalk$FileTreeWalkIterator$WhenMappings
instanceKlass  @bci org/javacs/kt/SourceExclusions walkIncluded$lambda$3 (Lorg/javacs/kt/SourceExclusions;Ljava/nio/file/Path;)Lkotlin/sequences/Sequence; 38 <appendix> argL0 ; # org/javacs/kt/SourceExclusions$$Lambda+0x000002390a3cd5d0
instanceKlass  @bci org/javacs/kt/SourceExclusions walkIncluded$lambda$3 (Lorg/javacs/kt/SourceExclusions;Ljava/nio/file/Path;)Lkotlin/sequences/Sequence; 27 <appendix> member <vmtarget> ; # org/javacs/kt/SourceExclusions$$Lambda+0x000002390a3cd3b8
instanceKlass kotlin/io/FileTreeWalk
instanceKlass kotlin/io/FilesKt__FilePathComponentsKt
instanceKlass  @bci org/javacs/kt/SourceFiles findSourceFiles (Ljava/nio/file/Path;)Ljava/util/Set; 32 <appendix> member <vmtarget> ; # org/javacs/kt/SourceFiles$$Lambda+0x000002390a3c3c78
instanceKlass  @bci org/javacs/kt/SourceExclusions walkIncluded ()Lkotlin/sequences/Sequence; 11 <appendix> member <vmtarget> ; # org/javacs/kt/SourceExclusions$$Lambda+0x000002390a3c3a60
instanceKlass  @bci org/javacs/kt/classpath/DefaultClassPathResolverKt ignoredPathPatterns (Ljava/nio/file/Path;Ljava/nio/file/Path;)Ljava/util/List; 531 <appendix> form vmentry <vmtarget> ; # java/lang/invoke/LambdaForm$MH+0x000002390a3ca800
# instanceKlass java/lang/invoke/LambdaForm$MH+0x000002390a3ca400
instanceKlass  @bci org/javacs/kt/classpath/DefaultClassPathResolverKt ignoredPathPatterns (Ljava/nio/file/Path;Ljava/nio/file/Path;)Ljava/util/List; 531 <appendix> argL3 form vmentry <vmtarget> ; # java/lang/invoke/LambdaForm$MH+0x000002390a3ca000
# instanceKlass java/lang/invoke/LambdaForm$MH+0x000002390a3c9c00
# instanceKlass java/lang/invoke/LambdaForm$MH+0x000002390a3c9800
# instanceKlass java/lang/invoke/LambdaForm$MH+0x000002390a3c9400
instanceKlass java/net/URLDecoder
instanceKlass org/javacs/kt/util/URIsKt
instanceKlass org/eclipse/lsp4j/WorkDoneProgressReport
instanceKlass  @bci org/javacs/kt/KotlinLanguageServer initialize$lambda$6 (Lorg/eclipse/lsp4j/InitializeParams;Lorg/javacs/kt/KotlinLanguageServer;)Lorg/eclipse/lsp4j/InitializeResult; 810 <adapter> ; # java/lang/invoke/LambdaForm$MH+0x000002390a3c9000
# instanceKlass java/lang/invoke/LambdaForm$DMH+0x000002390a3c8c00
instanceKlass  @bci org/javacs/kt/KotlinLanguageServer initialize$lambda$6 (Lorg/eclipse/lsp4j/InitializeParams;Lorg/javacs/kt/KotlinLanguageServer;)Lorg/eclipse/lsp4j/InitializeResult; 810 <appendix> form vmentry <vmtarget> ; # java/lang/invoke/LambdaForm$MH+0x000002390a3c8800
# instanceKlass java/lang/invoke/LambdaForm$MH+0x000002390a3c8400
instanceKlass  @bci org/javacs/kt/KotlinLanguageServer initialize$lambda$6 (Lorg/eclipse/lsp4j/InitializeParams;Lorg/javacs/kt/KotlinLanguageServer;)Lorg/eclipse/lsp4j/InitializeResult; 810 <appendix> form names 7 function resolvedHandle form vmentry <vmtarget> ; # java/lang/invoke/LambdaForm$DMH+0x000002390a3c8000
instanceKlass  @bci org/javacs/kt/KotlinLanguageServer initialize$lambda$6 (Lorg/eclipse/lsp4j/InitializeParams;Lorg/javacs/kt/KotlinLanguageServer;)Lorg/eclipse/lsp4j/InitializeResult; 810 <appendix> argL3 form vmentry <vmtarget> ; # java/lang/invoke/LambdaForm$MH+0x000002390a3c7c00
# instanceKlass java/lang/invoke/LambdaForm$MH+0x000002390a3c7800
# instanceKlass java/lang/invoke/LambdaForm$MH+0x000002390a3c7400
# instanceKlass java/lang/invoke/LambdaForm$MH+0x000002390a3c7000
# instanceKlass java/lang/invoke/LambdaForm$MH+0x000002390a3c6c00
# instanceKlass java/lang/invoke/LambdaForm$MH+0x000002390a3c6800
# instanceKlass java/lang/invoke/LambdaForm$MH+0x000002390a3c6400
instanceKlass  @bci org/javacs/kt/KotlinLanguageServer initialize$lambda$6 (Lorg/eclipse/lsp4j/InitializeParams;Lorg/javacs/kt/KotlinLanguageServer;)Lorg/eclipse/lsp4j/InitializeResult; 810 <appendix> form names 11 function resolvedHandle form vmentry <vmtarget> ; # java/lang/invoke/LambdaForm$DMH+0x000002390a3c6000
instanceKlass  @bci org/javacs/kt/KotlinLanguageServer initialize$lambda$6 (Lorg/eclipse/lsp4j/InitializeParams;Lorg/javacs/kt/KotlinLanguageServer;)Lorg/eclipse/lsp4j/InitializeResult; 810 <appendix> argL1 form vmentry <vmtarget> ; # java/lang/invoke/LambdaForm$MH+0x000002390a3c5c00
# instanceKlass java/lang/invoke/LambdaForm$MH+0x000002390a3c5800
instanceKlass  @bci org/javacs/kt/KotlinLanguageServer initialize$lambda$6 (Lorg/eclipse/lsp4j/InitializeParams;Lorg/javacs/kt/KotlinLanguageServer;)Lorg/eclipse/lsp4j/InitializeResult; 810 <appendix> argL1 argL0 form vmentry <vmtarget> ; # java/lang/invoke/LambdaForm$MH+0x000002390a3c5400
# instanceKlass java/lang/invoke/LambdaForm$MH+0x000002390a3c5000
# instanceKlass java/lang/invoke/LambdaForm$MH+0x000002390a3c4c00
# instanceKlass java/lang/invoke/LambdaForm$MH+0x000002390a3c4800
# instanceKlass java/lang/invoke/LambdaForm$MH+0x000002390a3c4400
instanceKlass org/eclipse/lsp4j/adapters/WorkDoneProgressNotificationAdapter$1
instanceKlass  @bci org/eclipse/lsp4j/adapters/ProgressNotificationAdapter create (Lcom/google/gson/Gson;Lcom/google/gson/reflect/TypeToken;)Lcom/google/gson/TypeAdapter; 63 <appendix> argL0 ; # org/eclipse/lsp4j/adapters/ProgressNotificationAdapter$$Lambda+0x000002390a3c2dc0
instanceKlass  @bci java/util/function/Predicate or (Ljava/util/function/Predicate;)Ljava/util/function/Predicate; 7 <appendix> member <vmtarget> ; # java/util/function/Predicate$$Lambda+0x000002390a1dfa18
instanceKlass  @cpi java/util/function/Predicate 78 form vmentry <vmtarget> ; # java/lang/invoke/LambdaForm$DMH+0x000002390a3c4000
instanceKlass org/eclipse/lsp4j/jsonrpc/json/adapters/EitherTypeAdapter$PropertyChecker
instanceKlass org/eclipse/lsp4j/adapters/ProgressNotificationAdapter
instanceKlass org/eclipse/lsp4j/WorkDoneProgressBegin
instanceKlass org/eclipse/lsp4j/WorkDoneProgressNotification
instanceKlass org/javacs/kt/progress/LanguageClientProgress
instanceKlass org/javacs/kt/progress/Progress
instanceKlass org/javacs/kt/progress/LanguageClientProgress$Factory
instanceKlass kotlin/properties/NotNullVar
instanceKlass org/jetbrains/exposed/dao/LinkedIdentityHashSet$iterator$1
instanceKlass org/jetbrains/exposed/dao/DaoEntityIDFactory
instanceKlass org/jetbrains/exposed/dao/id/EntityIDFactory
instanceKlass org/jetbrains/exposed/dao/id/EntityIDFunctionProvider
instanceKlass org/jetbrains/exposed/sql/ResultRow$NotInitializedValue
instanceKlass org/jetbrains/exposed/sql/IterableExKt$mapLazy$1$iterator$1
instanceKlass  @bci org/sqlite/jdbc3/JDBC3ResultSet safeGetLongCol (I)J 9 <appendix> member <vmtarget> ; # org/sqlite/jdbc3/JDBC3ResultSet$$Lambda+0x000002390a3b9800
instanceKlass  @cpi org/sqlite/jdbc3/JDBC3ResultSet 636 form vmentry <vmtarget> ; # java/lang/invoke/LambdaForm$DMH+0x000002390a3b9400
instanceKlass org/sqlite/core/SafeStmtPtr$SafePtrLongFunction
instanceKlass  @bci org/sqlite/jdbc3/JDBC3ResultSet safeGetColumnType (I)I 8 <appendix> member <vmtarget> ; # org/sqlite/jdbc3/JDBC3ResultSet$$Lambda+0x000002390a3bba28
instanceKlass  @cpi org/sqlite/jdbc3/JDBC3ResultSet 633 form vmentry <vmtarget> ; # java/lang/invoke/LambdaForm$DMH+0x000002390a3b9000
instanceKlass org/jetbrains/exposed/sql/IColumnType$DefaultImpls
instanceKlass org/jetbrains/exposed/sql/ResultRow$Companion
instanceKlass org/jetbrains/exposed/sql/ResultRow
instanceKlass org/jetbrains/exposed/sql/AbstractQuery$iterator$$inlined$Iterable$1
instanceKlass  @bci org/sqlite/jdbc3/JDBC3PreparedStatement executeQuery ()Ljava/sql/ResultSet; 62 <appendix> member <vmtarget> ; # org/sqlite/jdbc3/JDBC3PreparedStatement$$Lambda+0x000002390a3bafe8
instanceKlass  @bci org/sqlite/jdbc3/JDBC3PreparedStatement executeQuery ()Ljava/sql/ResultSet; 32 <appendix> argL0 ; # org/sqlite/jdbc3/JDBC3PreparedStatement$$Lambda+0x000002390a3badd8
instanceKlass org/sqlite/core/SafeStmtPtr$SafePtrConsumer
instanceKlass  @bci org/sqlite/core/CorePreparedStatement <init> (Lorg/sqlite/SQLiteConnection;Ljava/lang/String;)V 63 <appendix> argL0 ; # org/sqlite/core/CorePreparedStatement$$Lambda+0x000002390a3bfca0
instanceKlass  @bci org/sqlite/core/CorePreparedStatement <init> (Lorg/sqlite/SQLiteConnection;Ljava/lang/String;)V 47 <appendix> argL0 ; # org/sqlite/core/CorePreparedStatement$$Lambda+0x000002390a3bfa90
instanceKlass  @bci org/sqlite/core/CorePreparedStatement <init> (Lorg/sqlite/SQLiteConnection;Ljava/lang/String;)V 28 <appendix> argL0 ; # org/sqlite/core/CorePreparedStatement$$Lambda+0x000002390a3bf880
instanceKlass org/jetbrains/exposed/sql/FieldSet$DefaultImpls
instanceKlass org/jetbrains/exposed/sql/AbstractQuery$ResultIterator
instanceKlass org/jetbrains/exposed/sql/IterableExKt$mapLazy$1
instanceKlass org/jetbrains/exposed/sql/IterableExKt
instanceKlass org/jetbrains/exposed/sql/TableKt
instanceKlass org/jetbrains/exposed/sql/AbstractQuery$Companion
instanceKlass org/jetbrains/exposed/dao/id/EntityID
instanceKlass org/jetbrains/exposed/dao/EntityClass
instanceKlass org/jetbrains/exposed/dao/Entity
instanceKlass org/sqlite/jdbc3/JDBC3DatabaseMetaData$PrimaryKeyFinder
instanceKlass  @bci java/util/regex/Pattern union (Ljava/util/regex/Pattern$CharPredicate;Ljava/util/regex/Pattern$CharPredicate;Z)Ljava/util/regex/Pattern$CharPredicate; 14 <appendix> member <vmtarget> ; # java/util/regex/Pattern$$Lambda+0x000002390a1df588
instanceKlass org/sqlite/jdbc3/JDBC3DatabaseMetaData$ImportedKeyFinder
instanceKlass  @bci org/sqlite/jdbc3/JDBC3ResultSet getInt (I)I 9 <appendix> member <vmtarget> ; # org/sqlite/jdbc3/JDBC3ResultSet$$Lambda+0x000002390a3b7290
instanceKlass  @cpi org/sqlite/jdbc3/JDBC3ResultSet 546 form vmentry <vmtarget> ; # java/lang/invoke/LambdaForm$DMH+0x000002390a3b8c00
instanceKlass  @bci org/sqlite/core/CoreResultSet close ()V 105 <appendix> argL0 ; # org/sqlite/core/CoreResultSet$$Lambda+0x000002390a3b7080
instanceKlass  @bci org/sqlite/jdbc3/JDBC3ResultSet next ()Z 78 <appendix> argL0 ; # org/sqlite/jdbc3/JDBC3ResultSet$$Lambda+0x000002390a3b6e70
instanceKlass  @bci org/sqlite/jdbc3/JDBC3ResultSet safeGetColumnText (I)Ljava/lang/String; 9 <appendix> member <vmtarget> ; # org/sqlite/jdbc3/JDBC3ResultSet$$Lambda+0x000002390a3b6c58
instanceKlass  @cpi org/sqlite/jdbc3/JDBC3ResultSet 643 form vmentry <vmtarget> ; # java/lang/invoke/LambdaForm$DMH+0x000002390a3b8800
instanceKlass  @bci org/sqlite/jdbc3/JDBC3Statement getResultSet ()Ljava/sql/ResultSet; 68 <appendix> argL0 ; # org/sqlite/jdbc3/JDBC3Statement$$Lambda+0x000002390a3b6a48
instanceKlass org/sqlite/core/SafeStmtPtr$SafePtrFunction
instanceKlass  @bci org/sqlite/jdbc3/JDBC3Statement getResultSet ()Ljava/sql/ResultSet; 37 <appendix> argL0 ; # org/sqlite/jdbc3/JDBC3Statement$$Lambda+0x000002390a3b6648
instanceKlass  @bci org/sqlite/jdbc3/JDBC3Statement executeQuery (Ljava/lang/String;)Ljava/sql/ResultSet; 11 <appendix> member <vmtarget> ; # org/sqlite/jdbc3/JDBC3Statement$$Lambda+0x000002390a3b6430
instanceKlass  @bci org/sqlite/jdbc3/JDBC3DatabaseMetaData getTables (Ljava/lang/String;Ljava/lang/String;Ljava/lang/String;[Ljava/lang/String;)Ljava/sql/ResultSet; 647 <appendix> argL0 ; # org/sqlite/jdbc3/JDBC3DatabaseMetaData$$Lambda+0x000002390a3b6200
instanceKlass  @bci java/util/regex/Pattern ALL ()Ljava/util/regex/Pattern$CharPredicate; 0 <appendix> argL0 ; # java/util/regex/Pattern$$Lambda+0x000002390a1df338
instanceKlass  @bci org/sqlite/core/DB exec (Ljava/lang/String;Z)V 7 <appendix> argL0 ; # org/sqlite/core/DB$$Lambda+0x000002390a3b5ff0
instanceKlass  @bci org/sqlite/core/CoreStatement exec ()Z 128 <appendix> argL0 ; # org/sqlite/core/CoreStatement$$Lambda+0x000002390a3b5de0
instanceKlass  @cpi org/sqlite/core/CoreResultSet 143 form vmentry <vmtarget> ; # java/lang/invoke/LambdaForm$DMH+0x000002390a3b8400
instanceKlass  @bci org/sqlite/core/DB execute (Lorg/sqlite/core/CoreStatement;[Ljava/lang/Object;)Z 6 <appendix> member <vmtarget> ; # org/sqlite/core/DB$$Lambda+0x000002390a3b5bc8
instanceKlass  @cpi org/sqlite/core/DB 476 form vmentry <vmtarget> ; # java/lang/invoke/LambdaForm$DMH+0x000002390a3b8000
instanceKlass org/sqlite/core/SafeStmtPtr$SafePtrIntFunction
instanceKlass org/sqlite/core/SafeStmtPtr
instanceKlass org/sqlite/ExtendedCommand$SQLExtension
instanceKlass org/sqlite/ExtendedCommand
instanceKlass  @bci org/sqlite/jdbc3/JDBC3Statement execute (Ljava/lang/String;)Z 7 <appendix> member <vmtarget> ; # org/sqlite/jdbc3/JDBC3Statement$$Lambda+0x000002390a3b51a0
instanceKlass org/sqlite/jdbc3/JDBC3Statement$SQLCallable
instanceKlass org/sqlite/core/CoreResultSet
instanceKlass org/sqlite/core/CoreStatement
instanceKlass org/sqlite/BusyHandler
instanceKlass org/sqlite/ProgressHandler
instanceKlass org/sqlite/core/DB$ProgressObserver
instanceKlass org/sqlite/Collation
instanceKlass org/sqlite/Function
instanceKlass java/io/DeleteOnExitHook$1
instanceKlass java/io/DeleteOnExitHook
instanceKlass sun/nio/ch/Util$BufferCache
instanceKlass java/util/UUID$Holder
instanceKlass org/sqlite/util/ProcessRunner
instanceKlass org/sqlite/util/OSInfo
instanceKlass java/util/stream/ForEachOps$ForEachOp
instanceKlass java/util/stream/ForEachOps
instanceKlass  @bci org/sqlite/SQLiteJDBCLoader cleanup ()V 44 <appendix> argL0 ; # org/sqlite/SQLiteJDBCLoader$$Lambda+0x000002390a3b13c0
instanceKlass  @bci org/sqlite/SQLiteJDBCLoader cleanup ()V 34 <appendix> member <vmtarget> ; # org/sqlite/SQLiteJDBCLoader$$Lambda+0x000002390a3b1178
instanceKlass  @bci java/nio/file/Files asUncheckedRunnable (Ljava/io/Closeable;)Ljava/lang/Runnable; 1 <appendix> member <vmtarget> ; # java/nio/file/Files$$Lambda+0x000002390a1ddc78
instanceKlass java/nio/file/Files$2
instanceKlass org/sqlite/SQLiteJDBCLoader
instanceKlass  @bci java/util/regex/CharPredicates category (I)Ljava/util/regex/Pattern$CharPredicate; 1 <appendix> member <vmtarget> ; # java/util/regex/CharPredicates$$Lambda+0x000002390a1dd0e0
instanceKlass sun/util/locale/provider/LocaleResources
instanceKlass  @bci sun/util/locale/provider/LocaleProviderAdapter toLocaleArray (Ljava/util/Set;)[Ljava/util/Locale; 16 <appendix> argL0 ; # sun/util/locale/provider/LocaleProviderAdapter$$Lambda+0x800000069
instanceKlass  @bci sun/util/locale/provider/LocaleProviderAdapter toLocaleArray (Ljava/util/Set;)[Ljava/util/Locale; 6 <appendix> argL0 ; # sun/util/locale/provider/LocaleProviderAdapter$$Lambda+0x800000068
instanceKlass java/util/Spliterators$IteratorSpliterator
instanceKlass  @bci sun/util/cldr/CLDRLocaleProviderAdapter getCalendarDataProvider ()Ljava/util/spi/CalendarDataProvider; 8 <appendix> member <vmtarget> ; # sun/util/cldr/CLDRLocaleProviderAdapter$$Lambda+0x800000062
instanceKlass sun/util/locale/provider/CalendarDataUtility$CalendarWeekParameterGetter
instanceKlass sun/util/locale/provider/LocaleServiceProviderPool$LocalizedObjectGetter
instanceKlass sun/util/locale/provider/LocaleServiceProviderPool
instanceKlass java/util/Calendar$Builder
instanceKlass  @bci sun/util/locale/provider/JRELocaleProviderAdapter getCalendarProvider ()Lsun/util/spi/CalendarProvider; 8 <appendix> member <vmtarget> ; # sun/util/locale/provider/JRELocaleProviderAdapter$$Lambda+0x800000063
instanceKlass sun/util/locale/Extension
instanceKlass sun/util/locale/LocaleExtensions
instanceKlass org/sqlite/date/FastDateParser$Strategy
instanceKlass org/sqlite/date/FastDateParser
instanceKlass org/sqlite/date/FastDatePrinter$TwoDigitNumberField
instanceKlass org/sqlite/date/FastDatePrinter$TwoDigitMonthField
instanceKlass org/sqlite/date/FastDatePrinter$CharacterLiteral
instanceKlass org/sqlite/date/FastDatePrinter$PaddedNumberField
instanceKlass sun/util/resources/Bundles$2
instanceKlass sun/util/resources/Bundles$CacheKeyReference
instanceKlass  @bci java/util/ResourceBundle$ResourceBundleProviderHelper newResourceBundle (Ljava/lang/Class;)Ljava/util/ResourceBundle; 22 <appendix> member <vmtarget> ; # java/util/ResourceBundle$ResourceBundleProviderHelper$$Lambda+0x800000010
instanceKlass java/util/ResourceBundle$ResourceBundleProviderHelper
instanceKlass  @bci sun/util/cldr/CLDRLocaleProviderAdapter applyAliases (Ljava/util/Locale;)Ljava/util/Locale; 4 <appendix> argL0 ; # sun/util/cldr/CLDRLocaleProviderAdapter$$Lambda+0x80000005f
instanceKlass sun/util/resources/LocaleData$LocaleDataResourceBundleProvider
instanceKlass java/util/spi/ResourceBundleProvider
instanceKlass sun/util/resources/Bundles$CacheKey
instanceKlass java/util/ResourceBundle$1
instanceKlass jdk/internal/access/JavaUtilResourceBundleAccess
instanceKlass sun/util/resources/Bundles
instanceKlass sun/util/resources/LocaleData$LocaleDataStrategy
instanceKlass sun/util/resources/Bundles$Strategy
instanceKlass sun/util/resources/LocaleData$1
instanceKlass java/util/ResourceBundle
instanceKlass sun/util/resources/LocaleData
instanceKlass sun/util/locale/provider/AvailableLanguageTags
instanceKlass  @bci sun/util/locale/provider/JRELocaleProviderAdapter getDateFormatSymbolsProvider ()Ljava/text/spi/DateFormatSymbolsProvider; 8 <appendix> member <vmtarget> ; # sun/util/locale/provider/JRELocaleProviderAdapter$$Lambda+0x800000065
instanceKlass sun/util/resources/cldr/provider/CLDRLocaleDataMetaInfo
instanceKlass  @bci sun/util/cldr/CLDRLocaleProviderAdapter <init> ()V 4 <appendix> argL0 ; # sun/util/cldr/CLDRLocaleProviderAdapter$$Lambda+0x800000061
instanceKlass sun/util/locale/LocaleObjectCache
instanceKlass sun/util/locale/BaseLocale$Key
instanceKlass sun/util/locale/StringTokenIterator
instanceKlass sun/util/locale/ParseStatus
instanceKlass sun/util/cldr/CLDRBaseLocaleDataMetaInfo
instanceKlass sun/util/locale/provider/LocaleDataMetaInfo
instanceKlass sun/util/locale/provider/ResourceBundleBasedAdapter
instanceKlass sun/util/locale/provider/LocaleProviderAdapter
instanceKlass java/util/spi/LocaleServiceProvider
instanceKlass sun/util/locale/InternalLocaleBuilder$CaseInsensitiveChar
instanceKlass sun/util/locale/InternalLocaleBuilder
instanceKlass java/util/Locale$Builder
instanceKlass sun/util/locale/provider/CalendarDataUtility
instanceKlass java/text/DateFormatSymbols
instanceKlass org/sqlite/date/FastDatePrinter$NumberRule
instanceKlass org/sqlite/date/FastDatePrinter$Rule
instanceKlass org/sqlite/date/FastDatePrinter
instanceKlass org/sqlite/date/FormatCache$MultipartKey
instanceKlass org/sqlite/date/FormatCache
instanceKlass org/sqlite/date/DatePrinter
instanceKlass org/sqlite/date/DateParser
instanceKlass org/sqlite/SQLiteConnectionConfig
instanceKlass org/sqlite/SQLiteConfig$PragmaValue
instanceKlass org/sqlite/SQLiteConfig
instanceKlass org/sqlite/core/CoreDatabaseMetaData
instanceKlass org/sqlite/core/DB
instanceKlass org/sqlite/core/Codes
instanceKlass org/jetbrains/exposed/sql/vendors/SQLiteDialect$Companion
instanceKlass  @bci org/javacs/kt/database/DatabaseService setup (Ljava/nio/file/Path;)V 13 <appendix> argL0 ; # org/javacs/kt/database/DatabaseService$$Lambda+0x000002390a3a18f0
instanceKlass com/google/gson/internal/bind/JsonTreeReader$2
instanceKlass com/google/gson/internal/LinkedTreeMap$LinkedTreeMapIterator
instanceKlass jdk/internal/vm/annotation/ForceInline
instanceKlass com/google/gson/internal/UnsafeAllocator
instanceKlass com/google/gson/internal/bind/TreeTypeAdapter$GsonContextImpl
instanceKlass com/google/gson/internal/ConstructorConstructor$19
instanceKlass org/javacs/kt/InitializationOptions
instanceKlass com/google/gson/internal/bind/TreeTypeAdapter$SingleTypeFactory
instanceKlass com/google/gson/JsonDeserializationContext
instanceKlass com/google/gson/JsonSerializationContext
instanceKlass com/google/gson/JsonSerializer
instanceKlass org/javacs/kt/GsonPathConverter
instanceKlass com/google/gson/JsonDeserializer
instanceKlass org/javacs/kt/ConfigurationKt
instanceKlass org/javacs/kt/command/CommandsKt
instanceKlass org/eclipse/lsp4j/SemanticTokensLegend
instanceKlass org/javacs/kt/semantictokens/SemanticTokensKt
instanceKlass org/eclipse/lsp4j/TextDocumentRegistrationOptions
instanceKlass org/eclipse/lsp4j/AbstractWorkDoneProgressOptions
instanceKlass org/eclipse/lsp4j/WorkDoneProgressOptions
instanceKlass org/eclipse/lsp4j/WorkspaceFoldersOptions
instanceKlass org/eclipse/lsp4j/WorkspaceServerCapabilities
instanceKlass  @bci org/eclipse/lsp4j/jsonrpc/RemoteEndpoint handleRequest (Lorg/eclipse/lsp4j/jsonrpc/messages/RequestMessage;)V 142 <appendix> member <vmtarget> ; # org/eclipse/lsp4j/jsonrpc/RemoteEndpoint$$Lambda+0x000002390a39da88
instanceKlass org/eclipse/lsp4j/ServerCapabilities
instanceKlass  @bci org/eclipse/lsp4j/jsonrpc/RemoteEndpoint handleRequest (Lorg/eclipse/lsp4j/jsonrpc/messages/RequestMessage;)V 132 <appendix> member <vmtarget> ; # org/eclipse/lsp4j/jsonrpc/RemoteEndpoint$$Lambda+0x000002390a39d2b0
instanceKlass  @bci org/eclipse/lsp4j/jsonrpc/RemoteEndpoint handleRequest (Lorg/eclipse/lsp4j/jsonrpc/messages/RequestMessage;)V 121 <appendix> member <vmtarget> ; # org/eclipse/lsp4j/jsonrpc/RemoteEndpoint$$Lambda+0x000002390a39d088
instanceKlass  @bci org/javacs/kt/util/URIsKt describeURIs (Ljava/util/Collection;)Ljava/lang/String; 36 <appendix> form vmentry <vmtarget> ; # java/lang/invoke/LambdaForm$MH+0x000002390a39a000
instanceKlass  @bci org/javacs/kt/util/URIsKt describeURIs (Ljava/util/Collection;)Ljava/lang/String; 36 <appendix> argL3 form vmentry <vmtarget> ; # java/lang/invoke/LambdaForm$MH+0x000002390a399c00
# instanceKlass java/lang/invoke/LambdaForm$MH+0x000002390a399800
# instanceKlass java/lang/invoke/LambdaForm$MH+0x000002390a399400
instanceKlass  @bci org/javacs/kt/util/URIsKt describeURIs (Ljava/util/Collection;)Ljava/lang/String; 36 <appendix> argL1 form vmentry <vmtarget> ; # java/lang/invoke/LambdaForm$MH+0x000002390a399000
# instanceKlass java/lang/invoke/LambdaForm$MH+0x000002390a398c00
instanceKlass org/javacs/kt/util/AsyncExecutorKt
instanceKlass java/util/concurrent/ForkJoinTask$Aux
instanceKlass java/util/concurrent/ForkJoinTask
instanceKlass java/util/concurrent/CompletableFuture$AsynchronousCompletionTask
instanceKlass java/util/concurrent/ForkJoinPool$2
instanceKlass jdk/internal/access/JavaUtilConcurrentFJPAccess
instanceKlass java/util/concurrent/ForkJoinPool$DefaultForkJoinWorkerThreadFactory
instanceKlass java/util/concurrent/ForkJoinPool$WorkQueue
instanceKlass java/util/concurrent/ForkJoinPool$ForkJoinWorkerThreadFactory
instanceKlass java/util/concurrent/CompletableFuture$AltResult
instanceKlass  @bci org/javacs/kt/util/AsyncExecutor compute (Lkotlin/jvm/functions/Function0;)Ljava/util/concurrent/CompletableFuture; 7 <appendix> member <vmtarget> ; # org/javacs/kt/util/AsyncExecutor$$Lambda+0x000002390a39cc78
instanceKlass  @bci org/javacs/kt/KotlinLanguageServer initialize (Lorg/eclipse/lsp4j/InitializeParams;)Ljava/util/concurrent/CompletableFuture; 12 <appendix> member <vmtarget> ; # org/javacs/kt/KotlinLanguageServer$$Lambda+0x000002390a39ca60
# instanceKlass java/lang/invoke/LambdaForm$MH+0x000002390a398800
# instanceKlass java/lang/invoke/LambdaForm$DMH+0x000002390a398400
instanceKlass com/google/gson/internal/LinkedTreeMap$Node
instanceKlass com/google/gson/internal/LinkedTreeMap$1
instanceKlass com/google/gson/internal/bind/TypeAdapters$35
instanceKlass  @bci jdk/internal/reflect/MethodHandleBooleanFieldAccessorImpl setBoolean (Ljava/lang/Object;Z)V 41 <adapter> ; # java/lang/invoke/LambdaForm$MH+0x000002390a398000
instanceKlass org/eclipse/lsp4j/jsonrpc/json/adapters/JsonElementTypeAdapter$Factory
instanceKlass org/eclipse/lsp4j/StaleRequestCapabilities
instanceKlass org/eclipse/lsp4j/MarkdownCapabilities
instanceKlass org/eclipse/lsp4j/RegularExpressionsCapabilities
instanceKlass org/eclipse/lsp4j/WindowShowMessageRequestActionItemCapabilities
instanceKlass org/eclipse/lsp4j/ShowDocumentCapabilities
instanceKlass org/eclipse/lsp4j/WindowShowMessageRequestCapabilities
instanceKlass org/eclipse/lsp4j/InlayHintResolveSupportCapabilities
instanceKlass org/eclipse/lsp4j/SemanticTokensClientCapabilitiesRequestsFull
instanceKlass org/eclipse/lsp4j/SemanticTokensClientCapabilitiesRequests
instanceKlass org/eclipse/lsp4j/FoldingRangeSupportCapabilities
instanceKlass org/eclipse/lsp4j/FoldingRangeKindSupportCapabilities
instanceKlass org/eclipse/lsp4j/jsonrpc/json/adapters/EitherTypeAdapter$EitherTypeArgument
instanceKlass org/eclipse/lsp4j/DiagnosticsTagSupport
instanceKlass org/eclipse/lsp4j/CodeActionKindCapabilities
instanceKlass org/eclipse/lsp4j/CodeActionResolveSupportCapabilities
instanceKlass org/eclipse/lsp4j/CodeActionLiteralSupportCapabilities
instanceKlass org/eclipse/lsp4j/ParameterInformationCapabilities
instanceKlass org/eclipse/lsp4j/SignatureInformationCapabilities
instanceKlass org/eclipse/lsp4j/CompletionItemInsertTextModeSupportCapabilities
instanceKlass org/eclipse/lsp4j/CompletionItemResolveSupportCapabilities
instanceKlass org/eclipse/lsp4j/CompletionItemTagSupportCapabilities
instanceKlass org/eclipse/lsp4j/CompletionListCapabilities
instanceKlass org/eclipse/lsp4j/CompletionItemCapabilities
instanceKlass org/eclipse/lsp4j/CompletionItemKindCapabilities
instanceKlass org/eclipse/lsp4j/PublishDiagnosticsCapabilities
instanceKlass org/eclipse/lsp4j/WorkspaceSymbolResolveSupportCapabilities
instanceKlass org/eclipse/lsp4j/SymbolTagSupportCapabilities
instanceKlass org/eclipse/lsp4j/SymbolKindCapabilities
instanceKlass  @bci org/eclipse/lsp4j/jsonrpc/json/adapters/CollectionTypeAdapter$Factory getConstructor (Ljava/lang/Class;)Ljava/util/function/Supplier; 62 <appendix> argL0 ; # org/eclipse/lsp4j/jsonrpc/json/adapters/CollectionTypeAdapter$Factory$$Lambda+0x000002390a38ed10
instanceKlass org/eclipse/lsp4j/jsonrpc/json/adapters/TypeUtils$ParameterizedTypeImpl
instanceKlass org/eclipse/lsp4j/WorkspaceEditChangeAnnotationSupportCapabilities
instanceKlass org/eclipse/lsp4j/DiagnosticWorkspaceCapabilities
instanceKlass org/eclipse/lsp4j/InlineValueWorkspaceCapabilities
instanceKlass org/eclipse/lsp4j/InlayHintWorkspaceCapabilities
instanceKlass org/eclipse/lsp4j/CodeLensWorkspaceCapabilities
instanceKlass org/eclipse/lsp4j/SemanticTokensWorkspaceCapabilities
instanceKlass org/eclipse/lsp4j/DynamicRegistrationCapabilities
instanceKlass org/eclipse/lsp4j/WorkspaceEditCapabilities
instanceKlass org/eclipse/lsp4j/GeneralClientCapabilities
instanceKlass org/eclipse/lsp4j/NotebookDocumentClientCapabilities
instanceKlass org/eclipse/lsp4j/WindowClientCapabilities
instanceKlass org/eclipse/lsp4j/TextDocumentClientCapabilities
instanceKlass org/eclipse/lsp4j/WorkspaceClientCapabilities
instanceKlass org/eclipse/lsp4j/ClientCapabilities
instanceKlass  @bci jdk/internal/reflect/MethodHandleObjectFieldAccessorImpl set (Ljava/lang/Object;Ljava/lang/Object;)V 41 <adapter> ; # java/lang/invoke/LambdaForm$MH+0x000002390a38d000
instanceKlass org/eclipse/lsp4j/ClientInfo
instanceKlass org/eclipse/lsp4j/adapters/InitializeParamsTypeAdapter$Factory
instanceKlass com/google/gson/internal/JsonReaderInternalAccess
instanceKlass  @bci org/javacs/kt/util/ExitingInputStream read ([BII)I 11 <adapter> ; # java/lang/invoke/LambdaForm$MH+0x000002390a38cc00
# instanceKlass java/lang/invoke/LambdaForm$DMH+0x000002390a38c800
instanceKlass  @bci org/javacs/kt/util/ExitingInputStream read ([BII)I 11 <appendix> form vmentry <vmtarget> ; # java/lang/invoke/LambdaForm$DMH+0x000002390a38c400
instanceKlass  @bci org/javacs/kt/util/ExitingInputStream read ([BII)I 11 <appendix> member <vmtarget> ; # org/javacs/kt/util/ExitingInputStream$$Lambda+0x000002390a3886b8
instanceKlass  @cpi org/javacs/kt/util/ExitingInputStream 67 form vmentry <vmtarget> ; # java/lang/invoke/LambdaForm$DMH+0x000002390a38c000
instanceKlass  @bci org/javacs/kt/util/ExitingInputStream read ()I 2 <appendix> member <vmtarget> ; # org/javacs/kt/util/ExitingInputStream$$Lambda+0x000002390a3884a0
instanceKlass org/eclipse/lsp4j/jsonrpc/json/StreamMessageProducer$Headers
instanceKlass java/util/IdentityHashMap$IdentityHashMapIterator
instanceKlass org/eclipse/lsp4j/jsonrpc/json/ConcurrentMessageProcessor$1
instanceKlass java/util/concurrent/Executors$RunnableAdapter
instanceKlass java/util/concurrent/Callable
instanceKlass java/util/concurrent/FutureTask$WaitNode
instanceKlass java/util/concurrent/FutureTask
instanceKlass com/google/gson/internal/Primitives
instanceKlass org/eclipse/lsp4j/jsonrpc/validation/NonNull
instanceKlass com/google/gson/annotations/SerializedName
instanceKlass com/google/gson/internal/ConstructorConstructor$9
instanceKlass com/google/gson/internal/reflect/ReflectionHelper$RecordHelper
instanceKlass com/google/gson/internal/reflect/ReflectionHelper
instanceKlass com/google/gson/internal/ReflectionAccessFilterHelper
instanceKlass com/google/gson/annotations/JsonAdapter
instanceKlass org/eclipse/lsp4j/jsonrpc/messages/Tuple$Two
instanceKlass org/eclipse/lsp4j/jsonrpc/messages/Tuple
instanceKlass org/eclipse/lsp4j/jsonrpc/json/adapters/TypeUtils
instanceKlass com/google/gson/internal/Streams
instanceKlass org/eclipse/lsp4j/util/Preconditions
instanceKlass org/javacs/kt/KotlinLanguageServer$WhenMappings
instanceKlass  @bci org/javacs/kt/KotlinLanguageServer connectLoggingBackend ()V 1 <appendix> member <vmtarget> ; # org/javacs/kt/KotlinLanguageServer$$Lambda+0x000002390a386478
instanceKlass org/eclipse/lsp4j/jsonrpc/StandardLauncher
instanceKlass org/eclipse/lsp4j/jsonrpc/json/ConcurrentMessageProcessor
instanceKlass org/eclipse/lsp4j/jsonrpc/json/StreamMessageProducer
instanceKlass  @bci java/lang/reflect/Proxy getProxyConstructor (Ljava/lang/Class;Ljava/lang/ClassLoader;[Ljava/lang/Class;)Ljava/lang/reflect/Constructor; 80 <appendix> argL0 ; # java/lang/reflect/Proxy$$Lambda+0x000002390a1d8c58
instanceKlass  @bci org/eclipse/lsp4j/jsonrpc/services/EndpointProxy <init> (Lorg/eclipse/lsp4j/jsonrpc/Endpoint;Ljava/util/Collection;)V 197 <appendix> member <vmtarget> ; # org/eclipse/lsp4j/jsonrpc/services/EndpointProxy$$Lambda+0x000002390a383830
instanceKlass  @bci org/eclipse/lsp4j/jsonrpc/services/EndpointProxy <init> (Lorg/eclipse/lsp4j/jsonrpc/Endpoint;Ljava/util/Collection;)V 178 <appendix> member <vmtarget> ; # org/eclipse/lsp4j/jsonrpc/services/EndpointProxy$$Lambda+0x000002390a383608
instanceKlass org/eclipse/lsp4j/jsonrpc/services/EndpointProxy
instanceKlass  @bci org/eclipse/lsp4j/jsonrpc/RemoteEndpoint <clinit> ()V 11 <appendix> argL0 ; # org/eclipse/lsp4j/jsonrpc/RemoteEndpoint$$Lambda+0x000002390a3831b0
instanceKlass org/eclipse/lsp4j/jsonrpc/messages/ResponseError
instanceKlass org/eclipse/lsp4j/jsonrpc/messages/Message
instanceKlass org/eclipse/lsp4j/jsonrpc/RemoteEndpoint
instanceKlass org/jetbrains/kotlin/resolve/diagnostics/Diagnostics
instanceKlass org/jetbrains/kotlin/diagnostics/GenericDiagnostics
instanceKlass org/eclipse/lsp4j/TextDocumentItem
instanceKlass org/eclipse/lsp4j/Position
instanceKlass  @bci java/lang/reflect/Executable sharedToString (IZ[Ljava/lang/Class;[Ljava/lang/Class;)Ljava/lang/String; 29 <appendix> argL0 ; # java/lang/reflect/Executable$$Lambda+0x000002390a1d8a28
instanceKlass  @bci org/eclipse/lsp4j/jsonrpc/services/GenericEndpoint recursiveFindRpcMethods (Ljava/lang/Object;Ljava/util/Set;Ljava/util/Set;)V 24 <appendix> form vmentry <vmtarget> ; # java/lang/invoke/LambdaForm$DMH+0x000002390a384400
instanceKlass  @bci org/eclipse/lsp4j/jsonrpc/services/GenericEndpoint recursiveFindRpcMethods (Ljava/lang/Object;Ljava/util/Set;Ljava/util/Set;)V 24 <appendix> member <vmtarget> ; # org/eclipse/lsp4j/jsonrpc/services/GenericEndpoint$$Lambda+0x000002390a380d90
instanceKlass  @cpi org/eclipse/lsp4j/jsonrpc/services/GenericEndpoint 205 form vmentry <vmtarget> ; # java/lang/invoke/LambdaForm$DMH+0x000002390a384000
instanceKlass  @bci org/eclipse/lsp4j/jsonrpc/services/GenericEndpoint lambda$recursiveFindRpcMethods$1 (Ljava/lang/Object;Lorg/eclipse/lsp4j/jsonrpc/services/AnnotationUtil$MethodInfo;)V 3 <appendix> member <vmtarget> ; # org/eclipse/lsp4j/jsonrpc/services/GenericEndpoint$$Lambda+0x000002390a380b58
instanceKlass  @bci org/eclipse/lsp4j/jsonrpc/services/GenericEndpoint recursiveFindRpcMethods (Ljava/lang/Object;Ljava/util/Set;Ljava/util/Set;)V 7 <appendix> member <vmtarget> ; # org/eclipse/lsp4j/jsonrpc/services/GenericEndpoint$$Lambda+0x000002390a380930
instanceKlass org/eclipse/lsp4j/jsonrpc/services/GenericEndpoint
instanceKlass org/eclipse/lsp4j/jsonrpc/json/StreamMessageConsumer
instanceKlass org/eclipse/lsp4j/jsonrpc/json/MessageConstants
instanceKlass org/eclipse/lsp4j/jsonrpc/json/adapters/MessageTypeAdapter$Factory
instanceKlass org/eclipse/lsp4j/jsonrpc/json/adapters/EnumTypeAdapter$Factory
instanceKlass org/eclipse/lsp4j/jsonrpc/json/adapters/TupleTypeAdapters$TwoTypeAdapterFactory
instanceKlass org/eclipse/lsp4j/jsonrpc/json/adapters/EitherTypeAdapter$Factory
instanceKlass org/eclipse/lsp4j/jsonrpc/json/adapters/ThrowableTypeAdapter$Factory
instanceKlass org/eclipse/lsp4j/jsonrpc/json/adapters/CollectionTypeAdapter$Factory
instanceKlass com/google/gson/GsonBuilder
instanceKlass org/eclipse/lsp4j/jsonrpc/messages/CancelParams
instanceKlass org/eclipse/lsp4j/jsonrpc/json/MessageJsonHandler
instanceKlass org/eclipse/lsp4j/TextDocumentIdentifier
instanceKlass org/eclipse/lsp4j/ColorPresentation
instanceKlass org/eclipse/lsp4j/SelectionRange
instanceKlass org/eclipse/lsp4j/FoldingRange
instanceKlass org/eclipse/lsp4j/PrepareRenameDefaultBehavior
instanceKlass org/eclipse/lsp4j/PrepareRenameResult
instanceKlass org/eclipse/lsp4j/Range
instanceKlass org/eclipse/lsp4j/adapters/PrepareRenameResponseAdapter
instanceKlass org/eclipse/lsp4j/ColorInformation
instanceKlass org/eclipse/lsp4j/SemanticTokensDelta
instanceKlass org/eclipse/lsp4j/adapters/SemanticTokensFullDeltaResponseAdapter
instanceKlass org/eclipse/lsp4j/CallHierarchyIncomingCall
instanceKlass org/eclipse/lsp4j/CallHierarchyItem
instanceKlass org/eclipse/lsp4j/TypeHierarchyItem
instanceKlass org/eclipse/lsp4j/CallHierarchyOutgoingCall
instanceKlass org/eclipse/lsp4j/DocumentSymbol
instanceKlass org/eclipse/lsp4j/adapters/DocumentSymbolResponseAdapter
instanceKlass org/eclipse/lsp4j/TextEdit
instanceKlass org/eclipse/lsp4j/SemanticTokens
instanceKlass org/eclipse/lsp4j/LinkedEditingRanges
instanceKlass org/eclipse/lsp4j/SignatureHelp
instanceKlass org/eclipse/lsp4j/Command
instanceKlass org/eclipse/lsp4j/adapters/CodeActionResponseAdapter
instanceKlass org/eclipse/lsp4j/Hover
instanceKlass org/eclipse/lsp4j/Moniker
instanceKlass org/eclipse/lsp4j/adapters/DocumentDiagnosticReportTypeAdapter
instanceKlass org/eclipse/lsp4j/CompletionList
instanceKlass org/eclipse/lsp4j/LocationLink
instanceKlass org/eclipse/lsp4j/Location
instanceKlass org/eclipse/lsp4j/adapters/LocationLinkListAdapter
instanceKlass org/eclipse/lsp4j/InlineValueParams
# instanceKlass java/lang/invoke/LambdaForm$DMH+0x000002390a378000
instanceKlass org/eclipse/lsp4j/InlayHint
instanceKlass org/eclipse/lsp4j/CompletionItem
instanceKlass org/eclipse/lsp4j/DocumentLink
instanceKlass org/eclipse/lsp4j/DocumentRangeFormattingParams
instanceKlass org/eclipse/lsp4j/CodeLens
instanceKlass org/eclipse/lsp4j/CodeAction
instanceKlass org/eclipse/lsp4j/InlayHintParams
instanceKlass org/eclipse/lsp4j/DidChangeTextDocumentParams
instanceKlass org/eclipse/lsp4j/DidSaveTextDocumentParams
instanceKlass org/eclipse/lsp4j/DidCloseTextDocumentParams
instanceKlass org/eclipse/lsp4j/WillSaveTextDocumentParams
instanceKlass org/eclipse/lsp4j/DidOpenTextDocumentParams
instanceKlass org/eclipse/lsp4j/DocumentFormattingParams
instanceKlass org/eclipse/lsp4j/TextDocumentPositionParams
instanceKlass org/eclipse/lsp4j/DidChangeNotebookDocumentParams
instanceKlass org/eclipse/lsp4j/DidSaveNotebookDocumentParams
instanceKlass org/eclipse/lsp4j/DidCloseNotebookDocumentParams
instanceKlass org/eclipse/lsp4j/DidOpenNotebookDocumentParams
instanceKlass org/eclipse/lsp4j/WorkspaceEdit
instanceKlass org/eclipse/lsp4j/WorkspaceDiagnosticReport
instanceKlass org/eclipse/lsp4j/SymbolInformation
instanceKlass com/google/gson/internal/$Gson$Types$WildcardTypeImpl
instanceKlass com/google/gson/internal/$Gson$Preconditions
instanceKlass com/google/gson/internal/$Gson$Types$ParameterizedTypeImpl
instanceKlass com/google/gson/internal/$Gson$Types
instanceKlass com/google/gson/reflect/TypeToken
instanceKlass org/eclipse/lsp4j/jsonrpc/messages/Either
instanceKlass org/eclipse/lsp4j/adapters/WorkspaceSymbolResponseAdapter
instanceKlass org/eclipse/lsp4j/CreateFilesParams
instanceKlass org/eclipse/lsp4j/DeleteFilesParams
instanceKlass org/eclipse/lsp4j/RenameFilesParams
instanceKlass org/eclipse/lsp4j/WorkspaceSymbol
instanceKlass org/eclipse/lsp4j/DidChangeWorkspaceFoldersParams
instanceKlass org/eclipse/lsp4j/DidChangeConfigurationParams
instanceKlass org/eclipse/lsp4j/DidChangeWatchedFilesParams
instanceKlass org/eclipse/lsp4j/ExecuteCommandParams
instanceKlass org/eclipse/lsp4j/WorkDoneProgressAndPartialResultParams
instanceKlass org/eclipse/lsp4j/PartialResultParams
instanceKlass org/eclipse/lsp4j/InitializeResult
instanceKlass org/eclipse/lsp4j/WorkDoneProgressCancelParams
instanceKlass org/eclipse/lsp4j/services/NotebookDocumentService
instanceKlass org/eclipse/lsp4j/SetTraceParams
instanceKlass org/eclipse/lsp4j/InitializedParams
instanceKlass org/eclipse/lsp4j/InitializeParams
instanceKlass org/eclipse/lsp4j/WorkDoneProgressParams
instanceKlass jdk/internal/vm/annotation/IntrinsicCandidate
instanceKlass org/eclipse/lsp4j/jsonrpc/json/JsonRpcMethodProvider
instanceKlass org/eclipse/lsp4j/jsonrpc/services/JsonDelegate
instanceKlass  @bci org/eclipse/lsp4j/jsonrpc/services/ServiceEndpoints getSupportedMethods (Ljava/lang/Class;Ljava/util/Set;)Ljava/util/Map; 29 <appendix> member <vmtarget> ; # org/eclipse/lsp4j/jsonrpc/services/ServiceEndpoints$$Lambda+0x000002390a36dda0
instanceKlass org/eclipse/lsp4j/WorkspaceFolder
instanceKlass org/eclipse/lsp4j/MessageActionItem
instanceKlass org/eclipse/lsp4j/ShowDocumentResult
instanceKlass org/eclipse/lsp4j/ApplyWorkspaceEditResponse
instanceKlass org/eclipse/lsp4j/jsonrpc/services/JsonNotification
instanceKlass org/eclipse/lsp4j/jsonrpc/json/JsonRpcMethod
instanceKlass org/eclipse/lsp4j/jsonrpc/json/ResponseJsonAdapter
instanceKlass java/util/stream/Node$Builder
instanceKlass java/util/stream/Nodes$ArrayNode
instanceKlass java/util/stream/Node$OfDouble
instanceKlass java/util/stream/Node$OfLong
instanceKlass java/util/stream/Node$OfInt
instanceKlass java/util/stream/Node$OfPrimitive
instanceKlass java/util/stream/Nodes$EmptyNode
instanceKlass java/util/stream/Node
instanceKlass java/util/stream/Nodes
instanceKlass  @bci org/eclipse/lsp4j/jsonrpc/services/AnnotationUtil getParameterTypes (Ljava/lang/reflect/Method;)[Ljava/lang/reflect/Type; 17 <appendix> argL0 ; # org/eclipse/lsp4j/jsonrpc/services/AnnotationUtil$$Lambda+0x000002390a36cad0
instanceKlass  @bci org/eclipse/lsp4j/jsonrpc/services/AnnotationUtil getParameterTypes (Ljava/lang/reflect/Method;)[Ljava/lang/reflect/Type; 7 <appendix> argL0 ; # org/eclipse/lsp4j/jsonrpc/services/AnnotationUtil$$Lambda+0x000002390a36c8a0
instanceKlass org/eclipse/lsp4j/jsonrpc/services/JsonRequest
instanceKlass org/eclipse/lsp4j/ProgressParams
instanceKlass org/eclipse/lsp4j/WorkDoneProgressCreateParams
instanceKlass org/eclipse/lsp4j/ShowDocumentParams
instanceKlass org/eclipse/lsp4j/RegistrationParams
instanceKlass org/eclipse/lsp4j/UnregistrationParams
instanceKlass org/eclipse/lsp4j/PublishDiagnosticsParams
instanceKlass org/eclipse/lsp4j/ApplyWorkspaceEditParams
instanceKlass org/eclipse/lsp4j/LogTraceParams
instanceKlass org/eclipse/lsp4j/MessageParams
instanceKlass java/util/concurrent/CompletableFuture
instanceKlass java/util/concurrent/CompletionStage
instanceKlass org/eclipse/lsp4j/ConfigurationParams
instanceKlass org/eclipse/lsp4j/jsonrpc/services/JsonSegment
instanceKlass org/eclipse/lsp4j/jsonrpc/services/AnnotationUtil
instanceKlass  @bci org/eclipse/lsp4j/jsonrpc/services/ServiceEndpoints getSupportedMethods (Ljava/lang/Class;Ljava/util/Set;)Ljava/util/Map; 11 <appendix> member <vmtarget> ; # org/eclipse/lsp4j/jsonrpc/services/ServiceEndpoints$$Lambda+0x000002390a3625d0
instanceKlass org/eclipse/lsp4j/jsonrpc/services/AnnotationUtil$MethodInfo
instanceKlass org/eclipse/lsp4j/jsonrpc/services/ServiceEndpoints
instanceKlass org/eclipse/lsp4j/services/LanguageClient
instanceKlass org/eclipse/lsp4j/jsonrpc/Launcher
instanceKlass org/eclipse/lsp4j/jsonrpc/Endpoint
instanceKlass org/eclipse/lsp4j/jsonrpc/json/MethodProvider
instanceKlass org/eclipse/lsp4j/jsonrpc/MessageProducer
instanceKlass org/eclipse/lsp4j/jsonrpc/MessageIssueHandler
instanceKlass org/eclipse/lsp4j/jsonrpc/Launcher$Builder
instanceKlass org/eclipse/lsp4j/launch/LSPLauncher
instanceKlass  @bci org/javacs/kt/MainKt main ([Ljava/lang/String;)V 197 <appendix> argL0 ; # org/javacs/kt/MainKt$$Lambda+0x000002390a360cc0
instanceKlass org/eclipse/lsp4j/jsonrpc/MessageConsumer
instanceKlass  @bci org/javacs/kt/MainKt main ([Ljava/lang/String;)V 167 <appendix> argL0 ; # org/javacs/kt/MainKt$$Lambda+0x000002390a360620
instanceKlass  @bci org/javacs/kt/Logger format (Ljava/lang/String;)Ljava/lang/String; 55 <appendix> form vmentry <vmtarget> ; # java/lang/invoke/LambdaForm$MH+0x000002390a368000
instanceKlass java/lang/invoke/LambdaFormEditor$1
# instanceKlass java/lang/invoke/LambdaForm$MH+0x000002390a367c00
instanceKlass  @bci org/javacs/kt/Logger format (Ljava/lang/String;)Ljava/lang/String; 55 <appendix> argL3 form vmentry <vmtarget> ; # java/lang/invoke/LambdaForm$MH+0x000002390a367800
# instanceKlass java/lang/invoke/LambdaForm$MH+0x000002390a367400
# instanceKlass java/lang/invoke/LambdaForm$MH+0x000002390a367000
# instanceKlass java/lang/invoke/LambdaForm$MH+0x000002390a366c00
# instanceKlass java/lang/invoke/LambdaForm$MH+0x000002390a366800
# instanceKlass java/lang/invoke/LambdaForm$MH+0x000002390a366400
# instanceKlass java/lang/invoke/LambdaForm$MH+0x000002390a366000
instanceKlass  @bci org/javacs/kt/Logger format (Ljava/lang/String;)Ljava/lang/String; 55 <appendix> argL1 form vmentry <vmtarget> ; # java/lang/invoke/LambdaForm$MH+0x000002390a365c00
# instanceKlass java/lang/invoke/LambdaForm$MH+0x000002390a365800
instanceKlass  @bci org/javacs/kt/classpath/DefaultClassPathResolverKt ignoredPathPatterns (Ljava/nio/file/Path;Ljava/nio/file/Path;)Ljava/util/List; 531 <appendix> argL1 form vmentry <vmtarget> ; # java/lang/invoke/LambdaForm$MH+0x000002390a365400
# instanceKlass java/lang/invoke/LambdaForm$MH+0x000002390a365000
# instanceKlass java/lang/invoke/LambdaForm$MH+0x000002390a364c00
# instanceKlass java/lang/invoke/LambdaForm$MH+0x000002390a364800
# instanceKlass java/lang/invoke/LambdaForm$MH+0x000002390a364400
# instanceKlass java/lang/invoke/LambdaForm$MH+0x000002390a364000
instanceKlass org/javacs/kt/LogMessage
instanceKlass org/javacs/kt/KotlinProtocolExtensionService
instanceKlass org/javacs/kt/KotlinProtocolExtensions
instanceKlass com/google/gson/internal/bind/ReflectiveTypeAdapterFactory$BoundField
instanceKlass com/google/gson/internal/bind/ReflectiveTypeAdapterFactory
instanceKlass com/google/gson/internal/bind/JsonAdapterAnnotationTypeAdapterFactory
instanceKlass com/google/gson/internal/bind/MapTypeAdapterFactory
instanceKlass com/google/gson/internal/bind/CollectionTypeAdapterFactory
instanceKlass com/google/gson/internal/bind/ArrayTypeAdapter$1
instanceKlass com/google/gson/internal/sql/SqlTimestampTypeAdapter$1
instanceKlass com/google/gson/internal/sql/SqlTimeTypeAdapter$1
instanceKlass com/google/gson/internal/sql/SqlDateTypeAdapter$1
instanceKlass com/google/gson/internal/bind/DefaultDateTypeAdapter$DateType
instanceKlass com/google/gson/internal/sql/SqlTypesSupport
instanceKlass com/google/gson/internal/bind/DateTypeAdapter$1
instanceKlass java/util/concurrent/atomic/AtomicLongArray
instanceKlass com/google/gson/internal/bind/NumberTypeAdapter$1
instanceKlass com/google/gson/internal/bind/ObjectTypeAdapter$1
instanceKlass com/google/gson/internal/bind/TypeAdapters$29
instanceKlass com/google/gson/internal/bind/TypeAdapters$33
instanceKlass java/util/Calendar
instanceKlass java/util/Currency
instanceKlass com/google/gson/internal/bind/TypeAdapters$34
instanceKlass com/google/gson/internal/bind/TypeAdapters$32
instanceKlass com/google/gson/internal/bind/TypeAdapters$31
instanceKlass com/google/gson/internal/bind/TypeAdapters
instanceKlass com/google/gson/internal/ObjectConstructor
instanceKlass com/google/gson/internal/ConstructorConstructor
instanceKlass com/google/gson/internal/Excluder
instanceKlass com/google/gson/TypeAdapter
instanceKlass com/google/gson/TypeAdapterFactory
instanceKlass com/google/gson/stream/JsonReader
instanceKlass com/google/gson/JsonElement
instanceKlass com/google/gson/stream/JsonWriter
instanceKlass com/google/gson/ToNumberStrategy
instanceKlass com/google/gson/FieldNamingStrategy
instanceKlass com/google/gson/Gson
instanceKlass org/javacs/kt/KotlinWorkspaceService
instanceKlass org/eclipse/lsp4j/services/WorkspaceService
instanceKlass java/util/concurrent/RunnableScheduledFuture
instanceKlass java/util/concurrent/ScheduledFuture
instanceKlass java/util/concurrent/Delayed
instanceKlass java/util/concurrent/RunnableFuture
instanceKlass java/util/concurrent/ScheduledExecutorService
instanceKlass  @bci org/javacs/kt/util/Debouncer <init> (Ljava/time/Duration;Ljava/util/concurrent/ScheduledExecutorService;ILkotlin/jvm/internal/DefaultConstructorMarker;)V 7 <appendix> argL0 ; # org/javacs/kt/util/Debouncer$$Lambda+0x000002390a34f220
instanceKlass org/javacs/kt/util/Debouncer
instanceKlass org/javacs/kt/formatting/FormattingService
instanceKlass org/javacs/kt/KotlinTextDocumentService
instanceKlass org/eclipse/lsp4j/services/TextDocumentService
instanceKlass org/javacs/kt/NotifySourcePath
instanceKlass  @bci java/util/regex/Pattern negate (Ljava/util/regex/Pattern$CharPredicate;)Ljava/util/regex/Pattern$CharPredicate; 1 <appendix> member <vmtarget> ; # java/util/regex/Pattern$$Lambda+0x800000031
instanceKlass sun/nio/fs/WindowsFileSystem$2
instanceKlass java/nio/file/PathMatcher
instanceKlass sun/nio/fs/Globs
instanceKlass org/javacs/kt/SourceExclusions
instanceKlass org/javacs/kt/SourceFiles
instanceKlass  @bci org/javacs/kt/SourcePath <init> (Lorg/javacs/kt/CompilerClassPath;Lorg/javacs/kt/URIContentProvider;Lorg/javacs/kt/IndexingConfiguration;Lorg/javacs/kt/database/DatabaseService;)V 107 <appendix> argL0 ; # org/javacs/kt/SourcePath$$Lambda+0x000002390a34df98
instanceKlass org/h2/table/MetaTable$1
instanceKlass org/jetbrains/exposed/sql/ColumnDiff$Companion
instanceKlass org/jetbrains/exposed/sql/vendors/ColumnMetadata
instanceKlass java/time/chrono/AbstractChronology
instanceKlass java/time/chrono/Chronology
instanceKlass java/time/zone/Ser
instanceKlass java/io/Externalizable
instanceKlass java/time/zone/ZoneRulesProvider$1
instanceKlass java/time/zone/ZoneRulesProvider
instanceKlass org/h2/util/JSR310Utils
instanceKlass  @bci java/util/regex/Pattern CIRange (II)Ljava/util/regex/Pattern$CharPredicate; 2 <appendix> member <vmtarget> ; # java/util/regex/Pattern$$Lambda+0x000002390a1d3df0
instanceKlass  @bci java/util/regex/Pattern SingleI (II)Ljava/util/regex/Pattern$BmpCharPredicate; 2 <appendix> member <vmtarget> ; # java/util/regex/Pattern$$Lambda+0x000002390a1d3b70
instanceKlass java/time/Period
instanceKlass java/time/chrono/ChronoPeriod
instanceKlass java/time/OffsetTime
instanceKlass java/time/OffsetDateTime
instanceKlass org/h2/util/JSR310
instanceKlass org/h2/util/TimeZoneProvider
instanceKlass sun/util/calendar/ZoneInfoFile$ZoneOffsetTransitionRule
instanceKlass sun/util/calendar/ZoneInfoFile$1
instanceKlass sun/util/calendar/ZoneInfoFile
instanceKlass java/util/TimeZone
instanceKlass org/h2/util/DateTimeUtils
instanceKlass java/time/Clock
instanceKlass java/time/InstantSource
instanceKlass org/h2/util/CurrentTimestamp
instanceKlass org/h2/util/Permutations
instanceKlass org/h2/command/dml/SelectUnion$1
instanceKlass org/h2/table/TableFilter$MapColumnsVisitor
instanceKlass org/jetbrains/exposed/sql/statements/GlobalStatementInterceptor$DefaultImpls
instanceKlass kotlin/collections/AbstractIterator
instanceKlass kotlin/sequences/DistinctSequence
instanceKlass  @bci kotlin/sequences/SequencesKt___SequencesKt distinct (Lkotlin/sequences/Sequence;)Lkotlin/sequences/Sequence; 7 <appendix> argL0 ; # kotlin/sequences/SequencesKt___SequencesKt$$Lambda+0x000002390a349dd0
instanceKlass org/h2/index/ViewCursor
instanceKlass org/h2/mvstore/db/MVSecondaryIndex$MVStoreCursor
instanceKlass org/h2/util/IntArray
instanceKlass org/h2/table/SubQueryInfo
instanceKlass org/h2/table/TableView$CacheKey
instanceKlass org/h2/table/RegularTable$1
instanceKlass org/h2/index/SpatialIndex
instanceKlass org/h2/util/MathUtils$1
instanceKlass org/h2/command/ddl/SequenceOptions
instanceKlass org/h2/command/Parser$3
instanceKlass org/jetbrains/exposed/dao/LinkedIdentityHashSet
instanceKlass org/jetbrains/exposed/dao/EntityCache$Companion
instanceKlass org/jetbrains/exposed/dao/EntityCache
instanceKlass org/jetbrains/exposed/dao/EntityCacheKt
instanceKlass org/jetbrains/exposed/sql/ReferenceOption$Companion
instanceKlass org/jetbrains/exposed/sql/statements/api/IdentifierManagerApi$identifierLengthLimit$2$WhenMappings
instanceKlass org/jetbrains/exposed/sql/Key
instanceKlass org/jetbrains/exposed/sql/transactions/TransactionStore
instanceKlass org/jetbrains/exposed/sql/transactions/TransactionScopeKt
instanceKlass org/jetbrains/exposed/dao/EntityHookKt
instanceKlass org/jetbrains/exposed/sql/Transaction$exec$2$WhenMappings
instanceKlass org/jetbrains/exposed/sql/statements/api/PreparedStatementApi$DefaultImpls
instanceKlass org/jetbrains/exposed/sql/statements/jdbc/JdbcPreparedStatementImpl
instanceKlass org/jetbrains/exposed/sql/statements/StatementInterceptor$DefaultImpls
instanceKlass org/jetbrains/exposed/sql/SizedIterable
instanceKlass org/jetbrains/exposed/sql/statements/StatementContext
instanceKlass org/jetbrains/exposed/sql/statements/Statement
instanceKlass org/jetbrains/exposed/sql/vendors/H2Dialect$isMySQLMode$2$WhenMappings
instanceKlass org/jetbrains/exposed/sql/vendors/H2Kt
instanceKlass org/jetbrains/exposed/sql/vendors/KeywordsKt
instanceKlass org/h2/jdbc/JdbcConnection$Settings
instanceKlass org/h2/engine/SettingsBase$1
instanceKlass org/h2/engine/Constants
instanceKlass org/jetbrains/exposed/sql/statements/api/IdentifierManagerApi
instanceKlass org/jetbrains/exposed/sql/vendors/DatabaseDialect$DefaultImpls
instanceKlass org/jetbrains/exposed/sql/ColumnTypeKt
instanceKlass org/jetbrains/exposed/sql/statements/jdbc/JdbcDatabaseMetadataImplKt
instanceKlass org/h2/jdbc/JdbcResultSetBackwardsCompat
instanceKlass org/h2/index/MetaCursor
instanceKlass org/h2/command/dml/Query$OffsetFetch
instanceKlass org/h2/table/PlanItem
instanceKlass org/h2/table/Plan$1
instanceKlass org/h2/table/Plan
instanceKlass org/h2/command/dml/AllColumnsForPlan
instanceKlass org/h2/command/dml/Optimizer
instanceKlass org/h2/index/IndexCondition
instanceKlass org/h2/expression/ExpressionVisitor
instanceKlass org/h2/util/ColumnNamer
instanceKlass org/h2/command/dml/SelectOrderBy
instanceKlass org/h2/index/IndexCursor
instanceKlass org/h2/table/TableFilter$1
instanceKlass org/h2/table/TableFilter
instanceKlass org/h2/result/LazyResult
instanceKlass java/sql/ParameterMetaData
instanceKlass java/sql/ResultSetMetaData
instanceKlass org/h2/jdbc/JdbcStatementBackwardsCompat
instanceKlass org/h2/jdbc/JdbcPreparedStatementBackwardsCompat
instanceKlass org/jetbrains/exposed/sql/statements/jdbc/JdbcDatabaseMetadataImpl$CachableMapWithDefault
instanceKlass org/jetbrains/exposed/sql/vendors/DefaultKt
instanceKlass org/jetbrains/exposed/sql/QueriesKt
instanceKlass org/jetbrains/exposed/sql/SchemaUtils$TableDepthGraph
instanceKlass org/h2/jdbc/JdbcDatabaseMetaDataBackwardsCompat
instanceKlass org/h2/result/LocalResultImpl
instanceKlass org/h2/expression/function/FunctionInfo
instanceKlass org/h2/util/json/JSONTarget
instanceKlass org/jetbrains/exposed/sql/statements/jdbc/JdbcDatabaseMetadataImpl$Companion
instanceKlass org/jetbrains/exposed/sql/statements/api/ExposedDatabaseMetadata
instanceKlass org/jetbrains/exposed/sql/statements/jdbc/JdbcConnectionImpl
instanceKlass org/jetbrains/exposed/sql/statements/api/ExposedConnection
instanceKlass org/h2/mvstore/tx/Transaction$1
instanceKlass org/h2/engine/Session$1
instanceKlass org/h2/engine/Session$Savepoint
instanceKlass org/h2/result/ResultWithGeneratedKeys
instanceKlass org/h2/util/ParserUtil
instanceKlass java/lang/Thread$ThreadNumbering
instanceKlass org/h2/mvstore/StreamStore
instanceKlass org/h2/mvstore/db/LobStorageMap
instanceKlass org/h2/engine/MetaRecord
instanceKlass org/h2/result/RowImpl
instanceKlass java/util/ComparableTimSort
instanceKlass org/h2/mvstore/tx/Snapshot
instanceKlass org/h2/mvstore/tx/TransactionMap$TMIterator
instanceKlass org/h2/mvstore/tx/TransactionMap$2
instanceKlass org/h2/mvstore/db/MVPrimaryIndex$MVStoreCursor
instanceKlass org/h2/result/SortOrder
instanceKlass org/h2/command/Parser$1
instanceKlass org/h2/command/Command
instanceKlass org/h2/expression/ParameterInterface
instanceKlass org/h2/table/TableFilter$TableFilterVisitor
instanceKlass org/h2/command/dml/MergeUsing$When
instanceKlass org/h2/command/dml/DataChangeStatement
instanceKlass org/h2/expression/function/FunctionCall
instanceKlass org/h2/expression/ExpressionWithFlags
instanceKlass org/h2/command/Prepared
instanceKlass org/h2/command/Parser
instanceKlass org/h2/mvstore/tx/Transaction
instanceKlass org/h2/index/IndexType
instanceKlass org/h2/table/IndexColumn
instanceKlass org/h2/index/Cursor
instanceKlass org/h2/mvstore/db/MVIndex
instanceKlass org/h2/index/Index
instanceKlass org/h2/value/TypeInfo
instanceKlass org/h2/table/ColumnResolver
instanceKlass org/h2/expression/Expression
instanceKlass org/h2/table/Column
instanceKlass org/h2/command/ddl/CreateTableData
instanceKlass org/h2/util/ColumnNamerConfiguration
instanceKlass org/h2/value/ExtTypeInfo
instanceKlass org/h2/mvstore/Cursor
instanceKlass org/h2/mvstore/tx/TransactionStore$ArrayType
instanceKlass org/h2/mvstore/tx/VersionedValueType
instanceKlass org/h2/mvstore/MVMap$4
instanceKlass org/h2/mvstore/CursorPos
instanceKlass org/h2/mvstore/MVMap$IntValueHolder
instanceKlass java/util/UUID
instanceKlass org/h2/mvstore/type/ObjectDataType$AutoDetectDataType
instanceKlass org/h2/mvstore/type/ObjectDataType
instanceKlass org/h2/mvstore/MVMap$BasicBuilder
instanceKlass org/h2/mvstore/db/ValueDataType
instanceKlass org/h2/mvstore/tx/TransactionStore$2
instanceKlass org/h2/mvstore/tx/TransactionStore
instanceKlass org/h2/mvstore/RootReference
instanceKlass org/h2/mvstore/Page$PageReference
instanceKlass org/h2/mvstore/Page
instanceKlass org/h2/mvstore/type/StringDataType
instanceKlass org/h2/mvstore/MVMap$DecisionMaker
instanceKlass org/h2/mvstore/DataUtils
instanceKlass org/h2/mvstore/MVStore$TxCounter
instanceKlass org/h2/mvstore/MVMap$MapBuilder
instanceKlass org/h2/mvstore/MVStore
instanceKlass org/h2/mvstore/type/DataType
instanceKlass org/h2/mvstore/db/MVTableEngine$Store
instanceKlass org/h2/mvstore/MVStore$Builder
instanceKlass org/h2/engine/DbObjectBase
instanceKlass org/h2/mvstore/db/MVTableEngine
instanceKlass org/h2/api/TableEngine
instanceKlass org/h2/message/Trace
instanceKlass org/h2/message/TraceSystem
instanceKlass org/h2/message/TraceWriter
instanceKlass org/h2/result/LocalResult
instanceKlass org/h2/result/ResultTarget
instanceKlass org/h2/result/ResultInterface
instanceKlass org/h2/result/LocalResultFactory
instanceKlass org/h2/result/Row
instanceKlass org/h2/result/RowFactory
instanceKlass org/h2/util/TempFileDeleter
instanceKlass org/h2/api/IntervalQualifier$1
instanceKlass java/text/AttributedCharacterIterator$Attribute
instanceKlass java/text/FieldPosition
instanceKlass java/text/Format
instanceKlass org/h2/api/ErrorCode
instanceKlass java/io/ObjectStreamConstants
instanceKlass java/io/ObjectInput
instanceKlass org/h2/util/JdbcUtils
instanceKlass org/h2/value/DataType
instanceKlass org/h2/engine/Mode
instanceKlass java/util/BitSet
instanceKlass org/h2/compress/CompressLZF
instanceKlass org/h2/compress/Compressor
instanceKlass org/h2/store/fs/FileMemData
instanceKlass org/h2/store/fs/FilePath
instanceKlass org/h2/store/fs/FileUtils
instanceKlass org/h2/schema/SchemaObject
instanceKlass org/h2/engine/DbObject
instanceKlass org/h2/result/SearchRow
instanceKlass org/h2/engine/Database
instanceKlass org/h2/mvstore/tx/TransactionStore$RollbackListener
instanceKlass org/h2/engine/Engine
instanceKlass org/h2/engine/SessionFactory
instanceKlass java/text/Collator
instanceKlass org/h2/value/CompareMode
instanceKlass org/h2/store/LobStorageInterface
instanceKlass org/h2/command/CommandInterface
instanceKlass org/h2/engine/SessionWithState
instanceKlass org/h2/engine/SessionInterface
instanceKlass org/h2/store/DataHandler
instanceKlass org/h2/engine/SettingsBase
instanceKlass org/h2/util/StringUtils
instanceKlass org/h2/util/MathUtils
instanceKlass org/h2/engine/SysProperties
instanceKlass org/h2/command/dml/SetTypes
instanceKlass org/h2/engine/ConnectionInfo
instanceKlass org/h2/util/IOUtils
instanceKlass org/h2/jdbc/JdbcException
instanceKlass java/util/concurrent/atomic/AtomicIntegerArray
instanceKlass java/sql/DatabaseMetaData
instanceKlass java/sql/Array
instanceKlass java/sql/CallableStatement
instanceKlass java/sql/PreparedStatement
instanceKlass java/sql/SQLXML
instanceKlass java/sql/NClob
instanceKlass java/sql/Statement
instanceKlass java/sql/Savepoint
instanceKlass java/sql/Clob
instanceKlass java/sql/Blob
instanceKlass org/h2/value/VersionedValue
instanceKlass org/h2/message/TraceObject
instanceKlass org/h2/engine/CastDataProvider
instanceKlass org/h2/jdbc/JdbcConnectionBackwardsCompat
instanceKlass org/h2/util/Utils
instanceKlass org/h2/upgrade/DbUpgrade
instanceKlass org/sqlite/SQLiteConnection
instanceKlass org/sqlite/JDBC
instanceKlass java/sql/DriverManager$2
instanceKlass java/sql/DriverManager$1
instanceKlass  @bci org/eclipse/lsp4j/jsonrpc/services/GenericEndpoint lambda$recursiveFindRpcMethods$2 (Ljava/lang/Object;Ljava/util/Set;Ljava/util/Set;Ljava/lang/reflect/Method;)V 33 <appendix> form vmentry <vmtarget> ; # java/lang/invoke/LambdaForm$MH+0x000002390a2db400
# instanceKlass java/lang/invoke/LambdaForm$MH+0x000002390a2db000
instanceKlass  @bci org/eclipse/lsp4j/jsonrpc/services/GenericEndpoint lambda$recursiveFindRpcMethods$2 (Ljava/lang/Object;Ljava/util/Set;Ljava/util/Set;Ljava/lang/reflect/Method;)V 33 <appendix> argL3 form vmentry <vmtarget> ; # java/lang/invoke/LambdaForm$MH+0x000002390a2dac00
# instanceKlass java/lang/invoke/LambdaForm$MH+0x000002390a2da800
instanceKlass  @bci org/javacs/kt/util/URIsKt describeURIs (Ljava/util/Collection;)Ljava/lang/String; 36 <appendix> argL2 form vmentry <vmtarget> ; # java/lang/invoke/LambdaForm$MH+0x000002390a2da400
# instanceKlass java/lang/invoke/LambdaForm$MH+0x000002390a2da000
instanceKlass  @bci org/javacs/kt/classpath/DefaultClassPathResolverKt ignoredPathPatterns (Ljava/nio/file/Path;Ljava/nio/file/Path;)Ljava/util/List; 531 <appendix> argL1 argL0 form vmentry <vmtarget> ; # java/lang/invoke/LambdaForm$MH+0x000002390a2d9c00
# instanceKlass java/lang/invoke/LambdaForm$MH+0x000002390a2d9800
# instanceKlass java/lang/invoke/LambdaForm$MH+0x000002390a2d9400
# instanceKlass java/lang/invoke/LambdaForm$MH+0x000002390a2d9000
# instanceKlass java/lang/invoke/LambdaForm$MH+0x000002390a2d8c00
# instanceKlass java/lang/invoke/LambdaForm$BMH+0x000002390a2d8800
# instanceKlass java/lang/invoke/LambdaForm$DMH+0x000002390a2d8400
# instanceKlass java/lang/invoke/LambdaForm$DMH+0x000002390a2d8000
instanceKlass java/util/stream/ReduceOps$AccumulatingSink
instanceKlass java/util/stream/ReduceOps$Box
instanceKlass java/util/stream/ReduceOps$ReduceOp
instanceKlass java/util/stream/ReduceOps
instanceKlass  @bci java/util/stream/Collectors joining (Ljava/lang/CharSequence;Ljava/lang/CharSequence;Ljava/lang/CharSequence;)Ljava/util/stream/Collector; 22 <appendix> argL0 ; # java/util/stream/Collectors$$Lambda+0x800000043
instanceKlass  @bci java/util/stream/Collectors joining (Ljava/lang/CharSequence;Ljava/lang/CharSequence;Ljava/lang/CharSequence;)Ljava/util/stream/Collector; 17 <appendix> argL0 ; # java/util/stream/Collectors$$Lambda+0x800000041
instanceKlass  @bci java/util/stream/Collectors joining (Ljava/lang/CharSequence;Ljava/lang/CharSequence;Ljava/lang/CharSequence;)Ljava/util/stream/Collector; 12 <appendix> argL0 ; # java/util/stream/Collectors$$Lambda+0x80000003e
instanceKlass  @bci java/util/stream/Collectors joining (Ljava/lang/CharSequence;Ljava/lang/CharSequence;Ljava/lang/CharSequence;)Ljava/util/stream/Collector; 7 <appendix> member <vmtarget> ; # java/util/stream/Collectors$$Lambda+0x800000046
instanceKlass  @bci java/lang/Class methodToString (Ljava/lang/String;[Ljava/lang/Class;)Ljava/lang/String; 42 <appendix> argL0 ; # java/lang/Class$$Lambda+0x000002390a1ceaa0
# instanceKlass java/lang/invoke/LambdaForm$DMH+0x000002390a2d5c00
instanceKlass org/jetbrains/exposed/sql/statements/api/PreparedStatementApi
instanceKlass java/sql/ResultSet
instanceKlass org/jetbrains/exposed/sql/Index
instanceKlass org/jetbrains/exposed/sql/StringColumnType$Companion
instanceKlass org/jetbrains/exposed/sql/Table$PrimaryKey$special$$inlined$compareBy$1
instanceKlass org/jetbrains/exposed/sql/Table$PrimaryKey
# instanceKlass java/lang/invoke/LambdaForm$MH+0x000002390a2d5800
# instanceKlass java/lang/invoke/LambdaForm$MH+0x000002390a2d5400
# instanceKlass java/lang/invoke/LambdaForm$MH+0x000002390a2d5000
# instanceKlass java/lang/invoke/LambdaForm$MH+0x000002390a2d4c00
instanceKlass sun/reflect/generics/tree/VoidDescriptor
instanceKlass kotlin/reflect/jvm/internal/KPropertyImpl$Setter$$Lambda$1
instanceKlass kotlin/reflect/jvm/internal/KPropertyImpl$Setter$$Lambda$0
instanceKlass kotlin/reflect/KMutableProperty1$Setter
# instanceKlass java/lang/invoke/LambdaForm$MH+0x000002390a2d4800
# instanceKlass java/lang/invoke/LambdaForm$MH+0x000002390a2d4400
# instanceKlass java/lang/invoke/LambdaForm$MH+0x000002390a2d4000
instanceKlass kotlin/reflect/jvm/internal/impl/resolve/jvm/InlineClassManglingRulesKt
instanceKlass kotlin/reflect/jvm/internal/KTypeImpl$$Lambda$1
instanceKlass kotlin/reflect/jvm/internal/KTypeImpl$$Lambda$0
instanceKlass kotlin/reflect/jvm/internal/KParameterImpl$$Lambda$1
instanceKlass kotlin/reflect/jvm/internal/KTypeImpl
instanceKlass kotlin/jvm/internal/KTypeBase
instanceKlass kotlin/reflect/jvm/internal/calls/CallerKt
instanceKlass kotlin/reflect/jvm/internal/calls/Caller$DefaultImpls
instanceKlass kotlin/reflect/jvm/internal/calls/ValueClassAwareCallerKt
instanceKlass sun/reflect/generics/reflectiveObjects/ParameterizedTypeImpl
instanceKlass sun/reflect/generics/tree/Wildcard
instanceKlass sun/reflect/generics/tree/BottomSignature
instanceKlass kotlin/reflect/jvm/internal/calls/CallerImpl$Companion
instanceKlass kotlin/reflect/jvm/internal/calls/CallerImpl
instanceKlass kotlin/reflect/jvm/internal/calls/Caller
instanceKlass kotlin/reflect/jvm/internal/KDeclarationContainerImpl$FunctionJvmDescriptor
instanceKlass kotlin/reflect/jvm/internal/KPropertyImplKt
instanceKlass kotlin/reflect/jvm/internal/KPropertyImpl$Getter$$Lambda$1
instanceKlass kotlin/reflect/jvm/internal/KPropertyImpl$Getter$$Lambda$0
instanceKlass kotlin/reflect/KProperty1$Getter
instanceKlass kotlin/reflect/jvm/internal/impl/metadata/jvm/deserialization/ClassMapperLite
instanceKlass kotlin/reflect/jvm/internal/JvmPropertySignature
instanceKlass org/jetbrains/exposed/sql/QueryBuilder
instanceKlass org/jetbrains/exposed/sql/ColumnDiff
instanceKlass kotlin/reflect/jvm/internal/impl/utils/SmartSet$ArrayIterator
instanceKlass kotlin/reflect/jvm/internal/impl/load/java/components/DescriptorResolverUtils$1$1
instanceKlass kotlin/collections/builders/ListBuilderKt
instanceKlass kotlin/collections/builders/MapBuilder$Companion
instanceKlass kotlin/collections/builders/MapBuilder
instanceKlass kotlin/jvm/internal/markers/KMutableMap
instanceKlass kotlin/reflect/jvm/internal/impl/descriptors/Visibilities
instanceKlass kotlin/reflect/jvm/internal/impl/descriptors/impl/FunctionDescriptorImpl$1
instanceKlass kotlin/reflect/jvm/internal/impl/types/checker/NewCapturedTypeConstructor$$Lambda$2
instanceKlass kotlin/reflect/jvm/internal/impl/types/checker/NewCapturedTypeConstructor$$Lambda$0
instanceKlass kotlin/reflect/jvm/internal/impl/types/checker/NewCapturedTypeConstructor
instanceKlass kotlin/reflect/jvm/internal/impl/types/checker/NewCapturedTypeKt
instanceKlass kotlin/reflect/jvm/internal/impl/descriptors/ModalityUtilsKt
instanceKlass kotlin/reflect/jvm/internal/impl/resolve/constants/IntegerLiteralTypeConstructor
instanceKlass kotlin/reflect/jvm/internal/impl/types/TypeCheckerState$SupertypesPolicy
instanceKlass kotlin/reflect/jvm/internal/impl/types/AbstractNullabilityChecker
instanceKlass kotlin/reflect/jvm/internal/impl/types/model/StubTypeMarker
instanceKlass kotlin/reflect/jvm/internal/impl/load/java/descriptors/UtilKt
instanceKlass kotlin/reflect/jvm/internal/impl/load/java/typeEnhancement/SignatureEnhancement$$Lambda$4
instanceKlass kotlin/reflect/jvm/internal/impl/load/java/typeEnhancement/SignatureEnhancement$$Lambda$2
instanceKlass kotlin/reflect/jvm/internal/impl/descriptors/annotations/CompositeAnnotations
instanceKlass kotlin/reflect/jvm/internal/impl/load/java/typeEnhancement/TypeEnhancementKt$WhenMappings
instanceKlass kotlin/reflect/jvm/internal/impl/load/java/typeEnhancement/SignatureEnhancement$$Lambda$1
instanceKlass kotlin/reflect/jvm/internal/impl/load/java/typeEnhancement/PredefinedEnhancementInfoKt$$Lambda$43
instanceKlass kotlin/reflect/jvm/internal/impl/load/java/typeEnhancement/PredefinedEnhancementInfoKt$$Lambda$42
instanceKlass kotlin/reflect/jvm/internal/impl/load/java/typeEnhancement/PredefinedEnhancementInfoKt$$Lambda$41
instanceKlass kotlin/reflect/jvm/internal/impl/load/java/typeEnhancement/PredefinedEnhancementInfoKt$$Lambda$40
instanceKlass kotlin/reflect/jvm/internal/impl/load/java/typeEnhancement/PredefinedEnhancementInfoKt$$Lambda$39
instanceKlass kotlin/reflect/jvm/internal/impl/load/java/typeEnhancement/PredefinedEnhancementInfoKt$$Lambda$38
instanceKlass kotlin/reflect/jvm/internal/impl/load/java/typeEnhancement/PredefinedEnhancementInfoKt$$Lambda$37
instanceKlass kotlin/reflect/jvm/internal/impl/load/java/typeEnhancement/PredefinedEnhancementInfoKt$$Lambda$36
instanceKlass kotlin/reflect/jvm/internal/impl/load/java/typeEnhancement/PredefinedEnhancementInfoKt$$Lambda$35
instanceKlass kotlin/reflect/jvm/internal/impl/load/java/typeEnhancement/PredefinedEnhancementInfoKt$$Lambda$34
instanceKlass kotlin/reflect/jvm/internal/impl/load/java/typeEnhancement/PredefinedEnhancementInfoKt$$Lambda$33
instanceKlass kotlin/reflect/jvm/internal/impl/load/java/typeEnhancement/PredefinedEnhancementInfoKt$$Lambda$32
instanceKlass kotlin/reflect/jvm/internal/impl/load/java/typeEnhancement/PredefinedEnhancementInfoKt$$Lambda$31
instanceKlass kotlin/reflect/jvm/internal/impl/load/java/typeEnhancement/PredefinedEnhancementInfoKt$$Lambda$30
instanceKlass kotlin/reflect/jvm/internal/impl/load/java/typeEnhancement/PredefinedEnhancementInfoKt$$Lambda$29
instanceKlass kotlin/reflect/jvm/internal/impl/load/java/typeEnhancement/PredefinedEnhancementInfoKt$$Lambda$28
instanceKlass kotlin/reflect/jvm/internal/impl/load/java/typeEnhancement/PredefinedEnhancementInfoKt$$Lambda$27
instanceKlass kotlin/reflect/jvm/internal/impl/load/java/typeEnhancement/PredefinedEnhancementInfoKt$$Lambda$26
instanceKlass kotlin/reflect/jvm/internal/impl/load/java/typeEnhancement/PredefinedEnhancementInfoKt$$Lambda$25
instanceKlass kotlin/reflect/jvm/internal/impl/load/java/typeEnhancement/PredefinedEnhancementInfoKt$$Lambda$24
instanceKlass kotlin/reflect/jvm/internal/impl/load/java/typeEnhancement/PredefinedEnhancementInfoKt$$Lambda$23
instanceKlass kotlin/reflect/jvm/internal/impl/load/java/typeEnhancement/PredefinedEnhancementInfoKt$$Lambda$22
instanceKlass kotlin/reflect/jvm/internal/impl/load/java/typeEnhancement/PredefinedEnhancementInfoKt$$Lambda$21
instanceKlass kotlin/reflect/jvm/internal/impl/load/java/typeEnhancement/PredefinedEnhancementInfoKt$$Lambda$20
instanceKlass kotlin/reflect/jvm/internal/impl/load/java/typeEnhancement/PredefinedEnhancementInfoKt$$Lambda$19
instanceKlass kotlin/reflect/jvm/internal/impl/load/java/typeEnhancement/PredefinedEnhancementInfoKt$$Lambda$18
instanceKlass kotlin/reflect/jvm/internal/impl/load/java/typeEnhancement/PredefinedEnhancementInfoKt$$Lambda$17
instanceKlass kotlin/reflect/jvm/internal/impl/load/java/typeEnhancement/PredefinedEnhancementInfoKt$$Lambda$16
instanceKlass kotlin/reflect/jvm/internal/impl/load/java/typeEnhancement/PredefinedEnhancementInfoKt$$Lambda$15
instanceKlass kotlin/reflect/jvm/internal/impl/load/java/typeEnhancement/PredefinedEnhancementInfoKt$$Lambda$14
instanceKlass kotlin/reflect/jvm/internal/impl/load/java/typeEnhancement/PredefinedEnhancementInfoKt$$Lambda$13
instanceKlass kotlin/reflect/jvm/internal/impl/load/java/typeEnhancement/PredefinedEnhancementInfoKt$$Lambda$12
instanceKlass kotlin/reflect/jvm/internal/impl/load/java/typeEnhancement/PredefinedEnhancementInfoKt$$Lambda$11
instanceKlass kotlin/reflect/jvm/internal/impl/load/java/typeEnhancement/PredefinedEnhancementInfoKt$$Lambda$10
instanceKlass kotlin/reflect/jvm/internal/impl/load/java/typeEnhancement/PredefinedEnhancementInfoKt$$Lambda$9
instanceKlass kotlin/reflect/jvm/internal/impl/load/java/typeEnhancement/PredefinedEnhancementInfoKt$$Lambda$8
instanceKlass kotlin/reflect/jvm/internal/impl/load/java/typeEnhancement/PredefinedEnhancementInfoKt$$Lambda$7
instanceKlass kotlin/reflect/jvm/internal/impl/load/java/typeEnhancement/PredefinedEnhancementInfoKt$$Lambda$6
instanceKlass kotlin/reflect/jvm/internal/impl/load/java/typeEnhancement/PredefinedEnhancementInfoKt$$Lambda$5
instanceKlass kotlin/reflect/jvm/internal/impl/load/java/typeEnhancement/PredefinedEnhancementInfoKt$$Lambda$4
instanceKlass kotlin/reflect/jvm/internal/impl/load/java/typeEnhancement/PredefinedEnhancementInfoKt$$Lambda$3
instanceKlass kotlin/reflect/jvm/internal/impl/load/java/typeEnhancement/PredefinedEnhancementInfoKt$$Lambda$2
instanceKlass kotlin/reflect/jvm/internal/impl/load/java/typeEnhancement/PredefinedEnhancementInfoKt$$Lambda$1
instanceKlass kotlin/reflect/jvm/internal/impl/load/java/typeEnhancement/PredefinedFunctionEnhancementInfo
instanceKlass kotlin/reflect/jvm/internal/impl/load/kotlin/SignatureBuildingComponents$$Lambda$0
instanceKlass kotlin/reflect/jvm/internal/impl/load/java/typeEnhancement/TypeEnhancementInfo
instanceKlass  @bci kotlin/collections/ArraysKt___ArraysKt withIndex ([Ljava/lang/Object;)Ljava/lang/Iterable; 11 <appendix> member <vmtarget> ; # kotlin/collections/ArraysKt___ArraysKt$$Lambda+0x000002390a2c2510
instanceKlass kotlin/reflect/jvm/internal/impl/load/java/typeEnhancement/SignatureEnhancementBuilder$ClassEnhancementBuilder$FunctionEnhancementBuilder
instanceKlass kotlin/reflect/jvm/internal/impl/load/java/typeEnhancement/PredefinedEnhancementInfoKt$$Lambda$0
instanceKlass kotlin/reflect/jvm/internal/impl/load/java/typeEnhancement/SignatureEnhancementBuilder$ClassEnhancementBuilder
instanceKlass kotlin/reflect/jvm/internal/impl/load/java/typeEnhancement/SignatureEnhancementBuilder
instanceKlass kotlin/reflect/jvm/internal/impl/load/java/typeEnhancement/PredefinedEnhancementInfoKt
instanceKlass kotlin/reflect/jvm/internal/impl/load/kotlin/MethodSignatureBuildingUtilsKt
instanceKlass kotlin/reflect/jvm/internal/impl/types/checker/NewTypeVariableConstructor
instanceKlass kotlin/reflect/jvm/internal/impl/load/kotlin/JvmTypeFactoryImpl$WhenMappings
instanceKlass kotlin/reflect/jvm/internal/impl/utils/SmartSet$SingletonIterator
instanceKlass kotlin/jvm/internal/markers/KMutableIterator
instanceKlass kotlin/reflect/jvm/internal/impl/types/TypeWithEnhancementKt
instanceKlass kotlin/reflect/jvm/internal/impl/resolve/constants/IntegerValueTypeConstructor
instanceKlass kotlin/reflect/jvm/internal/impl/types/NotNullTypeParameter
instanceKlass kotlin/reflect/jvm/internal/impl/types/AbstractTypeChecker
instanceKlass kotlin/reflect/jvm/internal/impl/load/java/components/DescriptorResolverUtils
instanceKlass kotlin/reflect/jvm/internal/impl/descriptors/impl/FunctionDescriptorImpl$CopyConfiguration
instanceKlass kotlin/reflect/jvm/internal/impl/load/kotlin/JvmType$Companion
instanceKlass kotlin/reflect/jvm/internal/impl/load/kotlin/JvmType
instanceKlass kotlin/reflect/jvm/internal/impl/load/java/typeEnhancement/EnhancedTypeAnnotations
instanceKlass kotlin/reflect/jvm/internal/impl/load/java/typeEnhancement/TypeEnhancementKt
instanceKlass sun/reflect/annotation/TypeAnnotation
instanceKlass sun/reflect/annotation/TypeAnnotationParser
instanceKlass kotlin/reflect/jvm/internal/impl/load/java/typeEnhancement/SignatureEnhancement$$Lambda$3
instanceKlass kotlin/reflect/jvm/internal/impl/load/kotlin/TypeSignatureMappingKt
instanceKlass kotlin/reflect/jvm/internal/impl/builtins/FunctionTypesKt
instanceKlass kotlin/reflect/jvm/internal/impl/utils/FunctionsKt$$Lambda$7
instanceKlass kotlin/reflect/jvm/internal/impl/utils/FunctionsKt$$Lambda$6
instanceKlass kotlin/reflect/jvm/internal/impl/utils/FunctionsKt$$Lambda$5
instanceKlass kotlin/reflect/jvm/internal/impl/utils/FunctionsKt$ALWAYS_NULL$1
instanceKlass kotlin/reflect/jvm/internal/impl/utils/FunctionsKt$$Lambda$4
instanceKlass kotlin/reflect/jvm/internal/impl/utils/FunctionsKt$$Lambda$3
instanceKlass kotlin/reflect/jvm/internal/impl/utils/FunctionsKt
instanceKlass kotlin/reflect/jvm/internal/impl/load/kotlin/DescriptorBasedTypeSignatureMappingKt
instanceKlass kotlin/reflect/jvm/internal/impl/load/kotlin/TypeMappingConfigurationImpl
instanceKlass kotlin/reflect/jvm/internal/impl/load/kotlin/TypeMappingConfiguration
instanceKlass kotlin/reflect/jvm/internal/impl/load/kotlin/TypeMappingMode$Companion
instanceKlass kotlin/reflect/jvm/internal/impl/load/kotlin/TypeMappingMode
instanceKlass kotlin/reflect/jvm/internal/impl/load/kotlin/JvmTypeFactoryImpl
instanceKlass kotlin/reflect/jvm/internal/impl/load/kotlin/JvmTypeFactory
instanceKlass kotlin/reflect/jvm/internal/impl/load/kotlin/MethodSignatureMappingKt
instanceKlass kotlin/reflect/jvm/internal/impl/load/java/SpecialGenericSignatures$Companion$NameAndSignature
instanceKlass kotlin/reflect/jvm/internal/impl/load/java/SpecialGenericSignatures$Companion
instanceKlass kotlin/reflect/jvm/internal/impl/load/java/SpecialGenericSignatures
instanceKlass kotlin/reflect/jvm/internal/impl/load/java/BuiltinSpecialPropertiesKt
instanceKlass kotlin/reflect/jvm/internal/impl/load/java/BuiltinSpecialProperties
instanceKlass kotlin/reflect/jvm/internal/impl/load/java/JvmAbi
instanceKlass kotlin/reflect/jvm/internal/impl/load/java/PropertiesConventionUtilKt
instanceKlass kotlin/reflect/jvm/internal/impl/util/CheckResult
instanceKlass kotlin/reflect/jvm/internal/impl/utils/DFS$VisitedWithSet
instanceKlass kotlin/reflect/jvm/internal/impl/utils/DFS$AbstractNodeHandler
instanceKlass kotlin/reflect/jvm/internal/impl/utils/DFS$NodeHandler
instanceKlass kotlin/reflect/jvm/internal/impl/utils/DFS$Visited
instanceKlass kotlin/reflect/jvm/internal/impl/utils/DFS
instanceKlass kotlin/reflect/jvm/internal/impl/resolve/descriptorUtil/DescriptorUtilsKt$$Lambda$0
instanceKlass kotlin/reflect/jvm/internal/impl/util/Check$DefaultImpls
instanceKlass kotlin/reflect/jvm/internal/impl/util/Checks$3
instanceKlass kotlin/reflect/jvm/internal/impl/util/ReturnsCheck$ReturnsUnit$$Lambda$0
instanceKlass kotlin/reflect/jvm/internal/impl/util/OperatorChecks$$Lambda$2
instanceKlass kotlin/reflect/jvm/internal/impl/util/Checks$4
instanceKlass kotlin/reflect/jvm/internal/impl/util/ReturnsCheck$ReturnsInt$$Lambda$0
instanceKlass kotlin/reflect/jvm/internal/impl/util/OperatorChecks$$Lambda$1
instanceKlass kotlin/reflect/jvm/internal/impl/util/ReturnsCheck$ReturnsBoolean$$Lambda$0
instanceKlass kotlin/reflect/jvm/internal/impl/util/ReturnsCheck
instanceKlass kotlin/reflect/jvm/internal/impl/util/IsKPropertyCheck
instanceKlass kotlin/reflect/jvm/internal/impl/util/NoDefaultAndVarargsCheck
instanceKlass kotlin/reflect/jvm/internal/impl/util/OperatorChecks$$Lambda$0
instanceKlass kotlin/reflect/jvm/internal/impl/util/Checks$2
instanceKlass kotlin/reflect/jvm/internal/impl/util/ValueParameterCountCheck
instanceKlass kotlin/reflect/jvm/internal/impl/util/MemberKindCheck
instanceKlass kotlin/reflect/jvm/internal/impl/util/Check
instanceKlass kotlin/reflect/jvm/internal/impl/util/OperatorNameConventions
instanceKlass kotlin/reflect/jvm/internal/impl/util/Checks
instanceKlass kotlin/reflect/jvm/internal/impl/util/AbstractModifierChecks
instanceKlass kotlin/reflect/jvm/internal/impl/load/java/JavaDescriptorVisibilities
instanceKlass kotlin/reflect/jvm/internal/impl/load/java/UtilsKt
instanceKlass kotlin/reflect/jvm/internal/impl/load/java/lazy/descriptors/LazyJavaScope$MethodSignatureData
instanceKlass kotlin/reflect/jvm/internal/impl/load/java/components/SignaturePropagator$PropagatedSignature
instanceKlass kotlin/reflect/jvm/internal/impl/load/java/lazy/descriptors/LazyJavaScope$ResolvedValueParameters
instanceKlass kotlin/reflect/jvm/internal/impl/types/FlexibleTypeImpl$Companion
instanceKlass kotlin/reflect/jvm/internal/impl/load/java/structure/JavaValueParameter
instanceKlass java/lang/reflect/WildcardType
instanceKlass kotlin/reflect/jvm/internal/impl/descriptors/runtime/structure/Java8ParameterNamesLoader$Cache
instanceKlass kotlin/reflect/jvm/internal/impl/descriptors/runtime/structure/Java8ParameterNamesLoader
instanceKlass sun/reflect/generics/tree/MethodTypeSignature
instanceKlass sun/reflect/generics/tree/IntSignature
instanceKlass sun/reflect/generics/tree/TypeVariableSignature
instanceKlass kotlin/reflect/jvm/internal/impl/load/java/descriptors/JavaMethodDescriptor$2
instanceKlass kotlin/reflect/jvm/internal/impl/load/java/descriptors/JavaMethodDescriptor$1
instanceKlass kotlin/reflect/jvm/internal/impl/descriptors/CallableDescriptor$UserDataKey
instanceKlass kotlin/reflect/jvm/internal/impl/types/typeUtil/TypeUtilsKt
instanceKlass kotlin/reflect/jvm/internal/impl/builtins/jvm/MappingUtilKt
instanceKlass kotlin/reflect/jvm/internal/impl/builtins/jvm/JvmBuiltInsCustomizer$$Lambda$5
instanceKlass kotlin/reflect/jvm/internal/impl/serialization/deserialization/EnumEntriesDeserializationSupport$Default
instanceKlass kotlin/reflect/jvm/internal/impl/descriptors/PackageFragmentProviderImpl
instanceKlass kotlin/reflect/jvm/internal/impl/descriptors/deserialization/AdditionalClassPartsProvider$None
instanceKlass kotlin/reflect/jvm/internal/impl/descriptors/deserialization/PlatformDependentDeclarationFilter$All
instanceKlass kotlin/reflect/jvm/internal/impl/serialization/deserialization/builtins/BuiltInsLoaderImpl
instanceKlass kotlin/reflect/jvm/internal/impl/builtins/BuiltInsLoader$Companion$$Lambda$0
instanceKlass kotlin/reflect/jvm/internal/impl/builtins/BuiltInsLoader$Companion
instanceKlass kotlin/reflect/jvm/internal/impl/builtins/BuiltInsLoader
instanceKlass kotlin/reflect/jvm/internal/impl/builtins/jvm/FallbackBuiltIns$Companion
instanceKlass kotlin/reflect/jvm/internal/impl/builtins/jvm/JvmBuiltInsCustomizer$$Lambda$4
instanceKlass kotlin/reflect/jvm/internal/impl/builtins/jvm/CloneableClassScope$Companion
instanceKlass kotlin/reflect/jvm/internal/impl/descriptors/deserialization/PlatformDependentDeclarationFilterKt
instanceKlass kotlin/reflect/jvm/internal/impl/name/CallableId$Companion
instanceKlass kotlin/reflect/jvm/internal/impl/name/CallableId
instanceKlass kotlin/reflect/jvm/internal/impl/serialization/deserialization/SuspendFunctionTypeUtilKt
instanceKlass kotlin/reflect/jvm/internal/impl/descriptors/runtime/structure/ReflectJavaClass$$Lambda$1
instanceKlass kotlin/reflect/jvm/internal/impl/descriptors/runtime/structure/ReflectJavaClass$$Lambda$0
instanceKlass  @bci jdk/internal/reflect/DirectConstructorHandleAccessor invokeImpl ([Ljava/lang/Object;)Ljava/lang/Object; 88 <adapter> ; # java/lang/invoke/LambdaForm$MH+0x000002390a2b0c00
# instanceKlass kotlin/reflect/jvm/internal/impl/descriptors/runtime/structure/Java16SealedRecordLoader$$InjectedInvoker+0x000002390a2b0800
instanceKlass java/lang/invoke/MethodHandleImpl$BindCaller$InjectedInvokerHolder
instanceKlass java/lang/invoke/MethodHandleImpl$BindCaller
# instanceKlass java/lang/invoke/LambdaForm$MH+0x000002390a2b0400
# instanceKlass java/lang/invoke/LambdaForm$MH+0x000002390a2b0000
instanceKlass kotlin/reflect/jvm/internal/impl/load/java/structure/JavaField
instanceKlass kotlin/sequences/EmptySequence
instanceKlass kotlin/sequences/DropTakeSequence
instanceKlass kotlin/reflect/jvm/internal/impl/load/java/structure/JavaLoadingKt
instanceKlass kotlin/reflect/jvm/internal/impl/load/java/structure/JavaMethod
instanceKlass kotlin/reflect/jvm/internal/impl/load/java/structure/JavaMember
instanceKlass kotlin/reflect/jvm/internal/impl/descriptors/runtime/structure/ReflectJavaClass$$Lambda$2
instanceKlass kotlin/reflect/jvm/internal/impl/load/java/lazy/descriptors/ClassDeclaredMemberIndex$$Lambda$0
instanceKlass kotlin/reflect/jvm/internal/impl/load/java/lazy/descriptors/LazyJavaClassMemberScope$$Lambda$5
instanceKlass kotlin/reflect/jvm/internal/impl/load/java/lazy/descriptors/ClassDeclaredMemberIndex
instanceKlass kotlin/reflect/jvm/internal/impl/load/java/lazy/descriptors/DeclaredMemberIndex
instanceKlass kotlin/reflect/jvm/internal/impl/load/java/typeEnhancement/JavaTypeEnhancement$Result
instanceKlass kotlin/reflect/jvm/internal/impl/load/java/typeEnhancement/JavaTypeEnhancement$SimpleResult
instanceKlass kotlin/reflect/jvm/internal/impl/load/java/typeEnhancement/TypeComponentPositionKt
instanceKlass kotlin/reflect/jvm/internal/impl/load/java/typeEnhancement/AbstractSignatureParts$$Lambda$1
instanceKlass kotlin/reflect/jvm/internal/impl/load/java/typeEnhancement/TypeEnhancementUtilsKt
instanceKlass kotlin/reflect/jvm/internal/impl/load/java/typeEnhancement/JavaTypeQualifiers$Companion
instanceKlass kotlin/reflect/jvm/internal/impl/load/java/typeEnhancement/AbstractSignatureParts$$Lambda$0
instanceKlass kotlin/reflect/jvm/internal/impl/load/java/typeEnhancement/JavaTypeQualifiers
instanceKlass kotlin/reflect/jvm/internal/impl/load/java/typeEnhancement/AbstractSignatureParts$$Lambda$2
instanceKlass kotlin/reflect/jvm/internal/impl/load/java/typeEnhancement/AbstractSignatureParts$TypeAndDefaultQualifiers
instanceKlass kotlin/reflect/jvm/internal/impl/load/java/typeEnhancement/AbstractSignatureParts
instanceKlass java/lang/reflect/ParameterizedType
instanceKlass kotlin/reflect/jvm/internal/impl/types/TypeAttributeTranslator$DefaultImpls
instanceKlass kotlin/reflect/jvm/internal/impl/load/java/structure/JavaPrimitiveType
instanceKlass kotlin/reflect/jvm/internal/impl/types/ErasureTypeAttributes
instanceKlass kotlin/reflect/jvm/internal/impl/load/java/lazy/types/JavaTypeAttributesKt
instanceKlass kotlin/reflect/jvm/internal/impl/load/java/FakePureImplementationsProvider
instanceKlass kotlin/reflect/jvm/internal/impl/load/java/components/JavaAnnotationMapper
instanceKlass kotlin/reflect/jvm/internal/impl/descriptors/runtime/structure/ReflectJavaAnnotationOwnerKt
instanceKlass kotlin/reflect/jvm/internal/impl/descriptors/runtime/structure/ReflectJavaType$Factory
instanceKlass kotlin/reflect/jvm/internal/impl/descriptors/runtime/structure/ReflectJavaType
instanceKlass kotlin/reflect/jvm/internal/impl/load/java/structure/JavaClassifierType
instanceKlass kotlin/reflect/jvm/internal/impl/load/java/structure/JavaType
instanceKlass kotlin/reflect/jvm/internal/impl/load/java/structure/ListBasedJavaAnnotationOwner
instanceKlass kotlin/reflect/jvm/internal/impl/load/java/lazy/descriptors/LazyJavaClassDescriptor$$Lambda$2
instanceKlass kotlin/reflect/jvm/internal/impl/load/java/lazy/descriptors/LazyJavaClassDescriptor$$Lambda$1
instanceKlass kotlin/reflect/jvm/internal/impl/load/java/lazy/descriptors/LazyJavaClassMemberScope$$Lambda$4
instanceKlass kotlin/reflect/jvm/internal/impl/load/java/lazy/descriptors/LazyJavaClassMemberScope$$Lambda$3
instanceKlass kotlin/reflect/jvm/internal/impl/load/java/lazy/descriptors/LazyJavaClassMemberScope$$Lambda$2
instanceKlass kotlin/reflect/jvm/internal/impl/load/java/lazy/descriptors/LazyJavaClassMemberScope$$Lambda$1
instanceKlass kotlin/reflect/jvm/internal/impl/load/java/lazy/descriptors/LazyJavaClassMemberScope$$Lambda$0
instanceKlass kotlin/reflect/jvm/internal/impl/load/java/lazy/descriptors/LazyJavaClassDescriptor$LazyJavaClassTypeConstructor$$Lambda$0
instanceKlass java/lang/reflect/AnnotatedType
instanceKlass kotlin/reflect/jvm/internal/impl/descriptors/runtime/structure/Java16SealedRecordLoader$Cache
instanceKlass kotlin/reflect/jvm/internal/impl/descriptors/runtime/structure/Java16SealedRecordLoader
instanceKlass kotlin/reflect/jvm/internal/impl/load/java/lazy/descriptors/LazyJavaClassDescriptor$$Lambda$0
instanceKlass kotlin/reflect/jvm/internal/impl/load/java/lazy/LazyJavaTypeParameterResolver$$Lambda$0
instanceKlass kotlin/reflect/jvm/internal/impl/load/java/structure/JavaTypeParameter
instanceKlass sun/reflect/generics/reflectiveObjects/LazyReflectiveObjectGenerator
instanceKlass sun/reflect/generics/tree/ClassSignature
instanceKlass sun/reflect/generics/tree/Signature
instanceKlass sun/reflect/generics/tree/FormalTypeParameter
instanceKlass java/lang/reflect/TypeVariable
instanceKlass sun/reflect/generics/repository/AbstractRepository
instanceKlass kotlin/reflect/jvm/internal/impl/load/java/lazy/LazyJavaTypeParameterResolver
instanceKlass kotlin/reflect/jvm/internal/impl/descriptors/runtime/components/RuntimeSourceElementFactory$RuntimeSourceElement
instanceKlass kotlin/reflect/jvm/internal/impl/load/java/sources/JavaSourceElement
instanceKlass kotlin/reflect/jvm/internal/impl/load/java/lazy/descriptors/LazyJavaClassDescriptor$Companion
instanceKlass kotlin/reflect/jvm/internal/impl/load/java/descriptors/JavaClassDescriptor
instanceKlass kotlin/reflect/jvm/internal/impl/load/java/structure/JavaClass
instanceKlass kotlin/reflect/jvm/internal/impl/load/java/structure/JavaTypeParameterListOwner
instanceKlass kotlin/reflect/jvm/internal/impl/load/java/structure/JavaClassifier
instanceKlass kotlin/reflect/jvm/internal/impl/load/java/structure/JavaNamedElement
instanceKlass kotlin/reflect/jvm/internal/impl/descriptors/runtime/structure/ReflectJavaModifierListOwner
instanceKlass kotlin/reflect/jvm/internal/impl/load/java/structure/JavaModifierListOwner
instanceKlass kotlin/reflect/jvm/internal/impl/descriptors/runtime/structure/ReflectJavaAnnotationOwner
instanceKlass kotlin/reflect/jvm/internal/impl/descriptors/DescriptorUtilKt
instanceKlass kotlin/reflect/jvm/internal/impl/resolve/MemberComparator$NameAndTypeMemberComparator
instanceKlass kotlin/reflect/jvm/internal/impl/resolve/OverridingUtil$4
instanceKlass kotlin/reflect/jvm/internal/impl/resolve/OverridingUtil$5
instanceKlass org/jetbrains/exposed/sql/ForeignKeyConstraint
instanceKlass kotlin/reflect/jvm/internal/impl/builtins/functions/FunctionClassKind$Companion
instanceKlass kotlin/reflect/jvm/internal/impl/resolve/scopes/GivenFunctionsMemberScope$$Lambda$0
instanceKlass kotlin/reflect/jvm/internal/impl/builtins/functions/FunctionClassDescriptor$Companion
instanceKlass kotlin/reflect/jvm/internal/impl/builtins/FunctionInterfacePackageFragment
instanceKlass kotlin/reflect/jvm/internal/impl/builtins/functions/FunctionTypeKindExtractor$KindWithArity
instanceKlass kotlin/reflect/jvm/internal/impl/builtins/functions/FunctionTypeKindExtractor$Companion
instanceKlass kotlin/reflect/jvm/internal/impl/builtins/functions/FunctionTypeKindExtractor
instanceKlass kotlin/reflect/jvm/internal/impl/descriptors/impl/TypeAliasConstructorDescriptor
instanceKlass kotlin/reflect/jvm/internal/impl/load/java/descriptors/JavaCallableMemberDescriptor
instanceKlass kotlin/reflect/jvm/internal/impl/resolve/OverridingUtil$8
instanceKlass kotlin/reflect/jvm/internal/impl/load/java/lazy/descriptors/JavaDescriptorUtilKt
instanceKlass kotlin/reflect/jvm/internal/impl/resolve/OverridingUtil$OverrideCompatibilityInfo
instanceKlass kotlin/reflect/jvm/internal/impl/types/TypeCheckerState
instanceKlass kotlin/reflect/jvm/internal/impl/types/checker/ClassicTypeCheckerStateKt
instanceKlass kotlin/reflect/jvm/internal/impl/resolve/OverridingUtilTypeSystemContext
instanceKlass kotlin/reflect/jvm/internal/impl/resolve/scopes/receivers/AbstractReceiverValue
instanceKlass kotlin/reflect/jvm/internal/impl/types/checker/ClassicTypeSystemContext$DefaultImpls
instanceKlass kotlin/reflect/jvm/internal/impl/types/checker/SimpleClassicTypeSystemContext
instanceKlass kotlin/reflect/jvm/internal/impl/types/checker/ClassicTypeSystemContext
instanceKlass kotlin/reflect/jvm/internal/impl/types/model/TypeSystemInferenceExtensionContext
instanceKlass kotlin/reflect/jvm/internal/impl/types/model/TypeSystemCommonSuperTypesContext
instanceKlass kotlin/reflect/jvm/internal/impl/types/TypeSystemCommonBackendContext
instanceKlass kotlin/reflect/jvm/internal/impl/types/model/TypeSystemContext
instanceKlass kotlin/reflect/jvm/internal/impl/types/model/TypeSystemOptimizationContext
instanceKlass kotlin/reflect/jvm/internal/impl/types/AbstractStrictEqualityTypeChecker
instanceKlass kotlin/reflect/jvm/internal/impl/types/checker/StrictEqualityTypeChecker
instanceKlass kotlin/reflect/jvm/internal/impl/types/TypeAttributesKt
instanceKlass kotlin/reflect/jvm/internal/impl/descriptors/annotations/FilteredAnnotations
instanceKlass kotlin/reflect/jvm/internal/impl/types/TypeCapabilitiesKt
instanceKlass kotlin/reflect/jvm/internal/impl/types/TypeSubstitutor$2
instanceKlass kotlin/reflect/jvm/internal/impl/descriptors/annotations/Annotations$DefaultImpls
instanceKlass kotlin/reflect/jvm/internal/impl/types/IntersectionTypeConstructor
instanceKlass kotlin/reflect/jvm/internal/impl/types/model/IntersectionTypeConstructorMarker
instanceKlass kotlin/reflect/jvm/internal/impl/types/model/DefinitelyNotNullTypeMarker
instanceKlass kotlin/reflect/jvm/internal/impl/types/CustomTypeParameter
instanceKlass kotlin/reflect/jvm/internal/impl/types/typesApproximation/CapturedTypeApproximationKt$$Lambda$1
instanceKlass kotlin/reflect/jvm/internal/impl/types/typesApproximation/CapturedTypeApproximationKt
instanceKlass kotlin/reflect/jvm/internal/impl/types/TypeSubstitutionKt
instanceKlass kotlin/reflect/jvm/internal/impl/util/TypeRegistry$$Lambda$0
instanceKlass kotlin/reflect/jvm/internal/impl/util/AbstractArrayMapOwner$AbstractArrayMapAccessor
instanceKlass kotlin/reflect/jvm/internal/impl/types/TypeAttribute
instanceKlass kotlin/reflect/jvm/internal/impl/types/AnnotationsTypeAttributeKt
instanceKlass kotlin/reflect/jvm/internal/impl/types/SpecialTypesKt
instanceKlass kotlin/reflect/jvm/internal/impl/types/KotlinTypeKt
instanceKlass kotlin/reflect/jvm/internal/impl/types/FlexibleTypesKt
instanceKlass kotlin/reflect/jvm/internal/impl/types/RawType
instanceKlass kotlin/reflect/jvm/internal/impl/types/model/DynamicTypeMarker
instanceKlass kotlin/reflect/jvm/internal/impl/types/model/FlexibleTypeMarker
instanceKlass kotlin/reflect/jvm/internal/impl/types/DynamicTypesKt
instanceKlass kotlin/reflect/jvm/internal/impl/types/TypeWithEnhancement
instanceKlass kotlin/reflect/jvm/internal/impl/types/DisjointKeysUnionTypeSubstitution$Companion
instanceKlass kotlin/reflect/jvm/internal/impl/types/DescriptorSubstitutor
instanceKlass kotlin/reflect/jvm/internal/impl/descriptors/impl/PropertyDescriptorImpl$CopyConfiguration
instanceKlass kotlin/reflect/jvm/internal/impl/utils/SmartSet$Companion
instanceKlass kotlin/jvm/internal/markers/KMutableSet
instanceKlass kotlin/jvm/internal/markers/KMutableCollection
instanceKlass kotlin/jvm/internal/markers/KMutableIterable
instanceKlass kotlin/reflect/jvm/internal/impl/resolve/OverridingStrategy
instanceKlass kotlin/reflect/jvm/internal/impl/descriptors/SimpleFunctionDescriptor
instanceKlass kotlin/reflect/jvm/internal/impl/resolve/DescriptorFactory
instanceKlass kotlin/reflect/jvm/internal/impl/resolve/scopes/receivers/ImplicitClassReceiver
instanceKlass kotlin/reflect/jvm/internal/impl/resolve/scopes/receivers/ThisClassReceiver
instanceKlass kotlin/reflect/jvm/internal/impl/resolve/scopes/receivers/ImplicitReceiver
instanceKlass kotlin/sequences/GeneratorSequence$iterator$1
instanceKlass  @bci kotlin/sequences/SequencesKt__SequencesKt generateSequence (Lkotlin/jvm/functions/Function0;)Lkotlin/sequences/Sequence; 12 <appendix> member <vmtarget> ; # kotlin/sequences/SequencesKt__SequencesKt$$Lambda+0x000002390a28d218
instanceKlass kotlin/sequences/GeneratorSequence
instanceKlass kotlin/reflect/jvm/internal/impl/serialization/deserialization/descriptors/DeserializedMemberScope$OptimizedImplementation$computeDescriptors$1$1
instanceKlass kotlin/reflect/jvm/internal/impl/types/AbstractTypeConstructor$$Lambda$4
instanceKlass kotlin/reflect/jvm/internal/impl/types/AbstractTypeConstructor$$Lambda$3
instanceKlass kotlin/reflect/jvm/internal/impl/storage/SingleThreadValue
instanceKlass kotlin/reflect/jvm/internal/impl/load/kotlin/SignatureBuildingComponents
instanceKlass kotlin/reflect/jvm/internal/impl/builtins/jvm/JvmBuiltInsSignatures
instanceKlass kotlin/reflect/jvm/internal/impl/resolve/calls/inference/CapturedTypeConstructorImpl
instanceKlass kotlin/reflect/jvm/internal/impl/resolve/calls/inference/CapturedTypeConstructor
instanceKlass kotlin/reflect/jvm/internal/impl/types/model/CapturedTypeConstructorMarker
instanceKlass kotlin/reflect/jvm/internal/impl/types/model/CapturedTypeMarker
instanceKlass kotlin/reflect/jvm/internal/impl/types/StarProjectionImpl$$Lambda$0
instanceKlass kotlin/reflect/jvm/internal/impl/types/KotlinTypeFactory$$Lambda$0
instanceKlass kotlin/reflect/jvm/internal/impl/resolve/scopes/SubstitutingScope$$Lambda$1
instanceKlass kotlin/reflect/jvm/internal/impl/resolve/calls/inference/CapturedTypeConstructorKt
instanceKlass kotlin/reflect/jvm/internal/impl/resolve/scopes/SubstitutingScope$$Lambda$0
instanceKlass kotlin/reflect/jvm/internal/impl/resolve/scopes/SubstitutingScope
instanceKlass kotlin/reflect/jvm/internal/impl/types/TypeSubstitutor
instanceKlass kotlin/reflect/jvm/internal/impl/descriptors/impl/ModuleAwareClassDescriptorKt
instanceKlass kotlin/reflect/jvm/internal/impl/types/TypeConstructorSubstitution$Companion
instanceKlass kotlin/reflect/jvm/internal/impl/types/TypeSubstitution$Companion
instanceKlass kotlin/reflect/jvm/internal/impl/types/TypeSubstitution
instanceKlass kotlin/reflect/jvm/internal/impl/types/AbstractTypeConstructor$Supertypes
instanceKlass kotlin/reflect/jvm/internal/impl/resolve/scopes/MemberScope$Companion$$Lambda$0
instanceKlass kotlin/reflect/jvm/internal/impl/resolve/scopes/MemberScope$Companion
instanceKlass kotlin/reflect/jvm/internal/impl/resolve/scopes/DescriptorKindFilter$Companion$MaskToName
# instanceKlass java/lang/invoke/LambdaForm$MH+0x000002390a28c000
instanceKlass kotlin/reflect/jvm/internal/impl/resolve/scopes/DescriptorKindFilter$Companion
instanceKlass kotlin/reflect/jvm/internal/impl/resolve/scopes/DescriptorKindFilter
instanceKlass kotlin/reflect/jvm/internal/impl/resolve/scopes/ResolutionScope$DefaultImpls
instanceKlass kotlin/reflect/jvm/internal/impl/descriptors/impl/DeclarationDescriptorVisitorEmptyBodies
instanceKlass kotlin/reflect/jvm/internal/KParameterImpl$$Lambda$0
instanceKlass kotlin/reflect/jvm/internal/KCallableImpl$$Lambda$8
instanceKlass kotlin/reflect/jvm/internal/KParameterImpl
instanceKlass kotlin/reflect/KParameter
instanceKlass kotlin/reflect/jvm/internal/UtilKt
instanceKlass kotlin/reflect/jvm/internal/KFunctionImpl$$Lambda$2
instanceKlass kotlin/reflect/jvm/internal/KFunctionImpl$$Lambda$1
instanceKlass kotlin/reflect/jvm/internal/KFunctionImpl$$Lambda$0
instanceKlass kotlin/reflect/jvm/internal/JvmFunctionSignature
instanceKlass kotlin/reflect/jvm/internal/impl/resolve/InlineClassesUtilsKt
instanceKlass kotlin/reflect/jvm/internal/impl/metadata/jvm/deserialization/JvmMemberSignature
instanceKlass kotlin/reflect/jvm/internal/impl/metadata/deserialization/ProtoBufUtilKt
instanceKlass kotlin/reflect/jvm/internal/FunctionWithAllInvokes
instanceKlass kotlin/reflect/jvm/internal/impl/builtins/jvm/JvmBuiltIns$Settings
instanceKlass kotlin/reflect/jvm/internal/impl/types/KotlinTypeFactory$$Lambda$1
instanceKlass kotlin/reflect/jvm/internal/impl/descriptors/impl/AbstractTypeParameterDescriptor$2$1
instanceKlass kotlin/reflect/jvm/internal/impl/types/TypeProjectionBase
instanceKlass kotlin/reflect/jvm/internal/impl/util/collectionUtils/ScopeUtilsKt
instanceKlass kotlin/reflect/jvm/internal/impl/load/java/JavaClassFinder$Request
instanceKlass kotlin/reflect/jvm/internal/impl/serialization/deserialization/DeserializedPackageFragmentImpl$$Lambda$1
instanceKlass java/util/LinkedList$ListItr
instanceKlass kotlin/Triple
instanceKlass java/util/LinkedList$Node
instanceKlass kotlin/reflect/jvm/internal/impl/metadata/deserialization/NameResolverImpl$WhenMappings
instanceKlass kotlin/reflect/jvm/internal/impl/protobuf/Utf8
instanceKlass kotlin/reflect/jvm/internal/impl/serialization/deserialization/DeserializedPackageFragmentImpl$$Lambda$0
instanceKlass kotlin/reflect/jvm/internal/impl/serialization/deserialization/ProtoBasedClassDataFinder
instanceKlass kotlin/reflect/jvm/internal/impl/metadata/deserialization/NameResolverImpl
instanceKlass kotlin/reflect/jvm/internal/impl/metadata/ProtoBuf$Annotation$ArgumentOrBuilder
instanceKlass kotlin/reflect/jvm/internal/impl/metadata/ProtoBuf$QualifiedNameTable$QualifiedName$Kind$1
instanceKlass kotlin/reflect/jvm/internal/impl/metadata/ProtoBuf$QualifiedNameTable$QualifiedNameOrBuilder
instanceKlass kotlin/reflect/jvm/internal/impl/metadata/ProtoBuf$QualifiedNameTableOrBuilder
instanceKlass kotlin/reflect/jvm/internal/impl/protobuf/LazyStringList
instanceKlass kotlin/reflect/jvm/internal/impl/protobuf/ProtocolStringList
instanceKlass kotlin/reflect/jvm/internal/impl/metadata/ProtoBuf$StringTableOrBuilder
instanceKlass kotlin/reflect/jvm/internal/impl/metadata/ProtoBuf$PackageFragmentOrBuilder
instanceKlass kotlin/collections/IntIterator
instanceKlass jdk/internal/util/ByteArray
instanceKlass kotlin/reflect/jvm/internal/impl/metadata/builtins/BuiltInsBinaryVersion$Companion
instanceKlass kotlin/reflect/jvm/internal/impl/metadata/builtins/ReadPackageFragmentKt
instanceKlass kotlin/reflect/jvm/internal/impl/serialization/deserialization/builtins/BuiltInsPackageFragmentImpl$Companion
instanceKlass kotlin/reflect/jvm/internal/impl/builtins/BuiltInsPackageFragment
instanceKlass kotlin/reflect/jvm/internal/impl/descriptors/impl/ValueParameterDescriptorImpl$Companion
instanceKlass kotlin/reflect/jvm/internal/impl/descriptors/ValueParameterDescriptor
instanceKlass kotlin/reflect/jvm/internal/impl/descriptors/TypeParameterUtilsKt
instanceKlass kotlin/reflect/jvm/internal/impl/serialization/deserialization/descriptors/DeserializedClassDescriptor$DeserializedClassMemberScope$$Lambda$2
instanceKlass kotlin/reflect/jvm/internal/impl/serialization/deserialization/descriptors/DeserializedClassDescriptor$DeserializedClassMemberScope$$Lambda$1
instanceKlass kotlin/reflect/jvm/internal/impl/serialization/deserialization/descriptors/DeserializedMemberScope$$Lambda$1
instanceKlass kotlin/reflect/jvm/internal/impl/serialization/deserialization/descriptors/DeserializedMemberScope$$Lambda$0
instanceKlass kotlin/reflect/jvm/internal/impl/serialization/deserialization/descriptors/DeserializedMemberScope$OptimizedImplementation$$Lambda$4
instanceKlass kotlin/reflect/jvm/internal/impl/serialization/deserialization/descriptors/DeserializedMemberScope$OptimizedImplementation$$Lambda$3
instanceKlass kotlin/reflect/jvm/internal/impl/serialization/deserialization/descriptors/DeserializedMemberScope$OptimizedImplementation$$Lambda$2
instanceKlass kotlin/reflect/jvm/internal/impl/serialization/deserialization/descriptors/DeserializedMemberScope$OptimizedImplementation$$Lambda$1
instanceKlass kotlin/reflect/jvm/internal/impl/serialization/deserialization/descriptors/DeserializedMemberScope$OptimizedImplementation$$Lambda$0
instanceKlass kotlin/reflect/jvm/internal/impl/protobuf/SmallSortedMap$EntryIterator
instanceKlass kotlin/reflect/jvm/internal/impl/protobuf/GeneratedMessageLite$ExtendableMessage$ExtensionWriter
instanceKlass kotlin/reflect/jvm/internal/impl/serialization/deserialization/descriptors/DeserializedMemberScope$OptimizedImplementation
instanceKlass kotlin/reflect/jvm/internal/impl/serialization/deserialization/descriptors/DeserializedMemberScope$Implementation
instanceKlass kotlin/reflect/jvm/internal/impl/serialization/deserialization/descriptors/DeserializedClassDescriptor$DeserializedClassMemberScope$$Lambda$0
instanceKlass kotlin/reflect/jvm/internal/impl/descriptors/TypeAliasDescriptor
instanceKlass kotlin/reflect/jvm/internal/impl/util/EmptyArrayMap$iterator$1
instanceKlass kotlin/reflect/jvm/internal/impl/serialization/deserialization/TypeDeserializer$$Lambda$2
instanceKlass kotlin/reflect/jvm/internal/impl/metadata/ProtoBuf$VersionRequirement$VersionKind$1
instanceKlass kotlin/reflect/jvm/internal/impl/metadata/ProtoBuf$VersionRequirement$Level$1
instanceKlass kotlin/reflect/jvm/internal/impl/metadata/ProtoBuf$VersionRequirementOrBuilder
instanceKlass kotlin/reflect/jvm/internal/impl/metadata/deserialization/ProtoTypeTableUtilKt
instanceKlass kotlin/reflect/jvm/internal/impl/serialization/deserialization/descriptors/DeserializedCallableMemberDescriptor
instanceKlass kotlin/reflect/jvm/internal/impl/serialization/deserialization/descriptors/DeserializedMemberDescriptor
instanceKlass kotlin/reflect/jvm/internal/impl/serialization/deserialization/descriptors/DescriptorWithContainerSource
instanceKlass java/util/ArrayList$SubList$1
instanceKlass kotlin/reflect/jvm/internal/impl/load/java/lazy/descriptors/LazyJavaPackageScope$KotlinClassLookupResult
instanceKlass kotlin/reflect/jvm/internal/impl/serialization/deserialization/ProtoContainer
instanceKlass kotlin/reflect/jvm/internal/impl/serialization/deserialization/descriptors/DeserializedClassDescriptor$$Lambda$4
instanceKlass kotlin/reflect/jvm/internal/impl/serialization/deserialization/descriptors/DeserializedClassDescriptor$$Lambda$3
instanceKlass kotlin/reflect/jvm/internal/impl/serialization/deserialization/descriptors/DeserializedClassDescriptor$$Lambda$2
instanceKlass kotlin/reflect/jvm/internal/impl/serialization/deserialization/descriptors/DeserializedClassDescriptor$$Lambda$1
instanceKlass kotlin/reflect/jvm/internal/impl/serialization/deserialization/descriptors/DeserializedClassDescriptor$$Lambda$0
instanceKlass kotlin/reflect/jvm/internal/impl/descriptors/ScopesHolderForClass$$Lambda$0
instanceKlass kotlin/reflect/jvm/internal/impl/descriptors/ScopesHolderForClass$Companion
instanceKlass kotlin/reflect/jvm/internal/impl/descriptors/ScopesHolderForClass
instanceKlass kotlin/reflect/jvm/internal/impl/serialization/deserialization/descriptors/DeserializedClassDescriptor$DeserializedClassTypeConstructor$$Lambda$0
instanceKlass kotlin/reflect/jvm/internal/impl/serialization/deserialization/descriptors/DeserializedTypeParameterDescriptor$$Lambda$0
instanceKlass kotlin/reflect/jvm/internal/impl/serialization/deserialization/descriptors/DeserializedAnnotations
instanceKlass kotlin/reflect/jvm/internal/impl/descriptors/impl/AbstractTypeParameterDescriptor$2
instanceKlass kotlin/reflect/jvm/internal/impl/descriptors/impl/AbstractTypeParameterDescriptor$1
instanceKlass kotlin/reflect/jvm/internal/impl/descriptors/TypeParameterDescriptor
instanceKlass kotlin/reflect/jvm/internal/impl/types/model/TypeParameterMarker
instanceKlass kotlin/reflect/jvm/internal/impl/metadata/deserialization/VersionSpecificBehaviorKt
instanceKlass kotlin/reflect/jvm/internal/impl/serialization/deserialization/ProtoEnumFlagsUtilsKt$WhenMappings
instanceKlass kotlin/reflect/jvm/internal/impl/serialization/deserialization/ProtoEnumFlagsUtilsKt
instanceKlass kotlin/reflect/jvm/internal/impl/serialization/deserialization/ProtoEnumFlags$WhenMappings
instanceKlass kotlin/reflect/jvm/internal/impl/metadata/ProtoBuf$MemberKind$1
instanceKlass kotlin/reflect/jvm/internal/impl/metadata/ProtoBuf$Class$Kind$1
instanceKlass kotlin/reflect/jvm/internal/impl/metadata/ProtoBuf$Modality$1
instanceKlass kotlin/reflect/jvm/internal/impl/metadata/ProtoBuf$Visibility$1
instanceKlass kotlin/reflect/jvm/internal/impl/metadata/deserialization/Flags$FlagField
instanceKlass kotlin/reflect/jvm/internal/impl/metadata/deserialization/Flags
instanceKlass kotlin/reflect/jvm/internal/impl/serialization/deserialization/ProtoEnumFlags
instanceKlass kotlin/reflect/jvm/internal/impl/metadata/jvm/deserialization/JvmNameResolverBase$WhenMappings
instanceKlass kotlin/reflect/jvm/internal/impl/serialization/deserialization/NameResolverUtilKt
instanceKlass kotlin/reflect/jvm/internal/impl/descriptors/DeserializedDescriptor
instanceKlass kotlin/reflect/jvm/internal/impl/serialization/deserialization/MemberDeserializer
instanceKlass kotlin/reflect/jvm/internal/impl/serialization/deserialization/TypeDeserializer$$Lambda$1
instanceKlass kotlin/reflect/jvm/internal/impl/serialization/deserialization/TypeDeserializer$$Lambda$0
instanceKlass kotlin/reflect/jvm/internal/impl/serialization/deserialization/TypeDeserializer
instanceKlass kotlin/reflect/jvm/internal/impl/serialization/deserialization/DeserializationContext
instanceKlass kotlin/reflect/jvm/internal/impl/metadata/deserialization/VersionRequirementTable$Companion
instanceKlass kotlin/reflect/jvm/internal/impl/metadata/deserialization/VersionRequirementTable
instanceKlass kotlin/reflect/jvm/internal/impl/metadata/deserialization/TypeTable
instanceKlass kotlin/reflect/jvm/internal/impl/serialization/deserialization/ClassDeserializer$ClassKey
instanceKlass kotlin/reflect/jvm/internal/impl/serialization/deserialization/ClassData
instanceKlass kotlin/reflect/jvm/internal/impl/load/kotlin/KotlinJvmBinarySourceElement
instanceKlass kotlin/reflect/jvm/internal/impl/serialization/deserialization/descriptors/DeserializedContainerSource
instanceKlass kotlin/reflect/jvm/internal/impl/protobuf/SmallSortedMap$Entry
instanceKlass kotlin/reflect/jvm/internal/impl/protobuf/FieldSet$1
instanceKlass kotlin/reflect/jvm/internal/impl/protobuf/AbstractMessageLite$Builder
instanceKlass kotlin/reflect/jvm/internal/impl/protobuf/GeneratedMessageLite$1
instanceKlass kotlin/reflect/jvm/internal/impl/metadata/ProtoBuf$Type$Argument$Projection$1
instanceKlass kotlin/reflect/jvm/internal/impl/metadata/ProtoBuf$Type$ArgumentOrBuilder
instanceKlass kotlin/reflect/jvm/internal/impl/metadata/jvm/deserialization/JvmNameResolverKt
instanceKlass kotlin/reflect/jvm/internal/impl/metadata/jvm/JvmProtoBuf$StringTableTypes$Record$Operation$1
instanceKlass kotlin/reflect/jvm/internal/impl/metadata/jvm/JvmProtoBuf$StringTableTypes$RecordOrBuilder
instanceKlass kotlin/reflect/jvm/internal/impl/protobuf/WireFormat
instanceKlass kotlin/reflect/jvm/internal/impl/protobuf/CodedOutputStream
instanceKlass kotlin/reflect/jvm/internal/impl/protobuf/CodedInputStream
instanceKlass kotlin/reflect/jvm/internal/impl/metadata/jvm/JvmProtoBuf$StringTableTypesOrBuilder
instanceKlass kotlin/collections/IndexedValue
instanceKlass kotlin/collections/IndexingIterator
instanceKlass  @bci kotlin/collections/CollectionsKt___CollectionsKt withIndex (Ljava/lang/Iterable;)Ljava/lang/Iterable; 11 <appendix> member <vmtarget> ; # kotlin/collections/CollectionsKt___CollectionsKt$$Lambda+0x000002390a26c238
instanceKlass kotlin/collections/IndexingIterable
instanceKlass kotlin/reflect/jvm/internal/impl/metadata/jvm/deserialization/JvmNameResolverBase$Companion
instanceKlass kotlin/reflect/jvm/internal/impl/metadata/jvm/deserialization/JvmNameResolverBase
instanceKlass kotlin/reflect/jvm/internal/impl/metadata/deserialization/NameResolver
instanceKlass kotlin/reflect/jvm/internal/impl/metadata/jvm/deserialization/UtfEncodingKt
instanceKlass kotlin/reflect/jvm/internal/impl/metadata/jvm/deserialization/BitEncoding
instanceKlass kotlin/reflect/jvm/internal/impl/load/kotlin/KotlinClassFinder$Result
instanceKlass kotlin/reflect/jvm/internal/impl/load/kotlin/header/KotlinClassHeader
instanceKlass kotlin/reflect/jvm/internal/impl/load/kotlin/header/ReadKotlinClassHeaderAnnotationVisitor$CollectStringArrayAnnotationVisitor
# instanceKlass java/lang/invoke/LambdaForm$DMH+0x000002390a268000
instanceKlass kotlin/reflect/jvm/internal/impl/descriptors/runtime/components/ReflectKotlinClassKt
instanceKlass kotlin/reflect/jvm/internal/impl/load/kotlin/KotlinJvmBinaryClass$AnnotationArrayArgumentVisitor
instanceKlass kotlin/reflect/jvm/internal/impl/load/kotlin/header/ReadKotlinClassHeaderAnnotationVisitor$KotlinMetadataArgumentVisitor
instanceKlass java/lang/Override
instanceKlass kotlin/reflect/jvm/internal/impl/resolve/jvm/JvmClassName
instanceKlass kotlin/reflect/jvm/internal/impl/load/java/JvmAnnotationNames
instanceKlass kotlin/reflect/jvm/internal/impl/descriptors/runtime/components/ReflectAnnotationSource
instanceKlass kotlin/reflect/jvm/internal/impl/descriptors/runtime/components/ReflectClassStructure
instanceKlass kotlin/reflect/jvm/internal/impl/load/kotlin/KotlinJvmBinaryClass$AnnotationArgumentVisitor
instanceKlass kotlin/reflect/jvm/internal/impl/load/kotlin/header/ReadKotlinClassHeaderAnnotationVisitor
instanceKlass kotlin/reflect/jvm/internal/impl/load/kotlin/KotlinJvmBinaryClass$AnnotationVisitor
instanceKlass kotlin/reflect/jvm/internal/impl/descriptors/runtime/components/ReflectKotlinClass$Factory
instanceKlass kotlin/reflect/jvm/internal/impl/descriptors/runtime/components/ReflectKotlinClass
instanceKlass kotlin/reflect/jvm/internal/impl/load/kotlin/KotlinJvmBinaryClass
instanceKlass kotlin/reflect/jvm/internal/impl/descriptors/runtime/components/ReflectJavaClassFinderKt
instanceKlass kotlin/reflect/jvm/internal/impl/descriptors/runtime/components/ReflectKotlinClassFinderKt
instanceKlass kotlin/reflect/jvm/internal/impl/load/java/lazy/descriptors/LazyJavaPackageScope$FindClassRequest
instanceKlass kotlin/reflect/jvm/internal/impl/incremental/UtilsKt
instanceKlass kotlin/reflect/jvm/internal/impl/resolve/scopes/ChainedMemberScope$Companion
instanceKlass kotlin/reflect/jvm/internal/impl/resolve/scopes/ChainedMemberScope
instanceKlass kotlin/reflect/jvm/internal/impl/load/java/lazy/descriptors/LazyJavaPackageFragment$$Lambda$2
instanceKlass kotlin/reflect/jvm/internal/impl/load/java/lazy/LazyJavaAnnotations$$Lambda$0
instanceKlass kotlin/reflect/jvm/internal/impl/load/java/lazy/LazyJavaAnnotations
instanceKlass kotlin/reflect/jvm/internal/impl/load/java/lazy/LazyJavaAnnotationsKt
instanceKlass kotlin/reflect/jvm/internal/impl/load/java/lazy/descriptors/LazyJavaPackageFragment$$Lambda$1
instanceKlass kotlin/reflect/jvm/internal/impl/load/java/lazy/descriptors/JvmPackageScope$$Lambda$0
instanceKlass kotlin/reflect/jvm/internal/impl/load/java/lazy/descriptors/LazyJavaPackageScope$$Lambda$1
instanceKlass kotlin/reflect/jvm/internal/impl/load/java/lazy/descriptors/LazyJavaPackageScope$$Lambda$0
instanceKlass kotlin/reflect/jvm/internal/impl/load/java/lazy/descriptors/LazyJavaScope$$Lambda$8
instanceKlass kotlin/reflect/jvm/internal/impl/load/java/lazy/descriptors/LazyJavaScope$$Lambda$7
instanceKlass kotlin/reflect/jvm/internal/impl/load/java/lazy/descriptors/LazyJavaScope$$Lambda$6
instanceKlass kotlin/reflect/jvm/internal/impl/load/java/lazy/descriptors/LazyJavaScope$$Lambda$5
instanceKlass kotlin/reflect/jvm/internal/impl/load/java/lazy/descriptors/LazyJavaScope$$Lambda$4
instanceKlass kotlin/reflect/jvm/internal/impl/load/java/lazy/descriptors/LazyJavaScope$$Lambda$3
instanceKlass kotlin/reflect/jvm/internal/impl/load/java/lazy/descriptors/LazyJavaScope$$Lambda$2
instanceKlass kotlin/reflect/jvm/internal/impl/load/java/lazy/descriptors/LazyJavaScope$$Lambda$1
instanceKlass kotlin/reflect/jvm/internal/impl/load/java/lazy/descriptors/LazyJavaScope$$Lambda$0
instanceKlass kotlin/reflect/jvm/internal/impl/load/java/lazy/descriptors/JvmPackageScope
instanceKlass kotlin/reflect/jvm/internal/impl/load/java/lazy/descriptors/LazyJavaPackageFragment$$Lambda$0
instanceKlass kotlin/reflect/jvm/internal/impl/utils/DeserializationHelpersKt
instanceKlass kotlin/reflect/jvm/internal/impl/load/java/lazy/ContextKt$$Lambda$0
instanceKlass kotlin/reflect/jvm/internal/impl/load/java/lazy/ContextKt
instanceKlass kotlin/reflect/jvm/internal/impl/storage/LockBasedStorageManager$KeyWithComputation
instanceKlass kotlin/reflect/jvm/internal/impl/load/java/lazy/LazyJavaPackageFragmentProvider$$Lambda$0
instanceKlass kotlin/reflect/jvm/internal/impl/descriptors/runtime/structure/ReflectJavaElement
instanceKlass kotlin/reflect/jvm/internal/impl/load/java/structure/JavaPackage
instanceKlass kotlin/reflect/jvm/internal/impl/load/java/structure/JavaAnnotationOwner
instanceKlass kotlin/reflect/jvm/internal/impl/load/java/structure/JavaElement
instanceKlass kotlin/reflect/jvm/internal/impl/load/java/JavaClassFinder$$Util
instanceKlass kotlin/reflect/jvm/internal/impl/descriptors/PackageFragmentProviderKt
instanceKlass kotlin/reflect/jvm/internal/impl/resolve/scopes/LazyScopeAdapter$$Lambda$0
instanceKlass kotlin/reflect/jvm/internal/impl/descriptors/impl/LazyPackageViewDescriptorImpl$$Lambda$2
instanceKlass kotlin/reflect/jvm/internal/impl/resolve/scopes/AbstractScopeAdapter
instanceKlass kotlin/reflect/jvm/internal/impl/descriptors/impl/LazyPackageViewDescriptorImpl$$Lambda$1
instanceKlass kotlin/reflect/jvm/internal/impl/descriptors/impl/LazyPackageViewDescriptorImpl$$Lambda$0
instanceKlass kotlin/reflect/jvm/internal/impl/resolve/ResolutionAnchorProviderKt
instanceKlass kotlin/reflect/jvm/internal/impl/descriptors/FindClassInModuleKt
instanceKlass kotlin/reflect/jvm/internal/impl/descriptors/runtime/components/PackagePartScopeCache
instanceKlass kotlin/reflect/jvm/internal/impl/load/kotlin/DeserializationComponentsForJava$Companion$ModuleData
instanceKlass kotlin/reflect/jvm/internal/impl/descriptors/impl/CompositePackageFragmentProvider
instanceKlass kotlin/reflect/jvm/internal/impl/descriptors/impl/ModuleDependenciesImpl
instanceKlass kotlin/reflect/jvm/internal/impl/descriptors/impl/ModuleDependencies
instanceKlass kotlin/reflect/jvm/internal/impl/builtins/jvm/JvmBuiltInClassDescriptorFactory$$Lambda$0
instanceKlass kotlin/reflect/jvm/internal/impl/builtins/jvm/JvmBuiltInClassDescriptorFactory$$Lambda$1
instanceKlass kotlin/reflect/jvm/internal/impl/builtins/jvm/JvmBuiltInClassDescriptorFactory$Companion
instanceKlass kotlin/reflect/jvm/internal/impl/builtins/jvm/JvmBuiltInClassDescriptorFactory
instanceKlass kotlin/reflect/jvm/internal/impl/builtins/functions/BuiltInFictitiousFunctionClassFactory
instanceKlass kotlin/reflect/jvm/internal/impl/descriptors/deserialization/ClassDescriptorFactory
instanceKlass kotlin/reflect/jvm/internal/impl/serialization/deserialization/FlexibleTypeDeserializer$ThrowException
instanceKlass kotlin/reflect/jvm/internal/impl/serialization/deserialization/ErrorReporter$1
instanceKlass kotlin/reflect/jvm/internal/impl/metadata/ProtoBuf$EnumEntryOrBuilder
instanceKlass kotlin/reflect/jvm/internal/impl/metadata/ProtoBuf$Annotation$Argument$Value$Type$1
instanceKlass kotlin/reflect/jvm/internal/impl/metadata/ProtoBuf$Annotation$Argument$ValueOrBuilder
instanceKlass kotlin/reflect/jvm/internal/impl/metadata/builtins/BuiltInsProtoBuf
instanceKlass kotlin/reflect/jvm/internal/impl/serialization/SerializerExtensionProtocol
instanceKlass kotlin/reflect/jvm/internal/impl/serialization/deserialization/AbstractAnnotationLoader
instanceKlass kotlin/reflect/jvm/internal/impl/serialization/deserialization/DeserializedClassDataFinder
instanceKlass kotlin/reflect/jvm/internal/impl/serialization/deserialization/AbstractDeserializedPackageFragmentProvider$$Lambda$0
instanceKlass kotlin/reflect/jvm/internal/impl/builtins/jvm/JvmBuiltInsPackageFragmentProvider$Companion
instanceKlass kotlin/reflect/jvm/internal/impl/serialization/deserialization/AbstractDeserializedPackageFragmentProvider
instanceKlass kotlin/reflect/jvm/internal/impl/resolve/jvm/JavaDescriptorResolver
instanceKlass kotlin/reflect/jvm/internal/impl/serialization/deserialization/ClassDeserializer$$Lambda$0
instanceKlass kotlin/reflect/jvm/internal/impl/serialization/deserialization/ClassDeserializer$Companion
instanceKlass kotlin/reflect/jvm/internal/impl/serialization/deserialization/ClassDeserializer
instanceKlass kotlin/reflect/jvm/internal/impl/serialization/deserialization/JvmEnumEntriesDeserializationSupport
instanceKlass kotlin/reflect/jvm/internal/impl/serialization/deserialization/EnumEntriesDeserializationSupport
instanceKlass kotlin/reflect/jvm/internal/impl/protobuf/ExtensionRegistryLite$ObjectIntPair
instanceKlass kotlin/reflect/jvm/internal/impl/metadata/ProtoBuf$PackageOrBuilder
instanceKlass kotlin/reflect/jvm/internal/impl/metadata/ProtoBuf$VersionRequirementTableOrBuilder
instanceKlass kotlin/reflect/jvm/internal/impl/metadata/ProtoBuf$ClassOrBuilder
instanceKlass kotlin/reflect/jvm/internal/impl/metadata/ProtoBuf$TypeParameter$Variance$1
instanceKlass kotlin/reflect/jvm/internal/impl/protobuf/Internal$EnumLiteMap
instanceKlass kotlin/reflect/jvm/internal/impl/metadata/ProtoBuf$TypeParameterOrBuilder
instanceKlass kotlin/reflect/jvm/internal/impl/metadata/ProtoBuf$AnnotationOrBuilder
instanceKlass kotlin/reflect/jvm/internal/impl/metadata/jvm/JvmProtoBuf$JvmFieldSignatureOrBuilder
instanceKlass kotlin/reflect/jvm/internal/impl/metadata/jvm/JvmProtoBuf$JvmPropertySignatureOrBuilder
instanceKlass kotlin/reflect/jvm/internal/impl/metadata/ProtoBuf$ValueParameterOrBuilder
instanceKlass kotlin/reflect/jvm/internal/impl/metadata/ProtoBuf$PropertyOrBuilder
instanceKlass kotlin/reflect/jvm/internal/impl/metadata/ProtoBuf$ContractOrBuilder
instanceKlass kotlin/reflect/jvm/internal/impl/metadata/ProtoBuf$TypeTableOrBuilder
instanceKlass kotlin/reflect/jvm/internal/impl/metadata/ProtoBuf$TypeOrBuilder
instanceKlass kotlin/reflect/jvm/internal/impl/metadata/ProtoBuf$FunctionOrBuilder
instanceKlass kotlin/reflect/jvm/internal/impl/protobuf/Internal$EnumLite
instanceKlass kotlin/reflect/jvm/internal/impl/protobuf/GeneratedMessageLite$ExtensionDescriptor
instanceKlass kotlin/reflect/jvm/internal/impl/protobuf/GeneratedMessageLite$GeneratedExtension
instanceKlass java/lang/Long$LongCache
instanceKlass kotlin/reflect/jvm/internal/impl/metadata/jvm/JvmProtoBuf$JvmMethodSignatureOrBuilder
instanceKlass kotlin/reflect/jvm/internal/impl/protobuf/ByteString$ByteIterator
instanceKlass kotlin/reflect/jvm/internal/impl/protobuf/ByteString
instanceKlass kotlin/reflect/jvm/internal/impl/protobuf/SmallSortedMap$EmptySet$2
instanceKlass kotlin/reflect/jvm/internal/impl/protobuf/SmallSortedMap$EmptySet$1
instanceKlass kotlin/reflect/jvm/internal/impl/protobuf/SmallSortedMap$EmptySet
instanceKlass kotlin/reflect/jvm/internal/impl/protobuf/LazyFieldLite
instanceKlass kotlin/reflect/jvm/internal/impl/protobuf/FieldSet
instanceKlass kotlin/reflect/jvm/internal/impl/protobuf/AbstractParser
instanceKlass kotlin/reflect/jvm/internal/impl/protobuf/MessageLite$Builder
instanceKlass kotlin/reflect/jvm/internal/impl/protobuf/Parser
instanceKlass kotlin/reflect/jvm/internal/impl/protobuf/FieldSet$FieldDescriptorLite
instanceKlass kotlin/reflect/jvm/internal/impl/protobuf/AbstractMessageLite
instanceKlass kotlin/reflect/jvm/internal/impl/metadata/ProtoBuf$ConstructorOrBuilder
instanceKlass kotlin/reflect/jvm/internal/impl/protobuf/GeneratedMessageLite$ExtendableMessageOrBuilder
instanceKlass kotlin/reflect/jvm/internal/impl/protobuf/MessageLite
instanceKlass kotlin/reflect/jvm/internal/impl/protobuf/MessageLiteOrBuilder
instanceKlass kotlin/reflect/jvm/internal/impl/metadata/jvm/JvmProtoBuf
instanceKlass kotlin/reflect/jvm/internal/impl/protobuf/ExtensionRegistryLite
instanceKlass kotlin/reflect/jvm/internal/impl/metadata/jvm/deserialization/JvmProtoBufUtil
instanceKlass kotlin/reflect/jvm/internal/impl/utils/WrappedValues$ThrowableWrapper
instanceKlass kotlin/reflect/jvm/internal/impl/builtins/jvm/JvmBuiltInsCustomizer$$Lambda$2
instanceKlass kotlin/reflect/jvm/internal/impl/builtins/jvm/JvmBuiltInsCustomizer$$Lambda$1
instanceKlass kotlin/reflect/jvm/internal/impl/builtins/jvm/JvmBuiltInsCustomizer$$Lambda$0
instanceKlass kotlin/reflect/jvm/internal/impl/types/KotlinTypeFactory$EMPTY_REFINED_TYPE_FACTORY$1
instanceKlass kotlin/reflect/jvm/internal/impl/types/KotlinTypeFactory
instanceKlass kotlin/reflect/jvm/internal/impl/util/ArrayMap
instanceKlass kotlin/reflect/jvm/internal/impl/util/TypeRegistry
instanceKlass kotlin/reflect/jvm/internal/impl/util/AbstractArrayMapOwner
instanceKlass kotlin/reflect/jvm/internal/impl/descriptors/FieldDescriptor
instanceKlass kotlin/reflect/jvm/internal/impl/descriptors/PropertySetterDescriptor
instanceKlass kotlin/reflect/jvm/internal/impl/descriptors/PropertyGetterDescriptor
instanceKlass kotlin/reflect/jvm/internal/impl/types/error/ErrorPropertyDescriptor
instanceKlass kotlin/reflect/jvm/internal/impl/descriptors/PropertyDescriptor
instanceKlass kotlin/reflect/jvm/internal/impl/descriptors/VariableDescriptorWithAccessors
instanceKlass kotlin/reflect/jvm/internal/impl/descriptors/VariableDescriptor
instanceKlass kotlin/jvm/internal/StringCompanionObject
instanceKlass kotlin/reflect/jvm/internal/impl/types/error/ErrorTypeConstructor
instanceKlass kotlin/reflect/jvm/internal/impl/types/error/ErrorScope
instanceKlass kotlin/reflect/jvm/internal/impl/util/ModuleVisibilityHelper$EMPTY
instanceKlass kotlin/reflect/jvm/internal/impl/descriptors/DescriptorVisibilities$12
instanceKlass kotlin/reflect/jvm/internal/impl/descriptors/DescriptorVisibilities$11
instanceKlass kotlin/reflect/jvm/internal/impl/descriptors/DescriptorVisibilities$10
instanceKlass kotlin/reflect/jvm/internal/impl/util/ModuleVisibilityHelper
instanceKlass kotlin/reflect/jvm/internal/impl/descriptors/DescriptorVisibility
instanceKlass kotlin/reflect/jvm/internal/impl/descriptors/Visibility
instanceKlass kotlin/reflect/jvm/internal/impl/descriptors/DescriptorVisibilities
instanceKlass kotlin/reflect/jvm/internal/impl/resolve/scopes/receivers/ReceiverValue
instanceKlass kotlin/reflect/jvm/internal/impl/descriptors/FunctionDescriptor$CopyBuilder
instanceKlass kotlin/reflect/jvm/internal/impl/descriptors/ClassConstructorDescriptor
instanceKlass kotlin/reflect/jvm/internal/impl/descriptors/ConstructorDescriptor
instanceKlass java/util/Formatter$Flags
instanceKlass java/util/Formattable
instanceKlass java/util/Formatter$FormatSpecifier
instanceKlass java/util/Formatter$Conversion
instanceKlass java/util/Formatter$FixedString
instanceKlass java/util/Formatter$FormatString
instanceKlass java/util/Formatter
instanceKlass kotlin/reflect/jvm/internal/impl/types/error/ErrorModuleDescriptor$$Lambda$0
instanceKlass kotlin/reflect/jvm/internal/impl/types/error/ErrorModuleDescriptor
instanceKlass kotlin/reflect/jvm/internal/impl/types/error/ErrorUtils
instanceKlass kotlin/reflect/jvm/internal/impl/types/TypeProjection
instanceKlass kotlin/reflect/jvm/internal/impl/types/model/TypeArgumentMarker
instanceKlass kotlin/reflect/jvm/internal/impl/types/TypeUtils
instanceKlass kotlin/reflect/jvm/internal/impl/descriptors/impl/AbstractClassDescriptor$1$1
instanceKlass kotlin/reflect/jvm/internal/impl/types/checker/KotlinTypeRefinerKt
instanceKlass kotlin/reflect/jvm/internal/impl/resolve/descriptorUtil/DescriptorUtilsKt
instanceKlass kotlin/reflect/jvm/internal/impl/resolve/DescriptorUtils
instanceKlass kotlin/reflect/jvm/internal/impl/resolve/scopes/MemberScopeImpl
instanceKlass kotlin/reflect/jvm/internal/impl/types/AbstractTypeConstructor$$Lambda$2
instanceKlass kotlin/reflect/jvm/internal/impl/types/AbstractTypeConstructor$$Lambda$1
instanceKlass kotlin/reflect/jvm/internal/impl/types/AbstractTypeConstructor$$Lambda$0
instanceKlass kotlin/reflect/jvm/internal/impl/types/ClassifierBasedTypeConstructor
instanceKlass kotlin/reflect/jvm/internal/impl/descriptors/ReceiverParameterDescriptor
instanceKlass kotlin/reflect/jvm/internal/impl/descriptors/ParameterDescriptor
instanceKlass kotlin/reflect/jvm/internal/impl/descriptors/ValueDescriptor
instanceKlass kotlin/reflect/jvm/internal/impl/descriptors/impl/AbstractClassDescriptor$3
instanceKlass kotlin/reflect/jvm/internal/impl/descriptors/impl/AbstractClassDescriptor$2
instanceKlass kotlin/reflect/jvm/internal/impl/descriptors/impl/AbstractClassDescriptor$1
instanceKlass kotlin/reflect/jvm/internal/impl/descriptors/Modality$Companion
instanceKlass kotlin/reflect/jvm/internal/impl/descriptors/impl/ModuleAwareClassDescriptor$Companion
instanceKlass kotlin/reflect/jvm/internal/impl/types/TypeConstructor
instanceKlass kotlin/reflect/jvm/internal/impl/types/model/TypeConstructorMarker
instanceKlass kotlin/reflect/jvm/internal/impl/resolve/scopes/MemberScope
instanceKlass kotlin/reflect/jvm/internal/impl/resolve/scopes/ResolutionScope
instanceKlass kotlin/reflect/jvm/internal/impl/descriptors/impl/ModuleAwareClassDescriptor
instanceKlass kotlin/reflect/jvm/internal/impl/descriptors/ClassDescriptor
instanceKlass kotlin/reflect/jvm/internal/impl/descriptors/ClassifierDescriptorWithTypeParameters
instanceKlass kotlin/reflect/jvm/internal/impl/builtins/jvm/JvmBuiltInsCustomizer$$Lambda$3
instanceKlass kotlin/reflect/jvm/internal/impl/descriptors/PackageViewDescriptor
instanceKlass kotlin/reflect/jvm/internal/impl/renderer/KeywordStringsGenerated
instanceKlass kotlin/reflect/jvm/internal/impl/renderer/RenderingUtilsKt
instanceKlass kotlin/reflect/jvm/internal/impl/descriptors/ModuleDescriptor$DefaultImpls
instanceKlass kotlin/reflect/jvm/internal/impl/renderer/DescriptorRendererImpl$RenderDeclarationDescriptorVisitor
instanceKlass kotlin/reflect/jvm/internal/impl/descriptors/DeclarationDescriptorVisitor
instanceKlass kotlin/reflect/jvm/internal/impl/renderer/DescriptorRenderer$$Lambda$10
instanceKlass kotlin/reflect/jvm/internal/impl/renderer/ClassifierNamePolicy$FULLY_QUALIFIED
instanceKlass kotlin/reflect/jvm/internal/impl/renderer/DescriptorRenderer$$Lambda$9
instanceKlass kotlin/reflect/jvm/internal/impl/renderer/DescriptorRenderer$$Lambda$8
instanceKlass kotlin/reflect/jvm/internal/impl/renderer/DescriptorRenderer$$Lambda$7
instanceKlass kotlin/reflect/jvm/internal/impl/renderer/DescriptorRenderer$$Lambda$6
instanceKlass kotlin/reflect/jvm/internal/impl/renderer/DescriptorRenderer$$Lambda$5
instanceKlass kotlin/reflect/jvm/internal/impl/renderer/ClassifierNamePolicy$SHORT
instanceKlass kotlin/reflect/jvm/internal/impl/renderer/DescriptorRenderer$$Lambda$4
instanceKlass kotlin/reflect/jvm/internal/impl/renderer/DescriptorRenderer$$Lambda$3
instanceKlass kotlin/reflect/jvm/internal/impl/renderer/DescriptorRenderer$$Lambda$2
instanceKlass kotlin/reflect/jvm/internal/impl/renderer/DescriptorRenderer$$Lambda$1
instanceKlass kotlin/reflect/jvm/internal/impl/renderer/DescriptorRendererImpl$$Lambda$0
instanceKlass kotlin/reflect/jvm/internal/impl/renderer/ExcludedTypeAnnotations
instanceKlass kotlin/reflect/jvm/internal/impl/renderer/DescriptorRenderer$ValueParametersHandler$DEFAULT
instanceKlass kotlin/reflect/jvm/internal/impl/renderer/DescriptorRenderer$ValueParametersHandler
instanceKlass kotlin/reflect/jvm/internal/impl/renderer/DescriptorRendererOptionsImpl$$Lambda$1
instanceKlass kotlin/reflect/jvm/internal/impl/renderer/DescriptorRendererOptionsImpl$$Lambda$0
instanceKlass kotlin/reflect/jvm/internal/impl/renderer/DescriptorRendererModifier$Companion
instanceKlass kotlin/properties/ObservableProperty
instanceKlass kotlin/properties/ReadWriteProperty
instanceKlass kotlin/properties/ReadOnlyProperty
instanceKlass kotlin/properties/Delegates
instanceKlass kotlin/reflect/jvm/internal/impl/renderer/ClassifierNamePolicy$SOURCE_CODE_QUALIFIED
instanceKlass kotlin/reflect/jvm/internal/impl/renderer/ClassifierNamePolicy
instanceKlass kotlin/reflect/jvm/internal/KMutableProperty1Impl$$Lambda$0
instanceKlass kotlin/reflect/KMutableProperty$Setter
instanceKlass kotlin/reflect/jvm/internal/impl/renderer/DescriptorRendererOptionsImpl
instanceKlass kotlin/reflect/jvm/internal/impl/renderer/DescriptorRendererOptions
instanceKlass kotlin/reflect/jvm/internal/impl/renderer/DescriptorRenderer$$Lambda$0
instanceKlass kotlin/reflect/jvm/internal/impl/renderer/DescriptorRenderer$Companion
instanceKlass kotlin/reflect/jvm/internal/impl/renderer/DescriptorRenderer
instanceKlass kotlin/reflect/jvm/internal/impl/descriptors/SourceElement$1
instanceKlass kotlin/reflect/jvm/internal/impl/descriptors/SourceElement
instanceKlass kotlin/reflect/jvm/internal/impl/descriptors/PackageFragmentDescriptor
instanceKlass kotlin/reflect/jvm/internal/impl/descriptors/ClassOrPackageFragmentDescriptor
instanceKlass kotlin/reflect/jvm/internal/impl/builtins/jvm/JavaToKotlinClassMapper
instanceKlass kotlin/reflect/jvm/internal/impl/builtins/jvm/JvmBuiltIns$$Lambda$2
instanceKlass kotlin/reflect/jvm/internal/impl/builtins/jvm/JvmBuiltInsCustomizer
instanceKlass kotlin/reflect/jvm/internal/impl/storage/StorageKt
instanceKlass kotlin/reflect/jvm/internal/impl/load/kotlin/JavaFlexibleTypeDeserializer
instanceKlass kotlin/reflect/jvm/internal/impl/serialization/deserialization/FlexibleTypeDeserializer
instanceKlass kotlin/reflect/jvm/internal/impl/serialization/deserialization/LocalClassifierTypeSettings$Default
instanceKlass kotlin/reflect/jvm/internal/impl/serialization/deserialization/LocalClassifierTypeSettings
instanceKlass kotlin/reflect/jvm/internal/impl/serialization/deserialization/DeserializationComponents
instanceKlass kotlin/reflect/jvm/internal/impl/types/DefaultTypeAttributeTranslator
instanceKlass kotlin/reflect/jvm/internal/impl/types/TypeAttributeTranslator
instanceKlass kotlin/reflect/jvm/internal/impl/types/extensions/TypeAttributeTranslators
instanceKlass kotlin/reflect/jvm/internal/impl/serialization/deserialization/ContractDeserializer$Companion$DEFAULT$1
instanceKlass kotlin/reflect/jvm/internal/impl/serialization/deserialization/ContractDeserializer$Companion
instanceKlass kotlin/reflect/jvm/internal/impl/serialization/deserialization/ContractDeserializer
instanceKlass kotlin/reflect/jvm/internal/impl/serialization/deserialization/DeserializationConfiguration$Default
instanceKlass kotlin/reflect/jvm/internal/impl/serialization/deserialization/DeserializationConfiguration
instanceKlass kotlin/reflect/jvm/internal/impl/resolve/constants/ConstantValue
instanceKlass kotlin/reflect/jvm/internal/impl/serialization/deserialization/AnnotationDeserializer
instanceKlass kotlin/reflect/jvm/internal/impl/load/kotlin/AbstractBinaryClassAnnotationAndConstantLoader$$Lambda$0
instanceKlass kotlin/reflect/jvm/internal/impl/load/kotlin/AbstractBinaryClassAnnotationLoader$Companion
instanceKlass kotlin/reflect/jvm/internal/impl/load/kotlin/AbstractBinaryClassAnnotationLoader
instanceKlass kotlin/reflect/jvm/internal/impl/serialization/deserialization/AnnotationAndConstantLoader
instanceKlass kotlin/reflect/jvm/internal/impl/serialization/deserialization/AnnotationLoader
instanceKlass kotlin/reflect/jvm/internal/impl/load/kotlin/BinaryClassAnnotationAndConstantLoaderImplKt
instanceKlass kotlin/reflect/jvm/internal/impl/load/kotlin/JavaClassDataFinder
instanceKlass kotlin/reflect/jvm/internal/impl/serialization/deserialization/ClassDataFinder
instanceKlass kotlin/reflect/jvm/internal/impl/types/TypeParameterUpperBoundEraser$$Lambda$1
instanceKlass kotlin/reflect/jvm/internal/impl/types/TypeParameterUpperBoundEraser$$Lambda$0
instanceKlass kotlin/reflect/jvm/internal/impl/types/TypeParameterErasureOptions
instanceKlass kotlin/reflect/jvm/internal/impl/types/TypeParameterUpperBoundEraser$Companion
instanceKlass kotlin/reflect/jvm/internal/impl/types/TypeParameterUpperBoundEraser
instanceKlass kotlin/reflect/jvm/internal/impl/types/ErasureProjectionComputer
instanceKlass kotlin/reflect/jvm/internal/impl/load/java/lazy/types/JavaTypeResolver
instanceKlass kotlin/InitializedLazyImpl
instanceKlass kotlin/reflect/jvm/internal/impl/load/java/lazy/TypeParameterResolver$EMPTY
instanceKlass kotlin/reflect/jvm/internal/impl/load/java/lazy/TypeParameterResolver
instanceKlass kotlin/reflect/jvm/internal/impl/load/java/lazy/LazyJavaResolverContext
instanceKlass kotlin/reflect/jvm/internal/impl/load/java/lazy/LazyJavaPackageFragmentProvider
instanceKlass kotlin/reflect/jvm/internal/impl/descriptors/PackageFragmentProviderOptimized
instanceKlass kotlin/reflect/jvm/internal/impl/descriptors/PackageFragmentProvider
instanceKlass kotlin/reflect/jvm/internal/impl/resolve/jvm/CompositeSyntheticJavaPartsProvider
instanceKlass kotlin/reflect/jvm/internal/impl/resolve/jvm/SyntheticJavaPartsProvider$Companion
instanceKlass kotlin/reflect/jvm/internal/impl/resolve/jvm/SyntheticJavaPartsProvider
instanceKlass kotlin/reflect/jvm/internal/impl/load/kotlin/DeserializationComponentsForJavaKt$makeLazyJavaPackageFragmentProvider$javaResolverComponents$1
instanceKlass kotlin/reflect/jvm/internal/impl/load/java/JavaModuleAnnotationsProvider
instanceKlass kotlin/reflect/jvm/internal/impl/resolve/OverridingUtil$1
instanceKlass kotlin/reflect/jvm/internal/impl/load/java/JavaIncompatibilityRulesOverridabilityCondition$Companion
instanceKlass kotlin/reflect/jvm/internal/impl/load/java/JavaIncompatibilityRulesOverridabilityCondition
instanceKlass kotlin/reflect/jvm/internal/impl/load/java/ErasedOverridabilityCondition
instanceKlass kotlin/reflect/jvm/internal/impl/load/java/FieldOverridabilityCondition
instanceKlass kotlin/reflect/jvm/internal/impl/resolve/ExternalOverridabilityCondition
instanceKlass kotlin/reflect/jvm/internal/impl/descriptors/PropertyAccessorDescriptor
instanceKlass kotlin/reflect/jvm/internal/impl/descriptors/VariableAccessorDescriptor
instanceKlass kotlin/reflect/jvm/internal/impl/descriptors/FunctionDescriptor
instanceKlass kotlin/reflect/jvm/internal/impl/descriptors/CallableMemberDescriptor
instanceKlass kotlin/reflect/jvm/internal/impl/descriptors/MemberDescriptor
instanceKlass kotlin/reflect/jvm/internal/impl/descriptors/CallableDescriptor
instanceKlass kotlin/reflect/jvm/internal/impl/descriptors/Substitutable
instanceKlass kotlin/reflect/jvm/internal/impl/descriptors/DeclarationDescriptorWithVisibility
instanceKlass kotlin/reflect/jvm/internal/impl/types/checker/KotlinTypeChecker$TypeConstructorEquality
instanceKlass kotlin/reflect/jvm/internal/impl/resolve/OverridingUtil
instanceKlass kotlin/reflect/jvm/internal/impl/types/AbstractTypePreparator
instanceKlass kotlin/reflect/jvm/internal/impl/types/AbstractTypeRefiner
instanceKlass kotlin/reflect/jvm/internal/impl/types/checker/NewKotlinTypeCheckerImpl
instanceKlass kotlin/reflect/jvm/internal/impl/types/checker/NewKotlinTypeChecker$Companion
instanceKlass kotlin/reflect/jvm/internal/impl/types/checker/NewKotlinTypeChecker
instanceKlass kotlin/reflect/jvm/internal/impl/types/checker/KotlinTypeChecker
instanceKlass kotlin/reflect/jvm/internal/impl/load/java/JavaClassesTracker$Default
instanceKlass kotlin/reflect/jvm/internal/impl/load/java/JavaClassesTracker
instanceKlass kotlin/reflect/jvm/internal/impl/load/java/lazy/JavaResolverSettings$Default
instanceKlass kotlin/reflect/jvm/internal/impl/load/java/lazy/JavaResolverSettings
instanceKlass kotlin/reflect/jvm/internal/impl/load/java/typeEnhancement/JavaTypeEnhancement
instanceKlass kotlin/reflect/jvm/internal/impl/load/java/typeEnhancement/SignatureEnhancement
instanceKlass kotlin/reflect/jvm/internal/impl/utils/WrappedValues$1
instanceKlass kotlin/reflect/jvm/internal/impl/utils/WrappedValues
instanceKlass kotlin/reflect/jvm/internal/impl/load/java/NullabilityAnnotationStates$Companion
instanceKlass kotlin/reflect/jvm/internal/impl/load/java/Jsr305Settings$$Lambda$0
instanceKlass kotlin/reflect/jvm/internal/impl/load/java/Jsr305Settings
instanceKlass kotlin/reflect/jvm/internal/impl/load/java/NullabilityAnnotationStatesImpl$$Lambda$0
instanceKlass kotlin/KotlinVersionCurrentValue
instanceKlass kotlin/KotlinVersion$Companion
instanceKlass kotlin/KotlinVersion
instanceKlass kotlin/reflect/jvm/internal/impl/load/java/ReportLevel$Companion
instanceKlass kotlin/reflect/jvm/internal/impl/load/java/JavaNullabilityAnnotationsStatus$Companion
instanceKlass kotlin/reflect/jvm/internal/impl/load/java/JavaNullabilityAnnotationsStatus
instanceKlass kotlin/reflect/jvm/internal/impl/load/java/NullabilityAnnotationStatesImpl
instanceKlass kotlin/reflect/jvm/internal/impl/load/java/NullabilityAnnotationStates
instanceKlass kotlin/reflect/jvm/internal/impl/load/java/JavaNullabilityAnnotationSettingsKt
instanceKlass kotlin/reflect/jvm/internal/impl/load/java/JavaTypeEnhancementState$Companion
instanceKlass kotlin/reflect/jvm/internal/impl/load/java/JavaTypeEnhancementState
instanceKlass kotlin/reflect/jvm/internal/impl/load/java/AbstractAnnotationTypeQualifierResolver$Companion
instanceKlass kotlin/reflect/jvm/internal/impl/load/java/AbstractAnnotationTypeQualifierResolver
instanceKlass kotlin/reflect/jvm/internal/impl/builtins/ReflectionTypes$ClassLookup
instanceKlass kotlin/reflect/jvm/internal/impl/builtins/ReflectionTypes$$Lambda$0
instanceKlass kotlin/reflect/jvm/internal/impl/builtins/ReflectionTypes$Companion
instanceKlass kotlin/reflect/jvm/internal/impl/builtins/ReflectionTypes
instanceKlass kotlin/reflect/jvm/internal/impl/incremental/components/LookupTracker$DO_NOTHING
instanceKlass kotlin/reflect/jvm/internal/impl/incremental/components/LookupTracker
instanceKlass kotlin/reflect/jvm/internal/impl/descriptors/SupertypeLoopChecker$EMPTY
instanceKlass kotlin/reflect/jvm/internal/impl/descriptors/SupertypeLoopChecker
instanceKlass kotlin/reflect/jvm/internal/impl/storage/LockBasedStorageManager$CacheWithNullableValuesBasedOnMemoizedFunction$1
instanceKlass kotlin/reflect/jvm/internal/impl/resolve/sam/SamConversionResolverImpl
instanceKlass kotlin/reflect/jvm/internal/impl/resolve/sam/SamConversionResolver
instanceKlass kotlin/reflect/jvm/internal/impl/load/java/components/JavaPropertyInitializerEvaluator$DoNothing
instanceKlass kotlin/reflect/jvm/internal/impl/load/java/components/JavaPropertyInitializerEvaluator
instanceKlass kotlin/reflect/jvm/internal/impl/load/java/components/JavaResolverCache$1
instanceKlass kotlin/reflect/jvm/internal/impl/load/java/components/JavaResolverCache
instanceKlass kotlin/reflect/jvm/internal/impl/load/java/components/SignaturePropagator$1
instanceKlass kotlin/reflect/jvm/internal/impl/load/java/components/SignaturePropagator
instanceKlass kotlin/reflect/jvm/internal/impl/load/java/lazy/JavaResolverComponents
instanceKlass kotlin/reflect/jvm/internal/impl/load/kotlin/PackagePartProvider$Empty
instanceKlass kotlin/reflect/jvm/internal/impl/load/kotlin/PackagePartProvider
instanceKlass kotlin/reflect/jvm/internal/impl/load/kotlin/DeserializationComponentsForJavaKt
instanceKlass kotlin/reflect/jvm/internal/impl/descriptors/NotFoundClasses$$Lambda$1
instanceKlass kotlin/reflect/jvm/internal/impl/descriptors/NotFoundClasses$$Lambda$0
instanceKlass kotlin/reflect/jvm/internal/impl/descriptors/NotFoundClasses
instanceKlass kotlin/reflect/jvm/internal/impl/load/java/lazy/SingleModuleClassResolver
instanceKlass kotlin/reflect/jvm/internal/impl/load/java/lazy/ModuleClassResolver
instanceKlass kotlin/reflect/jvm/internal/impl/metadata/jvm/deserialization/JvmMetadataVersion$Companion
instanceKlass kotlin/reflect/jvm/internal/impl/metadata/deserialization/BinaryVersion$Companion
instanceKlass kotlin/reflect/jvm/internal/impl/metadata/deserialization/BinaryVersion
instanceKlass kotlin/reflect/jvm/internal/impl/load/kotlin/header/KotlinClassHeader$Kind$Companion
instanceKlass kotlin/reflect/jvm/internal/impl/load/kotlin/DeserializedDescriptorResolver$Companion
instanceKlass kotlin/reflect/jvm/internal/impl/load/kotlin/DeserializedDescriptorResolver
instanceKlass kotlin/reflect/jvm/internal/impl/builtins/jvm/JvmBuiltIns$$Lambda$1
instanceKlass kotlin/reflect/jvm/internal/impl/builtins/KotlinBuiltIns$4
instanceKlass kotlin/reflect/jvm/internal/impl/descriptors/impl/ModuleDescriptorImpl$$Lambda$1
instanceKlass kotlin/reflect/jvm/internal/impl/descriptors/impl/ModuleDescriptorImpl$$Lambda$0
instanceKlass kotlin/reflect/jvm/internal/impl/descriptors/impl/PackageViewDescriptorFactory$Default
instanceKlass kotlin/reflect/jvm/internal/impl/descriptors/ModuleCapability
instanceKlass kotlin/reflect/jvm/internal/impl/descriptors/impl/PackageViewDescriptorFactory$Companion
instanceKlass kotlin/reflect/jvm/internal/impl/descriptors/impl/PackageViewDescriptorFactory
instanceKlass kotlin/reflect/jvm/internal/impl/descriptors/annotations/Annotations$Companion$EMPTY$1
instanceKlass kotlin/reflect/jvm/internal/impl/descriptors/annotations/Annotations$Companion
instanceKlass kotlin/reflect/jvm/internal/impl/descriptors/annotations/Annotations
instanceKlass kotlin/reflect/jvm/internal/impl/descriptors/annotations/AnnotatedImpl
instanceKlass kotlin/reflect/jvm/internal/impl/builtins/jvm/JvmBuiltIns$WhenMappings
instanceKlass kotlin/reflect/jvm/internal/impl/builtins/jvm/JvmBuiltIns$$Lambda$0
instanceKlass kotlin/reflect/jvm/internal/impl/storage/LockBasedStorageManager$MapBasedMemoizedFunction
instanceKlass kotlin/reflect/jvm/internal/impl/builtins/KotlinBuiltIns$3
instanceKlass kotlin/reflect/jvm/internal/impl/builtins/KotlinBuiltIns$2
instanceKlass kotlin/reflect/jvm/internal/impl/storage/LockBasedStorageManager$LockBasedLazyValue
instanceKlass kotlin/reflect/jvm/internal/impl/builtins/KotlinBuiltIns$1
instanceKlass kotlin/reflect/jvm/internal/impl/descriptors/deserialization/PlatformDependentDeclarationFilter
instanceKlass kotlin/reflect/jvm/internal/impl/descriptors/deserialization/AdditionalClassPartsProvider
instanceKlass kotlin/reflect/jvm/internal/impl/types/model/TypeArgumentListMarker
instanceKlass kotlin/reflect/jvm/internal/impl/types/model/SimpleTypeMarker
instanceKlass kotlin/reflect/jvm/internal/impl/types/model/RigidTypeMarker
instanceKlass kotlin/reflect/jvm/internal/impl/types/KotlinType
instanceKlass kotlin/reflect/jvm/internal/impl/types/model/KotlinTypeMarker
instanceKlass kotlin/reflect/jvm/internal/impl/descriptors/ModuleDescriptor
instanceKlass kotlin/reflect/jvm/internal/impl/incremental/components/LookupLocation
instanceKlass kotlin/reflect/jvm/internal/impl/descriptors/ClassifierDescriptor
instanceKlass kotlin/reflect/jvm/internal/impl/descriptors/DeclarationDescriptorNonRoot
instanceKlass kotlin/reflect/jvm/internal/impl/descriptors/DeclarationDescriptorWithSource
instanceKlass kotlin/reflect/jvm/internal/impl/descriptors/DeclarationDescriptor
instanceKlass kotlin/reflect/jvm/internal/impl/descriptors/annotations/Annotated
instanceKlass kotlin/reflect/jvm/internal/impl/descriptors/Named
instanceKlass kotlin/reflect/jvm/internal/impl/builtins/KotlinBuiltIns
instanceKlass kotlin/reflect/jvm/internal/impl/storage/DefaultSimpleLock
instanceKlass kotlin/reflect/jvm/internal/impl/storage/SimpleLock$Companion
instanceKlass kotlin/reflect/jvm/internal/impl/storage/EmptySimpleLock
instanceKlass kotlin/reflect/jvm/internal/impl/storage/LockBasedStorageManager$ExceptionHandlingStrategy$1
instanceKlass kotlin/reflect/jvm/internal/impl/storage/LockBasedStorageManager$ExceptionHandlingStrategy
instanceKlass kotlin/reflect/jvm/internal/impl/storage/CacheWithNotNullValues
instanceKlass kotlin/reflect/jvm/internal/impl/storage/CacheWithNullableValues
instanceKlass kotlin/reflect/jvm/internal/impl/storage/NotNullLazyValue
instanceKlass kotlin/reflect/jvm/internal/impl/storage/MemoizedFunctionToNullable
instanceKlass kotlin/reflect/jvm/internal/impl/storage/NullableLazyValue
instanceKlass kotlin/reflect/jvm/internal/impl/storage/MemoizedFunctionToNotNull
instanceKlass kotlin/reflect/jvm/internal/impl/storage/SimpleLock
instanceKlass kotlin/reflect/jvm/internal/impl/storage/LockBasedStorageManager
instanceKlass kotlin/reflect/jvm/internal/impl/storage/StorageManager
instanceKlass kotlin/reflect/jvm/internal/impl/descriptors/runtime/components/RuntimeSourceElementFactory
instanceKlass kotlin/reflect/jvm/internal/impl/load/java/sources/JavaSourceElementFactory
instanceKlass kotlin/reflect/jvm/internal/impl/descriptors/runtime/components/RuntimeErrorReporter
instanceKlass kotlin/reflect/jvm/internal/impl/serialization/deserialization/ErrorReporter
instanceKlass kotlin/reflect/jvm/internal/impl/descriptors/runtime/components/ReflectJavaClassFinder
instanceKlass kotlin/reflect/jvm/internal/impl/load/java/JavaClassFinder
instanceKlass kotlin/reflect/jvm/internal/impl/load/kotlin/DeserializationComponentsForJava$Companion
instanceKlass kotlin/reflect/jvm/internal/impl/load/kotlin/DeserializationComponentsForJava
instanceKlass kotlin/reflect/jvm/internal/impl/serialization/deserialization/builtins/BuiltInsResourceLoader
instanceKlass kotlin/reflect/jvm/internal/impl/descriptors/runtime/components/ReflectKotlinClassFinder
instanceKlass kotlin/reflect/jvm/internal/impl/load/kotlin/KotlinClassFinder
instanceKlass kotlin/reflect/jvm/internal/impl/serialization/deserialization/KotlinMetadataFinder
instanceKlass kotlin/reflect/jvm/internal/impl/descriptors/runtime/components/RuntimeModuleData$Companion
instanceKlass kotlin/reflect/jvm/internal/impl/descriptors/runtime/components/RuntimeModuleData
instanceKlass kotlin/reflect/jvm/internal/WeakClassLoaderBox
instanceKlass kotlin/reflect/jvm/internal/ModuleByClassLoaderKt
instanceKlass kotlin/reflect/jvm/internal/impl/utils/DFS$Neighbors
instanceKlass kotlin/reflect/full/KClasses
instanceKlass org/jetbrains/exposed/sql/SQLExpressionBuilderKt
instanceKlass org/jetbrains/exposed/sql/Sequence
instanceKlass org/jetbrains/exposed/sql/AutoIncColumnType
instanceKlass org/jetbrains/exposed/sql/Expression$Companion
instanceKlass org/jetbrains/exposed/sql/Expression
instanceKlass org/jetbrains/exposed/sql/ColumnType
instanceKlass org/jetbrains/exposed/sql/IColumnType
instanceKlass org/jetbrains/exposed/sql/ColumnSet
instanceKlass org/jetbrains/exposed/sql/FieldSet
instanceKlass org/jetbrains/exposed/sql/DdlAware
instanceKlass org/jetbrains/exposed/sql/SchemaUtils
instanceKlass org/jetbrains/exposed/sql/CompositeSqlLogger
instanceKlass org/slf4j/helpers/NamedLoggerBase
instanceKlass org/slf4j/helpers/Util
instanceKlass org/slf4j/helpers/NOPLoggerFactory
instanceKlass org/slf4j/Logger
instanceKlass org/slf4j/helpers/SubstituteLoggerFactory
instanceKlass org/slf4j/event/LoggingEvent
instanceKlass org/slf4j/ILoggerFactory
instanceKlass org/slf4j/LoggerFactory
instanceKlass org/jetbrains/exposed/sql/SQLLogKt
instanceKlass org/jetbrains/exposed/sql/transactions/ThreadLocalTransactionManager$ThreadLocalTransaction
instanceKlass org/jetbrains/exposed/dao/EntityLifecycleInterceptor
instanceKlass org/jetbrains/exposed/sql/statements/GlobalStatementInterceptor
instanceKlass org/jetbrains/exposed/sql/statements/StatementInterceptor
instanceKlass org/jetbrains/exposed/sql/Transaction$Companion
instanceKlass kotlin/collections/MapWithDefault
instanceKlass org/jetbrains/exposed/sql/vendors/FunctionProvider
instanceKlass org/jetbrains/exposed/sql/vendors/DataTypeProvider
instanceKlass org/jetbrains/exposed/sql/vendors/H2Dialect$Companion
instanceKlass org/jetbrains/exposed/sql/vendors/VendorDialect
instanceKlass org/jetbrains/exposed/sql/vendors/DatabaseDialect
instanceKlass org/jetbrains/exposed/sql/transactions/TransactionApiKt
instanceKlass org/jetbrains/exposed/sql/transactions/ThreadLocalTransactionManagerKt
instanceKlass  @bci org/javacs/kt/index/SymbolIndex <init> (Lorg/javacs/kt/database/DatabaseService;)V 43 <appendix> argL0 ; # org/javacs/kt/index/SymbolIndex$$Lambda+0x000002390a202f90
instanceKlass org/jetbrains/exposed/sql/UserDataHolder
instanceKlass org/jetbrains/exposed/sql/transactions/TransactionInterface
instanceKlass java/util/concurrent/ConcurrentLinkedDeque$AbstractItr
instanceKlass org/jetbrains/exposed/sql/transactions/ThreadLocalTransactionManager
instanceKlass java/util/concurrent/ConcurrentLinkedDeque$Node
instanceKlass org/jetbrains/exposed/sql/transactions/TransactionManager$Companion
instanceKlass org/jetbrains/exposed/sql/transactions/TransactionManager
instanceKlass org/jetbrains/exposed/sql/Slf4jSqlDebugLogger
instanceKlass org/jetbrains/exposed/sql/SqlLogger
instanceKlass org/jetbrains/exposed/sql/DatabaseConfig$Builder
instanceKlass org/jetbrains/exposed/sql/DatabaseConfig$Companion
instanceKlass org/jetbrains/exposed/sql/DatabaseConfig
instanceKlass java/sql/DriverInfo
instanceKlass java/sql/DriverManager
instanceKlass java/sql/Connection
instanceKlass java/sql/Wrapper
instanceKlass org/h2/Driver
instanceKlass org/h2/JdbcDriverBackwardsCompat
instanceKlass java/sql/Driver
instanceKlass org/jetbrains/exposed/jdbc/ExposedConnectionImpl
instanceKlass sun/net/www/protocol/jar/JarFileFactory
instanceKlass sun/net/www/protocol/jar/URLJarFile$URLJarFileCloseController
instanceKlass org/jetbrains/exposed/sql/DatabaseConnectionAutoRegistration
instanceKlass org/jetbrains/exposed/sql/Database$Companion
instanceKlass org/javacs/kt/progress/Progress$Factory$None
instanceKlass org/javacs/kt/progress/Progress$Factory
instanceKlass  @bci org/javacs/kt/index/SymbolIndex <init> (Lorg/javacs/kt/database/DatabaseService;)V 17 <appendix> member <vmtarget> ; # org/javacs/kt/index/SymbolIndex$$Lambda+0x000002390a1bd830
instanceKlass org/jetbrains/exposed/sql/Database
instanceKlass org/javacs/kt/index/SymbolIndex
instanceKlass org/javacs/kt/SourcePath
instanceKlass org/javacs/kt/externalsources/FernflowerDecompiler
instanceKlass org/javacs/kt/externalsources/Decompiler
instanceKlass org/javacs/kt/externalsources/ClassPathSourceArchiveProvider
instanceKlass org/javacs/kt/externalsources/JdkSourceArchiveProvider
instanceKlass org/javacs/kt/externalsources/CompositeSourceArchiveProvider
instanceKlass org/javacs/kt/externalsources/SourceArchiveProvider
instanceKlass org/javacs/kt/externalsources/ClassContentProvider
instanceKlass org/javacs/kt/URIContentProvider
instanceKlass org/javacs/kt/util/TemporaryDirectory
instanceKlass org/jetbrains/kotlin/config/JvmTarget$Companion
instanceKlass org/jetbrains/kotlin/platform/TargetPlatformVersion
instanceKlass  @bci java/util/concurrent/Executors$AutoShutdownDelegatedExecutorService <init> (Ljava/util/concurrent/ExecutorService;)V 6 <appendix> member <vmtarget> ; # java/util/concurrent/Executors$AutoShutdownDelegatedExecutorService$$Lambda+0x000002390a1c4fa8
instanceKlass jdk/internal/vm/ThreadContainers
instanceKlass jdk/internal/vm/StackableScope
instanceKlass java/util/concurrent/LinkedBlockingQueue$Node
instanceKlass java/util/concurrent/ThreadPoolExecutor$AbortPolicy
instanceKlass java/util/concurrent/RejectedExecutionHandler
instanceKlass java/util/concurrent/AbstractExecutorService
instanceKlass java/util/concurrent/Executors$DelegatedExecutorService
instanceKlass java/util/concurrent/Executors
instanceKlass  @bci org/javacs/kt/util/AsyncExecutor <init> ()V 5 <appendix> argL0 ; # org/javacs/kt/util/AsyncExecutor$$Lambda+0x000002390a1baa78
instanceKlass org/javacs/kt/util/AsyncExecutor
instanceKlass org/jetbrains/kotlin/psi/KtPsiFactory$Companion
instanceKlass org/jetbrains/kotlin/psi/KtPsiFactory
instanceKlass org/jetbrains/kotlin/samWithReceiver/CliSamWithReceiverComponentContributor
instanceKlass kotlin/jvm/internal/CollectionToArray
instanceKlass kotlin/collections/AbstractList$IteratorImpl
instanceKlass org/jetbrains/kotlin/cli/jvm/compiler/JavaLanguageLevelKt$EntriesMappings
instanceKlass org/jetbrains/kotlin/cli/jvm/compiler/JavaLanguageLevelKt
instanceKlass com/intellij/util/keyFMap/PairElementsFMap
instanceKlass  @bci org/jetbrains/kotlin/cli/jvm/compiler/KotlinCoreEnvironment <init> (Lorg/jetbrains/kotlin/cli/jvm/compiler/KotlinCoreEnvironment$ProjectEnvironment;Lorg/jetbrains/kotlin/config/CompilerConfiguration;Lorg/jetbrains/kotlin/cli/jvm/compiler/EnvironmentConfigFiles;)V 1042 <appendix> member <vmtarget> ; # org/jetbrains/kotlin/cli/jvm/compiler/KotlinCoreEnvironment$$Lambda+0x000002390a1b9280
instanceKlass org/jetbrains/kotlin/config/AppendJavaSourceRootsHandlerKeyKt
instanceKlass org/jetbrains/kotlin/cli/jvm/compiler/CliVirtualFileFinderFactory
instanceKlass org/jetbrains/kotlin/load/kotlin/VirtualFileFinderFactory
instanceKlass org/jetbrains/kotlin/load/kotlin/MetadataFinderFactory
instanceKlass  @bci org/jetbrains/kotlin/cli/jvm/modules/CliJavaModuleResolver <init> (Lorg/jetbrains/kotlin/cli/jvm/modules/JavaModuleGraph;Ljava/util/List;Ljava/util/List;Lcom/intellij/openapi/project/Project;)V 217 <appendix> member <vmtarget> ; # org/jetbrains/kotlin/cli/jvm/modules/CliJavaModuleResolver$$Lambda+0x000002390a1b8850
instanceKlass org/jetbrains/kotlin/load/kotlin/VirtualFileFinder
instanceKlass org/jetbrains/kotlin/load/kotlin/KotlinClassFinder
instanceKlass org/jetbrains/kotlin/serialization/deserialization/KotlinMetadataFinder
instanceKlass org/jetbrains/kotlin/cli/jvm/modules/CliJavaModuleResolver$Companion
instanceKlass org/jetbrains/kotlin/cli/jvm/modules/CliJavaModuleResolver
instanceKlass org/jetbrains/kotlin/resolve/jvm/modules/JavaModuleResolver
instanceKlass org/jetbrains/kotlin/load/java/JavaModuleAnnotationsProvider
instanceKlass org/jetbrains/kotlin/cli/jvm/index/SingleJavaFileRootsIndex
instanceKlass  @bci org/jetbrains/kotlin/cli/jvm/index/JvmDependenciesDynamicCompoundIndex getIndexedRoots ()Lkotlin/sequences/Sequence; 10 <appendix> argL0 ; # org/jetbrains/kotlin/cli/jvm/index/JvmDependenciesDynamicCompoundIndex$$Lambda+0x000002390a1b6f80
instanceKlass  @bci org/jetbrains/kotlin/cli/jvm/index/JvmDependenciesIndexImpl <init> (Ljava/util/List;Z)V 67 <appendix> member <vmtarget> ; # org/jetbrains/kotlin/cli/jvm/index/JvmDependenciesIndexImpl$$Lambda+0x000002390a1b6d68
instanceKlass  @bci org/jetbrains/kotlin/cli/jvm/index/JvmDependenciesIndexImpl <init> (Ljava/util/List;Z)V 54 <appendix> member <vmtarget> ; # org/jetbrains/kotlin/cli/jvm/index/JvmDependenciesIndexImpl$$Lambda+0x000002390a1b5df8
instanceKlass  @bci org/jetbrains/kotlin/cli/jvm/index/JvmDependenciesIndexImpl <init> (Ljava/util/List;Z)V 41 <appendix> member <vmtarget> ; # org/jetbrains/kotlin/cli/jvm/index/JvmDependenciesIndexImpl$$Lambda+0x000002390a1b5be0
instanceKlass org/jetbrains/kotlin/cli/jvm/index/JvmDependenciesIndexImpl$Cache
instanceKlass  @bci org/jetbrains/kotlin/cli/jvm/index/JvmDependenciesIndexImpl <init> (Ljava/util/List;Z)V 28 <appendix> member <vmtarget> ; # org/jetbrains/kotlin/cli/jvm/index/JvmDependenciesIndexImpl$$Lambda+0x000002390a1b57c8
instanceKlass org/jetbrains/kotlin/cli/jvm/index/JvmDependenciesIndexImpl
instanceKlass org/jetbrains/kotlin/cli/jvm/index/JvmDependenciesDynamicCompoundIndex
instanceKlass org/jetbrains/kotlin/cli/jvm/index/JvmDependenciesIndex
instanceKlass jdk/internal/jrtfs/JrtFileAttributes
instanceKlass org/jetbrains/kotlin/cli/jvm/compiler/ClasspathRootsResolver$RootsAndModules
instanceKlass org/jetbrains/kotlin/cli/jvm/index/JavaRoot$RootTypes
instanceKlass org/jetbrains/kotlin/cli/jvm/index/JavaRoot
instanceKlass org/jetbrains/kotlin/cli/common/messages/CompilerMessageSeverity$Companion
instanceKlass org/jetbrains/kotlin/resolve/jvm/modules/JavaModule$Automatic
instanceKlass org/jetbrains/kotlin/utils/WrappedValues$1
instanceKlass org/jetbrains/kotlin/utils/WrappedValues
instanceKlass  @bci org/jetbrains/kotlin/load/java/structure/impl/classFiles/BinaryJavaAnnotationVisitor <init> (Lorg/jetbrains/kotlin/load/java/structure/impl/classFiles/ClassifierResolutionContext;Lorg/jetbrains/kotlin/load/java/structure/impl/classFiles/BinaryClassSignatureParser;Ljava/util/Collection;)V 22 <appendix> member <vmtarget> ; # org/jetbrains/kotlin/load/java/structure/impl/classFiles/BinaryJavaAnnotationVisitor$$Lambda+0x000002390a1b32a0
instanceKlass org/jetbrains/kotlin/load/java/structure/JavaAnnotationArgument
instanceKlass org/jetbrains/org/objectweb/asm/AnnotationVisitor
instanceKlass kotlin/UnsafeLazyImpl
instanceKlass  @bci org/jetbrains/kotlin/load/java/structure/impl/classFiles/BinaryJavaAnnotation <init> (Ljava/lang/String;Lorg/jetbrains/kotlin/load/java/structure/impl/classFiles/ClassifierResolutionContext;Ljava/util/Collection;Z)V 26 <appendix> member <vmtarget> ; # org/jetbrains/kotlin/load/java/structure/impl/classFiles/BinaryJavaAnnotation$$Lambda+0x000002390a1b2828
instanceKlass org/jetbrains/kotlin/load/java/structure/impl/classFiles/ClassifierResolutionContext$Result
instanceKlass io/vavr/collection/HashArrayMappedTrieModule$AbstractNode
instanceKlass io/vavr/collection/HashArrayMappedTrie
instanceKlass io/vavr/collection/Set
instanceKlass io/vavr/collection/Seq
instanceKlass io/vavr/collection/Iterator
instanceKlass io/vavr/collection/HashMap
instanceKlass io/vavr/collection/Map
instanceKlass io/vavr/collection/Traversable
instanceKlass io/vavr/collection/Foldable
instanceKlass io/vavr/Value
instanceKlass io/vavr/PartialFunction
instanceKlass io/vavr/Function1
instanceKlass  @bci org/jetbrains/kotlin/resolve/jvm/modules/JavaModuleInfo$Companion$read$1 visitAnnotation (Ljava/lang/String;Z)Lorg/jetbrains/org/objectweb/asm/AnnotationVisitor; 22 <appendix> member <vmtarget> ; # org/jetbrains/kotlin/resolve/jvm/modules/JavaModuleInfo$Companion$read$1$$Lambda+0x000002390a1afb00
instanceKlass org/jetbrains/kotlin/name/ClassId
instanceKlass org/jetbrains/kotlin/load/java/structure/impl/classFiles/ClassifierResolutionContext
instanceKlass org/jetbrains/kotlin/load/java/structure/impl/classFiles/BinaryJavaAnnotation$Companion
instanceKlass org/jetbrains/kotlin/load/java/structure/impl/classFiles/BinaryJavaAnnotation
instanceKlass org/jetbrains/kotlin/load/java/structure/JavaAnnotation
instanceKlass org/jetbrains/kotlin/resolve/jvm/modules/JavaModuleInfo$Requires
instanceKlass org/jetbrains/kotlin/cli/jvm/compiler/CliJavaModuleUtilsKt
instanceKlass org/jetbrains/kotlin/resolve/jvm/modules/JavaModule$Explicit
instanceKlass org/jetbrains/kotlin/resolve/jvm/modules/JavaModule
instanceKlass org/jetbrains/kotlin/utils/CollectionsKt
instanceKlass org/jetbrains/kotlin/name/Name
instanceKlass org/jetbrains/kotlin/name/FqNameUnsafe$Companion
instanceKlass org/jetbrains/kotlin/name/FqNameUnsafe
instanceKlass org/jetbrains/kotlin/name/FqName$Companion
instanceKlass org/jetbrains/kotlin/name/FqName
instanceKlass org/jetbrains/kotlin/resolve/jvm/modules/JavaModuleInfo$Exports
instanceKlass org/jetbrains/org/objectweb/asm/ModuleVisitor
instanceKlass org/jetbrains/org/objectweb/asm/Context
instanceKlass org/jetbrains/org/objectweb/asm/Attribute
instanceKlass org/jetbrains/org/objectweb/asm/ClassVisitor
instanceKlass org/jetbrains/org/objectweb/asm/Label
instanceKlass org/jetbrains/org/objectweb/asm/ClassReader
instanceKlass kotlin/jvm/internal/Ref$ObjectRef
instanceKlass java/nio/channels/NetworkChannel
instanceKlass sun/nio/ch/SelChImpl
instanceKlass sun/nio/ch/Streams
instanceKlass jdk/internal/jrtfs/JrtFileSystem$1
instanceKlass java/nio/channels/Channels
instanceKlass org/jetbrains/kotlin/resolve/jvm/modules/JavaModuleInfo$Companion
instanceKlass org/jetbrains/kotlin/resolve/jvm/modules/JavaModuleInfo
instanceKlass jdk/internal/foreign/MemorySessionImpl
instanceKlass java/lang/foreign/MemorySegment$Scope
instanceKlass kotlin/sequences/FlatteningSequence$iterator$1
instanceKlass  @bci kotlin/sequences/SequencesKt__SequencesKt flatten$SequencesKt__SequencesKt (Lkotlin/sequences/Sequence;Lkotlin/jvm/functions/Function1;)Lkotlin/sequences/Sequence; 21 <appendix> argL0 ; # kotlin/sequences/SequencesKt__SequencesKt$$Lambda+0x000002390a1abc58
instanceKlass kotlin/sequences/FlatteningSequence
instanceKlass  @bci kotlin/sequences/SequencesKt__SequencesKt flatten (Lkotlin/sequences/Sequence;)Lkotlin/sequences/Sequence; 7 <appendix> argL0 ; # kotlin/sequences/SequencesKt__SequencesKt$$Lambda+0x000002390a1ab830
instanceKlass kotlin/collections/CollectionsKt___CollectionsKt$asSequence$$inlined$Sequence$1
instanceKlass  @bci kotlin/sequences/SequencesKt___SequencesKt filterNotNull (Lkotlin/sequences/Sequence;)Lkotlin/sequences/Sequence; 7 <appendix> argL0 ; # kotlin/sequences/SequencesKt___SequencesKt$$Lambda+0x000002390a1ab408
instanceKlass kotlin/jvm/internal/AdaptedFunctionReference
instanceKlass kotlin/collections/ArraysKt___ArraysKt$asSequence$$inlined$Sequence$1
instanceKlass jdk/internal/jimage/ImageBufferCache$2
instanceKlass jdk/internal/jimage/ImageBufferCache
instanceKlass  @bci jdk/internal/jimage/ImageReader$SharedImageReader handleModulesSubTree (Ljava/lang/String;Ljdk/internal/jimage/ImageLocation;)Ljdk/internal/jimage/ImageReader$Node; 37 <appendix> member <vmtarget> ; # jdk/internal/jimage/ImageReader$SharedImageReader$$Lambda+0x000002390a1a6b58
instanceKlass jdk/internal/jimage/ImageReader$SharedImageReader$LocationVisitor
instanceKlass jdk/internal/jimage/ImageLocation
instanceKlass org/jetbrains/kotlin/storage/LockBasedStorageManager$MapBasedMemoizedFunction
instanceKlass org/jetbrains/kotlin/storage/EmptySimpleLock
instanceKlass org/jetbrains/kotlin/storage/LockBasedStorageManager$ExceptionHandlingStrategy$1
instanceKlass org/jetbrains/kotlin/storage/LockBasedStorageManager$ExceptionHandlingStrategy
instanceKlass org/jetbrains/kotlin/storage/CacheWithNotNullValues
instanceKlass org/jetbrains/kotlin/storage/CacheWithNullableValues
instanceKlass org/jetbrains/kotlin/storage/NotNullLazyValue
instanceKlass org/jetbrains/kotlin/storage/MemoizedFunctionToNullable
instanceKlass org/jetbrains/kotlin/storage/NullableLazyValue
instanceKlass org/jetbrains/kotlin/storage/MemoizedFunctionToNotNull
instanceKlass org/jetbrains/kotlin/storage/SimpleLock
instanceKlass org/jetbrains/kotlin/storage/LockBasedStorageManager
instanceKlass org/jetbrains/kotlin/storage/StorageManager
instanceKlass org/jetbrains/kotlin/cli/jvm/modules/JavaModuleGraph
instanceKlass org/jetbrains/kotlin/cli/jvm/compiler/ClasspathRootsResolver$Companion
instanceKlass org/jetbrains/kotlin/cli/jvm/compiler/ClasspathRootsResolver
instanceKlass  @bci org/jetbrains/kotlin/cli/jvm/modules/CliJavaModuleFinder <init> (Ljava/io/File;Lorg/jetbrains/kotlin/cli/common/messages/MessageCollector;Lorg/jetbrains/kotlin/resolve/jvm/KotlinCliJavaFileManager;Lcom/intellij/openapi/project/Project;Ljava/lang/Integer;)V 241 <appendix> member <vmtarget> ; # org/jetbrains/kotlin/cli/jvm/modules/CliJavaModuleFinder$$Lambda+0x000002390a1a8000
instanceKlass  @bci org/jetbrains/kotlin/cli/jvm/modules/CliJavaModuleFinder <init> (Ljava/io/File;Lorg/jetbrains/kotlin/cli/common/messages/MessageCollector;Lorg/jetbrains/kotlin/resolve/jvm/KotlinCliJavaFileManager;Lcom/intellij/openapi/project/Project;Ljava/lang/Integer;)V 228 <appendix> member <vmtarget> ; # org/jetbrains/kotlin/cli/jvm/modules/CliJavaModuleFinder$$Lambda+0x000002390a1a5c00
instanceKlass org/jetbrains/kotlin/resolve/jvm/modules/JavaModule$Root
instanceKlass  @bci org/jetbrains/kotlin/cli/jvm/modules/CliJavaModuleFinder <init> (Ljava/io/File;Lorg/jetbrains/kotlin/cli/common/messages/MessageCollector;Lorg/jetbrains/kotlin/resolve/jvm/KotlinCliJavaFileManager;Lcom/intellij/openapi/project/Project;Ljava/lang/Integer;)V 201 <appendix> member <vmtarget> ; # org/jetbrains/kotlin/cli/jvm/modules/CliJavaModuleFinder$$Lambda+0x000002390a19bb00
instanceKlass  @bci org/jetbrains/kotlin/cli/jvm/modules/CliJavaModuleFinder <init> (Ljava/io/File;Lorg/jetbrains/kotlin/cli/common/messages/MessageCollector;Lorg/jetbrains/kotlin/resolve/jvm/KotlinCliJavaFileManager;Lcom/intellij/openapi/project/Project;Ljava/lang/Integer;)V 188 <appendix> member <vmtarget> ; # org/jetbrains/kotlin/cli/jvm/modules/CliJavaModuleFinder$$Lambda+0x000002390a19b8e8
instanceKlass  @bci org/jetbrains/kotlin/cli/jvm/modules/CliJavaModuleFinder <init> (Ljava/io/File;Lorg/jetbrains/kotlin/cli/common/messages/MessageCollector;Lorg/jetbrains/kotlin/resolve/jvm/KotlinCliJavaFileManager;Lcom/intellij/openapi/project/Project;Ljava/lang/Integer;)V 175 <appendix> member <vmtarget> ; # org/jetbrains/kotlin/cli/jvm/modules/CliJavaModuleFinder$$Lambda+0x000002390a19b6d0
instanceKlass  @bci org/jetbrains/kotlin/cli/jvm/modules/CliJavaModuleFinder <init> (Ljava/io/File;Lorg/jetbrains/kotlin/cli/common/messages/MessageCollector;Lorg/jetbrains/kotlin/resolve/jvm/KotlinCliJavaFileManager;Lcom/intellij/openapi/project/Project;Ljava/lang/Integer;)V 162 <appendix> member <vmtarget> ; # org/jetbrains/kotlin/cli/jvm/modules/CliJavaModuleFinder$$Lambda+0x000002390a19b4b8
instanceKlass  @bci java/util/stream/StreamSpliterators$WrappingSpliterator initPartialTraversalState ()V 37 <appendix> member <vmtarget> ; # java/util/stream/StreamSpliterators$WrappingSpliterator$$Lambda+0x000002390a1c0b60
instanceKlass java/util/function/BooleanSupplier
instanceKlass  @bci java/util/stream/StreamSpliterators$WrappingSpliterator initPartialTraversalState ()V 24 <appendix> member <vmtarget> ; # java/util/stream/StreamSpliterators$WrappingSpliterator$$Lambda+0x000002390a1c06d0
instanceKlass java/util/stream/StreamSpliterators
instanceKlass java/util/stream/AbstractSpinedBuffer
instanceKlass jdk/internal/jrtfs/JrtDirectoryStream$1
instanceKlass java/util/stream/StreamSpliterators$AbstractWrappingSpliterator
instanceKlass  @bci java/util/stream/AbstractPipeline spliterator ()Ljava/util/Spliterator; 103 <appendix> member <vmtarget> ; # java/util/stream/AbstractPipeline$$Lambda+0x000002390a03f798
instanceKlass  @bci jdk/internal/jrtfs/JrtFileSystem iteratorOf (Ljdk/internal/jrtfs/JrtPath;Ljava/nio/file/DirectoryStream$Filter;)Ljava/util/Iterator; 82 <appendix> member <vmtarget> ; # jdk/internal/jrtfs/JrtFileSystem$$Lambda+0x000002390a1a6238
instanceKlass  @bci jdk/internal/jrtfs/JrtFileSystem iteratorOf (Ljdk/internal/jrtfs/JrtPath;Ljava/nio/file/DirectoryStream$Filter;)Ljava/util/Iterator; 71 <appendix> member <vmtarget> ; # jdk/internal/jrtfs/JrtFileSystem$$Lambda+0x000002390a1a6000
instanceKlass jdk/internal/jimage/ImageReader$Node
instanceKlass jdk/internal/jrtfs/JrtPath
instanceKlass jdk/internal/jrtfs/JrtDirectoryStream
instanceKlass  @bci org/jetbrains/kotlin/cli/jvm/modules/CoreJrtVirtualFile <init> (Lorg/jetbrains/kotlin/cli/jvm/modules/CoreJrtFileSystem;Ljava/lang/String;Ljava/nio/file/Path;Lorg/jetbrains/kotlin/cli/jvm/modules/CoreJrtVirtualFile;)V 45 <appendix> member <vmtarget> ; # org/jetbrains/kotlin/cli/jvm/modules/CoreJrtVirtualFile$$Lambda+0x000002390a19b0b8
instanceKlass java/util/concurrent/BlockingQueue
instanceKlass com/intellij/util/ConcurrencyUtil
instanceKlass jdk/internal/jimage/decompressor/Decompressor
instanceKlass jdk/internal/jimage/ImageStringsReader
instanceKlass jdk/internal/jimage/ImageHeader
# instanceKlass java/lang/invoke/LambdaForm$MH+0x000002390a1a5800
# instanceKlass java/lang/invoke/LambdaForm$MH+0x000002390a1a5400
# instanceKlass java/lang/invoke/LambdaForm$DMH+0x000002390a1a5000
# instanceKlass java/lang/invoke/LambdaForm$DMH+0x000002390a1a4c00
instanceKlass  @cpi org/jetbrains/kotlin/serialization/deserialization/TypeDeserializer 287 form vmentry <vmtarget> ; # java/lang/invoke/LambdaForm$DMH+0x000002390a1a4800
instanceKlass java/lang/invoke/MethodHandleImpl$ArrayAccessor
instanceKlass java/lang/invoke/MethodHandleImpl$LoopClauses
instanceKlass java/lang/invoke/MethodHandleImpl$CasesHolder
# instanceKlass java/lang/invoke/LambdaForm$MH+0x000002390a1a4400
# instanceKlass java/lang/invoke/LambdaForm$MH+0x000002390a1a4000
# instanceKlass java/lang/invoke/LambdaForm$MH+0x000002390a1a3c00
# instanceKlass java/lang/invoke/LambdaForm$MH+0x000002390a1a3800
# instanceKlass java/lang/invoke/LambdaForm$MH+0x000002390a1a3400
# instanceKlass java/lang/invoke/LambdaForm$MH+0x000002390a1a3000
# instanceKlass java/lang/invoke/LambdaForm$BMH+0x000002390a1a2c00
# instanceKlass java/lang/invoke/LambdaForm$DMH+0x000002390a1a2800
# instanceKlass java/lang/invoke/LambdaForm$MH+0x000002390a1a2400
# instanceKlass java/lang/invoke/LambdaForm$DMH+0x000002390a1a2000
# instanceKlass java/lang/invoke/LambdaForm$MH+0x000002390a1a1c00
# instanceKlass java/lang/invoke/LambdaForm$DMH+0x000002390a1a1800
instanceKlass java/lang/invoke/ClassSpecializer$Factory$1Var
instanceKlass java/lang/invoke/MethodHandles$1
# instanceKlass java/lang/invoke/LambdaForm$DMH+0x000002390a1a1400
instanceKlass sun/invoke/util/ValueConversions$1
# instanceKlass java/lang/invoke/LambdaForm$DMH+0x000002390a1a1000
instanceKlass java/lang/foreign/MemorySegment
instanceKlass sun/nio/ch/Util$4
instanceKlass sun/nio/ch/Util
instanceKlass sun/nio/ch/FileChannelImpl$Unmapper
instanceKlass jdk/internal/access/foreign/UnmapperProxy
instanceKlass  @bci jdk/internal/misc/ExtendedMapMode <clinit> ()V 0 <appendix> argL0 ; # jdk/internal/misc/ExtendedMapMode$$Lambda+0x000002390a03cea0
instanceKlass jdk/internal/misc/ExtendedMapMode
instanceKlass sun/nio/ch/IOStatus
instanceKlass sun/nio/ch/NativeThread
instanceKlass java/nio/channels/spi/AbstractInterruptibleChannel$1
instanceKlass sun/nio/ch/Interruptible
instanceKlass java/nio/channels/FileChannel$MapMode
instanceKlass jdk/internal/jimage/BasicImageReader$2
instanceKlass sun/nio/ch/FileChannelImpl$Closer
instanceKlass sun/nio/ch/NativeThreadSet
instanceKlass sun/nio/ch/IOUtil
instanceKlass sun/nio/ch/NativeDispatcher
instanceKlass jdk/internal/jimage/BasicImageReader$1
instanceKlass jdk/internal/jimage/ImageReader$Node
instanceKlass jdk/internal/jimage/ImageStrings
instanceKlass jdk/internal/jimage/BasicImageReader
instanceKlass jdk/internal/jimage/ImageReader
instanceKlass jdk/internal/jrtfs/SystemImage$2
instanceKlass  @bci jdk/internal/jrtfs/SystemImage <clinit> ()V 0 <appendix> argL0 ; # jdk/internal/jrtfs/SystemImage$$Lambda+0x000002390a19ea20
instanceKlass jdk/internal/jrtfs/SystemImage
instanceKlass jdk/internal/jrtfs/JrtPath
instanceKlass  @bci java/io/FilePermissionCollection add (Ljava/security/Permission;)V 68 <appendix> argL0 ; # java/io/FilePermissionCollection$$Lambda+0x000002390a039ae0
instanceKlass java/io/FilePermission$1
instanceKlass jdk/internal/access/JavaIOFilePermissionAccess
instanceKlass java/net/URLClassLoader$1
instanceKlass java/net/URLClassLoader$2
instanceKlass jdk/internal/jrtfs/JrtFileSystemProvider$1
instanceKlass sun/nio/fs/WindowsUriSupport
instanceKlass java/util/AbstractMap$SimpleImmutableEntry
instanceKlass java/util/AbstractMap$SimpleEntry
instanceKlass jdk/internal/jimage/ImageBufferCache$2
instanceKlass jdk/internal/jimage/ImageBufferCache
instanceKlass sun/net/www/MessageHeader
instanceKlass  @bci sun/net/www/protocol/jrt/JavaRuntimeURLConnection <clinit> ()V 0 <appendix> argL0 ; # sun/net/www/protocol/jrt/JavaRuntimeURLConnection$$Lambda+0x000002390a036f20
instanceKlass java/net/URLConnection
instanceKlass java/nio/channels/AsynchronousFileChannel
instanceKlass java/nio/channels/AsynchronousChannel
instanceKlass java/util/concurrent/ExecutorService
instanceKlass java/nio/file/FileStore
instanceKlass jdk/internal/module/ModulePatcher$PatchedModuleReader
instanceKlass java/nio/file/spi/FileSystemProvider$1
# instanceKlass java/lang/invoke/LambdaForm$MH+0x000002390a19c800
# instanceKlass java/lang/invoke/LambdaForm$MH+0x000002390a19c400
instanceKlass sun/invoke/util/ValueConversions$WrapperCache
instanceKlass java/lang/annotation/Documented
instanceKlass java/lang/Deprecated
instanceKlass java/lang/Process
instanceKlass org/jetbrains/kotlin/cli/jvm/modules/JavaVersionUtilsKt
instanceKlass org/jetbrains/kotlin/cli/jvm/modules/CliJavaModuleFinder
instanceKlass org/jetbrains/kotlin/resolve/jvm/modules/JavaModuleFinder
instanceKlass kotlin/jvm/internal/Ref$BooleanRef
instanceKlass  @bci org/jetbrains/kotlin/extensions/PreprocessedFileCreator <init> (Lcom/intellij/openapi/project/Project;)V 17 <appendix> member <vmtarget> ; # org/jetbrains/kotlin/extensions/PreprocessedFileCreator$$Lambda+0x000002390a19a010
instanceKlass org/jetbrains/kotlin/extensions/PreprocessedFileCreator
instanceKlass  @bci com/intellij/openapi/util/KeyedExtensionCollector buildExtensions (Ljava/lang/String;Ljava/lang/Object;)Lkotlinx/collections/immutable/PersistentList; 48 <appendix> member <vmtarget> ; # com/intellij/openapi/util/KeyedExtensionCollector$$Lambda+0x000002390a1999e0
instanceKlass com/intellij/openapi/util/KeyedExtensionCollector$MyExtensionPointListener
instanceKlass  @bci org/jetbrains/kotlin/cli/jvm/compiler/CoreEnvironmentUtilsKt createSourceFilesFromSourceRoots (Lorg/jetbrains/kotlin/config/CompilerConfiguration;Lcom/intellij/openapi/project/Project;Ljava/util/List;Lorg/jetbrains/kotlin/cli/common/messages/CompilerMessageLocation;)Ljava/util/List; 50 <appendix> member <vmtarget> ; # org/jetbrains/kotlin/cli/jvm/compiler/CoreEnvironmentUtilsKt$$Lambda+0x000002390a198c08
instanceKlass  @cpi org/jetbrains/kotlin/cli/jvm/compiler/CoreEnvironmentUtilsKt 151 form vmentry <vmtarget> ; # java/lang/invoke/LambdaForm$DMH+0x000002390a19c000
instanceKlass org/jetbrains/kotlin/cli/common/config/ContentRootsKt
instanceKlass org/jetbrains/kotlin/cli/jvm/compiler/CoreEnvironmentUtilsKt
instanceKlass org/jetbrains/kotlin/resolve/lazy/declarations/DeclarationProviderFactoryService$Companion
instanceKlass org/jetbrains/kotlin/resolve/lazy/declarations/DeclarationProviderFactoryService
instanceKlass kotlin/sequences/ConstrainedOnceSequence
instanceKlass org/jetbrains/kotlin/scripting/definitions/ScriptDefinitionProvider$Companion
instanceKlass  @bci org/jetbrains/kotlin/config/CompilerConfiguration addAll (Lorg/jetbrains/kotlin/config/CompilerConfigurationKey;ILjava/util/Collection;)V 38 <appendix> argL0 ; # org/jetbrains/kotlin/config/CompilerConfiguration$$Lambda+0x000002390a197a40
instanceKlass  @bci org/jetbrains/kotlin/scripting/definitions/AutoloadedScriptDefinitions <init> (Lkotlin/script/experimental/host/ScriptingHostConfiguration;Ljava/lang/ClassLoader;Lkotlin/jvm/functions/Function2;)V 41 <appendix> argL0 ; # org/jetbrains/kotlin/scripting/definitions/AutoloadedScriptDefinitions$$Lambda+0x000002390a197390
instanceKlass org/jetbrains/kotlin/scripting/definitions/AutoloadedScriptDefinitions$Companion
instanceKlass org/jetbrains/kotlin/scripting/definitions/AutoloadedScriptDefinitions
instanceKlass kotlin/sequences/SequencesKt__SequenceBuilderKt$sequence$$inlined$Sequence$1
instanceKlass  @bci org/jetbrains/kotlin/scripting/definitions/LazyClasspathWithClassLoader <init> (Ljava/lang/ClassLoader;Lkotlin/jvm/functions/Function0;)V 26 <appendix> member <vmtarget> ; # org/jetbrains/kotlin/scripting/definitions/LazyClasspathWithClassLoader$$Lambda+0x000002390a196388
instanceKlass  @bci org/jetbrains/kotlin/scripting/definitions/LazyClasspathWithClassLoader <init> (Ljava/lang/ClassLoader;Lkotlin/jvm/functions/Function0;)V 12 <appendix> member <vmtarget> ; # org/jetbrains/kotlin/scripting/definitions/LazyClasspathWithClassLoader$$Lambda+0x000002390a196170
instanceKlass  @bci org/jetbrains/kotlin/scripting/definitions/ScriptiDefinitionsFromClasspathDiscoverySourceKt discoverScriptTemplatesInClasspath (Ljava/util/List;Ljava/lang/ClassLoader;Lkotlin/script/experimental/host/ScriptingHostConfiguration;Lkotlin/jvm/functions/Function2;)Lkotlin/sequences/Sequence; 24 <appendix> member <vmtarget> ; # org/jetbrains/kotlin/scripting/definitions/ScriptiDefinitionsFromClasspathDiscoverySourceKt$$Lambda+0x000002390a195f58
instanceKlass org/jetbrains/kotlin/scripting/definitions/LazyClasspathWithClassLoader
instanceKlass org/jetbrains/kotlin/scripting/definitions/ClasspathWithClassLoader
instanceKlass org/jetbrains/kotlin/scripting/definitions/ScriptiDefinitionsFromClasspathDiscoverySourceKt
instanceKlass  @bci org/jetbrains/kotlin/scripting/compiler/plugin/impl/ErrorReportingKt getReporter (Lorg/jetbrains/kotlin/cli/common/messages/MessageCollector;)Lkotlin/jvm/functions/Function2; 8 <appendix> member <vmtarget> ; # org/jetbrains/kotlin/scripting/compiler/plugin/impl/ErrorReportingKt$$Lambda+0x000002390a195738
instanceKlass org/jetbrains/kotlin/scripting/compiler/plugin/impl/ErrorReportingKt
instanceKlass org/jetbrains/kotlin/scripting/definitions/ScriptDefinitionsFromClasspathDiscoverySource
instanceKlass org/jetbrains/kotlin/scripting/definitions/ScriptDefinitionsSource
instanceKlass  @bci org/jetbrains/kotlin/scripting/definitions/ScriptDefinition$FromConfigurationsBase <init> ()V 45 <appendix> member <vmtarget> ; # org/jetbrains/kotlin/scripting/definitions/ScriptDefinition$FromConfigurationsBase$$Lambda+0x000002390a194ce8
instanceKlass  @bci org/jetbrains/kotlin/scripting/definitions/ScriptDefinition$FromConfigurationsBase <init> ()V 32 <appendix> member <vmtarget> ; # org/jetbrains/kotlin/scripting/definitions/ScriptDefinition$FromConfigurationsBase$$Lambda+0x000002390a194ad0
instanceKlass  @bci org/jetbrains/kotlin/scripting/definitions/ScriptDefinition$FromConfigurationsBase <init> ()V 19 <appendix> member <vmtarget> ; # org/jetbrains/kotlin/scripting/definitions/ScriptDefinition$FromConfigurationsBase$$Lambda+0x000002390a1948b8
instanceKlass  @bci org/jetbrains/kotlin/scripting/definitions/ScriptDefinition$FromConfigurationsBase <init> ()V 6 <appendix> member <vmtarget> ; # org/jetbrains/kotlin/scripting/definitions/ScriptDefinition$FromConfigurationsBase$$Lambda+0x000002390a1946a0
instanceKlass kotlin/script/experimental/api/ScriptEvaluationKt
instanceKlass  @bci org/jetbrains/kotlin/scripting/definitions/ScriptEvaluationConfigurationFromHostConfiguration <init> (Lkotlin/script/experimental/host/ScriptingHostConfiguration;)V 8 <appendix> member <vmtarget> ; # org/jetbrains/kotlin/scripting/definitions/ScriptEvaluationConfigurationFromHostConfiguration$$Lambda+0x000002390a1931d8
instanceKlass kotlin/script/experimental/api/ScriptEvaluationConfiguration$Companion
instanceKlass kotlin/script/experimental/api/ScriptEvaluationConfigurationKeys
instanceKlass kotlin/script/experimental/dependencies/DependenciesResolver$NoDependencies
instanceKlass kotlin/script/experimental/dependencies/DependenciesResolver
instanceKlass kotlin/script/dependencies/ScriptDependenciesResolver
instanceKlass kotlin/script/experimental/jvm/compat/ExpectedLocationUtilKt$WhenMappings
instanceKlass kotlin/script/experimental/jvm/compat/ExpectedLocationUtilKt
instanceKlass  @bci org/jetbrains/kotlin/scripting/definitions/ScriptCompilationConfigurationFromDefinition _init_$lambda$12 (Lkotlin/script/experimental/host/ScriptingHostConfiguration;Lorg/jetbrains/kotlin/scripting/definitions/KotlinScriptDefinition;Lkotlin/script/experimental/api/ScriptCompilationConfiguration$Builder;)Lkotlin/Unit; 576 <appendix> member <vmtarget> ; # org/jetbrains/kotlin/scripting/definitions/ScriptCompilationConfigurationFromDefinition$$Lambda+0x000002390a191be0
instanceKlass kotlin/script/experimental/api/IdeScriptCompilationConfigurationBuilder$Companion
instanceKlass kotlin/script/experimental/api/IdeScriptCompilationConfigurationKeys
instanceKlass kotlin/script/experimental/api/ScriptIdeConfigurationKt
instanceKlass kotlin/reflect/jvm/internal/impl/name/SpecialNames
instanceKlass kotlin/reflect/jvm/internal/impl/builtins/CompanionObjectMapping
instanceKlass kotlin/reflect/jvm/internal/impl/name/FqNamesUtilKt
instanceKlass kotlin/reflect/jvm/internal/impl/utils/CollectionsKt
instanceKlass kotlin/reflect/jvm/internal/impl/builtins/PrimitiveType$Companion
instanceKlass kotlin/reflect/jvm/internal/impl/builtins/PrimitiveType$$Lambda$1
instanceKlass kotlin/reflect/jvm/internal/impl/builtins/PrimitiveType$$Lambda$0
instanceKlass kotlin/reflect/jvm/internal/impl/builtins/StandardNames$FqNames
instanceKlass kotlin/reflect/jvm/internal/impl/builtins/jvm/JavaToKotlinClassMap$PlatformMutabilityMapping
instanceKlass kotlin/reflect/jvm/internal/impl/name/StandardClassIdsKt
instanceKlass kotlin/reflect/jvm/internal/impl/name/StandardClassIds
instanceKlass kotlin/reflect/jvm/internal/impl/builtins/StandardNames
instanceKlass kotlin/reflect/jvm/internal/impl/builtins/functions/FunctionTypeKind
instanceKlass kotlin/reflect/jvm/internal/impl/builtins/jvm/JavaToKotlinClassMap
instanceKlass kotlin/jvm/functions/Function22
instanceKlass kotlin/jvm/functions/Function21
instanceKlass kotlin/jvm/functions/Function20
instanceKlass kotlin/jvm/functions/Function19
instanceKlass kotlin/jvm/functions/Function18
instanceKlass kotlin/jvm/functions/Function17
instanceKlass kotlin/jvm/functions/Function16
instanceKlass kotlin/jvm/functions/Function15
instanceKlass kotlin/jvm/functions/Function14
instanceKlass kotlin/jvm/functions/Function13
instanceKlass kotlin/jvm/functions/Function12
instanceKlass kotlin/jvm/functions/Function11
instanceKlass kotlin/jvm/functions/Function10
instanceKlass kotlin/jvm/functions/Function9
instanceKlass kotlin/jvm/functions/Function8
instanceKlass kotlin/jvm/functions/Function7
instanceKlass kotlin/jvm/functions/Function6
instanceKlass kotlin/jvm/functions/Function5
instanceKlass kotlin/jvm/functions/Function4
instanceKlass kotlin/jvm/functions/Function3
instanceKlass kotlin/TuplesKt
instanceKlass kotlin/jvm/JvmClassMappingKt
instanceKlass kotlin/reflect/jvm/internal/impl/descriptors/runtime/structure/ReflectClassUtilKt
instanceKlass kotlin/reflect/jvm/internal/impl/name/Name
instanceKlass kotlin/reflect/jvm/internal/impl/name/FqNameUnsafe$Companion
instanceKlass kotlin/reflect/jvm/internal/impl/name/FqNameUnsafe
instanceKlass kotlin/reflect/jvm/internal/impl/name/FqName$Companion
instanceKlass kotlin/reflect/jvm/internal/impl/name/FqName
instanceKlass kotlin/reflect/jvm/internal/impl/name/ClassId$Companion
instanceKlass kotlin/reflect/jvm/internal/impl/name/ClassId
instanceKlass kotlin/reflect/jvm/internal/RuntimeTypeMapper
instanceKlass kotlin/reflect/jvm/internal/KClassImpl$Data$$Lambda$17
instanceKlass kotlin/reflect/jvm/internal/KClassImpl$Data$$Lambda$16
instanceKlass kotlin/reflect/jvm/internal/KClassImpl$Data$$Lambda$15
instanceKlass kotlin/reflect/jvm/internal/KClassImpl$Data$$Lambda$14
instanceKlass kotlin/reflect/jvm/internal/KClassImpl$Data$$Lambda$13
instanceKlass kotlin/reflect/jvm/internal/KClassImpl$Data$$Lambda$12
instanceKlass kotlin/reflect/jvm/internal/KClassImpl$Data$$Lambda$11
instanceKlass kotlin/reflect/jvm/internal/KClassImpl$Data$$Lambda$10
instanceKlass kotlin/reflect/jvm/internal/KClassImpl$Data$$Lambda$9
instanceKlass kotlin/reflect/jvm/internal/KClassImpl$Data$$Lambda$8
instanceKlass kotlin/reflect/jvm/internal/KClassImpl$Data$$Lambda$7
instanceKlass kotlin/reflect/jvm/internal/KClassImpl$Data$$Lambda$6
instanceKlass kotlin/reflect/jvm/internal/KClassImpl$Data$$Lambda$5
instanceKlass kotlin/reflect/jvm/internal/KClassImpl$Data$$Lambda$4
instanceKlass kotlin/reflect/jvm/internal/KClassImpl$Data$$Lambda$3
instanceKlass kotlin/reflect/jvm/internal/KClassImpl$Data$$Lambda$2
instanceKlass kotlin/reflect/jvm/internal/KClassImpl$Data$$Lambda$1
instanceKlass kotlin/reflect/jvm/internal/KClassImpl$Data$$Lambda$0
instanceKlass kotlin/reflect/jvm/internal/KDeclarationContainerImpl$Data$$Lambda$0
instanceKlass kotlin/reflect/jvm/internal/KDeclarationContainerImpl$Data
instanceKlass kotlin/script/experimental/api/KotlinType$Companion
instanceKlass kotlin/script/experimental/api/KotlinType
instanceKlass kotlin/script/experimental/api/ScriptCompilationKt
instanceKlass  @bci org/jetbrains/kotlin/scripting/definitions/ScriptCompilationConfigurationFromDefinition <init> (Lkotlin/script/experimental/host/ScriptingHostConfiguration;Lorg/jetbrains/kotlin/scripting/definitions/KotlinScriptDefinition;)V 15 <appendix> member <vmtarget> ; # org/jetbrains/kotlin/scripting/definitions/ScriptCompilationConfigurationFromDefinition$$Lambda+0x000002390a186b40
instanceKlass kotlin/reflect/jvm/internal/KClassImpl$$Lambda$0
instanceKlass kotlin/reflect/jvm/internal/KClassifierImpl
instanceKlass kotlin/script/templates/standard/ScriptTemplateWithArgs
instanceKlass org/jetbrains/kotlin/scripting/definitions/KotlinScriptDefinition$Companion
instanceKlass kotlin/script/experimental/api/ScriptCompilationConfiguration$Companion
instanceKlass kotlin/script/experimental/api/ScriptCompilationConfigurationKeys
instanceKlass org/jetbrains/kotlin/scripting/definitions/ScriptDefinition$Companion
instanceKlass org/jetbrains/kotlin/scripting/compiler/plugin/ScriptingCompilerConfigurationExtensionKt
instanceKlass  @bci org/jetbrains/kotlin/scripting/compiler/plugin/ScriptingCompilerConfigurationExtension updateConfiguration$lambda$2 (Lorg/jetbrains/kotlin/config/CompilerConfiguration;Lkotlin/script/experimental/host/ScriptingHostConfiguration$Builder;)Lkotlin/Unit; 16 <appendix> member <vmtarget> ; # org/jetbrains/kotlin/scripting/compiler/plugin/ScriptingCompilerConfigurationExtension$$Lambda+0x000002390a184210
instanceKlass org/jetbrains/kotlin/scripting/definitions/ScriptCompilationConfigurationFromDefinitionKt
instanceKlass  @bci org/jetbrains/kotlin/scripting/compiler/plugin/ScriptingCompilerConfigurationExtension updateConfiguration (Lorg/jetbrains/kotlin/config/CompilerConfiguration;)V 118 <appendix> member <vmtarget> ; # org/jetbrains/kotlin/scripting/compiler/plugin/ScriptingCompilerConfigurationExtension$$Lambda+0x000002390a183e00
instanceKlass org/jetbrains/kotlin/scripting/configuration/ScriptingConfigurationKeys
instanceKlass com/intellij/diagnostic/Activity
instanceKlass com/intellij/diagnostic/StartUpMeasurer
instanceKlass org/jetbrains/kotlin/resolve/jvm/KotlinJavaPsiFacade$2
instanceKlass org/jetbrains/kotlin/resolve/jvm/KotlinJavaPsiFacade$1
instanceKlass  @bci org/jetbrains/kotlin/resolve/jvm/KotlinJavaPsiFacade <init> (Lcom/intellij/openapi/project/Project;)V 47 <appendix> member <vmtarget> ; # org/jetbrains/kotlin/resolve/jvm/KotlinJavaPsiFacade$$Lambda+0x000002390a1825b0
instanceKlass com/intellij/psi/PsiModifierList
instanceKlass org/jetbrains/kotlin/resolve/jvm/NotFoundPackagesCachingStrategy$Default
instanceKlass  @bci com/intellij/psi/PsiElement <clinit> ()V 7 <appendix> argL0 ; # com/intellij/psi/PsiElement$$Lambda+0x000002390a17f200
instanceKlass  @bci com/intellij/psi/impl/ElementBase <clinit> ()V 16 <appendix> argL0 ; # com/intellij/psi/impl/ElementBase$$Lambda+0x000002390a17edc8
instanceKlass  @bci com/intellij/psi/impl/ElementBase <clinit> ()V 8 <appendix> argL0 ; # com/intellij/psi/impl/ElementBase$$Lambda+0x000002390a17ebb8
instanceKlass com/intellij/psi/impl/ElementBase$ElementIconRequest
instanceKlass org/jetbrains/kotlin/load/java/structure/JavaClass
instanceKlass org/jetbrains/kotlin/load/java/structure/JavaTypeParameterListOwner
instanceKlass org/jetbrains/kotlin/load/java/structure/JavaModifierListOwner
instanceKlass org/jetbrains/kotlin/load/java/structure/JavaClassifier
instanceKlass org/jetbrains/kotlin/load/java/structure/JavaNamedElement
instanceKlass org/jetbrains/kotlin/load/java/structure/JavaAnnotationOwner
instanceKlass org/jetbrains/kotlin/load/java/structure/JavaElement
instanceKlass org/jetbrains/kotlin/resolve/jvm/KotlinJavaPsiFacade$KotlinPsiElementFinderWrapperImpl
instanceKlass org/jetbrains/kotlin/resolve/jvm/KotlinJavaPsiFacade$KotlinPsiElementFinderWrapper
instanceKlass org/jetbrains/kotlin/resolve/jvm/NotFoundPackagesCachingStrategy
instanceKlass org/jetbrains/kotlin/resolve/jvm/KotlinJavaPsiFacade
instanceKlass org/jetbrains/kotlin/load/java/structure/impl/source/JavaElementSourceFactory
instanceKlass org/jetbrains/kotlin/cli/common/CliModuleVisibilityManagerImpl
instanceKlass org/jetbrains/kotlin/load/kotlin/ModuleVisibilityManager
instanceKlass org/jetbrains/kotlin/compiler/plugin/CompilerPluginRegistrarKt
instanceKlass  @bci org/jetbrains/kotlin/cli/jvm/compiler/KotlinCoreEnvironment$Companion registerExtensionsFromPlugins$cli_base (Lcom/intellij/mock/MockProject;Lorg/jetbrains/kotlin/config/CompilerConfiguration;)V 286 <appendix> argL0 ; # org/jetbrains/kotlin/cli/jvm/compiler/KotlinCoreEnvironment$Companion$$Lambda+0x000002390a1796e8
instanceKlass org/jetbrains/kotlin/compiler/plugin/CompilerPluginRegistrar$Companion
instanceKlass org/jetbrains/kotlin/compiler/plugin/CompilerPluginRegistrar
instanceKlass org/jetbrains/kotlin/compiler/plugin/CompilerPluginRegistrar$ExtensionStorage
instanceKlass org/jetbrains/kotlin/scripting/compiler/plugin/definitions/CliScriptReportSink
instanceKlass org/jetbrains/kotlin/scripting/resolve/ScriptReportSink
instanceKlass org/jetbrains/kotlin/scripting/extensions/ScriptExtraImportsProviderExtension
instanceKlass org/jetbrains/kotlin/scripting/extensions/ScriptingResolveExtension
instanceKlass java/util/concurrent/locks/ReentrantReadWriteLock$WriteLock
instanceKlass java/util/concurrent/locks/ReentrantReadWriteLock$ReadLock
instanceKlass java/util/concurrent/locks/ReentrantReadWriteLock
instanceKlass java/util/concurrent/locks/ReadWriteLock
instanceKlass org/jetbrains/kotlin/scripting/definitions/ScriptConfigurationsProvider$Companion
instanceKlass org/jetbrains/kotlin/scripting/definitions/ScriptConfigurationsProvider
instanceKlass org/jetbrains/kotlin/scripting/definitions/LazyScriptDefinitionProvider$Companion
instanceKlass org/jetbrains/kotlin/scripting/definitions/LazyScriptDefinitionProvider
instanceKlass org/jetbrains/kotlin/scripting/definitions/ScriptDefinitionProvider
instanceKlass org/jetbrains/kotlin/scripting/compiler/plugin/extensions/JvmStandardReplFactoryExtension
instanceKlass org/jetbrains/kotlin/cli/common/extensions/ReplFactoryExtension
instanceKlass org/jetbrains/kotlin/scripting/compiler/plugin/JvmCliReplShellExtension
instanceKlass org/jetbrains/kotlin/scripting/compiler/plugin/PluginRegisrarKt
instanceKlass org/jetbrains/kotlin/scripting/compiler/plugin/AbstractScriptEvaluationExtension
instanceKlass org/jetbrains/kotlin/scripting/compiler/plugin/extensions/ScriptingProcessSourcesBeforeCompilingExtension
instanceKlass org/jetbrains/kotlin/scripting/compiler/plugin/extensions/ScriptingCollectAdditionalSourcesExtension
instanceKlass org/jetbrains/kotlin/scripting/compiler/plugin/ScriptingCompilerConfigurationExtension
instanceKlass kotlin/jvm/internal/ArrayIterator
instanceKlass kotlin/jvm/internal/ArrayIteratorKt
instanceKlass kotlin/collections/ArraysKt___ArraysKt$asIterable$$inlined$Iterable$1
instanceKlass  @bci org/jetbrains/kotlin/scripting/compiler/plugin/ScriptingCompilerConfigurationComponentRegistrar registerProjectComponents (Lcom/intellij/mock/MockProject;Lorg/jetbrains/kotlin/config/CompilerConfiguration;)V 42 <appendix> argL0 ; # org/jetbrains/kotlin/scripting/compiler/plugin/ScriptingCompilerConfigurationComponentRegistrar$$Lambda+0x000002390a1759f8
instanceKlass kotlin/script/experimental/jvm/JvmGetScriptingClass$Companion
instanceKlass kotlin/script/experimental/jvm/JvmGetScriptingClass
instanceKlass kotlin/script/experimental/jvm/GetScriptingClassByClassLoader
instanceKlass kotlin/script/experimental/host/GetScriptingClass
instanceKlass kotlin/script/experimental/util/PropertiesCollection$Key$Companion
instanceKlass kotlin/script/experimental/util/PropertiesCollection$Key
instanceKlass kotlin/script/experimental/host/HostConfigurationKt
instanceKlass kotlin/collections/EmptyList
instanceKlass  @bci kotlin/script/experimental/jvm/JvmScriptingHostConfigurationKt getDefaultJvmScriptingHostConfiguration ()Lkotlin/script/experimental/host/ScriptingHostConfiguration; 4 <appendix> argL0 ; # kotlin/script/experimental/jvm/JvmScriptingHostConfigurationKt$$Lambda+0x000002390a1742c0
instanceKlass kotlin/script/experimental/util/PropertiesCollection$Builder
instanceKlass  @bci kotlin/script/experimental/jvm/JvmScriptingHostConfigurationKt <clinit> ()V 118 <appendix> argL0 ; # kotlin/script/experimental/jvm/JvmScriptingHostConfigurationKt$$Lambda+0x000002390a173cb0
instanceKlass  @bci kotlin/script/experimental/util/PropertiesCollection$PropertyKeyDelegate <init> (Ljava/lang/Object;Z)V 2 <appendix> member <vmtarget> ; # kotlin/script/experimental/util/PropertiesCollection$PropertyKeyDelegate$$Lambda+0x000002390a173a98
instanceKlass kotlin/script/experimental/util/PropertiesCollection$PropertyKeyDelegate
instanceKlass kotlin/reflect/jvm/internal/KProperty1Impl$$Lambda$1
instanceKlass kotlin/reflect/jvm/internal/KProperty1Impl$$Lambda$0
instanceKlass kotlin/reflect/jvm/internal/KPropertyImpl$$Lambda$1
instanceKlass kotlin/reflect/jvm/internal/KPropertyImpl$$Lambda$0
instanceKlass kotlin/reflect/jvm/internal/KCallableImpl$$Lambda$5
instanceKlass kotlin/reflect/jvm/internal/KCallableImpl$$Lambda$4
instanceKlass kotlin/reflect/jvm/internal/KCallableImpl$$Lambda$3
instanceKlass kotlin/reflect/jvm/internal/KCallableImpl$$Lambda$2
instanceKlass kotlin/reflect/jvm/internal/KCallableImpl$$Lambda$1
instanceKlass kotlin/reflect/jvm/internal/ReflectProperties$Val$1
instanceKlass kotlin/reflect/jvm/internal/ReflectProperties$Val
instanceKlass kotlin/reflect/jvm/internal/ReflectProperties
instanceKlass kotlin/reflect/jvm/internal/KCallableImpl$$Lambda$0
instanceKlass kotlin/reflect/jvm/internal/KPackageImpl$$Lambda$0
instanceKlass kotlin/text/Regex$Companion
instanceKlass kotlin/text/Regex
instanceKlass kotlin/jvm/internal/DefaultConstructorMarker
instanceKlass kotlin/reflect/jvm/internal/KDeclarationContainerImpl$Companion
instanceKlass kotlin/reflect/jvm/internal/CachesKt$$Lambda$4
instanceKlass kotlin/reflect/jvm/internal/CachesKt$$Lambda$3
instanceKlass kotlin/reflect/jvm/internal/CachesKt$$Lambda$2
instanceKlass kotlin/reflect/jvm/internal/CachesKt$$Lambda$1
instanceKlass kotlin/reflect/jvm/internal/CacheByClass
instanceKlass kotlin/reflect/jvm/internal/CacheByClassKt
instanceKlass kotlin/reflect/jvm/internal/CachesKt$$Lambda$0
instanceKlass kotlin/reflect/jvm/internal/CachesKt
instanceKlass kotlin/reflect/jvm/internal/KPropertyImpl$Companion
instanceKlass kotlin/reflect/jvm/internal/KCallableImpl
instanceKlass kotlin/reflect/jvm/internal/KTypeParameterOwnerImpl
instanceKlass kotlin/reflect/jvm/internal/KDeclarationContainerImpl
instanceKlass kotlin/jvm/internal/ClassBasedDeclarationContainer
instanceKlass kotlin/reflect/KMutableProperty1
instanceKlass kotlin/reflect/KMutableProperty0
instanceKlass kotlin/reflect/KProperty0
instanceKlass kotlin/reflect/KMutableProperty2
instanceKlass kotlin/reflect/KMutableProperty
instanceKlass kotlin/reflect/KProperty2
instanceKlass kotlin/reflect/KType
instanceKlass kotlin/reflect/KClass
instanceKlass kotlin/reflect/KTypeParameter
instanceKlass kotlin/jvm/internal/ReflectionFactory
instanceKlass kotlin/reflect/KClassifier
instanceKlass kotlin/jvm/internal/Reflection
instanceKlass kotlin/reflect/KProperty$Getter
instanceKlass kotlin/reflect/KProperty$Accessor
instanceKlass kotlin/reflect/KProperty1
instanceKlass kotlin/reflect/KProperty
instanceKlass kotlin/script/experimental/jvm/JvmScriptingHostConfigurationKt
instanceKlass kotlin/script/experimental/host/ScriptingHostConfiguration$Companion
instanceKlass kotlin/script/experimental/host/ScriptingHostConfigurationKeys
instanceKlass kotlin/script/experimental/util/PropertiesCollection$Companion
instanceKlass kotlin/script/experimental/util/PropertiesCollection
instanceKlass org/jetbrains/kotlin/resolve/diagnostics/DiagnosticSuppressor
instanceKlass org/jetbrains/kotlin/fir/extensions/FirAnalysisHandlerExtension
instanceKlass org/jetbrains/kotlin/resolve/extensions/AssignResolutionAltererExtension
instanceKlass org/jetbrains/kotlin/extensions/AnnotationBasedExtension
instanceKlass org/jetbrains/kotlin/types/DefaultTypeAttributeTranslator
instanceKlass org/jetbrains/kotlin/types/extensions/TypeAttributeTranslators
instanceKlass org/jetbrains/kotlin/extensions/TypeAttributeTranslatorExtension
instanceKlass org/jetbrains/kotlin/types/TypeAttributeTranslator
instanceKlass org/jetbrains/kotlin/fir/extensions/FirExtensionRegistrarAdapter
instanceKlass org/jetbrains/kotlin/serialization/DescriptorSerializerPlugin
instanceKlass org/jetbrains/kotlin/extensions/internal/CallResolutionInterceptorExtension
instanceKlass org/jetbrains/kotlin/extensions/internal/CandidateInterceptor
instanceKlass org/jetbrains/kotlin/extensions/internal/TypeResolutionInterceptorExtension
instanceKlass org/jetbrains/kotlin/extensions/internal/TypeResolutionInterceptor
instanceKlass org/jetbrains/kotlin/cli/common/extensions/ShellExtension
instanceKlass org/jetbrains/kotlin/cli/common/extensions/ScriptEvaluationExtension
instanceKlass org/jetbrains/kotlin/backend/common/extensions/IrGenerationExtension
instanceKlass org/jetbrains/kotlin/ir/linkage/IrDeserializer$IrLinkerExtension
instanceKlass org/jetbrains/kotlin/resolve/extensions/ExtraImportsProviderExtension
instanceKlass org/jetbrains/kotlin/extensions/ProcessSourcesBeforeCompilingExtension
instanceKlass org/jetbrains/kotlin/extensions/CollectAdditionalSourcesExtension
instanceKlass org/jetbrains/kotlin/extensions/CompilerConfigurationExtension
instanceKlass org/jetbrains/kotlin/js/translate/extensions/JsSyntheticTranslateExtension
instanceKlass org/jetbrains/kotlin/extensions/PreprocessedVirtualFileFactoryExtension
instanceKlass org/jetbrains/kotlin/extensions/DeclarationAttributeAltererExtension
instanceKlass org/jetbrains/kotlin/extensions/StorageComponentContainerContributor
instanceKlass org/jetbrains/kotlin/resolve/jvm/extensions/PackageFragmentProviderExtension
instanceKlass org/jetbrains/kotlin/resolve/jvm/extensions/AnalysisHandlerExtension
instanceKlass org/jetbrains/kotlin/resolve/extensions/AnalysisHandlerExtension
instanceKlass org/jetbrains/kotlin/codegen/extensions/ClassFileFactoryFinalizerExtension
instanceKlass org/jetbrains/kotlin/backend/jvm/extensions/ClassGeneratorExtension
instanceKlass org/jetbrains/kotlin/codegen/extensions/ClassBuilderInterceptorExtension
instanceKlass org/jetbrains/kotlin/resolve/jvm/extensions/SyntheticJavaResolveExtension
instanceKlass org/jetbrains/kotlin/resolve/extensions/SyntheticResolveExtension
instanceKlass org/jetbrains/kotlin/extensions/ProjectExtensionDescriptor
instanceKlass org/jetbrains/kotlin/codegen/extensions/ExpressionCodegenExtension
instanceKlass  @bci jdk/internal/reflect/MethodHandleIntegerFieldAccessorImpl setInt (Ljava/lang/Object;I)V 29 <adapter> ; # java/lang/invoke/LambdaForm$MH+0x000002390a160400
# instanceKlass java/lang/invoke/LambdaForm$DMH+0x000002390a160000
instanceKlass java/nio/file/FileVisitor
instanceKlass com/intellij/openapi/util/io/FileUtilRt
instanceKlass com/intellij/openapi/vfs/PersistentFSConstants
instanceKlass org/jetbrains/kotlin/cli/common/messages/MessageCollector$Companion$NONE$1
instanceKlass org/jetbrains/kotlin/cli/common/messages/MessageCollector$Companion
instanceKlass org/jetbrains/kotlin/config/CommonConfigurationKeysKt
instanceKlass  @bci com/intellij/lang/jvm/facade/JvmFacadeImpl <init> (Lcom/intellij/openapi/project/Project;)V 53 <appendix> member <vmtarget> ; # com/intellij/lang/jvm/facade/JvmFacadeImpl$$Lambda+0x000002390a15eb48
instanceKlass com/intellij/psi/impl/source/DummyHolderFactory$DefaultFactory
instanceKlass com/intellij/psi/impl/source/DummyHolderFactory
instanceKlass com/intellij/psi/PsiImportHolder
instanceKlass com/intellij/psi/impl/source/PsiFileWithStubSupport
instanceKlass com/intellij/psi/impl/PsiFileEx
instanceKlass com/intellij/openapi/ui/Queryable
instanceKlass com/intellij/psi/impl/source/JavaDummyHolderFactory
instanceKlass  @bci com/intellij/psi/impl/JavaPsiFacadeImpl <init> (Lcom/intellij/openapi/project/Project;)V 92 <appendix> member <vmtarget> ; # com/intellij/psi/impl/JavaPsiFacadeImpl$$Lambda+0x000002390a159530
instanceKlass  @bci com/intellij/psi/impl/JavaPsiFacadeImpl <init> (Lcom/intellij/openapi/project/Project;)V 55 <appendix> member <vmtarget> ; # com/intellij/psi/impl/JavaPsiFacadeImpl$$Lambda+0x000002390a159318
instanceKlass com/intellij/lang/jvm/facade/JvmFacadeImpl
instanceKlass com/intellij/lang/jvm/facade/JvmFacade
instanceKlass com/intellij/util/containers/ConcurrentRefValueHashMap$ValueReference
instanceKlass com/intellij/util/containers/ConcurrentRefValueHashMap
instanceKlass com/intellij/psi/impl/source/HolderFactory
instanceKlass com/intellij/psi/PsiConstantEvaluationHelper
instanceKlass com/intellij/psi/JavaPsiFacade
instanceKlass org/jetbrains/kotlin/cli/jvm/compiler/MockInferredAnnotationsManager$Companion
instanceKlass com/intellij/codeInsight/InferredAnnotationsManager
instanceKlass com/intellij/codeInsight/ExternalAnnotationsListener
instanceKlass com/intellij/codeInsight/ExternalAnnotationsManager
instanceKlass com/intellij/util/Processor
instanceKlass org/jetbrains/kotlin/asJava/finder/JavaElementFinder$Companion
instanceKlass org/jetbrains/kotlin/resolve/jvm/KotlinFinderMarker
instanceKlass org/jetbrains/kotlin/asJava/KotlinAsJavaSupport$Companion
instanceKlass org/jetbrains/kotlin/asJava/KotlinAsJavaSupport
instanceKlass kotlin/SafePublicationLazyImpl$Companion
instanceKlass kotlin/SafePublicationLazyImpl
instanceKlass kotlin/LazyKt__LazyJVMKt$WhenMappings
instanceKlass  @bci org/jetbrains/kotlin/asJava/classes/ImplUtilsKt <clinit> ()V 0 <appendix> argL0 ; # org/jetbrains/kotlin/asJava/classes/ImplUtilsKt$$Lambda+0x000002390a153170
instanceKlass org/jetbrains/kotlin/asJava/classes/ImplUtilsKt
instanceKlass  @bci org/jetbrains/kotlin/cli/jvm/compiler/CliLightClassGenerationSupport <init> (Lorg/jetbrains/kotlin/cli/jvm/compiler/CliTraceHolder;Lcom/intellij/openapi/project/Project;)V 28 <appendix> member <vmtarget> ; # org/jetbrains/kotlin/cli/jvm/compiler/CliLightClassGenerationSupport$$Lambda+0x000002390a152d60
instanceKlass org/jetbrains/kotlin/cli/jvm/compiler/CliLightClassGenerationSupport$CliLightClassSupport
instanceKlass org/jetbrains/kotlin/asJava/classes/KtUltraLightSupport
instanceKlass org/jetbrains/kotlin/asJava/LightClassGenerationSupport$Companion
instanceKlass org/jetbrains/kotlin/asJava/LightClassGenerationSupport
instanceKlass org/jetbrains/kotlin/resolve/jvm/JvmCodeAnalyzerInitializer
instanceKlass org/jetbrains/kotlin/resolve/CodeAnalyzerInitializer
instanceKlass com/intellij/psi/impl/JvmPsiConversionHelperImpl
instanceKlass com/intellij/psi/JvmPsiConversionHelper
instanceKlass  @bci java/util/stream/Collectors castingIdentity ()Ljava/util/function/Function; 0 <appendix> argL0 ; # java/util/stream/Collectors$$Lambda+0x800000042
instanceKlass java/util/stream/Collectors
instanceKlass java/util/stream/Collector
instanceKlass  @bci it/unimi/dsi/fastutil/objects/ObjectOpenHashSet <clinit> ()V 10 <appendix> argL0 ; # it/unimi/dsi/fastutil/objects/ObjectOpenHashSet$$Lambda+0x000002390a151630
instanceKlass  @bci org/jetbrains/kotlin/diagnostics/Errors$Initializer initializeFactoryNames (Ljava/lang/Class;)V 9 <bsm> form vmentry <vmtarget> ; # java/lang/invoke/LambdaForm$DMH+0x000002390a154400
instanceKlass java/lang/invoke/MethodHandle$1
instanceKlass java/util/function/BinaryOperator
instanceKlass  @bci it/unimi/dsi/fastutil/objects/ObjectOpenHashSet <clinit> ()V 5 <appendix> argL0 ; # it/unimi/dsi/fastutil/objects/ObjectOpenHashSet$$Lambda+0x000002390a151410
instanceKlass  @cpi it/unimi/dsi/fastutil/objects/ObjectOpenHashSet 97 form vmentry <vmtarget> ; # java/lang/invoke/LambdaForm$DMH+0x000002390a154000
instanceKlass java/util/function/BiConsumer
instanceKlass  @bci it/unimi/dsi/fastutil/objects/ObjectOpenHashSet <clinit> ()V 0 <appendix> argL0 ; # it/unimi/dsi/fastutil/objects/ObjectOpenHashSet$$Lambda+0x000002390a151200
instanceKlass com/intellij/util/containers/Interner
instanceKlass org/jetbrains/kotlin/utils/PlatformUtilsKt
instanceKlass org/jetbrains/kotlin/load/java/structure/impl/classFiles/BinaryClassSignatureParser
instanceKlass com/intellij/openapi/util/RecursionManager$2
instanceKlass com/intellij/util/containers/SoftKeySoftValueHashMap
instanceKlass  @bci com/intellij/psi/search/ProjectScope <clinit> ()V 54 <appendix> argL0 ; # com/intellij/psi/search/ProjectScope$$Lambda+0x000002390a14ef48
instanceKlass  @bci com/intellij/psi/search/ProjectScope <clinit> ()V 41 <appendix> argL0 ; # com/intellij/psi/search/ProjectScope$$Lambda+0x000002390a14ed18
instanceKlass  @bci com/intellij/psi/search/ProjectScope <clinit> ()V 28 <appendix> argL0 ; # com/intellij/psi/search/ProjectScope$$Lambda+0x000002390a14eae8
instanceKlass  @bci com/intellij/psi/search/ProjectScope <clinit> ()V 15 <appendix> argL0 ; # com/intellij/psi/search/ProjectScope$$Lambda+0x000002390a14e8b8
instanceKlass  @bci com/intellij/psi/search/ProjectScope <clinit> ()V 2 <appendix> argL0 ; # com/intellij/psi/search/ProjectScope$$Lambda+0x000002390a14e460
instanceKlass com/intellij/psi/search/ProjectScope
instanceKlass org/jetbrains/kotlin/util/PerformanceCounter$Companion
instanceKlass org/jetbrains/kotlin/util/PerformanceCounter
instanceKlass org/jetbrains/kotlin/cli/jvm/compiler/KotlinCliJavaFileManagerImpl$Companion
instanceKlass com/intellij/core/CoreJavaFileManager
instanceKlass org/jetbrains/kotlin/resolve/jvm/KotlinCliJavaFileManager
instanceKlass com/intellij/psi/controlFlow/ControlFlowFactory$1
instanceKlass  @bci com/intellij/util/containers/ConcurrentWeakKeySoftValueHashMap <clinit> ()V 0 <appendix> argL0 ; # com/intellij/util/containers/ConcurrentWeakKeySoftValueHashMap$$Lambda+0x000002390a14cf30
instanceKlass com/intellij/util/containers/ConcurrentWeakKeySoftValueHashMap$HardKey
instanceKlass com/intellij/util/containers/ConcurrentWeakKeySoftValueHashMap$KeyReference
instanceKlass com/intellij/util/containers/ConcurrentWeakKeySoftValueHashMap
instanceKlass com/intellij/psi/controlFlow/ControlFlow
instanceKlass com/intellij/psi/controlFlow/ControlFlowFactory
instanceKlass com/intellij/psi/codeStyle/SuggestedNameInfo
instanceKlass com/intellij/psi/codeStyle/JavaCodeStyleManager
instanceKlass com/intellij/core/CoreJavaFileCodeStyleFacade
instanceKlass com/intellij/psi/codeStyle/JavaFileCodeStyleFacade
instanceKlass com/intellij/psi/codeStyle/CodeStyleSettingsFacade
instanceKlass com/intellij/psi/codeStyle/JavaCodeStyleSettingsFacade
instanceKlass com/intellij/psi/impl/source/resolve/JavaResolveCache$1
instanceKlass com/intellij/psi/impl/source/resolve/JavaResolveCache
instanceKlass com/intellij/util/lang/JavaVersion
instanceKlass  @bci com/intellij/AbstractBundle getLazyMessage (Ljava/lang/String;[Ljava/lang/Object;)Ljava/util/function/Supplier; 34 <appendix> member <vmtarget> ; # com/intellij/AbstractBundle$$Lambda+0x000002390a148ed8
instanceKlass sun/util/locale/LanguageTag
instanceKlass java/util/ResourceBundle$Control
instanceKlass com/intellij/AbstractBundle
instanceKlass com/intellij/core/JavaPsiBundle
instanceKlass com/intellij/openapi/roots/LanguageLevelProjectExtension$LanguageLevelChangeListener
instanceKlass com/intellij/openapi/roots/LanguageLevelProjectExtension
instanceKlass  @bci com/intellij/openapi/util/RecursionManager <clinit> ()V 8 <appendix> argL0 ; # com/intellij/openapi/util/RecursionManager$$Lambda+0x000002390a140c20
instanceKlass com/intellij/openapi/util/RecursionManager$CalculationStack
instanceKlass com/intellij/openapi/util/RecursionGuard
instanceKlass com/intellij/openapi/util/RecursionGuard$StackStamp
instanceKlass com/intellij/openapi/util/RecursionManager
instanceKlass com/intellij/psi/PsiInferenceHelper
instanceKlass com/intellij/psi/scope/processor/FilterScopeProcessor
instanceKlass com/intellij/psi/scope/PsiScopeProcessor
instanceKlass com/intellij/psi/scope/NameHint
instanceKlass com/intellij/psi/scope/ElementClassHint
instanceKlass com/intellij/psi/impl/source/resolve/PsiResolveHelperImpl
instanceKlass com/intellij/psi/PsiResolveHelper
instanceKlass com/intellij/psi/impl/JavaPsiImplementationHelper
instanceKlass com/intellij/psi/impl/PsiElementFactoryImpl$1
instanceKlass  @bci com/intellij/psi/impl/PsiElementFactoryImpl <clinit> ()V 25 <appendix> argL0 ; # com/intellij/psi/impl/PsiElementFactoryImpl$$Lambda+0x000002390a147880
instanceKlass  @bci com/intellij/psi/PsiType <clinit> ()V 135 <appendix> argL0 ; # com/intellij/psi/PsiType$$Lambda+0x000002390a147670
instanceKlass com/intellij/psi/TypeAnnotationProvider$1
instanceKlass com/intellij/psi/TypeAnnotationProvider$Static
instanceKlass com/intellij/psi/TypeAnnotationProvider
instanceKlass  @bci com/intellij/psi/PsiAnnotation <clinit> ()V 7 <appendix> argL0 ; # com/intellij/psi/PsiAnnotation$$Lambda+0x000002390a146888
instanceKlass com/intellij/psi/PsiAnnotation
instanceKlass com/intellij/lang/jvm/types/JvmPrimitiveTypeKind
instanceKlass com/intellij/lang/jvm/JvmAnnotation
instanceKlass com/intellij/psi/PsiTypes
instanceKlass  @bci com/intellij/psi/impl/PsiJavaParserFacadeImpl <clinit> ()V 131 <appendix> argL0 ; # com/intellij/psi/impl/PsiJavaParserFacadeImpl$$Lambda+0x000002390a145320
instanceKlass  @bci com/intellij/psi/impl/PsiJavaParserFacadeImpl <clinit> ()V 123 <appendix> argL0 ; # com/intellij/psi/impl/PsiJavaParserFacadeImpl$$Lambda+0x000002390a145100
instanceKlass  @bci com/intellij/psi/impl/PsiJavaParserFacadeImpl <clinit> ()V 115 <appendix> argL0 ; # com/intellij/psi/impl/PsiJavaParserFacadeImpl$$Lambda+0x000002390a144ee0
instanceKlass  @bci com/intellij/psi/impl/PsiJavaParserFacadeImpl <clinit> ()V 107 <appendix> argL0 ; # com/intellij/psi/impl/PsiJavaParserFacadeImpl$$Lambda+0x000002390a144cc0
instanceKlass  @bci com/intellij/psi/impl/PsiJavaParserFacadeImpl <clinit> ()V 99 <appendix> argL0 ; # com/intellij/psi/impl/PsiJavaParserFacadeImpl$$Lambda+0x000002390a144aa0
instanceKlass  @bci com/intellij/psi/impl/PsiJavaParserFacadeImpl <clinit> ()V 91 <appendix> argL0 ; # com/intellij/psi/impl/PsiJavaParserFacadeImpl$$Lambda+0x000002390a144880
instanceKlass  @bci com/intellij/psi/impl/PsiJavaParserFacadeImpl <clinit> ()V 83 <appendix> argL0 ; # com/intellij/psi/impl/PsiJavaParserFacadeImpl$$Lambda+0x000002390a144660
instanceKlass  @bci com/intellij/psi/impl/PsiJavaParserFacadeImpl <clinit> ()V 75 <appendix> argL0 ; # com/intellij/psi/impl/PsiJavaParserFacadeImpl$$Lambda+0x000002390a144440
instanceKlass  @bci com/intellij/psi/impl/PsiJavaParserFacadeImpl <clinit> ()V 67 <appendix> argL0 ; # com/intellij/psi/impl/PsiJavaParserFacadeImpl$$Lambda+0x000002390a144220
instanceKlass  @bci com/intellij/psi/impl/PsiJavaParserFacadeImpl <clinit> ()V 59 <appendix> argL0 ; # com/intellij/psi/impl/PsiJavaParserFacadeImpl$$Lambda+0x000002390a144000
instanceKlass  @bci com/intellij/psi/impl/PsiJavaParserFacadeImpl <clinit> ()V 51 <appendix> argL0 ; # com/intellij/psi/impl/PsiJavaParserFacadeImpl$$Lambda+0x000002390a13fd98
instanceKlass  @bci com/intellij/psi/impl/PsiJavaParserFacadeImpl <clinit> ()V 43 <appendix> argL0 ; # com/intellij/psi/impl/PsiJavaParserFacadeImpl$$Lambda+0x000002390a13fb78
instanceKlass  @bci com/intellij/psi/impl/PsiJavaParserFacadeImpl <clinit> ()V 35 <appendix> argL0 ; # com/intellij/psi/impl/PsiJavaParserFacadeImpl$$Lambda+0x000002390a13f958
instanceKlass  @bci com/intellij/psi/impl/PsiJavaParserFacadeImpl <clinit> ()V 27 <appendix> argL0 ; # com/intellij/psi/impl/PsiJavaParserFacadeImpl$$Lambda+0x000002390a13f738
instanceKlass  @cpi com/intellij/psi/impl/PsiJavaParserFacadeImpl 288 form vmentry <vmtarget> ; # java/lang/invoke/LambdaForm$DMH+0x000002390a140000
instanceKlass com/intellij/lang/java/parser/JavaParserUtil$ParserWrapper
instanceKlass com/intellij/psi/PsiImportStatementBase
instanceKlass com/intellij/psi/PsiReferenceExpression
instanceKlass com/intellij/psi/PsiJavaCodeReferenceElement
instanceKlass com/intellij/psi/PsiQualifiedReferenceElement
instanceKlass com/intellij/psi/PsiQualifiedReference
instanceKlass com/intellij/psi/PsiJavaReference
instanceKlass com/intellij/psi/PsiPolyVariantReference
instanceKlass com/intellij/psi/PsiExpression
instanceKlass com/intellij/psi/PsiCaseLabelElement
instanceKlass com/intellij/psi/PsiAnnotationMemberValue
instanceKlass com/intellij/psi/PsiTypeElement
instanceKlass com/intellij/lang/jvm/types/JvmReferenceType
instanceKlass com/intellij/lang/jvm/types/JvmPrimitiveType
instanceKlass com/intellij/psi/PsiType
instanceKlass com/intellij/psi/PsiAnnotationOwner
instanceKlass com/intellij/lang/jvm/types/JvmType
instanceKlass com/intellij/lang/java/parser/BasicJavaParserUtil$ParserWrapper
instanceKlass com/intellij/psi/impl/PsiJavaParserFacadeImpl
instanceKlass com/intellij/psi/PsiElementFactory
instanceKlass com/intellij/psi/PsiJavaParserFacade
instanceKlass com/intellij/psi/JVMElementFactory
instanceKlass com/intellij/lang/injection/InjectedLanguageManager
instanceKlass com/intellij/mock/MockDumbUtil
instanceKlass com/intellij/openapi/project/DumbUtil
instanceKlass com/intellij/psi/search/impl/VirtualFileEnumeration
instanceKlass com/intellij/psi/search/impl/VirtualFileEnumerationAware
instanceKlass com/intellij/psi/search/SearchScope
instanceKlass com/intellij/psi/search/ProjectAwareFileFilter
instanceKlass com/intellij/psi/PsiDirectory
instanceKlass com/intellij/psi/impl/file/PsiDirectoryFactory
instanceKlass com/intellij/psi/util/CachedValue
instanceKlass com/intellij/psi/util/ParameterizedCachedValue
instanceKlass com/intellij/psi/impl/PsiCachedValuesFactory
instanceKlass com/intellij/psi/util/CachedValueProvider
instanceKlass com/intellij/psi/util/CachedValuesManager
instanceKlass com/intellij/psi/impl/source/tree/TreeElementVisitor
instanceKlass com/intellij/psi/PsiFileFactory
instanceKlass com/intellij/psi/impl/PsiToDocumentSynchronizer
instanceKlass  @bci com/intellij/openapi/editor/event/DocumentListener <clinit> ()V 7 <appendix> argL0 ; # com/intellij/openapi/editor/event/DocumentListener$$Lambda+0x000002390a136c08
instanceKlass com/intellij/psi/PsiRecursiveVisitor
instanceKlass com/intellij/psi/PsiElementVisitor
instanceKlass com/intellij/openapi/editor/event/DocumentListener
instanceKlass com/intellij/psi/PsiDocumentManager
instanceKlass com/intellij/core/MockDocumentCommitProcessor
instanceKlass com/intellij/psi/impl/DocumentCommitProcessor
instanceKlass com/intellij/psi/SmartPointerManager
instanceKlass com/intellij/psi/impl/file/impl/FileManagerImpl$1
instanceKlass  @bci com/intellij/psi/impl/file/impl/FileManagerImpl <init> (Lcom/intellij/psi/impl/PsiManagerImpl;Lcom/intellij/openapi/util/NotNullLazyValue;)V 93 <appendix> member <vmtarget> ; # com/intellij/psi/impl/file/impl/FileManagerImpl$$Lambda+0x000002390a1347f8
instanceKlass  @bci com/intellij/psi/impl/file/impl/FileManagerImpl <init> (Lcom/intellij/psi/impl/PsiManagerImpl;Lcom/intellij/openapi/util/NotNullLazyValue;)V 52 <appendix> argL0 ; # com/intellij/psi/impl/file/impl/FileManagerImpl$$Lambda+0x000002390a1345e8
instanceKlass com/intellij/openapi/util/Comparing
instanceKlass com/intellij/openapi/fileTypes/CharsetUtil
instanceKlass com/intellij/util/LocalTimeCounter
instanceKlass  @bci com/intellij/openapi/extensions/impl/ExtensionPointImpl addExtensionPointListener (Lcom/intellij/openapi/extensions/ExtensionPointListener;ZLcom/intellij/openapi/Disposable;)V 50 <appendix> member <vmtarget> ; # com/intellij/openapi/extensions/impl/ExtensionPointImpl$$Lambda+0x000002390a12fd10
instanceKlass com/intellij/openapi/extensions/ExtensionPointPriorityListener
instanceKlass com/intellij/openapi/extensions/ExtensionPointUtil$1
instanceKlass com/intellij/openapi/extensions/ExtensionPointUtil
instanceKlass  @bci com/intellij/openapi/vfs/DeprecatedVirtualFileSystem startEventPropagation ()V 33 <appendix> member <vmtarget> ; # com/intellij/openapi/vfs/DeprecatedVirtualFileSystem$$Lambda+0x000002390a12f4b0
instanceKlass  @bci com/intellij/openapi/vfs/VirtualFile <clinit> ()V 7 <appendix> argL0 ; # com/intellij/openapi/vfs/VirtualFile$$Lambda+0x000002390a12f2a0
instanceKlass com/intellij/openapi/vfs/NonPhysicalFileSystem
instanceKlass com/intellij/openapi/vfs/VirtualFileWithAssignedFileType
instanceKlass com/intellij/psi/impl/file/impl/FileManagerImpl
instanceKlass  @bci com/intellij/openapi/util/NotNullLazyValue createValue (Lcom/intellij/openapi/util/NotNullFactory;)Lcom/intellij/openapi/util/NotNullLazyValue; 14 <appendix> member <vmtarget> ; # com/intellij/openapi/util/NotNullLazyValue$$Lambda+0x000002390a12d1e8
instanceKlass  @cpi com/intellij/openapi/util/NotNullLazyValue 53 form vmentry <vmtarget> ; # java/lang/invoke/LambdaForm$DMH+0x000002390a130000
instanceKlass  @bci com/intellij/psi/impl/PsiManagerImpl <init> (Lcom/intellij/openapi/project/Project;)V 56 <appendix> member <vmtarget> ; # com/intellij/psi/impl/PsiManagerImpl$$Lambda+0x000002390a12cf90
instanceKlass com/intellij/openapi/util/NotNullFactory
instanceKlass com/intellij/openapi/util/Factory
instanceKlass com/intellij/openapi/vfs/VirtualFileFilter$2
instanceKlass com/intellij/openapi/vfs/VirtualFileFilter$1
instanceKlass com/intellij/openapi/vfs/VirtualFileFilter
instanceKlass  @bci com/intellij/openapi/util/LowMemoryWatcher register (Ljava/lang/Runnable;Lcom/intellij/openapi/util/LowMemoryWatcher$LowMemoryWatcherType;Lcom/intellij/openapi/Disposable;)V 36 <appendix> member <vmtarget> ; # com/intellij/openapi/util/LowMemoryWatcher$$Lambda+0x000002390a12c378
instanceKlass com/intellij/openapi/util/LowMemoryWatcher
instanceKlass  @bci com/intellij/psi/impl/source/resolve/ResolveCache <init> (Lcom/intellij/openapi/project/Project;)V 47 <appendix> member <vmtarget> ; # com/intellij/psi/impl/source/resolve/ResolveCache$$Lambda+0x000002390a12bb40
instanceKlass com/intellij/psi/impl/source/resolve/ResolveCache$1
instanceKlass com/intellij/psi/impl/AnyPsiChangeListener
instanceKlass com/intellij/openapi/wm/ex/ProgressIndicatorEx
instanceKlass com/intellij/psi/impl/file/impl/FileManager
instanceKlass com/intellij/psi/ResolveResult
instanceKlass com/intellij/psi/impl/source/resolve/ResolveCache$StrongValueReference
instanceKlass com/intellij/util/containers/ConcurrentWeakKeySoftValueHashMap$ValueReference
instanceKlass com/intellij/psi/impl/source/resolve/ResolveCache$AbstractResolver
instanceKlass com/intellij/psi/PsiReference
instanceKlass com/intellij/psi/impl/source/resolve/ResolveCache
instanceKlass com/intellij/psi/impl/PsiModificationTrackerImpl$1
instanceKlass com/intellij/openapi/project/DumbService$DumbModeListener
instanceKlass com/intellij/openapi/project/DumbService$Companion
instanceKlass com/intellij/openapi/project/DumbService
instanceKlass com/intellij/psi/util/PsiModificationTracker$Listener
instanceKlass  @bci com/intellij/util/containers/ConcurrentFactoryMap createWeakMap (Lcom/intellij/util/Function;)Ljava/util/concurrent/ConcurrentMap; 10 <appendix> argL0 ; # com/intellij/util/containers/ConcurrentFactoryMap$$Lambda+0x000002390a128b68
instanceKlass  @bci com/intellij/psi/impl/PsiModificationTrackerImpl <init> (Lcom/intellij/openapi/project/Project;)V 35 <appendix> argL0 ; # com/intellij/psi/impl/PsiModificationTrackerImpl$$Lambda+0x000002390a128910
instanceKlass com/intellij/psi/impl/PsiModificationTrackerImpl
instanceKlass com/intellij/psi/util/PsiModificationTracker
instanceKlass com/intellij/lang/jvm/facade/JvmElementProvider
instanceKlass com/intellij/psi/PsiElementFinder
instanceKlass com/intellij/psi/impl/PsiTreeChangePreprocessor
instanceKlass com/intellij/openapi/roots/PackageIndex
instanceKlass com/intellij/psi/impl/file/impl/JavaFileManager
instanceKlass com/intellij/psi/search/ProjectScopeBuilder
instanceKlass com/intellij/openapi/roots/FileIndexFacade
instanceKlass com/intellij/psi/impl/ResolveScopeManager
instanceKlass com/intellij/util/CachedValuesFactory
instanceKlass com/intellij/openapi/project/Project
instanceKlass com/intellij/core/CoreProjectEnvironment
instanceKlass org/jetbrains/kotlin/cli/jvm/compiler/KotlinCoreEnvironment$Companion$getOrCreateApplicationEnvironment$1$2
instanceKlass org/jetbrains/kotlin/cli/common/PropertiesKt
instanceKlass kotlin/jvm/internal/CallableReference$NoReceiver
instanceKlass kotlin/reflect/KDeclarationContainer
instanceKlass kotlin/jvm/internal/CallableReference
instanceKlass kotlin/reflect/KFunction
instanceKlass kotlin/reflect/KCallable
instanceKlass kotlin/reflect/KAnnotatedElement
instanceKlass org/jetbrains/kotlin/cli/common/CompilerSystemProperties$Companion
instanceKlass  @bci org/jetbrains/kotlin/cli/jvm/compiler/KotlinCoreEnvironment$Companion getOrCreateApplicationEnvironment (Lcom/intellij/openapi/Disposable;Lorg/jetbrains/kotlin/config/CompilerConfiguration;Lorg/jetbrains/kotlin/cli/jvm/compiler/KotlinCoreApplicationEnvironmentMode;)Lorg/jetbrains/kotlin/cli/jvm/compiler/KotlinCoreApplicationEnvironment; 77 <appendix> argL0 ; # org/jetbrains/kotlin/cli/jvm/compiler/KotlinCoreEnvironment$Companion$$Lambda+0x000002390a125870
instanceKlass com/intellij/pom/java/InternalPersistentJavaLanguageLevelReaderService$DefaultImpl
instanceKlass com/intellij/pom/java/InternalPersistentJavaLanguageLevelReaderService
instanceKlass com/intellij/openapi/vfs/VirtualFileSet
instanceKlass com/intellij/openapi/vfs/CompactVirtualFileSetFactory
instanceKlass com/intellij/openapi/vfs/VirtualFileSetFactoryKt
instanceKlass com/intellij/openapi/vfs/VirtualFileSetFactory
instanceKlass com/intellij/openapi/application/TransactionGuard
instanceKlass com/intellij/psi/util/JavaClassSupers
instanceKlass org/jetbrains/kotlin/load/kotlin/KotlinBinaryClassCache$Companion
instanceKlass org/jetbrains/kotlin/load/kotlin/KotlinBinaryClassCache
instanceKlass org/jetbrains/kotlin/psi/stubs/KotlinFileStub
instanceKlass org/jetbrains/kotlin/parsing/KotlinParserDefinition$Companion
instanceKlass org/jetbrains/kotlin/parsing/KotlinCommonParserDefinition
instanceKlass  @bci org/jetbrains/kotlin/idea/KotlinFileType <init> ()V 8 <appendix> argL0 ; # org/jetbrains/kotlin/idea/KotlinFileType$$Lambda+0x000002390a11ee88
instanceKlass sun/invoke/util/VerifyAccess$1
instanceKlass javax/swing/Icon
instanceKlass com/intellij/util/keyFMap/OneElementFMap
instanceKlass com/intellij/openapi/extensions/impl/ExtensionProcessingHelper
instanceKlass  @bci com/intellij/lang/LanguageUtil matchingMetaLanguages (Lcom/intellij/lang/Language;)Ljava/util/List; 94 <appendix> member <vmtarget> ; # com/intellij/lang/LanguageUtil$$Lambda+0x000002390a11e280
instanceKlass  @cpi org/eclipse/lsp4j/jsonrpc/services/ServiceEndpoints 160 form vmentry <vmtarget> ; # java/lang/invoke/LambdaForm$DMH+0x000002390a120000
instanceKlass com/intellij/openapi/extensions/impl/ExtensionsAreaImplKt
instanceKlass kotlinx/coroutines/IncompleteStateBox
instanceKlass kotlinx/coroutines/internal/LockFreeLinkedListNode
instanceKlass kotlin/coroutines/jvm/internal/CompletedContinuation
instanceKlass  @bci com/intellij/openapi/util/BuildNumber <clinit> ()V 4 <appendix> argL0 ; # com/intellij/openapi/util/BuildNumber$$Lambda+0x000002390a11ce38
instanceKlass com/intellij/openapi/util/BuildNumber
instanceKlass com/intellij/ide/plugins/PluginManagerCore
instanceKlass com/intellij/ide/plugins/PluginContentDescriptor$Companion
instanceKlass com/intellij/ide/plugins/PluginContentDescriptor
instanceKlass com/intellij/ide/plugins/IdeaPluginDescriptorImpl
instanceKlass com/intellij/ide/plugins/IdeaPluginDescriptor
instanceKlass org/codehaus/stax2/ri/typed/ValueDecoderFactory
instanceKlass com/fasterxml/aalto/in/ByteBasedPNameTable$Bucket
instanceKlass com/intellij/openapi/extensions/ExtensionPointDescriptor
instanceKlass com/fasterxml/aalto/util/DataUtil
instanceKlass com/fasterxml/aalto/in/ElementScope
instanceKlass com/fasterxml/aalto/in/ByteBasedPNameFactory
instanceKlass com/intellij/ide/plugins/ModuleDependenciesDescriptor$Companion
instanceKlass com/intellij/ide/plugins/ModuleDependenciesDescriptor
instanceKlass com/intellij/ide/plugins/ContainerDescriptor
instanceKlass com/intellij/ide/plugins/RawPluginDescriptor
instanceKlass com/fasterxml/aalto/util/BufferRecycler
instanceKlass com/fasterxml/aalto/util/NameTable
instanceKlass com/fasterxml/aalto/util/XmlCharTypes
instanceKlass com/fasterxml/aalto/in/AttributeCollector
instanceKlass com/fasterxml/aalto/util/TextBuilder
instanceKlass com/fasterxml/aalto/in/FixedNsContext
instanceKlass com/fasterxml/aalto/in/NsBinding
instanceKlass com/fasterxml/aalto/in/PName
instanceKlass org/codehaus/stax2/XMLStreamLocation2
instanceKlass org/codehaus/stax2/typed/TypedValueDecoder
instanceKlass com/fasterxml/aalto/stax/StreamReaderImpl
instanceKlass org/codehaus/stax2/XMLStreamReader2
instanceKlass org/codehaus/stax2/typed/TypedXMLStreamReader
instanceKlass javax/xml/stream/XMLStreamReader
instanceKlass org/codehaus/stax2/LocationInfo
instanceKlass com/fasterxml/aalto/in/XmlScanner
instanceKlass javax/xml/stream/XMLStreamConstants
instanceKlass javax/xml/namespace/NamespaceContext
instanceKlass javax/xml/stream/Location
instanceKlass com/fasterxml/aalto/in/InputBootstrapper
instanceKlass com/fasterxml/aalto/util/UriCanonicalizer
instanceKlass com/fasterxml/aalto/in/ReaderConfig$EncodingContext
instanceKlass com/fasterxml/aalto/impl/CommonConfig
instanceKlass com/intellij/util/xml/dom/StaxFactory
instanceKlass kotlin/jvm/internal/SpreadBuilder
instanceKlass com/intellij/ide/plugins/XmlReader
instanceKlass com/intellij/ide/plugins/JavaZipFileDataLoader
instanceKlass com/intellij/ide/plugins/DataLoader
instanceKlass kotlin/ResultKt
instanceKlass kotlinx/coroutines/internal/OpDescriptor
instanceKlass kotlinx/coroutines/DispatchedTaskKt
instanceKlass kotlinx/coroutines/CompletedExceptionally
instanceKlass kotlinx/coroutines/EventLoop_commonKt
instanceKlass kotlinx/coroutines/AbstractTimeSourceKt
instanceKlass kotlin/Result$Failure
instanceKlass kotlinx/coroutines/CompletionStateKt
instanceKlass kotlin/Result$Companion
instanceKlass kotlin/Result
instanceKlass kotlinx/coroutines/internal/ThreadContextKt
instanceKlass kotlinx/coroutines/internal/DispatchedContinuationKt
instanceKlass kotlinx/coroutines/scheduling/Task
instanceKlass kotlin/coroutines/jvm/internal/DebugProbesKt
instanceKlass kotlin/coroutines/intrinsics/IntrinsicsKt__IntrinsicsJvmKt
instanceKlass kotlinx/coroutines/intrinsics/CancellableKt
instanceKlass kotlinx/coroutines/CoroutineStart$WhenMappings
instanceKlass kotlin/coroutines/CombinedContext
instanceKlass kotlinx/coroutines/Job$DefaultImpls
instanceKlass  @bci kotlin/coroutines/CoroutineContext$DefaultImpls plus (Lkotlin/coroutines/CoroutineContext;Lkotlin/coroutines/CoroutineContext;)Lkotlin/coroutines/CoroutineContext; 19 <appendix> argL0 ; # kotlin/coroutines/CoroutineContext$DefaultImpls$$Lambda+0x000002390a10f0e0
instanceKlass kotlin/coroutines/CoroutineContext$DefaultImpls
instanceKlass kotlinx/coroutines/NonDisposableHandle
instanceKlass kotlinx/coroutines/ChildHandle
instanceKlass kotlinx/coroutines/DisposableHandle
instanceKlass kotlinx/coroutines/Job$Key
instanceKlass kotlinx/coroutines/Empty
instanceKlass kotlinx/coroutines/Incomplete
instanceKlass kotlinx/coroutines/JobSupportKt
instanceKlass kotlinx/coroutines/JobSupport
instanceKlass kotlinx/coroutines/selects/SelectClause0
instanceKlass kotlinx/coroutines/ParentJob
instanceKlass kotlinx/coroutines/ChildJob
instanceKlass kotlinx/coroutines/Job
instanceKlass kotlin/coroutines/ContinuationInterceptor$DefaultImpls
instanceKlass kotlinx/coroutines/DefaultExecutorKt
instanceKlass kotlinx/coroutines/internal/LimitedDispatcherKt
instanceKlass java/util/concurrent/atomic/AtomicReferenceArray
instanceKlass kotlinx/coroutines/internal/LockFreeTaskQueueCore$Companion
instanceKlass kotlinx/coroutines/internal/LockFreeTaskQueueCore
instanceKlass java/util/concurrent/atomic/AtomicIntegerFieldUpdater$AtomicIntegerFieldUpdaterImpl$1
instanceKlass java/util/concurrent/atomic/AtomicIntegerFieldUpdater
instanceKlass kotlinx/coroutines/internal/ResizableAtomicArray
instanceKlass kotlinx/coroutines/internal/LockFreeTaskQueue
instanceKlass kotlinx/coroutines/internal/Symbol
instanceKlass kotlinx/coroutines/scheduling/CoroutineScheduler$Companion
instanceKlass kotlinx/coroutines/scheduling/CoroutineScheduler
instanceKlass java/util/concurrent/Executor
instanceKlass kotlinx/coroutines/scheduling/TaskContextImpl
instanceKlass kotlinx/coroutines/scheduling/TaskContext
instanceKlass kotlinx/coroutines/scheduling/SchedulerTimeSource
instanceKlass kotlinx/coroutines/internal/SystemPropsKt__SystemProps_commonKt
instanceKlass kotlinx/coroutines/scheduling/TasksKt
instanceKlass kotlinx/coroutines/Dispatchers
instanceKlass kotlinx/coroutines/internal/SystemPropsKt__SystemPropsKt
instanceKlass kotlinx/coroutines/internal/SystemPropsKt
instanceKlass kotlinx/coroutines/DebugKt
instanceKlass kotlinx/coroutines/CopyableThreadContextElement
instanceKlass kotlinx/coroutines/ThreadContextElement
instanceKlass kotlin/coroutines/CoroutineContext$Element$DefaultImpls
instanceKlass kotlinx/coroutines/CoroutineContextKt
instanceKlass kotlinx/coroutines/GlobalScope
instanceKlass java/util/concurrent/atomic/AtomicReferenceFieldUpdater$AtomicReferenceFieldUpdaterImpl$1
instanceKlass java/util/concurrent/atomic/AtomicReferenceFieldUpdater
instanceKlass kotlin/coroutines/AbstractCoroutineContextKey
instanceKlass kotlin/coroutines/AbstractCoroutineContextElement
instanceKlass kotlinx/coroutines/Delay
instanceKlass kotlinx/coroutines/EventLoopKt
instanceKlass kotlinx/coroutines/ThreadLocalEventLoop
instanceKlass kotlin/coroutines/ContinuationInterceptor$Key
instanceKlass kotlin/coroutines/CoroutineContext$Key
instanceKlass kotlin/coroutines/ContinuationInterceptor
instanceKlass kotlin/coroutines/CoroutineContext$Element
instanceKlass kotlin/coroutines/EmptyCoroutineContext
instanceKlass kotlin/coroutines/CoroutineContext
instanceKlass kotlinx/coroutines/BuildersKt__BuildersKt
instanceKlass kotlinx/coroutines/BuildersKt
instanceKlass kotlin/coroutines/jvm/internal/BaseContinuationImpl
instanceKlass kotlin/coroutines/jvm/internal/CoroutineStackFrame
instanceKlass kotlin/coroutines/Continuation
instanceKlass kotlin/coroutines/jvm/internal/SuspendFunction
instanceKlass  @bci com/intellij/ide/plugins/DescriptorListLoadingContext <init> (Ljava/util/Set;Ljava/util/Set;Ljava/util/Map;Lkotlin/jvm/functions/Function0;ZZZZ)V 128 <appendix> member <vmtarget> ; # com/intellij/ide/plugins/DescriptorListLoadingContext$$Lambda+0x000002390a103388
instanceKlass com/intellij/ide/plugins/MyXmlInterner
instanceKlass com/intellij/util/xml/dom/XmlInterner
instanceKlass com/intellij/ide/plugins/DescriptorListLoadingContext
instanceKlass com/intellij/ide/plugins/ReadModuleContext
instanceKlass com/intellij/ide/plugins/PluginXmlPathResolver$Companion
instanceKlass com/intellij/ide/plugins/PluginXmlPathResolver
instanceKlass com/intellij/ide/plugins/PathResolver
instanceKlass com/intellij/ide/plugins/PluginDescriptorLoader
instanceKlass kotlin/io/CloseableKt
instanceKlass com/intellij/psi/JavaModuleSystem
instanceKlass com/intellij/psi/impl/compiled/ClsCustomNavigationPolicy
instanceKlass org/jetbrains/kotlin/cli/jvm/compiler/IdeaExtensionPoints
instanceKlass com/intellij/psi/impl/smartPointers/SmartPointerAnchorProvider
instanceKlass com/intellij/codeInsight/runner/JavaMainMethodProvider
instanceKlass com/intellij/openapi/util/NotNullLazyValue
instanceKlass  @bci com/intellij/psi/augment/PsiAugmentProvider <clinit> ()V 16 <appendix> argL0 ; # com/intellij/psi/augment/PsiAugmentProvider$$Lambda+0x000002390a0ffd28
instanceKlass com/intellij/psi/augment/PsiAugmentProvider
instanceKlass com/intellij/psi/meta/MetaDataContributor
instanceKlass com/intellij/psi/FileContextProvider
instanceKlass org/jetbrains/kotlin/cli/jvm/compiler/DummyJavaFileCodeStyleFacadeFactory
instanceKlass com/intellij/psi/codeStyle/JavaFileCodeStyleFacadeFactory
instanceKlass  @bci com/intellij/openapi/fileTypes/BinaryFileTypeDecompilers notifyDecompilerSetChange ()V 3 <appendix> argL0 ; # com/intellij/openapi/fileTypes/BinaryFileTypeDecompilers$$Lambda+0x000002390a0fe580
instanceKlass  @bci com/intellij/openapi/fileTypes/BinaryFileTypeDecompilers <init> ()V 11 <appendix> member <vmtarget> ; # com/intellij/openapi/fileTypes/BinaryFileTypeDecompilers$$Lambda+0x000002390a0fe368
instanceKlass com/intellij/psi/FileViewProvider
instanceKlass com/intellij/psi/compiled/ClsStubBuilder
instanceKlass com/intellij/psi/compiled/ClassFileDecompilers$Full
instanceKlass  @bci com/intellij/psi/compiled/ClassFileDecompilers <init> ()V 21 <appendix> argL0 ; # com/intellij/psi/compiled/ClassFileDecompilers$$Lambda+0x000002390a0fd700
instanceKlass java/util/TimSort
instanceKlass java/util/Arrays$LegacyMergeSort
instanceKlass  @bci com/intellij/util/pico/CachingConstructorInjectionComponentAdapter getGreediestSatisfiableConstructor (Lorg/picocontainer/ComponentAdapter;Lcom/intellij/util/pico/DefaultPicoContainer;Ljava/lang/Class;)Ljava/lang/reflect/Constructor; 43 <appendix> argL0 ; # com/intellij/util/pico/CachingConstructorInjectionComponentAdapter$$Lambda+0x000002390a0fd478
instanceKlass com/intellij/openapi/components/Service
instanceKlass com/intellij/psi/compiled/ClassFileDecompilers
instanceKlass com/intellij/psi/compiled/ClassFileDecompilers$Decompiler
instanceKlass com/intellij/psi/util/MethodSignature
instanceKlass com/intellij/openapi/application/QueryExecutorBase
instanceKlass com/intellij/util/QueryExecutor
instanceKlass com/intellij/psi/search/searches/SuperMethodsSearch$1
instanceKlass com/intellij/openapi/extensions/SmartExtensionPoint$1
instanceKlass com/intellij/openapi/extensions/ExtensionPointAndAreaListener
instanceKlass com/intellij/openapi/extensions/SmartExtensionPoint
instanceKlass com/intellij/util/Query
instanceKlass com/intellij/util/QueryFactory
instanceKlass  @bci com/intellij/openapi/util/registry/Registry doGet (Ljava/lang/String;)Lcom/intellij/openapi/util/registry/RegistryValue; 14 <appendix> member <vmtarget> ; # com/intellij/openapi/util/registry/Registry$$Lambda+0x000002390a0fa440
instanceKlass com/intellij/openapi/util/registry/RegistryValue
instanceKlass com/intellij/lang/folding/FoldingBuilderEx
instanceKlass com/intellij/openapi/project/PossiblyDumbAware
instanceKlass com/intellij/openapi/project/DumbAware
instanceKlass com/intellij/lang/folding/FoldingBuilder
instanceKlass com/intellij/codeInsight/folding/JavaCodeFoldingSettings
instanceKlass com/intellij/psi/PsiParameter
instanceKlass com/intellij/lang/jvm/JvmParameter
instanceKlass com/intellij/psi/presentation/java/VariablePresentationProvider
instanceKlass com/intellij/psi/PsiLocalVariable
instanceKlass com/intellij/psi/presentation/java/FieldPresentationProvider
instanceKlass com/intellij/psi/PsiField
instanceKlass com/intellij/psi/PsiVariable
instanceKlass com/intellij/lang/jvm/JvmField
instanceKlass com/intellij/psi/presentation/java/MethodPresentationProvider
instanceKlass com/intellij/psi/PsiMethod
instanceKlass com/intellij/psi/PsiParameterListOwner
instanceKlass com/intellij/lang/jvm/JvmMethod
instanceKlass com/intellij/psi/presentation/java/ClassPresentationProvider
instanceKlass com/intellij/psi/PsiClass
instanceKlass com/intellij/psi/PsiTypeParameterListOwner
instanceKlass com/intellij/psi/PsiJvmMember
instanceKlass com/intellij/psi/PsiTarget
instanceKlass com/intellij/psi/PsiNameIdentifierOwner
instanceKlass com/intellij/psi/PsiDocCommentOwner
instanceKlass com/intellij/psi/PsiMember
instanceKlass com/intellij/psi/PsiJavaDocumentedElement
instanceKlass com/intellij/pom/PomRenameableTarget
instanceKlass com/intellij/pom/PomNamedTarget
instanceKlass com/intellij/pom/PomTarget
instanceKlass com/intellij/lang/jvm/JvmClass
instanceKlass com/intellij/lang/jvm/JvmTypeParametersOwner
instanceKlass com/intellij/lang/jvm/JvmMember
instanceKlass com/intellij/lang/jvm/JvmTypeDeclaration
instanceKlass com/intellij/navigation/ItemPresentation
instanceKlass com/intellij/psi/presentation/java/PackagePresentationProvider
instanceKlass com/intellij/navigation/ItemPresentationProvider
instanceKlass com/intellij/psi/PsiPackage
instanceKlass com/intellij/psi/PsiQualifiedNamedElement
instanceKlass com/intellij/psi/PsiJvmModifiersOwner
instanceKlass com/intellij/psi/PsiModifierListOwner
instanceKlass com/intellij/lang/jvm/JvmModifiersOwner
instanceKlass com/intellij/psi/PsiDirectoryContainer
instanceKlass com/intellij/lang/jvm/JvmPackage
instanceKlass com/intellij/lang/jvm/JvmNamedElement
instanceKlass com/intellij/lang/jvm/JvmAnnotatedElement
instanceKlass com/intellij/lang/jvm/JvmElement
instanceKlass com/intellij/openapi/projectRoots/JavaVersionService
instanceKlass com/intellij/psi/JavaDirectoryService
instanceKlass com/intellij/psi/PsiSubstitutor
instanceKlass com/intellij/psi/PsiSubstitutorFactory
instanceKlass  @bci com/intellij/openapi/util/ModificationTracker <clinit> ()V 10 <appendix> argL0 ; # com/intellij/openapi/util/ModificationTracker$$Lambda+0x000002390a0f2940
instanceKlass com/intellij/openapi/util/ModificationTracker$1
instanceKlass com/intellij/psi/impl/file/PsiPackageImplementationHelper
instanceKlass  @bci com/intellij/openapi/extensions/impl/ExtensionPointImpl doRegisterExtension (Ljava/lang/Object;Lcom/intellij/openapi/extensions/LoadingOrder;Lcom/intellij/openapi/extensions/PluginDescriptor;Lcom/intellij/openapi/Disposable;)V 166 <appendix> member <vmtarget> ; # com/intellij/openapi/extensions/impl/ExtensionPointImpl$$Lambda+0x000002390a0f1ed8
instanceKlass  @cpi org/eclipse/lsp4j/jsonrpc/services/EndpointProxy 172 form vmentry <vmtarget> ; # java/lang/invoke/LambdaForm$DMH+0x000002390a0f4000
instanceKlass  @bci com/intellij/openapi/extensions/impl/ExtensionPointImpl$ObjectComponentAdapter <init> (Ljava/lang/Object;Lcom/intellij/openapi/extensions/PluginDescriptor;Lcom/intellij/openapi/extensions/LoadingOrder;)V 36 <appendix> member <vmtarget> ; # com/intellij/openapi/extensions/impl/ExtensionPointImpl$ObjectComponentAdapter$$Lambda+0x000002390a0f1cc0
instanceKlass kotlin/text/CharsKt__CharJVMKt
instanceKlass kotlin/internal/ProgressionUtilKt
instanceKlass kotlin/ranges/IntRange$Companion
instanceKlass kotlin/ranges/IntProgression$Companion
instanceKlass kotlin/ranges/RangesKt__RangesKt
instanceKlass kotlin/text/DelimitedRangesSequence$iterator$1
instanceKlass kotlin/sequences/TransformingSequence$iterator$1
instanceKlass kotlin/sequences/FilteringSequence$iterator$1
instanceKlass kotlin/sequences/FilteringSequence
instanceKlass kotlin/sequences/TransformingSequence
instanceKlass kotlin/sequences/SequencesKt__SequenceBuilderKt
instanceKlass  @bci kotlin/text/StringsKt__StringsKt splitToSequence (Ljava/lang/CharSequence;[CZI)Lkotlin/sequences/Sequence; 24 <appendix> member <vmtarget> ; # kotlin/text/StringsKt__StringsKt$$Lambda+0x000002390a0efcb0
instanceKlass kotlin/ranges/IntProgression
instanceKlass kotlin/ranges/OpenEndRange
instanceKlass kotlin/ranges/ClosedRange
instanceKlass  @bci org/jetbrains/kotlin/builtins/jvm/JvmBuiltIns initialize (Lorg/jetbrains/kotlin/descriptors/ModuleDescriptor;Z)V 9 <appendix> form vmentry <vmtarget> ; # java/lang/invoke/LambdaForm$DMH+0x000002390a0ecc00
instanceKlass  @bci kotlin/text/StringsKt__StringsKt rangesDelimitedBy$StringsKt__StringsKt (Ljava/lang/CharSequence;[CIZI)Lkotlin/sequences/Sequence; 15 <appendix> member <vmtarget> ; # kotlin/text/StringsKt__StringsKt$$Lambda+0x000002390a0ef1c8
instanceKlass  @cpi kotlin/text/StringsKt__StringsKt 744 form vmentry <vmtarget> ; # java/lang/invoke/LambdaForm$DMH+0x000002390a0ec800
instanceKlass kotlin/jvm/functions/Function2
instanceKlass kotlin/text/DelimitedRangesSequence
instanceKlass kotlin/sequences/Sequence
instanceKlass kotlin/text/StringsKt__AppendableKt
instanceKlass com/intellij/openapi/extensions/LoadingOrder$Companion
instanceKlass com/intellij/openapi/extensions/LoadingOrder
instanceKlass com/intellij/codeInsight/JavaContainerProvider
instanceKlass com/intellij/codeInsight/ContainerProvider
instanceKlass com/intellij/psi/impl/PsiExpressionEvaluator
instanceKlass com/intellij/psi/impl/ConstantExpressionEvaluator
instanceKlass com/intellij/psi/stubs/IndexSink
instanceKlass com/intellij/util/diff/FlyweightCapableTreeStructure
instanceKlass  @bci com/intellij/psi/tree/IStubFileElementType <clinit> ()V 4 <appendix> argL0 ; # com/intellij/psi/tree/IStubFileElementType$$Lambda+0x000002390a0e90a8
instanceKlass  @cpi com/intellij/psi/tree/IStubFileElementType 80 form vmentry <vmtarget> ; # java/lang/invoke/LambdaForm$DMH+0x000002390a0ec400
# instanceKlass java/lang/invoke/LambdaForm$DMH+0x000002390a0ec000
instanceKlass com/intellij/psi/impl/java/stubs/PsiJavaFileStub
instanceKlass com/intellij/psi/stubs/PsiClassHolderFileStub
instanceKlass com/intellij/psi/stubs/LightStubBuilder
instanceKlass com/intellij/psi/stubs/PsiFileStub
instanceKlass com/intellij/psi/stubs/StubElement
instanceKlass com/intellij/psi/stubs/Stub
instanceKlass com/intellij/psi/StubBuilder
instanceKlass com/intellij/psi/stubs/StubSerializer
instanceKlass com/intellij/psi/stubs/ObjectStubSerializer
instanceKlass com/intellij/lang/java/JavaParserDefinition
instanceKlass com/intellij/psi/javadoc/PsiDocTagValue
instanceKlass com/intellij/psi/javadoc/PsiDocToken
instanceKlass com/intellij/psi/javadoc/PsiSnippetAttributeValue
instanceKlass com/intellij/psi/PsiFragment
instanceKlass com/intellij/psi/PsiLiteralValue
instanceKlass com/intellij/psi/PsiKeyword
instanceKlass com/intellij/psi/PsiIdentifier
instanceKlass com/intellij/psi/PsiJavaToken
instanceKlass com/intellij/psi/impl/compiled/ClassFileStubBuilder
instanceKlass com/intellij/psi/stubs/BinaryFileStubBuilder$CompositeBinaryFileStubBuilder
instanceKlass com/intellij/psi/stubs/BinaryFileStubBuilder
instanceKlass com/intellij/psi/ClassFileViewProviderFactory
instanceKlass com/intellij/psi/FileViewProviderFactory
instanceKlass com/intellij/openapi/util/Conditions
instanceKlass  @bci com/intellij/psi/tree/IElementType <clinit> ()V 15 <appendix> argL0 ; # com/intellij/psi/tree/IElementType$$Lambda+0x000002390a0deaa8
instanceKlass  @cpi com/intellij/psi/tree/IElementType 129 form vmentry <vmtarget> ; # java/lang/invoke/LambdaForm$DMH+0x000002390a0dc400
instanceKlass com/intellij/psi/tree/IElementType$Predicate
instanceKlass  @bci com/intellij/psi/tree/IElementType <clinit> ()V 7 <appendix> argL0 ; # com/intellij/psi/tree/IElementType$$Lambda+0x000002390a0de6a8
instanceKlass com/intellij/lexer/Lexer
instanceKlass com/intellij/openapi/fileTypes/PlainTextParserDefinition
instanceKlass  @bci com/intellij/openapi/util/KeyedExtensionCollector addExplicitExtension (Ljava/lang/Object;Ljava/lang/Object;Lcom/intellij/openapi/Disposable;)V 36 <appendix> member <vmtarget> ; # com/intellij/openapi/util/KeyedExtensionCollector$$Lambda+0x000002390a0db078
instanceKlass kotlinx/collections/immutable/implementations/immutableList/AbstractListIterator
instanceKlass kotlinx/collections/immutable/internal/ListImplementation
instanceKlass  @bci com/intellij/lang/LanguageUtil <clinit> ()V 0 <appendix> argL0 ; # com/intellij/lang/LanguageUtil$$Lambda+0x000002390a0da420
instanceKlass  @cpi com/intellij/lang/LanguageUtil 130 form vmentry <vmtarget> ; # java/lang/invoke/LambdaForm$DMH+0x000002390a0dc000
instanceKlass com/intellij/lang/LanguageUtil
instanceKlass kotlin/collections/ArrayAsCollection
instanceKlass kotlinx/collections/immutable/implementations/immutableSet/TrieNodeIterator
instanceKlass kotlinx/collections/immutable/implementations/immutableSet/PersistentHashSetIterator
instanceKlass com/intellij/util/containers/ContainerUtil$9$1
instanceKlass com/intellij/util/containers/ContainerUtil$9
instanceKlass com/intellij/psi/PsiPlainText
instanceKlass com/intellij/lang/ASTFactory$DefaultFactoryHolder
instanceKlass com/intellij/ide/highlighter/ArchiveFileType
instanceKlass kotlinx/collections/immutable/implementations/immutableSet/TrieNode$Companion
instanceKlass kotlinx/collections/immutable/implementations/immutableSet/TrieNode
instanceKlass kotlinx/collections/immutable/implementations/immutableSet/PersistentHashSet$Companion
instanceKlass kotlin/collections/AbstractSet$Companion
instanceKlass kotlinx/collections/immutable/PersistentSet
instanceKlass kotlinx/collections/immutable/ImmutableSet
instanceKlass com/intellij/openapi/fileTypes/LanguageFileType
instanceKlass com/intellij/ide/highlighter/JavaClassFileType
instanceKlass com/intellij/DynamicBundle$LanguageBundleEP
instanceKlass com/intellij/util/pico/CachingConstructorInjectionComponentAdapter
instanceKlass com/intellij/openapi/application/ApplicationInfo
instanceKlass com/intellij/util/graph/GraphAlgorithms
instanceKlass com/intellij/util/messages/impl/MessagePublisher
instanceKlass com/intellij/util/messages/impl/CompositeMessageBus$WhenMappings
instanceKlass  @bci com/intellij/util/messages/impl/MessageBusImpl syncPublisher (Lcom/intellij/util/messages/Topic;)Ljava/lang/Object; 59 <appendix> member <vmtarget> ; # com/intellij/util/messages/impl/MessageBusImpl$$Lambda+0x000002390a0ce198
instanceKlass com/intellij/openapi/command/impl/CoreCommandProcessor$1
instanceKlass com/intellij/openapi/command/CommandListener
instanceKlass com/intellij/openapi/command/CommandToken
instanceKlass com/intellij/openapi/command/CommandProcessor
instanceKlass com/intellij/codeInsight/folding/CodeFoldingSettings
instanceKlass  @bci com/intellij/util/containers/Unsafe arrayBaseOffset (Ljava/lang/Class;)I 4 <adapter> ; # java/lang/invoke/LambdaForm$MH+0x000002390a0d4000
instanceKlass  @bci com/intellij/util/containers/Unsafe objectFieldOffset (Ljava/lang/reflect/Field;)J 4 <adapter> ; # java/lang/invoke/LambdaForm$MH+0x000002390a0d3c00
# instanceKlass java/lang/invoke/LambdaForm$MH+0x000002390a0d3800
# instanceKlass java/lang/invoke/LambdaForm$BMH+0x000002390a0d3400
# instanceKlass java/lang/invoke/LambdaForm$DMH+0x000002390a0d3000
# instanceKlass java/lang/invoke/LambdaForm$DMH+0x000002390a0d2c00
# instanceKlass java/lang/invoke/LambdaForm$MH+0x000002390a0d2800
# instanceKlass java/lang/invoke/LambdaForm$DMH+0x000002390a0d2400
instanceKlass  @cpi com/intellij/openapi/vfs/DeprecatedVirtualFileSystem 120 form vmentry <vmtarget> ; # java/lang/invoke/LambdaForm$DMH+0x000002390a0d2000
# instanceKlass java/lang/invoke/LambdaForm$MH+0x000002390a0d1c00
# instanceKlass java/lang/invoke/LambdaForm$MH+0x000002390a0d1800
# instanceKlass java/lang/invoke/LambdaForm$BMH+0x000002390a0d1400
# instanceKlass java/lang/invoke/LambdaForm$DMH+0x000002390a0d1000
# instanceKlass java/lang/invoke/LambdaForm$DMH+0x000002390a0d0c00
# instanceKlass java/lang/invoke/LambdaForm$MH+0x000002390a0d0800
# instanceKlass java/lang/invoke/LambdaForm$BMH+0x000002390a0d0400
# instanceKlass java/lang/invoke/LambdaForm$DMH+0x000002390a0d0000
# instanceKlass java/lang/invoke/LambdaForm$DMH+0x000002390a0cbc00
# instanceKlass java/lang/invoke/LambdaForm$MH+0x000002390a0cb800
# instanceKlass java/lang/invoke/LambdaForm$BMH+0x000002390a0cb400
# instanceKlass java/lang/invoke/LambdaForm$DMH+0x000002390a0cb000
# instanceKlass java/lang/invoke/LambdaForm$DMH+0x000002390a0cac00
# instanceKlass java/lang/invoke/LambdaForm$MH+0x000002390a0ca800
# instanceKlass java/lang/invoke/LambdaForm$BMH+0x000002390a0ca400
# instanceKlass java/lang/invoke/LambdaForm$DMH+0x000002390a0ca000
# instanceKlass java/lang/invoke/LambdaForm$DMH+0x000002390a0c9c00
# instanceKlass java/lang/invoke/LambdaForm$MH+0x000002390a0c9800
# instanceKlass java/lang/invoke/LambdaForm$DMH+0x000002390a0c9400
# instanceKlass java/lang/invoke/LambdaForm$MH+0x000002390a0c9000
# instanceKlass java/lang/invoke/LambdaForm$BMH+0x000002390a0c8c00
# instanceKlass java/lang/invoke/LambdaForm$DMH+0x000002390a0c8800
# instanceKlass java/lang/invoke/LambdaForm$DMH+0x000002390a0c8400
instanceKlass com/intellij/util/containers/Unsafe
instanceKlass com/intellij/util/ConcurrentLongObjectHashMap$CounterCell
instanceKlass com/intellij/util/ConcurrentLongObjectHashMap$Node
instanceKlass com/intellij/util/containers/ConcurrentLongObjectMap$LongEntry
instanceKlass com/intellij/util/ConcurrentLongObjectHashMap
instanceKlass com/intellij/util/containers/ConcurrentLongObjectMap
instanceKlass com/intellij/util/Java11Shim$Companion$INSTANCE$1
instanceKlass com/intellij/util/Java11Shim$Companion
instanceKlass com/intellij/util/Java11Shim
instanceKlass  @bci com/intellij/openapi/progress/ProgressManager <clinit> ()V 0 <appendix> argL0 ; # com/intellij/openapi/progress/ProgressManager$$Lambda+0x000002390a0c62a0
instanceKlass  @cpi com/intellij/openapi/progress/ProgressManager 86 form vmentry <vmtarget> ; # java/lang/invoke/LambdaForm$DMH+0x000002390a0c8000
instanceKlass java/util/concurrent/Future
instanceKlass com/intellij/openapi/progress/PerformInBackgroundOption
instanceKlass com/intellij/openapi/progress/ProgressIndicator
instanceKlass com/intellij/openapi/progress/Task
instanceKlass com/intellij/openapi/progress/TaskInfo
instanceKlass com/intellij/openapi/progress/Progressive
instanceKlass com/intellij/psi/PsiReferenceService
instanceKlass com/intellij/psi/stubs/ObjectStubTree
instanceKlass com/intellij/psi/PsiFile
instanceKlass com/intellij/psi/PsiFileSystemItem
instanceKlass com/intellij/psi/PsiCheckedRenameElement
instanceKlass com/intellij/psi/PsiNamedElement
instanceKlass com/intellij/psi/NavigatablePsiElement
instanceKlass com/intellij/psi/stubs/StubTreeLoader
instanceKlass com/intellij/psi/PsiReferenceProviderBean
instanceKlass com/intellij/psi/PsiReferenceContributor
instanceKlass com/intellij/codeInsight/highlighting/PassRunningAssert
instanceKlass it/unimi/dsi/fastutil/doubles/Double2ObjectMap
instanceKlass it/unimi/dsi/fastutil/doubles/Double2ObjectFunction
instanceKlass java/util/function/DoubleFunction
instanceKlass com/intellij/psi/PsiReferenceRegistrar
instanceKlass com/intellij/psi/PsiReferenceProvider
instanceKlass com/intellij/psi/impl/source/resolve/reference/ReferenceProvidersRegistry
instanceKlass com/intellij/lang/PsiBuilder
instanceKlass com/intellij/openapi/util/UserDataHolderUnprotected
instanceKlass com/intellij/lang/SyntaxTreeBuilder
instanceKlass com/intellij/lang/PsiBuilderFactory
instanceKlass  @bci java/util/regex/Pattern Range (II)Ljava/util/regex/Pattern$CharPredicate; 23 <appendix> member <vmtarget> ; # java/util/regex/Pattern$$Lambda+0x80000002a
instanceKlass  @bci com/intellij/openapi/util/text/StringUtil <clinit> ()V 25 <appendix> argL0 ; # com/intellij/openapi/util/text/StringUtil$$Lambda+0x000002390a0bfca8
instanceKlass  @bci com/intellij/openapi/util/text/StringUtil <clinit> ()V 17 <appendix> argL0 ; # com/intellij/openapi/util/text/StringUtil$$Lambda+0x000002390a0bfa78
instanceKlass java/io/Reader
instanceKlass com/intellij/openapi/util/text/StringUtilRt
instanceKlass com/intellij/psi/impl/source/CharTableImpl
instanceKlass com/intellij/psi/PsiLanguageInjectionHost
instanceKlass com/intellij/psi/PsiComment
instanceKlass com/intellij/model/psi/UrlReferenceHost
instanceKlass com/intellij/model/psi/PsiExternalReferenceHost
instanceKlass com/intellij/navigation/NavigationItem
instanceKlass com/intellij/pom/Navigatable
instanceKlass com/intellij/psi/PsiWhiteSpace
instanceKlass com/intellij/psi/PsiElement
instanceKlass com/intellij/psi/tree/ILazyParseableElementTypeBase
instanceKlass com/intellij/psi/tree/IElementType
instanceKlass com/intellij/lang/FileASTNode
instanceKlass com/intellij/openapi/util/Iconable
instanceKlass com/intellij/psi/impl/ReparseableASTNode
instanceKlass com/intellij/lang/ASTNode
instanceKlass com/intellij/util/CharTable
instanceKlass com/intellij/lang/ASTFactory
instanceKlass com/intellij/lang/DefaultASTFactory
instanceKlass com/intellij/openapi/vfs/encoding/EncodingRegistry
instanceKlass java/util/Collections$UnmodifiableMap$UnmodifiableEntrySet$UnmodifiableEntry
instanceKlass java/util/Collections$UnmodifiableMap$UnmodifiableEntrySet$1
instanceKlass com/intellij/openapi/extensions/impl/ImplementationClassResolver
instanceKlass com/intellij/serviceContainer/LazyExtensionInstance
instanceKlass com/intellij/openapi/extensions/PluginAware
instanceKlass com/intellij/util/KeyedLazyInstance
instanceKlass com/intellij/openapi/vfs/impl/BulkVirtualFileListenerAdapter
instanceKlass com/intellij/util/messages/impl/BaseBusConnection
instanceKlass com/intellij/util/messages/impl/MessageBusImpl$MessageHandlerHolder
instanceKlass com/intellij/util/messages/MessageBusConnection
instanceKlass com/intellij/util/messages/SimpleMessageBusConnection
instanceKlass com/intellij/openapi/vfs/impl/VirtualFileManagerImpl$LoggingListener
# instanceKlass java/lang/invoke/LambdaForm$MH+0x000002390a0b4000
instanceKlass  @bci com/intellij/util/ReflectionUtil findAssignableField (Ljava/lang/Class;Ljava/lang/Class;Ljava/lang/String;)Ljava/lang/reflect/Field; 20 <appendix> member <vmtarget> ; # com/intellij/util/ReflectionUtil$$Lambda+0x000002390a0b27f0
instanceKlass  @cpi com/intellij/util/ReflectionUtil 200 form vmentry <vmtarget> ; # java/lang/invoke/LambdaForm$DMH+0x000002390a0acc00
instanceKlass  @cpi java/util/Comparator 259 form vmentry <vmtarget> ; # java/lang/invoke/LambdaForm$DMH+0x000002390a0ac800
instanceKlass sun/misc/Unsafe
instanceKlass com/intellij/util/ReflectionUtil
instanceKlass  @bci com/intellij/util/EventDispatcher createMulticaster (Ljava/lang/Class;Ljava/util/Map;Ljava/util/function/Supplier;)Ljava/lang/Object; 54 <appendix> member <vmtarget> ; # com/intellij/util/EventDispatcher$$Lambda+0x000002390a0b23e0
instanceKlass  @bci com/intellij/util/EventDispatcher getMulticaster ()Ljava/util/EventListener; 19 <appendix> member <vmtarget> ; # com/intellij/util/EventDispatcher$$Lambda+0x000002390a0b21c8
instanceKlass com/intellij/openapi/vfs/newvfs/CachingVirtualFileSystem
instanceKlass kotlinx/collections/immutable/implementations/immutableMap/TrieNode$ModificationResult
instanceKlass kotlin/collections/ArraysUtilJVM
instanceKlass kotlin/collections/ArraysKt__ArraysJVMKt
instanceKlass kotlin/_Assertions
instanceKlass kotlinx/collections/immutable/internal/CommonFunctionsKt
instanceKlass kotlinx/collections/immutable/implementations/immutableList/SmallPersistentVector$Companion
instanceKlass kotlinx/collections/immutable/PersistentList
instanceKlass kotlinx/collections/immutable/PersistentCollection
instanceKlass kotlinx/collections/immutable/ImmutableList
instanceKlass kotlinx/collections/immutable/ImmutableCollection
instanceKlass kotlinx/collections/immutable/implementations/immutableList/UtilsKt
instanceKlass kotlinx/collections/immutable/implementations/immutableMap/TrieNodeKt
instanceKlass java/util/concurrent/atomic/AtomicBoolean
instanceKlass sun/reflect/misc/ReflectUtil
instanceKlass java/util/concurrent/atomic/AtomicLongFieldUpdater$CASUpdater$1
instanceKlass java/util/concurrent/atomic/AtomicLongFieldUpdater
instanceKlass kotlinx/collections/immutable/implementations/immutableMap/TrieNode$Companion
instanceKlass kotlinx/collections/immutable/implementations/immutableMap/TrieNode
instanceKlass kotlinx/collections/immutable/implementations/immutableMap/PersistentHashMap$Companion
instanceKlass kotlin/collections/AbstractMap$Companion
instanceKlass kotlin/collections/AbstractMap
instanceKlass kotlinx/collections/immutable/PersistentMap
instanceKlass kotlinx/collections/immutable/ImmutableMap
instanceKlass kotlinx/collections/immutable/ExtensionsKt
instanceKlass  @bci com/intellij/openapi/application/CachedSingletonsRegistry lazy (Lkotlin/jvm/functions/Function0;)Ljava/util/function/Supplier; 16 <appendix> member <vmtarget> ; # com/intellij/openapi/application/CachedSingletonsRegistry$$Lambda+0x000002390a0ae420
instanceKlass com/intellij/openapi/application/CachedSingletonsRegistry
instanceKlass  @bci com/intellij/openapi/vfs/VirtualFileManager <clinit> ()V 24 <appendix> argL0 ; # com/intellij/openapi/vfs/VirtualFileManager$$Lambda+0x000002390a0ae210
instanceKlass  @bci com/intellij/openapi/vfs/VirtualFileManager <clinit> ()V 16 <appendix> argL0 ; # com/intellij/openapi/vfs/VirtualFileManager$$Lambda+0x000002390a0ae000
instanceKlass  @cpi com/intellij/openapi/vfs/VirtualFileManager 65 form vmentry <vmtarget> ; # java/lang/invoke/LambdaForm$DMH+0x000002390a0ac400
# instanceKlass java/lang/invoke/LambdaForm$DMH+0x000002390a0ac000
instanceKlass com/intellij/openapi/vfs/newvfs/BulkFileListener
instanceKlass com/intellij/util/messages/Topic
instanceKlass com/intellij/openapi/vfs/VirtualFileManager
instanceKlass com/intellij/openapi/extensions/ExtensionPointListener$Companion
instanceKlass com/intellij/openapi/util/EmptyRunnable
instanceKlass  @bci com/intellij/openapi/extensions/impl/ExtensionPointImpl <clinit> ()V 24 <appendix> argL0 ; # com/intellij/openapi/extensions/impl/ExtensionPointImpl$$Lambda+0x000002390a0aa900
instanceKlass com/intellij/openapi/extensions/impl/ExtensionComponentAdapter
instanceKlass com/intellij/openapi/extensions/LoadingOrder$Orderable
instanceKlass com/intellij/openapi/extensions/ExtensionPointAdapter
instanceKlass com/intellij/openapi/extensions/ExtensionPointListener
instanceKlass com/intellij/openapi/extensions/impl/ExtensionPointImpl
instanceKlass com/intellij/openapi/extensions/ExtensionPoint
instanceKlass  @bci com/intellij/openapi/extensions/PluginId getId (Ljava/lang/String;)Lcom/intellij/openapi/extensions/PluginId; 12 <appendix> argL0 ; # com/intellij/openapi/extensions/PluginId$$Lambda+0x000002390a0a9120
instanceKlass com/intellij/openapi/extensions/PluginId
instanceKlass com/intellij/openapi/extensions/DefaultPluginDescriptor
instanceKlass com/intellij/openapi/vfs/VirtualFileManagerListener
instanceKlass  @bci com/intellij/core/CoreApplicationEnvironment <init> (Lcom/intellij/openapi/Disposable;Z)V 103 <appendix> argL0 ; # com/intellij/core/CoreApplicationEnvironment$$Lambda+0x000002390a0a8250
instanceKlass java/util/EventObject
instanceKlass com/intellij/openapi/editor/ex/DocumentEx
instanceKlass com/intellij/openapi/editor/Document
instanceKlass com/intellij/openapi/fileEditor/FileDocumentManager
instanceKlass  @bci org/jetbrains/kotlin/cli/jvm/modules/CoreJrtFileSystem <init> ()V 11 <appendix> member <vmtarget> ; # org/jetbrains/kotlin/cli/jvm/modules/CoreJrtFileSystem$$Lambda+0x000002390a0a7a98
instanceKlass  @bci org/jetbrains/kotlin/cli/jvm/modules/CoreJrtFileSystem <init> ()V 6 <appendix> member <vmtarget> ; # org/jetbrains/kotlin/cli/jvm/modules/CoreJrtFileSystem$$Lambda+0x000002390a0a7880
instanceKlass  @bci com/intellij/openapi/vfs/impl/jar/CoreJarFileSystem <init> ()V 6 <appendix> member <vmtarget> ; # com/intellij/openapi/vfs/impl/jar/CoreJarFileSystem$$Lambda+0x000002390a0a7190
instanceKlass com/intellij/openapi/vfs/impl/ArchiveHandler
instanceKlass com/intellij/util/EventDispatcher
instanceKlass com/intellij/openapi/vfs/VirtualFileListener
instanceKlass  @bci com/intellij/util/ArrayUtil <clinit> ()V 95 <appendix> argL0 ; # com/intellij/util/ArrayUtil$$Lambda+0x000002390a0a2a00
instanceKlass  @bci com/intellij/util/ArrayUtil <clinit> ()V 87 <appendix> argL0 ; # com/intellij/util/ArrayUtil$$Lambda+0x000002390a0a27f0
instanceKlass  @cpi com/intellij/psi/PsiAnnotation 45 form vmentry <vmtarget> ; # java/lang/invoke/LambdaForm$DMH+0x000002390a0a4800
instanceKlass com/intellij/util/ArrayUtil
instanceKlass  @bci com/intellij/util/SmartList resizeIfNecessary (I)[Ljava/lang/Object; 32 <appendix> argL0 ; # com/intellij/util/SmartList$$Lambda+0x000002390a0a23e8
instanceKlass com/intellij/util/ArrayFactory
instanceKlass  @bci com/intellij/openapi/application/ApplicationManager setApplication (Lcom/intellij/openapi/application/Application;Ljava/util/function/Supplier;Lcom/intellij/openapi/Disposable;)V 42 <appendix> member <vmtarget> ; # com/intellij/openapi/application/ApplicationManager$$Lambda+0x000002390a0a1fe0
instanceKlass  @cpi org/eclipse/lsp4j/jsonrpc/services/ServiceEndpoints 155 form vmentry <vmtarget> ; # java/lang/invoke/LambdaForm$DMH+0x000002390a0a4400
instanceKlass  @bci com/intellij/core/CoreApplicationEnvironment <init> (Lcom/intellij/openapi/Disposable;Z)V 59 <appendix> member <vmtarget> ; # com/intellij/core/CoreApplicationEnvironment$$Lambda+0x000002390a0a1dc8
instanceKlass  @bci com/intellij/openapi/extensions/Extensions setRootArea (Lcom/intellij/openapi/extensions/impl/ExtensionsAreaImpl;Lcom/intellij/openapi/Disposable;)V 26 <appendix> member <vmtarget> ; # com/intellij/openapi/extensions/Extensions$$Lambda+0x000002390a0a1bb0
instanceKlass  @cpi org/sqlite/SQLiteJDBCLoader 310 form vmentry <vmtarget> ; # java/lang/invoke/LambdaForm$DMH+0x000002390a0a4000
instanceKlass com/intellij/openapi/extensions/Extensions
instanceKlass com/intellij/openapi/util/ObjectNode$ListNodeChildren
instanceKlass com/intellij/openapi/util/Disposer$CheckedDisposableImpl
instanceKlass com/intellij/openapi/util/CheckedDisposable
instanceKlass com/intellij/openapi/extensions/impl/ExtensionsAreaImpl
instanceKlass com/intellij/util/pico/DefaultPicoContainer$InstanceComponentAdapter
instanceKlass com/intellij/util/pico/DefaultPicoContainer$LinkedHashSetWrapper
instanceKlass org/picocontainer/ComponentAdapter
instanceKlass  @bci com/intellij/util/messages/impl/RootBus <init> (Lcom/intellij/util/messages/MessageBusOwner;)V 45 <appendix> argL0 ; # com/intellij/util/messages/impl/RootBus$$Lambda+0x000002390a09fb38
instanceKlass com/intellij/util/messages/impl/MessageQueue
instanceKlass com/intellij/util/messages/impl/CompositeMessageBusKt
instanceKlass java/util/concurrent/ConcurrentLinkedQueue$Node
instanceKlass com/intellij/util/messages/impl/MessageBusImpl$Companion
instanceKlass com/intellij/util/messages/impl/MessageBusImpl
instanceKlass com/intellij/util/messages/impl/MessageBusEx
instanceKlass com/intellij/util/messages/MessageBusFactory
instanceKlass com/intellij/util/keyFMap/DebugFMap
instanceKlass com/intellij/util/keyFMap/EmptyFMap
instanceKlass com/intellij/util/keyFMap/KeyFMap
instanceKlass kotlinx/coroutines/CoroutineScope
instanceKlass com/intellij/openapi/application/ModalityState
instanceKlass com/intellij/openapi/extensions/ExtensionsArea
instanceKlass com/intellij/util/pico/DefaultPicoContainer
instanceKlass com/intellij/util/messages/MessageBus
instanceKlass com/intellij/openapi/fileTypes/UnknownFileType
instanceKlass com/intellij/util/text/CharArrayCharSequence
instanceKlass com/intellij/util/text/CharSequenceBackedByArray
instanceKlass com/intellij/openapi/util/text/CharSequenceWithStringHash
instanceKlass com/intellij/openapi/util/text/Strings
instanceKlass com/intellij/util/text/StringKt
instanceKlass sun/nio/fs/WindowsChannelFactory$2
instanceKlass sun/nio/fs/WindowsChannelFactory$Flags
instanceKlass sun/nio/fs/WindowsChannelFactory$1
instanceKlass sun/nio/fs/WindowsChannelFactory
instanceKlass java/nio/channels/spi/AbstractInterruptibleChannel
instanceKlass java/nio/channels/InterruptibleChannel
instanceKlass java/nio/channels/ScatteringByteChannel
instanceKlass java/nio/channels/GatheringByteChannel
instanceKlass java/nio/channels/SeekableByteChannel
instanceKlass java/nio/channels/ByteChannel
instanceKlass java/nio/channels/WritableByteChannel
instanceKlass java/nio/channels/ReadableByteChannel
instanceKlass java/nio/channels/Channel
instanceKlass java/nio/file/FileChannelLinesSpliterator
instanceKlass com/intellij/openapi/application/PathManager
instanceKlass  @bci com/intellij/util/concurrency/SynchronizedClearableLazy getValue ()Ljava/lang/Object; 30 <appendix> member <vmtarget> ; # com/intellij/util/concurrency/SynchronizedClearableLazy$$Lambda+0x000002390a09b1d8
instanceKlass java/util/function/UnaryOperator
instanceKlass com/intellij/util/ObjectUtils$Sentinel
instanceKlass com/intellij/util/ObjectUtils
instanceKlass com/intellij/util/concurrency/SynchronizedClearableLazy$Companion
instanceKlass com/intellij/util/concurrency/SynchronizedClearableLazy
instanceKlass kotlin/UNINITIALIZED_VALUE
instanceKlass kotlin/SynchronizedLazyImpl
instanceKlass kotlin/Lazy
instanceKlass kotlin/LazyKt__LazyJVMKt
instanceKlass kotlin/jvm/internal/Lambda
instanceKlass kotlin/jvm/internal/FunctionBase
instanceKlass kotlin/jvm/functions/Function0
instanceKlass com/intellij/openapi/util/registry/EarlyAccessRegistryManagerKt
instanceKlass com/intellij/openapi/util/registry/EarlyAccessRegistryManager
instanceKlass com/intellij/ide/plugins/DisabledPluginsState$Companion
instanceKlass com/intellij/ide/plugins/DisabledPluginsState
instanceKlass com/intellij/ide/plugins/PluginEnabler$Headless
instanceKlass com/intellij/ide/plugins/PluginEnabler
instanceKlass org/jetbrains/kotlin/cli/jvm/compiler/KotlinCoreApplicationEnvironmentMode$UnitTest
instanceKlass org/jetbrains/kotlin/cli/jvm/compiler/KotlinCoreApplicationEnvironment$Companion
instanceKlass com/intellij/lang/ParserDefinition
instanceKlass com/intellij/openapi/fileTypes/FileType
instanceKlass com/intellij/openapi/util/KeyedExtensionCollector
instanceKlass com/intellij/concurrency/JobLauncher
instanceKlass com/intellij/openapi/util/UserDataHolderEx
instanceKlass com/intellij/util/messages/MessageBusOwner
instanceKlass com/intellij/openapi/application/ex/ApplicationEx
instanceKlass com/intellij/openapi/extensions/PluginDescriptor
instanceKlass org/picocontainer/MutablePicoContainer
instanceKlass org/picocontainer/PicoContainer
instanceKlass com/intellij/openapi/util/SimpleModificationTracker
instanceKlass com/intellij/openapi/util/ModificationTracker
instanceKlass com/intellij/openapi/progress/ProgressIndicatorProvider
instanceKlass com/intellij/openapi/fileTypes/FileTypeRegistry
instanceKlass com/intellij/openapi/application/Application
instanceKlass com/intellij/openapi/components/ComponentManager
instanceKlass com/intellij/openapi/util/UserDataHolder
instanceKlass com/intellij/openapi/extensions/AreaInstance
instanceKlass com/intellij/core/CoreApplicationEnvironment
instanceKlass org/jetbrains/kotlin/cli/jvm/compiler/KotlinCoreApplicationEnvironmentMode$Production
instanceKlass org/jetbrains/kotlin/cli/jvm/compiler/KotlinCoreApplicationEnvironmentMode
instanceKlass com/intellij/util/ArrayUtilRt
instanceKlass com/intellij/openapi/application/ApplicationManager
instanceKlass org/jetbrains/kotlin/cli/jvm/compiler/IdeaStandaloneExecutionSetup
instanceKlass org/jetbrains/kotlin/cli/jvm/compiler/CompatKt
instanceKlass kotlin/collections/EmptyIterator
instanceKlass com/intellij/util/containers/ConcurrentFactoryMap
instanceKlass  @bci org/jetbrains/kotlin/cli/jvm/modules/CoreJrtFileSystem <clinit> ()V 16 <appendix> member <vmtarget> ; # org/jetbrains/kotlin/cli/jvm/modules/CoreJrtFileSystem$$Lambda+0x000002390a08db88
instanceKlass  @cpi org/jetbrains/kotlin/cli/jvm/modules/CoreJrtFileSystem 79 form vmentry <vmtarget> ; # java/lang/invoke/LambdaForm$DMH+0x000002390a090000
instanceKlass com/intellij/util/Function
instanceKlass  @bci org/jetbrains/kotlin/cli/jvm/modules/CoreJrtFileSystem <clinit> ()V 11 <appendix> argL0 ; # org/jetbrains/kotlin/cli/jvm/modules/CoreJrtFileSystem$$Lambda+0x000002390a08d788
instanceKlass org/jetbrains/kotlin/cli/jvm/modules/CoreJrtFileSystem$Companion
instanceKlass com/intellij/openapi/extensions/ExtensionPointName$Companion
instanceKlass com/intellij/openapi/extensions/BaseExtensionPointName
instanceKlass java/util/EventListener
instanceKlass com/intellij/openapi/vfs/VirtualFileSystem
instanceKlass com/intellij/openapi/util/Condition$3
instanceKlass com/intellij/openapi/util/Condition$2
instanceKlass com/intellij/openapi/util/Condition$1
instanceKlass  @bci org/jetbrains/kotlin/utils/JavaSdkUtil getJdkClassesRoots (Ljava/nio/file/Path;Z)Ljava/util/List; 533 <appendix> argL0 ; # org/jetbrains/kotlin/utils/JavaSdkUtil$$Lambda+0x000002390a08bd90
instanceKlass com/intellij/openapi/util/Condition
instanceKlass com/intellij/util/containers/FastUtilCaseInsensitiveStringHashingStrategy
instanceKlass com/intellij/util/containers/FastUtilHashingStrategies$1
instanceKlass com/intellij/util/containers/FastUtilHashingStrategies$SerializableHashStrategy
instanceKlass com/intellij/util/containers/FastUtilCharSequenceHashingStrategy
instanceKlass com/intellij/util/containers/FastUtilHashingStrategies
instanceKlass it/unimi/dsi/fastutil/objects/ObjectSpliterator
instanceKlass it/unimi/dsi/fastutil/objects/ObjectIterator
instanceKlass com/intellij/openapi/util/SystemInfoRt
instanceKlass java/util/concurrent/atomic/AtomicReference
instanceKlass com/intellij/openapi/util/registry/Registry$1
instanceKlass com/intellij/openapi/util/registry/RegistryValueListener
instanceKlass com/intellij/openapi/util/registry/Registry
instanceKlass org/jetbrains/kotlin/utils/JavaSdkUtil
instanceKlass  @bci java/util/regex/Pattern union (Ljava/util/regex/Pattern$CharPredicate;Ljava/util/regex/Pattern$CharPredicate;Z)Ljava/util/regex/Pattern$CharPredicate; 6 <appendix> member <vmtarget> ; # java/util/regex/Pattern$$Lambda+0x800000032
instanceKlass java/util/regex/Pattern$BitClass
instanceKlass org/jetbrains/kotlin/utils/PathUtil
instanceKlass org/jetbrains/kotlin/cli/jvm/config/JvmContentRootsKt
instanceKlass org/jetbrains/kotlin/config/JVMConfigurationKeys
instanceKlass  @bci org/jetbrains/kotlin/config/CompilerConfiguration add (Lorg/jetbrains/kotlin/config/CompilerConfigurationKey;Ljava/lang/Object;)V 32 <appendix> argL0 ; # org/jetbrains/kotlin/config/CompilerConfiguration$$Lambda+0x000002390a088820
instanceKlass org/jetbrains/kotlin/scripting/compiler/plugin/ScriptingCompilerConfigurationComponentRegistrar
instanceKlass org/jetbrains/kotlin/compiler/plugin/ComponentRegistrar$Companion
instanceKlass org/jetbrains/kotlin/compiler/plugin/ComponentRegistrar
instanceKlass org/javacs/kt/util/LoggingMessageCollector
instanceKlass org/jetbrains/kotlin/cli/common/messages/MessageCollector
instanceKlass org/jetbrains/kotlin/cli/common/CLIConfigurationKeys
instanceKlass it/unimi/dsi/fastutil/ints/Int2ObjectMap$FastEntrySet
instanceKlass it/unimi/dsi/fastutil/ints/IntSet
instanceKlass it/unimi/dsi/fastutil/ints/IntCollection
instanceKlass it/unimi/dsi/fastutil/ints/IntIterable
instanceKlass it/unimi/dsi/fastutil/ints/AbstractInt2ObjectFunction
instanceKlass it/unimi/dsi/fastutil/ints/Int2ObjectMap
instanceKlass it/unimi/dsi/fastutil/ints/Int2ObjectFunction
instanceKlass java/util/function/IntFunction
instanceKlass com/intellij/util/containers/IntKeyWeakValueHashMap
instanceKlass com/intellij/openapi/util/Key
instanceKlass org/jetbrains/kotlin/config/CompilerConfigurationKey
instanceKlass org/jetbrains/kotlin/config/CommonConfigurationKeys
instanceKlass kotlin/collections/EmptyMap
instanceKlass kotlin/collections/MapsKt__MapWithDefaultKt
instanceKlass org/jetbrains/kotlin/config/LanguageVersionSettingsImpl$Companion
instanceKlass org/jetbrains/kotlin/config/LanguageVersionSettings$Companion
instanceKlass org/jetbrains/kotlin/config/LanguageVersionSettingsImpl
instanceKlass org/jetbrains/kotlin/config/LanguageVersionSettings
instanceKlass org/jetbrains/kotlin/config/LanguageFeature$Companion
instanceKlass org/jetbrains/kotlin/config/MavenComparableVersion$IntegerItem
instanceKlass org/jetbrains/kotlin/config/MavenComparableVersion$Item
instanceKlass org/jetbrains/kotlin/config/MavenComparableVersion
instanceKlass org/jetbrains/kotlin/config/ApiVersion$Companion
instanceKlass org/jetbrains/kotlin/config/ApiVersion
instanceKlass org/jetbrains/kotlin/config/LanguageVersion$Companion
instanceKlass org/jetbrains/kotlin/config/LanguageOrApiVersion
instanceKlass org/jetbrains/kotlin/utils/DescriptionAware
instanceKlass org/jetbrains/kotlin/config/CompilerConfiguration
instanceKlass  @bci com/intellij/openapi/diagnostic/Logger <clinit> ()V 11 <appendix> argL0 ; # com/intellij/openapi/diagnostic/Logger$$Lambda+0x000002390a0804e0
instanceKlass com/intellij/openapi/diagnostic/Attachment
instanceKlass com/intellij/openapi/diagnostic/Logger$DefaultFactory
instanceKlass com/intellij/openapi/diagnostic/Logger$Factory
instanceKlass com/intellij/openapi/diagnostic/Logger
instanceKlass org/jetbrains/kotlin/cli/jvm/compiler/KotlinCoreEnvironment$Companion
instanceKlass org/jetbrains/kotlin/cli/jvm/compiler/KotlinCoreEnvironment
instanceKlass com/intellij/openapi/util/Disposer$1
instanceKlass com/intellij/util/containers/CanonicalHashingStrategy
instanceKlass  @bci com/intellij/util/containers/ConcurrentRefHashMap <clinit> ()V 23 <appendix> argL0 ; # com/intellij/util/containers/ConcurrentRefHashMap$$Lambda+0x000002390a01edc0
instanceKlass com/intellij/util/containers/ConcurrentRefHashMap$HardKey
instanceKlass com/intellij/util/containers/ConcurrentRefHashMap$1
instanceKlass com/intellij/util/containers/ConcurrentRefHashMap$KeyReference
instanceKlass com/intellij/util/containers/ConcurrentList
instanceKlass com/intellij/util/containers/ConcurrentIntObjectMap
instanceKlass com/intellij/util/containers/IntObjectMap
instanceKlass com/intellij/util/containers/ContainerUtil
instanceKlass com/intellij/openapi/util/ObjectNode$1
instanceKlass com/intellij/openapi/util/Disposer$2
instanceKlass com/intellij/openapi/util/ObjectNode$NodeChildren
instanceKlass com/intellij/openapi/util/ObjectNode
instanceKlass it/unimi/dsi/fastutil/objects/Object2ObjectMap$FastEntrySet
instanceKlass it/unimi/dsi/fastutil/objects/AbstractObject2ObjectFunction
instanceKlass it/unimi/dsi/fastutil/objects/Object2ObjectMap
instanceKlass it/unimi/dsi/fastutil/objects/Object2ObjectFunction
instanceKlass com/intellij/util/containers/RefHashMap$HardKey
instanceKlass com/intellij/util/containers/RefHashMap$Key
instanceKlass com/intellij/util/containers/IdentityHashingStrategy
instanceKlass com/intellij/util/containers/HashingStrategy
instanceKlass it/unimi/dsi/fastutil/Hash$Strategy
instanceKlass com/intellij/util/containers/CollectionFactory
instanceKlass it/unimi/dsi/fastutil/HashCommon
instanceKlass it/unimi/dsi/fastutil/objects/Reference2ObjectMap$FastEntrySet
instanceKlass it/unimi/dsi/fastutil/objects/ObjectSet
instanceKlass it/unimi/dsi/fastutil/objects/ReferenceSet
instanceKlass it/unimi/dsi/fastutil/objects/ReferenceCollection
instanceKlass it/unimi/dsi/fastutil/objects/ObjectCollection
instanceKlass it/unimi/dsi/fastutil/objects/ObjectIterable
instanceKlass it/unimi/dsi/fastutil/objects/AbstractReference2ObjectFunction
instanceKlass it/unimi/dsi/fastutil/objects/Reference2ObjectMap
instanceKlass it/unimi/dsi/fastutil/objects/Reference2ObjectFunction
instanceKlass it/unimi/dsi/fastutil/Function
instanceKlass it/unimi/dsi/fastutil/Hash
instanceKlass com/intellij/openapi/diagnostic/ControlFlowException
instanceKlass com/intellij/openapi/util/ObjectTree
instanceKlass com/intellij/openapi/Disposable
instanceKlass com/intellij/openapi/util/Disposer
instanceKlass org/javacs/kt/compiler/CompilationEnvironment
instanceKlass org/jetbrains/kotlin/cli/common/environment/UtilKt
instanceKlass org/javacs/kt/compiler/Compiler$Companion
instanceKlass org/jetbrains/kotlin/utils/exceptions/KotlinExceptionWithAttachments
instanceKlass com/intellij/openapi/diagnostic/ExceptionWithAttachments
instanceKlass org/javacs/kt/compiler/Compiler
instanceKlass kotlin/collections/EmptySet
instanceKlass kotlin/collections/SetsKt__SetsJVMKt
instanceKlass kotlin/collections/CollectionsKt__CollectionsJVMKt
instanceKlass sun/nio/fs/WindowsSecurityDescriptor
instanceKlass sun/nio/fs/WindowsPath$1
instanceKlass sun/security/provider/AbstractDrbg$NonceProvider
instanceKlass  @bci sun/security/provider/AbstractDrbg$SeederHolder <clinit> ()V 42 <appendix> member <vmtarget> ; # sun/security/provider/AbstractDrbg$SeederHolder$$Lambda+0x000002390a024830
instanceKlass  @cpi sun/security/provider/AbstractDrbg$SeederHolder 91 form vmentry <vmtarget> ; # java/lang/invoke/LambdaForm$DMH+0x000002390a014c00
# instanceKlass java/lang/invoke/LambdaForm$DMH+0x000002390a014800
instanceKlass sun/nio/fs/BasicFileAttributesHolder
instanceKlass sun/nio/fs/WindowsDirectoryStream$WindowsDirectoryIterator
instanceKlass sun/nio/fs/WindowsDirectoryStream
instanceKlass java/nio/file/DirectoryStream
instanceKlass java/nio/file/Files$AcceptAllFilter
instanceKlass java/nio/file/DirectoryStream$Filter
instanceKlass java/net/NetworkInterface$1
instanceKlass java/net/DefaultInterface
instanceKlass java/net/Inet6Address$Inet6AddressHolder
instanceKlass java/net/InetAddress$PlatformResolver
instanceKlass java/net/spi/InetAddressResolver
instanceKlass java/net/spi/InetAddressResolver$LookupPolicy
instanceKlass java/net/Inet4AddressImpl
instanceKlass java/net/Inet6AddressImpl
instanceKlass java/net/InetAddressImpl
instanceKlass java/util/concurrent/ConcurrentSkipListMap$Node
instanceKlass java/util/concurrent/ConcurrentSkipListMap$Index
instanceKlass java/util/concurrent/ConcurrentNavigableMap
instanceKlass java/net/InetAddress$InetAddressHolder
instanceKlass java/net/InetAddress$1
instanceKlass jdk/internal/access/JavaNetInetAddressAccess
instanceKlass java/net/InetAddress
instanceKlass java/net/InterfaceAddress
instanceKlass java/net/NetworkInterface
instanceKlass java/util/Collections$UnmodifiableCollection$1
instanceKlass sun/security/provider/SeedGenerator$1
instanceKlass sun/security/provider/SeedGenerator
instanceKlass sun/security/provider/AbstractDrbg$SeederHolder
instanceKlass java/security/DrbgParameters$NextBytes
instanceKlass  @bci sun/security/provider/AbstractDrbg <clinit> ()V 12 <appendix> argL0 ; # sun/security/provider/AbstractDrbg$$Lambda+0x000002390a021fa8
instanceKlass  @cpi sun/security/provider/AbstractDrbg 383 form vmentry <vmtarget> ; # java/lang/invoke/LambdaForm$DMH+0x000002390a014400
# instanceKlass java/lang/invoke/LambdaForm$DMH+0x000002390a014000
instanceKlass sun/security/provider/EntropySource
instanceKlass sun/security/provider/AbstractDrbg
instanceKlass java/security/DrbgParameters$Instantiation
instanceKlass java/security/DrbgParameters
instanceKlass sun/security/provider/MoreDrbgParameters
instanceKlass  @bci sun/security/provider/DRBG <init> (Ljava/security/SecureRandomParameters;)V 26 <appendix> argL0 ; # sun/security/provider/DRBG$$Lambda+0x000002390a020ae8
instanceKlass java/security/SecureRandomSpi
instanceKlass java/util/AbstractList$Itr
instanceKlass java/util/Random
instanceKlass java/util/random/RandomGenerator
instanceKlass java/nio/file/TempFileHelper
instanceKlass java/nio/file/attribute/FileAttribute
instanceKlass org/javacs/kt/CompilerClassPath
instanceKlass org/javacs/kt/database/DatabaseService$Companion
instanceKlass org/javacs/kt/database/DatabaseService
instanceKlass org/javacs/kt/KtfmtConfiguration
instanceKlass org/javacs/kt/FormattingConfiguration
instanceKlass org/javacs/kt/InlayHintsConfiguration
instanceKlass org/javacs/kt/ExternalSourcesConfiguration
instanceKlass org/javacs/kt/IndexingConfiguration
instanceKlass org/javacs/kt/ScriptsConfiguration
instanceKlass org/javacs/kt/DiagnosticsConfiguration
instanceKlass org/javacs/kt/SnippetsConfiguration
instanceKlass org/javacs/kt/CompletionConfiguration
instanceKlass org/javacs/kt/JVMConfiguration
instanceKlass org/javacs/kt/CompilerConfiguration
instanceKlass org/javacs/kt/CodegenConfiguration
instanceKlass org/javacs/kt/Configuration
instanceKlass org/javacs/kt/KotlinLanguageServer$Companion
instanceKlass org/javacs/kt/KotlinLanguageServer
instanceKlass org/eclipse/lsp4j/services/LanguageClientAware
instanceKlass org/eclipse/lsp4j/services/LanguageServer
instanceKlass sun/security/util/ManifestEntryVerifier$SunProviderHolder
instanceKlass java/util/Base64$Encoder
instanceKlass java/util/Base64$Decoder
instanceKlass java/util/Base64
instanceKlass javax/crypto/SecretKey
instanceKlass sun/security/util/Length
instanceKlass sun/security/util/KeyUtil
instanceKlass java/security/interfaces/XECKey
instanceKlass java/security/interfaces/ECKey
instanceKlass sun/security/util/JarConstraintsParameters
instanceKlass sun/security/util/ConstraintsParameters
instanceKlass java/security/CodeSigner
instanceKlass java/security/Timestamp
instanceKlass sun/security/timestamp/TimestampToken
instanceKlass java/security/cert/CertPath
instanceKlass java/math/MutableBigInteger
instanceKlass sun/security/rsa/RSAPadding
instanceKlass sun/security/rsa/RSACore
instanceKlass java/security/interfaces/RSAPrivateCrtKey
instanceKlass sun/security/pkcs/PKCS8Key
instanceKlass sun/security/util/InternalPrivateKey
instanceKlass java/security/interfaces/RSAPrivateKey
instanceKlass java/security/PrivateKey
instanceKlass javax/security/auth/Destroyable
instanceKlass jdk/internal/icu/util/CodePointTrie$Data
instanceKlass jdk/internal/icu/util/CodePointMap
instanceKlass jdk/internal/icu/util/VersionInfo
instanceKlass  @bci jdk/internal/module/SystemModuleFinders$SystemModuleReader open (Ljava/lang/String;)Ljava/util/Optional; 6 <appendix> member <vmtarget> ; # jdk/internal/module/SystemModuleFinders$SystemModuleReader$$Lambda+0x000002390a078780
instanceKlass jdk/internal/icu/impl/ICUBinary$1
instanceKlass jdk/internal/icu/impl/ICUBinary
instanceKlass jdk/internal/icu/impl/NormalizerImpl$IsAcceptable
instanceKlass jdk/internal/icu/impl/ICUBinary$Authenticate
instanceKlass jdk/internal/icu/impl/NormalizerImpl
instanceKlass jdk/internal/icu/impl/Norm2AllModes$Norm2AllModesSingleton
instanceKlass jdk/internal/icu/impl/Norm2AllModes$NFKCSingleton
instanceKlass jdk/internal/icu/impl/Norm2AllModes
instanceKlass jdk/internal/icu/text/Normalizer2
instanceKlass jdk/internal/icu/text/NormalizerBase$ModeImpl
instanceKlass jdk/internal/icu/text/NormalizerBase$NFKDModeImpl
instanceKlass jdk/internal/icu/text/NormalizerBase$1
instanceKlass jdk/internal/icu/text/NormalizerBase$Mode
instanceKlass jdk/internal/icu/text/NormalizerBase
instanceKlass java/text/Normalizer
instanceKlass sun/security/x509/AVAKeyword
instanceKlass sun/security/jca/ServiceId
instanceKlass java/security/Signature$1
instanceKlass jdk/internal/access/JavaSecuritySignatureAccess
instanceKlass java/security/SignatureSpi
instanceKlass sun/security/util/SignatureUtil
instanceKlass java/lang/invoke/VarHandle$AccessDescriptor
instanceKlass sun/security/provider/ByteArrayAccess$BE
instanceKlass sun/security/provider/ByteArrayAccess
instanceKlass sun/security/util/MessageDigestSpi2
instanceKlass java/security/MessageDigestSpi
instanceKlass sun/security/pkcs/PKCS9Attribute
instanceKlass sun/security/pkcs/PKCS9Attributes
instanceKlass java/time/Instant
instanceKlass java/time/zone/ZoneOffsetTransition
instanceKlass java/time/LocalTime
instanceKlass java/time/temporal/ValueRange
instanceKlass java/time/Duration
instanceKlass java/time/temporal/TemporalAmount
instanceKlass java/time/temporal/TemporalUnit
instanceKlass java/time/temporal/TemporalField
instanceKlass java/time/LocalDate
instanceKlass java/time/chrono/ChronoLocalDate
instanceKlass java/time/ZonedDateTime
instanceKlass java/time/chrono/ChronoZonedDateTime
instanceKlass java/time/LocalDateTime
instanceKlass java/time/chrono/ChronoLocalDateTime
instanceKlass java/time/temporal/Temporal
instanceKlass java/time/zone/ZoneOffsetTransitionRule
instanceKlass java/time/zone/ZoneRules
instanceKlass  @bci java/time/ZoneOffset ofTotalSeconds (I)Ljava/time/ZoneOffset; 37 <appendix> argL0 ; # java/time/ZoneOffset$$Lambda+0x80000000c
instanceKlass java/time/temporal/TemporalAdjuster
instanceKlass java/time/temporal/TemporalAccessor
instanceKlass java/time/ZoneId
instanceKlass  @bci java/util/regex/Pattern Single (I)Ljava/util/regex/Pattern$BmpCharPredicate; 1 <appendix> member <vmtarget> ; # java/util/regex/Pattern$$Lambda+0x800000029
instanceKlass  @bci java/util/regex/CharPredicates ASCII_DIGIT ()Ljava/util/regex/Pattern$BmpCharPredicate; 0 <appendix> argL0 ; # java/util/regex/CharPredicates$$Lambda+0x800000025
instanceKlass  @bci java/util/regex/CharPredicates ASCII_SPACE ()Ljava/util/regex/Pattern$BmpCharPredicate; 0 <appendix> argL0 ; # java/util/regex/CharPredicates$$Lambda+0x800000026
instanceKlass java/util/regex/Pattern$BmpCharPredicate
instanceKlass java/util/regex/CharPredicates
instanceKlass sun/security/util/DisabledAlgorithmConstraints$Constraints$Holder
instanceKlass sun/security/util/DisabledAlgorithmConstraints$Constraint
instanceKlass java/util/Collections$UnmodifiableCollection
instanceKlass java/security/spec/ECFieldF2m
instanceKlass java/security/spec/ECParameterSpec
instanceKlass java/security/spec/ECPoint
instanceKlass java/security/spec/EllipticCurve
instanceKlass java/security/spec/ECFieldFp
instanceKlass java/security/spec/ECField
instanceKlass sun/security/util/CurveDB
instanceKlass sun/security/util/DisabledAlgorithmConstraints$Constraints
instanceKlass java/util/regex/IntHashSet
instanceKlass java/util/regex/Matcher
instanceKlass java/util/regex/MatchResult
instanceKlass java/util/Arrays$ArrayItr
instanceKlass sun/security/util/AbstractAlgorithmConstraints$1
instanceKlass sun/security/util/AlgorithmDecomposer
instanceKlass sun/security/util/DisabledAlgorithmConstraints$JarHolder
instanceKlass java/util/regex/Pattern$TreeInfo
instanceKlass  @bci java/util/regex/Pattern DOT ()Ljava/util/regex/Pattern$CharPredicate; 0 <appendix> argL0 ; # java/util/regex/Pattern$$Lambda+0x000002390a06cbf8
instanceKlass java/util/regex/Pattern$CharPredicate
instanceKlass java/util/regex/ASCII
instanceKlass java/util/regex/Pattern$Node
instanceKlass java/util/regex/Pattern
instanceKlass sun/security/util/AbstractAlgorithmConstraints
instanceKlass java/security/AlgorithmConstraints
instanceKlass sun/security/pkcs/SignerInfo
instanceKlass java/security/cert/PolicyQualifierInfo
instanceKlass sun/security/x509/RFC822Name
instanceKlass sun/security/x509/CertificatePolicyId
instanceKlass sun/security/x509/PolicyInformation
instanceKlass sun/security/x509/DistributionPoint
instanceKlass sun/security/x509/DNSName
instanceKlass sun/security/x509/URIName
instanceKlass sun/security/x509/GeneralName
instanceKlass sun/security/x509/AccessDescription
instanceKlass sun/security/x509/GeneralNames
instanceKlass java/lang/invoke/VarForm
instanceKlass java/lang/invoke/VarHandleGuards
instanceKlass java/lang/invoke/VarHandles
instanceKlass jdk/internal/event/EventHelper
instanceKlass sun/security/jca/JCAUtil
instanceKlass sun/security/util/MemoryCache$CacheEntry
instanceKlass sun/security/x509/KeyIdentifier
# instanceKlass java/lang/invoke/LambdaForm$MH+0x000002390a00ac00
instanceKlass sun/security/x509/OIDMap$OIDInfo
instanceKlass sun/security/x509/PKIXExtensions
instanceKlass sun/security/x509/OIDMap
instanceKlass sun/security/x509/Extension
instanceKlass java/security/cert/Extension
instanceKlass sun/security/x509/CertificateExtensions
instanceKlass sun/security/rsa/RSAUtil
instanceKlass java/security/interfaces/RSAPublicKey
instanceKlass java/security/interfaces/RSAKey
instanceKlass java/security/spec/PSSParameterSpec
instanceKlass java/security/spec/AlgorithmParameterSpec
instanceKlass java/security/spec/RSAPrivateKeySpec
instanceKlass java/security/spec/RSAPublicKeySpec
instanceKlass java/security/KeyFactorySpi
instanceKlass sun/security/rsa/SunRsaSignEntries
instanceKlass sun/security/jca/ProviderList$ServiceList$1
instanceKlass java/security/KeyFactory
instanceKlass  @bci java/security/spec/EncodedKeySpec <clinit> ()V 0 <appendix> argL0 ; # java/security/spec/EncodedKeySpec$$Lambda+0x000002390a063140
instanceKlass  @cpi org/jetbrains/kotlin/resolve/jvm/KotlinJavaPsiFacade 232 form vmentry <vmtarget> ; # java/lang/invoke/LambdaForm$DMH+0x000002390a00a800
instanceKlass jdk/internal/access/JavaSecuritySpecAccess
instanceKlass java/security/spec/EncodedKeySpec
instanceKlass java/security/spec/KeySpec
instanceKlass sun/security/util/BitArray
instanceKlass sun/security/x509/X509Key
instanceKlass java/security/PublicKey
instanceKlass java/security/Key
instanceKlass sun/security/x509/CertificateX509Key
instanceKlass sun/util/calendar/CalendarUtils
instanceKlass sun/util/calendar/CalendarDate
instanceKlass sun/util/calendar/CalendarSystem$GregorianHolder
instanceKlass sun/util/calendar/CalendarSystem
instanceKlass sun/security/x509/CertificateValidity
instanceKlass sun/security/x509/AVA
instanceKlass sun/security/x509/RDN
instanceKlass javax/security/auth/x500/X500Principal
instanceKlass  @bci sun/security/x509/X500Name <clinit> ()V 153 <appendix> argL0 ; # sun/security/x509/X500Name$$Lambda+0x000002390a060d48
instanceKlass sun/security/x509/X500Name
instanceKlass sun/security/x509/GeneralNameInterface
instanceKlass sun/security/x509/CertificateAlgorithmId
instanceKlass sun/security/x509/SerialNumber
instanceKlass sun/security/x509/CertificateSerialNumber
instanceKlass sun/security/x509/CertificateVersion
instanceKlass sun/security/x509/X509CertInfo
instanceKlass sun/security/util/Cache$EqualByteArray
instanceKlass java/security/cert/X509Extension
instanceKlass java/lang/Byte$ByteCache
instanceKlass  @bci sun/security/util/DerInputStream seeOptionalContextSpecific (I)Z 2 <appendix> member <vmtarget> ; # sun/security/util/DerInputStream$$Lambda+0x000002390a05e778
instanceKlass  @cpi sun/security/util/DerInputStream 295 form vmentry <vmtarget> ; # java/lang/invoke/LambdaForm$DMH+0x000002390a00a400
instanceKlass sun/security/jca/GetInstance$Instance
instanceKlass sun/security/util/Cache
instanceKlass jdk/internal/event/Event
instanceKlass sun/security/jca/GetInstance
instanceKlass java/security/cert/CertificateFactorySpi
instanceKlass java/security/cert/CertificateFactory
instanceKlass sun/security/x509/AlgorithmId
instanceKlass sun/security/util/ByteArrayTagOrder
instanceKlass sun/security/util/ByteArrayLexOrder
instanceKlass sun/security/util/DerValue
instanceKlass sun/security/util/ObjectIdentifier
instanceKlass sun/security/pkcs/ContentInfo
instanceKlass sun/security/util/DerEncoder
instanceKlass sun/security/util/DerInputStream
instanceKlass sun/security/pkcs/PKCS7
instanceKlass sun/security/util/SecurityProviderConstants
instanceKlass java/security/Provider$UString
instanceKlass java/security/Provider$Service
instanceKlass sun/security/provider/NativePRNG$NonBlocking
instanceKlass sun/security/provider/NativePRNG$Blocking
instanceKlass sun/security/provider/NativePRNG
instanceKlass sun/security/provider/SunEntries$1
instanceKlass sun/security/provider/SunEntries
instanceKlass sun/security/util/SecurityConstants
instanceKlass sun/security/jca/ProviderList$2
instanceKlass jdk/internal/math/FloatingDecimal$ASCIIToBinaryBuffer
instanceKlass jdk/internal/math/FloatingDecimal$PreparedASCIIToBinaryBuffer
instanceKlass jdk/internal/math/FloatingDecimal$ASCIIToBinaryConverter
instanceKlass jdk/internal/math/FloatingDecimal$BinaryToASCIIBuffer
instanceKlass jdk/internal/math/FloatingDecimal$ExceptionalBinaryToASCIIBuffer
instanceKlass jdk/internal/math/FloatingDecimal$BinaryToASCIIConverter
instanceKlass jdk/internal/math/FloatingDecimal
instanceKlass javax/security/auth/login/Configuration$Parameters
instanceKlass java/security/Policy$Parameters
instanceKlass java/security/cert/CertStoreParameters
instanceKlass java/security/SecureRandomParameters
instanceKlass java/security/Provider$EngineDescription
instanceKlass java/security/Provider$ServiceKey
instanceKlass sun/security/jca/ProviderConfig
instanceKlass sun/security/jca/ProviderList
instanceKlass sun/security/jca/Providers
instanceKlass  @bci sun/security/util/ManifestDigester <init> ([B)V 350 <appendix> argL0 ; # sun/security/util/ManifestDigester$$Lambda+0x000002390a052e48
instanceKlass sun/security/util/ManifestDigester$Section
instanceKlass sun/security/util/ManifestDigester$Entry
instanceKlass sun/security/util/ManifestDigester$Position
instanceKlass sun/security/util/ManifestDigester
instanceKlass sun/security/util/ManifestEntryVerifier
instanceKlass jdk/internal/misc/ThreadTracker
instanceKlass java/util/jar/JarFile$ThreadTrackHolder
instanceKlass kotlin/Pair
instanceKlass com/beust/jcommander/StringKey
# instanceKlass java/lang/invoke/LambdaForm$MH+0x000002390a00a000
# instanceKlass java/lang/invoke/LambdaForm$MH+0x000002390a009c00
# instanceKlass java/lang/invoke/LambdaForm$MH+0x000002390a009800
# instanceKlass java/lang/invoke/LambdaForm$MH+0x000002390a009400
instanceKlass com/beust/jcommander/ResourceBundle
instanceKlass java/lang/Class$AnnotationData
instanceKlass kotlin/annotation/Target
instanceKlass kotlin/annotation/Retention
instanceKlass kotlin/Metadata
instanceKlass com/beust/jcommander/Parameters
instanceKlass com/beust/jcommander/ParameterDescription
instanceKlass com/beust/jcommander/WrappedParameter
instanceKlass com/beust/jcommander/DynamicParameter
instanceKlass com/beust/jcommander/ParametersDelegate
instanceKlass java/lang/annotation/Target
# instanceKlass java/lang/invoke/LambdaForm$MH+0x000002390a009000
instanceKlass  @bci org/javacs/kt/classpath/ShellClassPathResolver$Companion global (Ljava/nio/file/Path;)Lorg/javacs/kt/classpath/ClassPathResolver; 255 <appendix> form vmentry <vmtarget> ; # java/lang/invoke/LambdaForm$MH+0x000002390a008c00
instanceKlass java/lang/reflect/Proxy$ProxyBuilder$1
instanceKlass jdk/internal/org/objectweb/asm/Edge
instanceKlass  @bci java/lang/reflect/ProxyGenerator addProxyMethod (Ljava/lang/reflect/Method;Ljava/lang/Class;)V 23 <appendix> argL0 ; # java/lang/reflect/ProxyGenerator$$Lambda+0x000002390a050ab8
instanceKlass  @bci java/lang/reflect/ProxyGenerator addProxyMethod (Ljava/lang/reflect/ProxyGenerator$ProxyMethod;)V 10 <appendix> argL0 ; # java/lang/reflect/ProxyGenerator$$Lambda+0x000002390a050888
instanceKlass java/util/StringJoiner
instanceKlass java/lang/reflect/ProxyGenerator$ProxyMethod
instanceKlass  @bci java/lang/reflect/Proxy getLoader (Ljava/lang/Module;)Ljava/lang/ClassLoader; 6 <appendix> member <vmtarget> ; # java/lang/reflect/Proxy$$Lambda+0x000002390a04ff10
instanceKlass  @bci java/lang/WeakPairMap computeIfAbsent (Ljava/lang/Object;Ljava/lang/Object;Ljava/util/function/BiFunction;)Ljava/lang/Object; 18 <appendix> member <vmtarget> ; # java/lang/WeakPairMap$$Lambda+0x000002390a04fad8
instanceKlass  @bci java/lang/Module implAddExportsOrOpens (Ljava/lang/String;Ljava/lang/Module;ZZ)V 145 <appendix> argL0 ; # java/lang/Module$$Lambda+0x000002390a04f8b8
instanceKlass  @bci java/lang/module/ModuleDescriptor$Builder packages (Ljava/util/Set;)Ljava/lang/module/ModuleDescriptor$Builder; 17 <appendix> argL0 ; # java/lang/module/ModuleDescriptor$Builder$$Lambda+0x800000002
instanceKlass java/lang/WeakPairMap$Pair$Lookup
instanceKlass java/lang/WeakPairMap$Pair
instanceKlass java/lang/WeakPairMap
instanceKlass java/lang/Module$ReflectionData
instanceKlass jdk/internal/module/Checks
instanceKlass java/lang/module/ModuleDescriptor$Builder
instanceKlass  @bci java/lang/reflect/Proxy$ProxyBuilder getDynamicModule (Ljava/lang/ClassLoader;)Ljava/lang/Module; 4 <appendix> argL0 ; # java/lang/reflect/Proxy$ProxyBuilder$$Lambda+0x000002390a04efa0
instanceKlass java/lang/PublicMethods
instanceKlass java/util/Collections$1
instanceKlass java/lang/reflect/Proxy$ProxyBuilder
instanceKlass  @bci java/lang/reflect/Proxy getProxyConstructor (Ljava/lang/Class;Ljava/lang/ClassLoader;[Ljava/lang/Class;)Ljava/lang/reflect/Constructor; 35 <appendix> argL0 ; # java/lang/reflect/Proxy$$Lambda+0x000002390a04dd30
instanceKlass java/lang/ClassValue$Version
instanceKlass java/lang/ClassValue$Identity
instanceKlass java/lang/ClassValue
instanceKlass java/lang/reflect/Proxy
instanceKlass sun/reflect/annotation/AnnotationInvocationHandler
instanceKlass java/lang/reflect/InvocationHandler
instanceKlass sun/reflect/annotation/AnnotationParser$1
instanceKlass java/lang/annotation/Inherited
instanceKlass java/lang/annotation/Retention
instanceKlass com/beust/jcommander/validators/NoValueValidator
instanceKlass com/beust/jcommander/IValueValidator
instanceKlass com/beust/jcommander/validators/NoValidator
instanceKlass com/beust/jcommander/IParameterValidator
instanceKlass  @bci sun/reflect/annotation/AnnotationParser parseClassArray (ILjava/nio/ByteBuffer;Ljdk/internal/reflect/ConstantPool;Ljava/lang/Class;)Ljava/lang/Object; 10 <appendix> member <vmtarget> ; # sun/reflect/annotation/AnnotationParser$$Lambda+0x000002390a04c440
instanceKlass com/beust/jcommander/converters/NoConverter
instanceKlass com/beust/jcommander/converters/CommaParameterSplitter
instanceKlass com/beust/jcommander/converters/IParameterSplitter
instanceKlass sun/reflect/annotation/ExceptionProxy
instanceKlass sun/reflect/annotation/AnnotationType$1
instanceKlass sun/reflect/annotation/AnnotationType
instanceKlass java/lang/reflect/GenericArrayType
instanceKlass sun/reflect/generics/visitor/Reifier
instanceKlass sun/reflect/generics/visitor/TypeTreeVisitor
instanceKlass sun/reflect/generics/factory/CoreReflectionFactory
instanceKlass sun/reflect/generics/factory/GenericsFactory
instanceKlass sun/reflect/generics/scope/AbstractScope
instanceKlass sun/reflect/generics/scope/Scope
instanceKlass sun/reflect/generics/tree/ClassTypeSignature
instanceKlass sun/reflect/generics/tree/SimpleClassTypeSignature
instanceKlass sun/reflect/generics/tree/FieldTypeSignature
instanceKlass sun/reflect/generics/tree/BaseType
instanceKlass sun/reflect/generics/tree/TypeSignature
instanceKlass sun/reflect/generics/tree/ReturnType
instanceKlass sun/reflect/generics/tree/TypeArgument
instanceKlass sun/reflect/generics/tree/TypeTree
instanceKlass sun/reflect/generics/tree/Tree
instanceKlass sun/reflect/generics/parser/SignatureParser
instanceKlass com/beust/jcommander/Parameter
instanceKlass java/util/LinkedHashMap$LinkedHashIterator
instanceKlass com/beust/jcommander/internal/Sets
instanceKlass com/beust/jcommander/Parameterized
instanceKlass com/beust/jcommander/Strings
instanceKlass com/beust/jcommander/JCommander$1
instanceKlass java/util/Date
instanceKlass com/beust/jcommander/converters/FileConverter
instanceKlass com/beust/jcommander/converters/BaseConverter
instanceKlass com/beust/jcommander/converters/StringConverter
instanceKlass com/beust/jcommander/internal/DefaultConverterFactory
instanceKlass com/beust/jcommander/JCommander$DefaultVariableArity
instanceKlass com/beust/jcommander/internal/Maps
instanceKlass com/beust/jcommander/DefaultUsageFormatter
instanceKlass com/beust/jcommander/internal/Lists
instanceKlass com/beust/jcommander/JCommander$Options$1
instanceKlass com/beust/jcommander/JCommander$Options
instanceKlass com/beust/jcommander/JCommander$Builder
instanceKlass com/beust/jcommander/IStringConverter
instanceKlass com/beust/jcommander/internal/Console
instanceKlass com/beust/jcommander/IStringConverterInstanceFactory
instanceKlass com/beust/jcommander/FuzzyMap$IKey
instanceKlass com/beust/jcommander/IStringConverterFactory
instanceKlass com/beust/jcommander/IVariableArity
instanceKlass com/beust/jcommander/IUsageFormatter
instanceKlass com/beust/jcommander/JCommander
instanceKlass org/javacs/kt/Args
instanceKlass java/util/logging/LogManager$CloseOnReset
instanceKlass java/util/logging/StreamHandler$1
instanceKlass java/util/logging/Handler$1
instanceKlass jdk/internal/logger/SimpleConsoleLogger$Formatting
instanceKlass sun/util/logging/PlatformLogger
instanceKlass sun/util/logging/PlatformLogger$ConfigurableBridge$LoggerConfiguration
instanceKlass  @bci java/util/logging/SimpleFormatter <init> ()V 5 <appendix> argL0 ; # java/util/logging/SimpleFormatter$$Lambda+0x000002390a045c60
instanceKlass java/util/logging/Formatter
instanceKlass java/util/logging/ErrorManager
instanceKlass jdk/internal/logger/DefaultLoggerFinder$1
instanceKlass java/util/logging/Logger$SystemLoggerHelper$1
instanceKlass java/util/logging/Logger$SystemLoggerHelper
instanceKlass java/util/logging/LogManager$4
instanceKlass jdk/internal/logger/BootstrapLogger$BootstrapExecutors
instanceKlass jdk/internal/logger/BootstrapLogger$RedirectedLoggers
instanceKlass java/util/ServiceLoader$ProviderImpl
instanceKlass java/util/ServiceLoader$Provider
instanceKlass java/util/ServiceLoader$1
instanceKlass java/util/concurrent/CopyOnWriteArrayList$COWIterator
instanceKlass jdk/internal/loader/URLClassPath$1
instanceKlass java/lang/CompoundEnumeration
instanceKlass jdk/internal/loader/BuiltinClassLoader$1
instanceKlass java/util/Collections$EmptyEnumeration
instanceKlass java/util/Collections$EmptyIterator
instanceKlass jdk/internal/jimage/ImageLocation
instanceKlass jdk/internal/jimage/decompressor/Decompressor
instanceKlass jdk/internal/jimage/ImageStringsReader
instanceKlass jdk/internal/jimage/ImageStrings
instanceKlass jdk/internal/jimage/ImageHeader
instanceKlass jdk/internal/jimage/NativeImageBuffer$1
instanceKlass jdk/internal/jimage/NativeImageBuffer
instanceKlass jdk/internal/jimage/BasicImageReader$1
instanceKlass jdk/internal/jimage/BasicImageReader
instanceKlass jdk/internal/jimage/ImageReader
instanceKlass jdk/internal/jimage/ImageReaderFactory$1
instanceKlass jdk/internal/jimage/ImageReaderFactory
instanceKlass jdk/internal/module/SystemModuleFinders$SystemImage
instanceKlass jdk/internal/module/SystemModuleFinders$SystemModuleReader
instanceKlass java/lang/module/ModuleReader
instanceKlass jdk/internal/loader/BuiltinClassLoader$5
instanceKlass jdk/internal/loader/BuiltinClassLoader$2
instanceKlass jdk/internal/module/Resources
instanceKlass java/util/ServiceLoader$3
instanceKlass java/util/ServiceLoader$2
instanceKlass java/util/ServiceLoader$LazyClassPathLookupIterator
instanceKlass java/util/Spliterators$1Adapter
instanceKlass java/util/Spliterators$ArraySpliterator
instanceKlass java/util/Spliterator$OfDouble
instanceKlass java/util/Spliterator$OfLong
instanceKlass java/util/Spliterator$OfInt
instanceKlass java/util/Spliterator$OfPrimitive
instanceKlass java/util/Spliterators$EmptySpliterator
instanceKlass java/util/Spliterators
instanceKlass java/util/ServiceLoader$ModuleServicesLookupIterator
instanceKlass java/util/ServiceLoader
instanceKlass jdk/internal/logger/BootstrapLogger$DetectBackend$1
instanceKlass jdk/internal/logger/BootstrapLogger$DetectBackend
instanceKlass jdk/internal/logger/BootstrapLogger
instanceKlass sun/util/logging/PlatformLogger$ConfigurableBridge
instanceKlass sun/util/logging/PlatformLogger$Bridge
instanceKlass java/lang/System$Logger
instanceKlass java/util/stream/Streams
instanceKlass java/util/stream/Stream$Builder
instanceKlass java/util/stream/Streams$AbstractStreamBuilderImpl
instanceKlass java/util/stream/Sink$ChainedReference
instanceKlass  @bci java/util/stream/FindOps$FindSink$OfRef <clinit> ()V 43 <appendix> argL0 ; # java/util/stream/FindOps$FindSink$OfRef$$Lambda+0x800000048
instanceKlass  @bci java/util/stream/FindOps$FindSink$OfRef <clinit> ()V 38 <appendix> argL0 ; # java/util/stream/FindOps$FindSink$OfRef$$Lambda+0x80000004a
instanceKlass  @bci java/util/stream/FindOps$FindSink$OfRef <clinit> ()V 16 <appendix> argL0 ; # java/util/stream/FindOps$FindSink$OfRef$$Lambda+0x800000049
instanceKlass  @bci java/util/stream/FindOps$FindSink$OfRef <clinit> ()V 11 <appendix> argL0 ; # java/util/stream/FindOps$FindSink$OfRef$$Lambda+0x80000004b
instanceKlass java/util/stream/FindOps$FindOp
instanceKlass java/util/stream/TerminalOp
instanceKlass java/util/stream/FindOps$FindSink
instanceKlass java/util/stream/TerminalSink
instanceKlass java/util/stream/Sink
instanceKlass java/util/function/Consumer
instanceKlass java/util/stream/FindOps
instanceKlass  @bci java/util/logging/Level$KnownLevel findByName (Ljava/lang/String;Ljava/util/function/Function;)Ljava/util/Optional; 29 <appendix> argL0 ; # java/util/logging/Level$KnownLevel$$Lambda+0x800000023
# instanceKlass java/lang/invoke/LambdaForm$MH+0x000002390a008800
instanceKlass jdk/internal/reflect/MethodHandleAccessorFactory$LazyStaticHolder
instanceKlass sun/reflect/annotation/AnnotationParser
instanceKlass java/lang/Class$3
instanceKlass java/util/EnumMap$1
instanceKlass java/util/stream/StreamOpFlag$MaskBuilder
instanceKlass java/util/stream/Stream
instanceKlass java/util/stream/BaseStream
instanceKlass java/util/stream/PipelineHelper
instanceKlass java/util/stream/StreamSupport
instanceKlass java/util/ArrayList$ArrayListSpliterator
instanceKlass java/util/Spliterator
instanceKlass  @bci java/util/logging/Level findLevel (Ljava/lang/String;)Ljava/util/logging/Level; 13 <appendix> argL0 ; # java/util/logging/Level$$Lambda+0x800000011
instanceKlass java/util/Hashtable$Enumerator
instanceKlass java/util/Collections$SynchronizedCollection
instanceKlass java/util/Properties$EntrySet
instanceKlass java/util/Collections$3
instanceKlass java/util/logging/LogManager$LoggerContext$1
instanceKlass java/util/logging/LogManager$VisitedLoggers
instanceKlass java/util/function/Predicate
instanceKlass  @bci org/eclipse/lsp4j/jsonrpc/services/AnnotationUtil getSegment (Ljava/lang/Class;)Ljava/lang/String; 25 <appendix> form vmentry <vmtarget> ; # java/lang/invoke/LambdaForm$MH+0x000002390a008400
instanceKlass java/net/URI$Parser
instanceKlass java/nio/file/FileSystems$DefaultFileSystemHolder$1
instanceKlass java/nio/file/FileSystems$DefaultFileSystemHolder
instanceKlass java/nio/file/FileSystems
instanceKlass java/nio/file/Paths
instanceKlass java/util/logging/LogManager$2
instanceKlass java/lang/System$LoggerFinder
instanceKlass java/security/Security$1
instanceKlass jdk/internal/access/JavaSecurityPropertiesAccess
instanceKlass java/util/concurrent/ConcurrentHashMap$MapEntry
instanceKlass java/io/FileInputStream$1
instanceKlass java/util/Properties$LineReader
instanceKlass  @bci java/security/Security <clinit> ()V 9 <appendix> argL0 ; # java/security/Security$$Lambda+0x80000000b
instanceKlass java/security/Security
instanceKlass sun/security/util/SecurityProperties
instanceKlass sun/security/util/FilePermCompat
instanceKlass java/util/logging/LogManager$LoggingProviderAccess
instanceKlass sun/util/logging/internal/LoggingProviderImpl$LogManagerAccess
instanceKlass java/lang/Shutdown$Lock
instanceKlass java/lang/Shutdown
instanceKlass java/lang/ApplicationShutdownHooks$1
instanceKlass java/lang/ApplicationShutdownHooks
instanceKlass java/util/Collections$SynchronizedMap
instanceKlass java/util/logging/LogManager$LogNode
instanceKlass java/util/logging/LogManager$LoggerContext
instanceKlass java/util/logging/LogManager$1
instanceKlass java/util/logging/LogManager
instanceKlass java/util/logging/Logger$ConfigurationData
instanceKlass java/util/logging/Logger$LoggerBundle
instanceKlass  @bci java/util/logging/Level$KnownLevel add (Ljava/util/logging/Level;)V 49 <appendix> argL0 ; # java/util/logging/Level$KnownLevel$$Lambda+0x800000022
instanceKlass  @bci org/jetbrains/kotlin/diagnostics/Errors$Initializer initializeFactoryNames (Ljava/lang/Class;)V 9 <appendix> form vmentry <vmtarget> ; # java/lang/invoke/LambdaForm$MH+0x000002390a008000
instanceKlass java/util/ArrayList$Itr
instanceKlass java/lang/invoke/InvokerBytecodeGenerator$ClassData
instanceKlass jdk/internal/org/objectweb/asm/Frame
instanceKlass java/lang/invoke/LambdaFormBuffer
instanceKlass java/lang/invoke/LambdaFormEditor$TransformKey
instanceKlass java/lang/invoke/LambdaFormEditor
instanceKlass java/lang/invoke/DelegatingMethodHandle$Holder
instanceKlass java/lang/invoke/DirectMethodHandle$2
instanceKlass java/lang/invoke/ClassSpecializer$Factory
instanceKlass java/lang/invoke/ClassSpecializer$SpeciesData
instanceKlass java/lang/invoke/ClassSpecializer$1
instanceKlass java/lang/invoke/ClassSpecializer
instanceKlass  @bci java/util/logging/Level$KnownLevel add (Ljava/util/logging/Level;)V 19 <appendix> argL0 ; # java/util/logging/Level$KnownLevel$$Lambda+0x800000021
instanceKlass java/util/logging/Level
instanceKlass java/util/logging/Handler
instanceKlass java/util/logging/Logger
instanceKlass kotlin/collections/AbstractList$Companion
instanceKlass kotlin/collections/AbstractCollection
instanceKlass kotlin/enums/EnumEntries
instanceKlass kotlin/jvm/internal/markers/KMappedMarker
instanceKlass kotlin/enums/EnumEntriesKt
instanceKlass  @bci org/javacs/kt/Logger <init> ()V 55 <appendix> member <vmtarget> ; # org/javacs/kt/Logger$$Lambda+0x000002390a002000
instanceKlass sun/invoke/empty/Empty
instanceKlass sun/invoke/util/VerifyType
instanceKlass  @bci org/javacs/kt/Logger <init> ()V 38 <appendix> member <vmtarget> ; # org/javacs/kt/Logger$$Lambda+0x000002390a001d78
instanceKlass java/lang/invoke/MethodHandles$Lookup$ClassDefiner
instanceKlass java/lang/invoke/MethodHandles$Lookup$ClassFile
instanceKlass jdk/internal/org/objectweb/asm/Handler
instanceKlass jdk/internal/org/objectweb/asm/AnnotationVisitor
instanceKlass jdk/internal/org/objectweb/asm/Attribute
instanceKlass jdk/internal/org/objectweb/asm/Label
instanceKlass jdk/internal/org/objectweb/asm/MethodVisitor
instanceKlass jdk/internal/org/objectweb/asm/FieldVisitor
instanceKlass java/lang/invoke/LambdaProxyClassArchive
instanceKlass jdk/internal/org/objectweb/asm/ByteVector
instanceKlass jdk/internal/org/objectweb/asm/Symbol
instanceKlass jdk/internal/org/objectweb/asm/SymbolTable
instanceKlass jdk/internal/org/objectweb/asm/ClassVisitor
instanceKlass java/lang/invoke/InfoFromMemberName
instanceKlass java/lang/invoke/MethodHandleInfo
instanceKlass jdk/internal/org/objectweb/asm/ConstantDynamic
instanceKlass sun/invoke/util/BytecodeDescriptor
instanceKlass jdk/internal/org/objectweb/asm/Handle
instanceKlass sun/security/action/GetBooleanAction
instanceKlass jdk/internal/org/objectweb/asm/Type
instanceKlass java/lang/invoke/AbstractValidatingLambdaMetafactory
instanceKlass java/lang/invoke/MethodHandleImpl$1
instanceKlass jdk/internal/access/JavaLangInvokeAccess
instanceKlass java/lang/invoke/Invokers$Holder
instanceKlass java/lang/invoke/BootstrapMethodInvoker
instanceKlass kotlin/Unit
instanceKlass kotlin/jvm/functions/Function1
instanceKlass kotlin/Function
instanceKlass java/lang/invoke/InvokerBytecodeGenerator$1
instanceKlass java/lang/invoke/InvokerBytecodeGenerator
instanceKlass java/lang/invoke/LambdaForm$Holder
instanceKlass java/lang/invoke/LambdaForm$Name
instanceKlass java/lang/invoke/Invokers
instanceKlass java/lang/invoke/MethodHandleImpl
instanceKlass sun/invoke/util/ValueConversions
instanceKlass java/lang/invoke/DirectMethodHandle$Holder
instanceKlass java/lang/invoke/LambdaForm$NamedFunction
instanceKlass sun/invoke/util/Wrapper$Format
instanceKlass java/lang/invoke/MethodTypeForm
instanceKlass jdk/internal/util/StrongReferenceKey
instanceKlass jdk/internal/util/ReferenceKey
instanceKlass jdk/internal/util/ReferencedKeyMap
instanceKlass java/lang/invoke/MethodType$1
instanceKlass java/lang/invoke/LambdaMetafactory
instanceKlass org/javacs/kt/Logger
instanceKlass org/javacs/kt/LoggerKt
instanceKlass kotlin/jvm/internal/Intrinsics
instanceKlass java/util/TreeMap$PrivateEntryIterator
instanceKlass java/util/TreeMap$Entry
instanceKlass java/util/NavigableMap
instanceKlass java/util/SortedMap
instanceKlass java/util/NavigableSet
instanceKlass java/util/SortedSet
instanceKlass java/util/SequencedSet
instanceKlass java/util/StringTokenizer
instanceKlass java/util/jar/JarVerifier
instanceKlass java/lang/Void
instanceKlass java/lang/PublicMethods$Key
instanceKlass java/lang/PublicMethods$MethodList
instanceKlass jdk/internal/misc/PreviewFeatures
instanceKlass jdk/internal/misc/MainMethodFinder
instanceKlass org/javacs/kt/MainKt
instanceKlass java/security/SecureClassLoader$DebugHolder
instanceKlass java/security/Permission
instanceKlass java/security/Guard
instanceKlass java/security/PermissionCollection
instanceKlass java/security/SecureClassLoader$1
instanceKlass java/util/zip/Checksum$1
instanceKlass java/util/zip/CRC32
instanceKlass java/util/zip/Checksum
instanceKlass sun/nio/ByteBuffered
instanceKlass java/lang/Package$VersionInfo
instanceKlass java/lang/NamedPackage
instanceKlass java/lang/reflect/Array
instanceKlass java/util/jar/Attributes$Name
instanceKlass java/util/SequencedMap
instanceKlass java/util/jar/Attributes
instanceKlass jdk/internal/loader/Resource
instanceKlass sun/security/action/GetIntegerAction
instanceKlass sun/security/util/Debug
instanceKlass sun/security/util/SignatureFileVerifier
instanceKlass java/util/zip/ZipFile$InflaterCleanupAction
instanceKlass java/util/zip/Inflater$InflaterZStreamRef
instanceKlass java/util/zip/Inflater
instanceKlass java/util/zip/ZipEntry
instanceKlass java/util/zip/ZipFile$2
instanceKlass java/nio/Bits$1
instanceKlass jdk/internal/misc/VM$BufferPool
instanceKlass java/nio/Bits
instanceKlass sun/nio/ch/DirectBuffer
instanceKlass jdk/internal/perf/PerfCounter$CoreCounters
instanceKlass jdk/internal/perf/Perf
instanceKlass jdk/internal/perf/Perf$GetPerfAction
instanceKlass jdk/internal/perf/PerfCounter
instanceKlass sun/util/locale/LocaleUtils
instanceKlass sun/util/locale/BaseLocale
instanceKlass java/util/Locale
instanceKlass java/nio/file/attribute/FileTime
instanceKlass java/util/zip/ZipUtils
instanceKlass java/util/zip/ZipFile$Source$End
instanceKlass java/io/RandomAccessFile$2
instanceKlass jdk/internal/access/JavaIORandomAccessFileAccess
instanceKlass java/io/RandomAccessFile
instanceKlass java/io/DataInput
instanceKlass java/io/DataOutput
instanceKlass sun/nio/fs/WindowsNativeDispatcher$CompletionStatus
instanceKlass sun/nio/fs/WindowsNativeDispatcher$AclInformation
instanceKlass sun/nio/fs/WindowsNativeDispatcher$Account
instanceKlass sun/nio/fs/WindowsNativeDispatcher$DiskFreeSpace
instanceKlass sun/nio/fs/WindowsNativeDispatcher$VolumeInformation
instanceKlass sun/nio/fs/WindowsNativeDispatcher$FirstStream
instanceKlass sun/nio/fs/WindowsNativeDispatcher$FirstFile
instanceKlass java/util/Enumeration
instanceKlass java/util/concurrent/ConcurrentHashMap$Traverser
instanceKlass jdk/internal/loader/NativeLibraries$3
instanceKlass jdk/internal/loader/NativeLibrary
instanceKlass java/util/ArrayDeque$DeqIterator
instanceKlass jdk/internal/loader/NativeLibraries$NativeLibraryContext$1
instanceKlass jdk/internal/loader/NativeLibraries$NativeLibraryContext
instanceKlass jdk/internal/loader/NativeLibraries$2
instanceKlass jdk/internal/loader/NativeLibraries$1
instanceKlass jdk/internal/loader/NativeLibraries$LibraryPaths
instanceKlass sun/nio/fs/WindowsNativeDispatcher
instanceKlass sun/nio/fs/NativeBuffer$Deallocator
instanceKlass sun/nio/fs/NativeBuffer
instanceKlass java/lang/ThreadLocal$ThreadLocalMap
instanceKlass java/lang/ThreadLocal
instanceKlass sun/nio/fs/NativeBuffers
instanceKlass sun/nio/fs/WindowsFileAttributes
instanceKlass java/nio/file/attribute/DosFileAttributes
instanceKlass sun/nio/fs/AbstractBasicFileAttributeView
instanceKlass sun/nio/fs/DynamicFileAttributeView
instanceKlass sun/nio/fs/WindowsFileAttributeViews
instanceKlass sun/nio/fs/Util
instanceKlass java/nio/file/attribute/BasicFileAttributeView
instanceKlass java/nio/file/attribute/FileAttributeView
instanceKlass java/nio/file/attribute/AttributeView
instanceKlass java/nio/file/Files
instanceKlass java/nio/file/CopyOption
instanceKlass java/nio/file/attribute/BasicFileAttributes
instanceKlass sun/nio/fs/WindowsPath
instanceKlass java/util/concurrent/ForkJoinPool$ManagedBlocker
instanceKlass java/nio/file/Path
instanceKlass java/nio/file/Watchable
instanceKlass java/util/zip/ZipFile$Source$Key
instanceKlass java/util/concurrent/locks/AbstractQueuedSynchronizer$Node
instanceKlass sun/nio/fs/WindowsPathParser$Result
instanceKlass sun/nio/fs/WindowsPathParser
instanceKlass java/nio/file/FileSystem
instanceKlass java/nio/file/OpenOption
instanceKlass java/nio/file/spi/FileSystemProvider
instanceKlass sun/nio/fs/DefaultFileSystemProvider
instanceKlass java/util/zip/ZipFile$Source
instanceKlass java/lang/ref/Cleaner$Cleanable
instanceKlass jdk/internal/ref/CleanerImpl
instanceKlass java/lang/ref/Cleaner$1
instanceKlass java/lang/ref/Cleaner
instanceKlass jdk/internal/ref/CleanerFactory$1
instanceKlass java/util/concurrent/ThreadFactory
instanceKlass jdk/internal/ref/CleanerFactory
instanceKlass java/util/zip/ZipCoder
instanceKlass java/util/zip/ZipFile$CleanableResource
instanceKlass java/lang/Runtime$Version
instanceKlass java/util/jar/JavaUtilJarAccessImpl
instanceKlass jdk/internal/access/JavaUtilJarAccess
instanceKlass jdk/internal/loader/FileURLMapper
instanceKlass jdk/internal/loader/URLClassPath$JarLoader$1
instanceKlass java/util/zip/ZipFile$1
instanceKlass jdk/internal/access/JavaUtilZipFileAccess
instanceKlass java/util/zip/ZipFile
instanceKlass java/util/zip/ZipConstants
instanceKlass jdk/internal/loader/URLClassPath$Loader
instanceKlass jdk/internal/loader/URLClassPath$3
instanceKlass java/security/PrivilegedExceptionAction
instanceKlass sun/net/util/URLUtil
instanceKlass sun/launcher/LauncherHelper
instanceKlass java/lang/invoke/StringConcatFactory
instanceKlass java/lang/ModuleLayer$Controller
instanceKlass java/util/concurrent/CopyOnWriteArrayList
instanceKlass jdk/internal/module/ServicesCatalog$ServiceProvider
instanceKlass jdk/internal/loader/AbstractClassLoaderValue$Memoizer
instanceKlass java/util/ImmutableCollections$ListItr
instanceKlass java/util/ListIterator
instanceKlass java/lang/ModuleLayer
instanceKlass jdk/internal/module/ModuleLoaderMap$Modules
instanceKlass jdk/internal/module/ModuleLoaderMap$Mapper
instanceKlass jdk/internal/module/ModuleLoaderMap
instanceKlass java/util/AbstractMap$1$1
instanceKlass java/lang/module/ResolvedModule
instanceKlass java/lang/module/Configuration
instanceKlass jdk/internal/loader/BuiltinClassLoader$LoadedModule
instanceKlass jdk/internal/loader/AbstractClassLoaderValue
instanceKlass jdk/internal/module/ServicesCatalog
instanceKlass java/util/Deque
instanceKlass java/util/Queue
instanceKlass sun/net/util/IPAddressUtil$MASKS
instanceKlass sun/net/util/IPAddressUtil
instanceKlass java/net/URLStreamHandler
instanceKlass sun/net/www/ParseUtil
instanceKlass java/net/URL$3
instanceKlass jdk/internal/access/JavaNetURLAccess
instanceKlass java/net/URL$DefaultFactory
instanceKlass java/net/URLStreamHandlerFactory
instanceKlass jdk/internal/loader/URLClassPath
instanceKlass java/security/Principal
instanceKlass java/security/ProtectionDomain$Key
instanceKlass java/security/ProtectionDomain$JavaSecurityAccessImpl
instanceKlass jdk/internal/access/JavaSecurityAccess
instanceKlass java/lang/ClassLoader$ParallelLoaders
instanceKlass java/security/cert/Certificate
instanceKlass jdk/internal/loader/ArchivedClassLoaders
instanceKlass java/util/concurrent/ConcurrentHashMap$CollectionView
instanceKlass jdk/internal/loader/ClassLoaderHelper
instanceKlass jdk/internal/loader/NativeLibraries
instanceKlass java/lang/Module$EnableNativeAccess
instanceKlass jdk/internal/loader/BootLoader
instanceKlass java/util/Optional
instanceKlass jdk/internal/module/SystemModuleFinders$SystemModuleFinder
instanceKlass java/lang/module/ModuleFinder
instanceKlass jdk/internal/module/SystemModuleFinders$3
instanceKlass jdk/internal/module/ModuleHashes$HashSupplier
instanceKlass jdk/internal/module/SystemModuleFinders$2
instanceKlass java/util/function/Supplier
instanceKlass java/lang/module/ModuleReference
instanceKlass jdk/internal/module/ModuleResolution
instanceKlass java/util/Collections$UnmodifiableMap
instanceKlass jdk/internal/module/ModuleHashes$Builder
instanceKlass jdk/internal/module/ModuleHashes
instanceKlass jdk/internal/module/ModuleTarget
instanceKlass java/util/ImmutableCollections$Set12$1
instanceKlass java/lang/reflect/AccessFlag$18
instanceKlass java/lang/reflect/AccessFlag$17
instanceKlass java/lang/reflect/AccessFlag$16
instanceKlass java/lang/reflect/AccessFlag$15
instanceKlass java/lang/reflect/AccessFlag$14
instanceKlass java/lang/reflect/AccessFlag$13
instanceKlass java/lang/reflect/AccessFlag$12
instanceKlass java/lang/reflect/AccessFlag$11
instanceKlass java/lang/reflect/AccessFlag$10
instanceKlass java/lang/reflect/AccessFlag$9
instanceKlass java/lang/reflect/AccessFlag$8
instanceKlass java/lang/reflect/AccessFlag$7
instanceKlass java/lang/reflect/AccessFlag$6
instanceKlass java/lang/reflect/AccessFlag$5
instanceKlass java/lang/reflect/AccessFlag$4
instanceKlass java/lang/reflect/AccessFlag$3
instanceKlass java/lang/reflect/AccessFlag$2
instanceKlass java/lang/reflect/AccessFlag$1
instanceKlass java/lang/module/ModuleDescriptor$Version
instanceKlass java/lang/module/ModuleDescriptor$Provides
instanceKlass java/lang/module/ModuleDescriptor$Opens
instanceKlass java/util/ImmutableCollections$SetN$SetNIterator
instanceKlass java/lang/module/ModuleDescriptor$Exports
instanceKlass java/lang/module/ModuleDescriptor$Requires
instanceKlass jdk/internal/module/Builder
instanceKlass jdk/internal/module/SystemModules$default
instanceKlass jdk/internal/module/SystemModules
instanceKlass jdk/internal/module/SystemModulesMap
instanceKlass java/net/URI$1
instanceKlass jdk/internal/access/JavaNetUriAccess
instanceKlass java/net/URI
instanceKlass jdk/internal/module/SystemModuleFinders
instanceKlass jdk/internal/module/ArchivedModuleGraph
instanceKlass jdk/internal/module/ArchivedBootLayer
instanceKlass jdk/internal/module/ModuleBootstrap$Counters
instanceKlass jdk/internal/module/ModulePatcher
instanceKlass java/io/FileSystem
instanceKlass java/io/DefaultFileSystem
instanceKlass java/io/File
instanceKlass java/lang/module/ModuleDescriptor$1
instanceKlass jdk/internal/access/JavaLangModuleAccess
instanceKlass sun/invoke/util/VerifyAccess
instanceKlass java/util/KeyValueHolder
instanceKlass java/util/ImmutableCollections$MapN$MapNIterator
instanceKlass java/lang/StrictMath
instanceKlass java/lang/invoke/MethodHandles$Lookup
instanceKlass java/lang/invoke/MemberName$Factory
instanceKlass java/lang/invoke/MethodHandles
instanceKlass java/lang/module/ModuleDescriptor
instanceKlass jdk/internal/module/ModuleBootstrap
instanceKlass java/lang/Character$CharacterCache
instanceKlass java/util/HexFormat
instanceKlass jdk/internal/util/ClassFileDumper
instanceKlass sun/security/action/GetPropertyAction
instanceKlass java/lang/invoke/MethodHandleStatics
instanceKlass jdk/internal/misc/Blocker
instanceKlass java/util/concurrent/locks/AbstractQueuedSynchronizer$ConditionObject
instanceKlass java/util/concurrent/locks/Condition
instanceKlass java/util/Collections
instanceKlass java/lang/Thread$ThreadIdentifiers
instanceKlass sun/io/Win32ErrorMode
instanceKlass jdk/internal/misc/OSEnvironment
instanceKlass java/lang/Integer$IntegerCache
instanceKlass jdk/internal/misc/Signal$NativeHandler
instanceKlass java/util/Hashtable$Entry
instanceKlass jdk/internal/misc/Signal
instanceKlass java/lang/Terminator$1
instanceKlass jdk/internal/misc/Signal$Handler
instanceKlass java/lang/Terminator
instanceKlass java/nio/charset/CoderResult
instanceKlass java/lang/Readable
instanceKlass java/nio/ByteOrder
instanceKlass java/nio/Buffer$2
instanceKlass jdk/internal/access/JavaNioAccess
instanceKlass java/nio/Buffer$1
instanceKlass jdk/internal/misc/ScopedMemoryAccess
instanceKlass sun/nio/cs/GBK$EncodeHolder
instanceKlass java/nio/charset/CharsetEncoder
instanceKlass sun/nio/cs/ArrayEncoder
instanceKlass java/io/Writer
instanceKlass java/io/PrintStream$1
instanceKlass jdk/internal/access/JavaIOPrintStreamAccess
instanceKlass jdk/internal/misc/InternalLock
instanceKlass java/io/OutputStream
instanceKlass java/io/Flushable
instanceKlass java/io/FileDescriptor$1
instanceKlass jdk/internal/access/JavaIOFileDescriptorAccess
instanceKlass java/io/FileDescriptor
instanceKlass jdk/internal/util/StaticProperty
instanceKlass java/util/HashMap$HashIterator
instanceKlass java/util/concurrent/locks/LockSupport
instanceKlass java/util/concurrent/ConcurrentHashMap$Node
instanceKlass java/util/concurrent/ConcurrentHashMap$CounterCell
instanceKlass java/util/concurrent/locks/ReentrantLock
instanceKlass java/util/concurrent/locks/Lock
instanceKlass java/lang/CharacterData
instanceKlass java/lang/Runtime
instanceKlass java/lang/VersionProps
instanceKlass java/lang/StringConcatHelper
instanceKlass java/util/HashMap$Node
instanceKlass java/util/Map$Entry
instanceKlass java/lang/StringCoding
instanceKlass java/nio/charset/CodingErrorAction
instanceKlass java/lang/StringUTF16
instanceKlass sun/nio/cs/DoubleByte
instanceKlass sun/nio/cs/GBK$DecodeHolder
instanceKlass java/nio/charset/CharsetDecoder
instanceKlass sun/nio/cs/ArrayDecoder
instanceKlass sun/nio/cs/DelegatableDecoder
instanceKlass jdk/internal/reflect/MethodHandleAccessorFactory
instanceKlass java/lang/reflect/Modifier
instanceKlass java/lang/Class$1
instanceKlass java/lang/Class$Atomic
instanceKlass java/lang/Class$ReflectionData
instanceKlass java/nio/charset/StandardCharsets
instanceKlass sun/nio/cs/HistoricallyNamedCharset
instanceKlass jdk/internal/util/ArraysSupport
instanceKlass java/util/Arrays
instanceKlass jdk/internal/util/Preconditions$3
instanceKlass jdk/internal/util/Preconditions$2
instanceKlass jdk/internal/util/Preconditions$4
instanceKlass java/util/function/BiFunction
instanceKlass jdk/internal/util/Preconditions$1
instanceKlass java/util/function/Function
instanceKlass jdk/internal/util/Preconditions
instanceKlass java/nio/charset/spi/CharsetProvider
instanceKlass java/nio/charset/Charset
instanceKlass jdk/internal/util/SystemProps$Raw
instanceKlass jdk/internal/util/SystemProps
instanceKlass java/lang/System$2
instanceKlass jdk/internal/access/JavaLangAccess
instanceKlass java/lang/ref/NativeReferenceQueue$Lock
instanceKlass java/lang/ref/ReferenceQueue
instanceKlass java/lang/ref/Reference$1
instanceKlass jdk/internal/access/JavaLangRefAccess
instanceKlass jdk/internal/reflect/ReflectionFactory
instanceKlass java/lang/Math
instanceKlass java/lang/StringLatin1
instanceKlass jdk/internal/reflect/Reflection
instanceKlass jdk/internal/reflect/ReflectionFactory$GetReflectionFactoryAction
instanceKlass java/security/PrivilegedAction
instanceKlass jdk/internal/access/SharedSecrets
instanceKlass java/lang/reflect/ReflectAccess
instanceKlass jdk/internal/access/JavaLangReflectAccess
instanceKlass java/util/ImmutableCollections
instanceKlass java/util/Objects
instanceKlass java/util/Set
instanceKlass jdk/internal/misc/CDS
instanceKlass java/lang/Module$ArchivedData
instanceKlass jdk/internal/misc/VM
instanceKlass java/lang/String$CaseInsensitiveComparator
instanceKlass java/util/Comparator
instanceKlass java/io/ObjectStreamField
instanceKlass jdk/internal/vm/FillerObject
instanceKlass jdk/internal/vm/vector/VectorSupport$VectorPayload
instanceKlass jdk/internal/vm/vector/VectorSupport
instanceKlass java/lang/reflect/RecordComponent
instanceKlass java/util/Iterator
instanceKlass java/lang/Number
instanceKlass java/lang/Character
instanceKlass java/lang/Boolean
instanceKlass java/util/concurrent/locks/AbstractOwnableSynchronizer
instanceKlass java/lang/LiveStackFrame
instanceKlass java/lang/StackFrameInfo
instanceKlass java/lang/StackWalker$StackFrame
instanceKlass java/lang/StackStreamFactory$AbstractStackWalker
instanceKlass java/lang/StackWalker
instanceKlass java/nio/Buffer
instanceKlass java/lang/StackTraceElement
instanceKlass java/util/RandomAccess
instanceKlass java/util/List
instanceKlass java/util/SequencedCollection
instanceKlass java/util/AbstractCollection
instanceKlass java/util/Collection
instanceKlass java/lang/Iterable
instanceKlass java/util/concurrent/ConcurrentMap
instanceKlass java/util/AbstractMap
instanceKlass java/security/CodeSource
instanceKlass jdk/internal/loader/ClassLoaders
instanceKlass java/util/jar/Manifest
instanceKlass java/lang/Enum
instanceKlass java/net/URL
instanceKlass java/io/InputStream
instanceKlass java/io/Closeable
instanceKlass java/lang/AutoCloseable
instanceKlass jdk/internal/module/Modules
instanceKlass jdk/internal/misc/Unsafe
instanceKlass jdk/internal/misc/UnsafeConstants
instanceKlass java/lang/AbstractStringBuilder
instanceKlass java/lang/Appendable
instanceKlass java/lang/AssertionStatusDirectives
instanceKlass java/lang/invoke/MethodHandleNatives$CallSiteContext
instanceKlass jdk/internal/foreign/abi/ABIDescriptor
instanceKlass jdk/internal/foreign/abi/NativeEntryPoint
instanceKlass java/lang/invoke/CallSite
instanceKlass java/lang/invoke/MethodType
instanceKlass java/lang/invoke/TypeDescriptor$OfMethod
instanceKlass java/lang/invoke/LambdaForm
instanceKlass java/lang/invoke/MethodHandleNatives
instanceKlass java/lang/invoke/ResolvedMethodName
instanceKlass java/lang/invoke/MemberName
instanceKlass java/lang/invoke/VarHandle
instanceKlass java/lang/invoke/MethodHandle
instanceKlass jdk/internal/reflect/CallerSensitive
instanceKlass java/lang/annotation/Annotation
instanceKlass jdk/internal/reflect/FieldAccessor
instanceKlass jdk/internal/reflect/ConstantPool
instanceKlass jdk/internal/reflect/ConstructorAccessor
instanceKlass jdk/internal/reflect/MethodAccessor
instanceKlass jdk/internal/reflect/MagicAccessorImpl
instanceKlass jdk/internal/vm/StackChunk
instanceKlass jdk/internal/vm/Continuation
instanceKlass jdk/internal/vm/ContinuationScope
instanceKlass java/lang/reflect/Parameter
instanceKlass java/lang/reflect/Member
instanceKlass java/lang/reflect/AccessibleObject
instanceKlass java/lang/Module
instanceKlass java/util/Map
instanceKlass java/util/Dictionary
instanceKlass java/lang/ThreadGroup
instanceKlass java/lang/Thread$UncaughtExceptionHandler
instanceKlass java/lang/Thread$Constants
instanceKlass java/lang/Thread$FieldHolder
instanceKlass java/lang/Thread
instanceKlass java/lang/Runnable
instanceKlass java/lang/ref/Reference
instanceKlass java/lang/Record
instanceKlass java/security/AccessController
instanceKlass java/security/AccessControlContext
instanceKlass java/security/ProtectionDomain
instanceKlass java/lang/SecurityManager
instanceKlass java/lang/Throwable
instanceKlass java/lang/System
instanceKlass java/lang/ClassLoader
instanceKlass java/lang/Cloneable
instanceKlass java/lang/Class
instanceKlass java/lang/invoke/TypeDescriptor$OfField
instanceKlass java/lang/invoke/TypeDescriptor
instanceKlass java/lang/reflect/Type
instanceKlass java/lang/reflect/GenericDeclaration
instanceKlass java/lang/reflect/AnnotatedElement
instanceKlass java/lang/String
instanceKlass java/lang/constant/ConstantDesc
instanceKlass java/lang/constant/Constable
instanceKlass java/lang/CharSequence
instanceKlass java/lang/Comparable
instanceKlass java/io/Serializable
ciInstanceKlass java/lang/Object 1 1 124 7 1 10 12 1 1 10 7 12 1 1 1 10 7 12 1 1 1 10 12 1 1 8 1 10 12 1 1 10 7 12 1 1 1 10 12 1 10 12 1 1 10 7 12 1 1 1 10 12 1 10 12 1 7 1 10 7 12 1 1 1 10 12 1 1 10 12 1 100 1 8 1 10 12 1 3 8 1 7 1 5 0 1 1 1 1 1 1 1 1 1 1 1 1 1 1 1 1 7 1 1 1 1 1 1 1 1 1 1 7 1 1 1 1 1 1 1 1 1 1 3 1 1
ciMethod java/lang/Object equals (Ljava/lang/Object;)Z 522 0 5220 0 -1
ciMethod java/lang/Object hashCode ()I 256 0 128 0 -1
ciMethod java/lang/Object clone ()Ljava/lang/Object; 256 0 128 0 -1
ciInstanceKlass java/io/Serializable 1 0 7 100 1 100 1 1 1
ciInstanceKlass java/lang/System 1 1 834 10 7 12 1 1 1 9 7 12 1 1 1 10 12 1 10 12 1 1 10 12 1 1 10 12 1 9 12 1 1 10 7 12 1 1 1 11 100 12 1 1 1 10 100 12 1 1 1 10 12 1 1 10 12 1 1 100 1 8 1 10 12 1 10 7 12 1 1 1 10 100 12 1 1 1 18 12 1 1 10 7 12 1 1 1 7 1 10 12 1 1 10 7 12 1 1 1 10 12 1 10 7 12 1 1 1 9 100 12 1 1 1 10 7 12 1 1 1 11 7 12 1 1 1 10 12 1 1 10 7 12 1 1 1 7 1 10 10 12 1 1 8 1 10 12 1 8 1 10 12 1 9 12 1 1 8 1 10 7 12 1 1 1 10 12 1 1 100 1 8 1 10 9 12 1 1 8 1 10 12 1 1 10 100 12 1 1 1 8 1 10 12 1 7 1 10 12 1 8 1 10 12 1 10 12 1 1 100 1 10 12 10 12 1 9 12 1 1 9 12 1 1 10 7 12 1 1 1 10 7 12 1 1 1 10 12 1 1 10 12 1 10 12 1 10 7 12 1 1 1 10 12 1 100 1 100 1 8 1 10 12 1 10 12 1 1 7 1 10 12 1 100 1 8 1 10 10 12 1 100 1 8 1 10 8 1 10 7 12 1 1 8 1 10 12 100 1 8 1 10 10 12 1 1 10 100 12 1 1 1 100 1 18 12 1 100 1 9 100 12 1 1 1 10 12 1 100 1 10 12 1 1 10 12 1 1 10 7 12 1 1 1 10 12 1 1 10 12 1 10 12 1 10 12 1 1 10 12 1 7 1 10 12 1 9 7 12 1 1 1 10 7 12 1 1 1 10 12 1 10 12 1 10 7 12 1 1 1 7 1 8 1 10 9 12 1 9 12 1 10 12 1 10 7 12 1 1 10 12 1 10 12 1 1 8 1 10 12 1 1 8 1 11 12 1 10 12 11 12 1 1 11 7 12 1 1 1 11 7 12 1 1 11 12 1 1 7 1 11 12 1 10 12 1 8 1 10 12 1 1 8 1 8 1 8 1 8 1 11 12 1 10 12 1 10 12 1 10 12 1 8 1 10 12 1 1 8 1 9 12 1 8 1 10 7 12 1 1 8 1 7 1 9 7 12 1 1 1 10 12 1 7 1 9 12 10 9 12 7 1 10 12 9 12 1 1 8 1 10 12 1 1 8 1 10 7 12 1 1 10 12 1 10 12 1 1 11 7 12 1 1 10 12 10 7 12 1 1 1 9 12 1 1 7 1 8 1 10 12 1 1 10 7 12 1 1 1 7 1 10 12 1 1 10 12 1 8 1 8 1 10 8 1 8 1 8 1 8 1 10 10 7 12 1 1 10 12 1 10 12 1 1 10 12 1 1 10 12 1 10 100 12 1 1 1 10 7 1 8 1 10 10 10 12 1 1 10 12 1 1 8 1 10 12 1 8 1 8 1 10 12 1 10 7 12 1 1 1 10 12 1 1 7 1 10 10 12 1 10 12 1 9 12 1 1 3 1 3 1 1 1 1 1 1 1 1 1 1 1 1 100 1 1 100 1 1 1 1 1 1 1 1 1 1 1 100 1 7 1 1 1 1 1 1 1 1 1 1 1 1 1 1 1 1 1 1 1 1 1 1 1 1 1 1 1 1 1 1 1 1 1 1 1 1 1 1 1 1 1 1 1 1 1 1 1 1 1 1 1 1 1 1 1 1 1 1 100 1 1 1 1 1 1 1 1 1 1 1 1 1 1 1 1 1 1 1 1 1 1 1 1 1 1 1 1 1 1 1 1 1 100 1 1 16 15 10 12 1 1 16 15 10 12 16 1 15 10 100 12 1 1 1 1 1 1 1 1 1 100 1 100 1 1
staticfield java/lang/System in Ljava/io/InputStream; java/io/BufferedInputStream
staticfield java/lang/System out Ljava/io/PrintStream; java/io/PrintStream
staticfield java/lang/System err Ljava/io/PrintStream; java/io/PrintStream
ciInstanceKlass java/lang/SecurityManager 0 0 576 10 7 12 1 1 1 9 7 12 1 1 1 10 7 12 1 1 1 100 1 8 1 10 12 1 10 12 1 1 10 7 12 1 1 1 10 7 1 10 100 1 10 9 100 12 1 1 1 10 7 12 1 1 1 10 12 1 1 10 7 12 1 1 100 1 8 1 10 9 12 1 1 9 12 1 8 1 9 12 1 7 1 10 8 1 10 12 1 1 10 12 1 10 12 1 1 100 1 10 10 12 1 1 100 1 8 1 10 12 1 8 1 8 1 8 1 8 1 8 1 8 1 10 12 1 8 1 8 1 8 1 8 1 8 1 10 7 12 1 1 1 10 12 1 1 8 1 100 1 8 1 10 8 1 8 1 8 1 8 1 8 1 10 100 12 1 1 8 1 100 1 8 1 8 1 10 8 1 10 12 1 100 1 8 1 10 10 12 1 1 10 12 1 10 12 1 10 12 1 10 100 12 1 1 1 10 12 1 10 100 12 1 1 11 100 12 1 1 1 18 12 1 1 11 100 12 1 1 1 18 12 1 1 11 12 1 1 18 18 11 12 1 18 12 1 11 12 1 1 9 12 1 1 9 12 1 9 12 1 9 12 1 100 1 10 100 12 1 1 10 12 1 10 12 1 18 12 1 18 10 100 12 1 1 1 18 12 1 10 12 1 18 18 8 1 10 12 1 9 12 1 1 11 7 12 1 1 1 8 1 100 1 10 12 1 10 12 1 1 10 12 1 1 9 12 1 1 10 12 1 10 12 1 1 8 1 100 1 10 9 12 1 8 1 10 12 1 8 1 100 1 10 10 100 12 1 1 10 100 1 9 7 12 1 1 1 11 12 1 1 10 12 1 11 12 1 10 12 1 7 1 10 10 12 1 1 10 12 1 1 1 1 1 1 1 1 1 1 1 7 1 1 1 1 1 1 1 1 1 1 1 1 1 1 1 1 1 1 1 1 1 1 1 1 1 1 1 1 1 1 1 1 1 1 1 1 1 1 1 1 1 1 1 1 1 1 1 1 1 1 1 1 1 1 1 1 3 1 1 1 1 1 1 1 1 1 1 100 1 1 1 1 1 1 1 1 1 1 1 1 1 1 1 1 1 1 1 1 1 1 1 1 1 1 1 1 1 1 1 1 1 1 1 1 1 1 16 15 10 7 12 1 1 1 16 1 16 15 10 12 16 1 15 10 12 16 15 11 7 1 16 1 16 1 15 10 12 16 15 10 12 16 15 10 12 1 16 1 15 11 12 1 15 10 12 16 15 10 16 1 15 10 100 12 1 1 1 1 1 1 100 1 100 1 1
ciInstanceKlass java/security/AccessController 1 1 295 10 7 12 1 1 1 10 7 12 1 1 1 10 7 12 1 1 1 10 12 1 1 10 12 1 1 10 7 12 1 1 1 10 12 1 1 10 12 1 10 12 1 1 10 12 1 100 1 8 1 10 12 1 10 12 1 10 12 1 1 10 12 1 7 1 7 1 10 12 1 1 10 12 1 10 12 1 10 12 1 1 10 7 12 1 1 1 10 12 1 1 9 100 12 1 1 1 10 7 12 1 1 1 10 12 1 10 12 1 9 100 12 1 1 1 10 12 1 10 12 1 1 9 12 1 1 10 100 1 10 11 7 12 1 1 1 10 7 12 1 1 11 7 1 7 1 10 12 1 10 12 1 10 12 1 8 1 10 12 1 1 8 1 10 100 12 1 1 1 8 1 7 1 10 10 12 1 1 10 12 1 10 7 12 1 1 1 10 12 1 8 1 10 7 12 1 1 8 1 8 1 10 12 1 8 1 10 12 1 10 12 1 1 10 12 1 1 1 1 1 1 1 1 1 1 1 1 1 1 1 1 1 1 1 1 1 1 1 1 1 1 1 1 100 1 1 1 1 1 1 1 1 1 1 1 1 1 1 1 1 1 1 1 1 1 1 1 1 1 1 1 1 1 1 1 1 1 1 100 1 100 1 1 1 1 1 1 1 1 1 3 1 1 1
staticfield java/security/AccessController $assertionsDisabled Z 1
ciInstanceKlass java/security/ProtectionDomain 1 1 348 10 7 12 1 1 1 9 7 12 1 1 1 7 1 10 9 12 1 1 9 12 1 1 9 12 1 1 10 7 12 1 1 7 1 9 12 1 9 12 1 1 7 1 9 12 1 1 9 12 1 10 100 12 1 1 10 100 12 1 1 1 10 12 1 1 10 12 1 9 12 1 9 100 12 1 1 10 12 1 1 10 100 1 10 12 1 1 8 1 7 1 8 1 10 12 1 10 11 10 7 12 1 1 1 10 12 1 1 8 1 11 8 1 10 12 1 8 1 8 1 10 12 1 1 10 12 1 10 12 1 1 10 12 1 8 1 10 12 1 8 1 8 1 10 7 12 1 1 1 9 100 12 1 1 1 10 12 1 1 9 100 12 1 1 1 10 7 12 1 1 1 100 1 18 12 1 1 10 7 12 1 1 1 10 7 1 10 12 1 10 12 1 1 11 100 12 1 1 11 12 1 100 1 11 7 12 1 1 1 10 12 1 10 11 12 1 1 11 12 1 1 10 12 1 10 7 12 1 1 10 100 12 1 1 11 12 1 10 12 10 12 1 8 1 8 1 10 7 12 1 1 1 7 1 10 10 7 12 1 1 1 1 1 1 1 1 1 1 7 1 1 7 1 1 1 1 1 1 1 1 1 1 1 1 1 1 1 1 1 1 1 1 1 1 1 1 1 1 1 1 1 1 1 1 1 1 1 1 1 1 1 1 1 1 1 1 7 1 1 1 1 1 1 100 1 1 16 15 10 12 16 15 10 100 12 1 1 1 1 1 1 1 100 1 100 1 1
staticfield java/security/ProtectionDomain filePermCompatInPD Z 0
ciInstanceKlass java/security/CodeSource 1 1 398 10 7 12 1 1 1 9 7 12 1 1 1 9 12 1 1 9 12 1 1 9 12 1 1 10 7 12 1 1 1 9 12 1 1 10 7 12 1 1 10 7 10 7 12 1 1 1 10 100 12 1 1 1 10 12 1 1 7 1 10 10 7 12 1 1 1 10 7 12 1 1 1 10 12 1 1 7 1 10 12 1 1 10 12 1 1 10 12 1 1 10 12 1 10 10 10 12 1 1 10 7 12 1 1 1 10 12 1 10 12 1 10 12 1 8 1 10 12 1 10 12 1 10 12 1 1 10 12 1 8 1 10 12 1 1 10 7 1 10 10 12 1 1 8 1 10 12 1 10 12 1 10 12 1 8 1 8 1 9 12 1 1 100 1 8 1 10 12 1 10 12 1 1 8 1 10 12 1 8 1 8 1 8 1 10 100 12 1 1 10 12 1 1 10 12 1 10 12 1 1 10 12 1 1 10 12 1 1 100 1 100 1 10 12 1 10 12 10 12 1 1 10 100 12 1 1 10 12 1 7 1 10 12 10 100 12 1 1 1 10 8 1 10 12 1 10 12 1 10 12 1 1 100 1 10 12 1 1 100 1 7 1 8 1 8 1 10 10 12 1 1 10 100 12 1 1 1 7 1 10 12 10 12 1 1 11 7 12 1 1 10 10 12 1 11 10 12 1 8 1 100 1 10 12 1 10 12 1 1 10 12 1 11 12 1 1 7 1 1 1 1 5 0 1 1 1 1 1 1 1 1 1 1 1 1 1 1 1 1 1 1 1 1 1 1 1 1 1 1 1 1 1 1 1 1 1 1 1 1 1 1 1 1 1 1 1 1 1 1 1 1 1 1 1 1 1 1 1 1 1 1 1 1 1 1 1 1 1 1 100 1 1 1 1 1 1 1
ciInstanceKlass java/lang/Boolean 1 1 152 10 7 12 1 1 1 9 7 12 1 1 1 10 12 1 1 10 12 1 8 1 10 7 12 1 1 9 12 1 1 9 12 1 10 12 1 1 10 12 1 1 10 12 1 1 10 7 12 1 1 1 100 1 100 1 10 12 1 1 9 100 12 1 1 9 12 10 100 12 1 1 1 10 12 1 1 8 1 10 7 12 1 1 1 9 12 1 1 7 1 7 1 7 1 1 1 1 1 1 5 0 1 1 1 1 1 1 1 1 1 1 3 1 1 1 1 1 1 1 1 1 1 1 1 1 1 1 1 1 1 7 1 1 1 1 1 1 1 1 1 1 100 1 1 1 1 1 1 1 1 1
staticfield java/lang/Boolean TRUE Ljava/lang/Boolean; java/lang/Boolean
staticfield java/lang/Boolean FALSE Ljava/lang/Boolean; java/lang/Boolean
staticfield java/lang/Boolean TYPE Ljava/lang/Class; java/lang/Class
ciInstanceKlass java/lang/Comparable 1 1 12 100 1 100 1 1 1 1 1 1 1 1
ciInstanceKlass java/lang/constant/Constable 1 0 11 100 1 100 1 1 1 1 1 1 1
ciInstanceKlass java/util/Map 1 1 263 11 7 12 1 1 1 11 12 1 1 10 100 12 1 1 11 12 1 1 11 7 12 1 1 1 11 100 12 1 1 1 11 12 1 1 7 1 11 12 1 11 12 1 100 1 100 1 10 12 1 1 11 100 12 1 1 1 11 100 12 1 1 1 11 12 1 11 12 1 10 12 1 1 11 12 1 11 100 12 1 9 7 12 1 1 1 100 1 10 12 7 1 7 1 10 12 1 7 1 10 7 1 11 12 1 11 12 1 1 11 12 1 1 7 1 11 12 1 1 1 1 1 1 1 1 1 1 1 1 1 1 1 1 1 1 1 1 1 1 1 1 1 1 1 1 1 1 1 1 1 1 1 1 1 1 1 1 1 1 1 1 1 1 1 1 1 1 1 1 1 1 1 1 1 1 1 1 1 1 1 1 1 1 1 1 1 1 1 1 1 1 1 1 1 1 1 1 1 1 1 1 1 1 1 1 1 1 1 1 1 1 1 1 1 1 1 1 1 1 1 1 1 1 1 1 1 1 1 1 1 1 1 1 1 1 1 1 1 1 1 1 1 1 100 1 1 1 1 1 1 1 1 1 1 1 1 1 1 1 1 1 1
ciInstanceKlass java/lang/Class 1 1 1698 10 7 12 1 1 1 9 7 12 1 1 1 9 12 1 1 10 12 1 1 8 1 10 12 1 8 1 8 1 10 12 1 1 10 7 12 1 1 1 10 12 1 7 1 10 10 12 1 10 12 1 1 10 12 1 1 10 12 1 1 10 7 12 1 1 10 12 1 10 12 1 10 12 1 8 1 10 12 1 8 1 10 12 1 8 1 8 1 10 12 1 1 10 7 12 1 1 1 18 12 1 1 11 7 12 1 1 1 8 1 8 1 8 1 10 7 12 1 1 1 11 12 1 1 8 1 10 12 1 10 11 7 12 1 1 1 11 7 12 1 1 1 11 8 1 18 8 1 10 12 1 10 7 12 1 1 10 12 1 1 10 7 12 1 1 1 10 12 1 1 10 12 1 1 10 7 12 1 1 1 10 12 9 100 12 1 1 1 10 7 12 1 1 1 10 12 1 10 7 12 1 1 1 10 12 1 1 18 12 1 1 10 7 12 1 1 1 10 7 12 1 10 12 1 1 10 7 1 7 1 10 12 1 1 9 12 1 1 7 1 8 1 10 12 1 10 12 1 1 10 12 1 1 10 7 12 1 1 1 7 1 10 12 1 7 1 7 1 10 10 12 1 1 10 12 1 1 100 1 10 7 12 1 1 1 10 12 1 1 10 12 1 1 9 12 1 1 10 12 1 10 12 1 1 9 12 1 1 9 12 1 1 10 12 1 1 10 7 1 10 12 1 10 12 1 10 12 1 1 10 9 12 1 10 12 1 8 1 10 12 1 1 10 12 1 1 10 12 1 10 12 1 1 10 12 1 1 10 12 1 1 9 7 12 1 1 1 10 7 12 1 1 10 12 10 12 1 10 12 1 10 12 1 10 12 1 9 100 12 1 1 1 9 12 1 10 12 1 10 100 12 1 1 1 10 12 1 1 10 100 12 1 1 10 12 1 10 12 1 1 10 100 12 1 1 1 10 12 1 10 12 1 1 10 12 1 10 12 1 10 12 1 1 10 7 1 10 10 10 12 1 1 10 12 1 1 10 12 10 10 12 1 1 7 1 8 1 10 10 12 1 1 10 12 1 100 1 11 12 1 10 100 12 1 1 10 12 1 10 12 1 10 100 12 1 1 10 10 12 1 1 8 1 10 12 1 10 12 1 1 8 1 10 12 1 9 12 1 10 12 1 10 12 1 10 12 1 10 12 7 1 9 12 1 10 12 1 9 12 1 10 12 1 10 12 1 10 12 1 10 10 12 1 10 12 1 10 7 12 1 1 10 12 1 10 12 1 10 12 1 1 10 12 1 10 12 1 10 12 1 100 1 10 12 1 10 12 1 1 10 12 1 1 10 12 1 1 10 12 1 1 10 12 1 1 10 12 1 1 7 1 10 10 12 1 1 10 12 1 1 10 12 1 1 10 10 12 1 10 12 1 1 10 12 1 1 10 12 1 1 10 12 1 1 7 1 10 10 12 11 7 12 1 1 10 12 1 10 12 1 10 7 12 1 1 1 10 12 1 1 10 10 12 1 1 7 1 10 10 12 1 1 10 7 12 1 1 1 100 1 7 1 10 12 1 1 10 12 1 10 10 12 1 1 10 12 1 10 12 1 10 12 1 10 100 12 1 1 1 11 7 12 1 1 10 12 1 10 12 1 9 12 1 10 12 1 1 10 12 1 9 12 1 1 100 1 10 9 12 1 1 10 12 7 1 10 12 1 9 12 1 10 100 12 1 1 1 10 12 1 10 12 1 10 100 12 1 1 1 10 12 1 10 12 10 12 1 1 100 1 10 8 1 10 12 1 11 11 12 1 1 11 7 12 1 1 11 12 1 8 1 10 12 1 10 12 1 1 9 12 1 9 12 1 1 10 7 12 1 1 9 12 1 10 12 1 1 10 10 12 1 10 7 12 1 1 1 10 7 12 1 1 10 7 12 1 1 9 12 1 1 10 12 1 9 12 1 10 12 1 10 12 1 1 9 12 1 1 9 12 1 10 12 1 10 12 1 1 9 12 1 7 1 10 10 12 1 1 7 1 10 12 1 1 7 11 7 1 9 12 1 1 9 12 1 7 1 10 12 1 9 12 1 1 9 12 1 10 12 1 10 12 1 1 9 12 1 7 1 10 10 12 1 1 10 10 12 1 10 12 10 10 12 1 9 12 1 10 12 1 1 10 7 12 1 1 1 10 12 1 1 10 12 1 8 10 7 8 1 18 8 1 8 1 10 12 1 9 12 1 9 12 1 1 10 12 1 7 1 7 1 10 12 1 9 12 1 1 7 1 10 10 12 1 10 7 1 9 12 1 8 1 10 12 1 7 1 10 12 1 10 12 1 1 100 1 7 1 9 12 1 100 1 8 1 10 10 7 12 1 1 1 10 12 11 7 12 1 1 1 10 12 1 10 12 1 1 10 8 1 8 1 10 12 1 1 9 7 12 1 1 11 12 7 1 11 7 12 1 1 9 12 1 10 100 12 1 1 1 10 7 12 1 1 10 12 1 1 9 12 1 9 10 12 1 1 10 12 1 1 10 12 1 1 10 12 1 1 10 12 1 1 11 12 1 7 1 11 12 1 10 7 12 1 1 1 10 12 1 11 12 1 10 100 12 1 1 1 10 12 1 10 100 12 1 1 1 11 12 1 11 12 1 1 10 12 1 10 12 1 1 9 12 1 1 9 100 12 1 1 10 12 1 10 100 12 1 1 1 10 12 1 1 10 12 1 10 12 1 10 12 1 10 7 12 1 1 1 10 12 1 8 1 10 12 1 10 12 1 10 12 1 100 1 10 12 10 100 12 1 1 1 11 100 12 1 1 1 10 12 1 1 10 12 1 18 12 1 1 11 12 1 1 18 11 12 1 18 12 1 11 12 1 10 12 1 1 10 12 1 10 12 1 10 12 1 10 12 1 10 12 10 12 1 8 1 10 12 1 7 1 9 12 1 1 7 1 7 1 7 1 7 1 1 1 3 1 3 1 3 1 1 1 1 1 1 1 5 0 1 1 1 1 1 1 1 1 1 1 1 1 1 1 1 1 1 1 1 1 1 1 1 1 100 1 1 1 1 1 1 1 100 1 1 1 1 1 7 1 1 1 1 1 1 1 1 1 1 1 1 1 1 1 1 1 1 1 1 1 1 1 1 1 1 1 1 1 1 1 1 1 1 1 1 1 1 1 1 1 1 100 1 1 1 1 1 1 1 1 1 1 1 1 1 1 1 1 1 1 1 1 1 1 1 1 1 1 1 1 1 1 1 100 1 1 1 1 1 1 1 1 1 1 1 1 1 1 1 1 1 1 1 1 3 1 1 1 1 1 1 1 1 1 1 1 1 1 1 1 1 1 1 1 1 1 1 1 1 1 1 1 1 1 1 1 1 1 1 1 7 1 7 1 1 1 1 1 1 1 1 1 1 1 1 1 1 1 1 1 1 1 1 1 1 1 1 1 1 1 1 1 1 1 1 1 1 1 1 1 1 1 1 1 1 1 1 1 1 1 1 1 1 1 1 1 1 1 1 1 1 1 1 1 1 1 1 1 1 1 1 1 1 1 1 1 1 1 1 1 1 1 1 1 1 1 1 1 1 1 1 1 1 1 1 1 1 1 1 1 1 1 1 1 1 1 1 1 1 1 1 1 1 1 1 1 1 1 1 1 1 1 1 1 1 1 1 1 1 1 1 1 1 1 1 16 15 10 12 16 15 11 12 16 1 16 15 16 15 10 12 16 16 15 10 12 16 15 16 1 15 10 12 16 15 10 7 12 1 1 1 1 1 1 1 1 1 1 1 1 7 1 1 100 1 100 1 1 100 1 100 1 1 100 1 100 1 1
staticfield java/lang/Class EMPTY_CLASS_ARRAY [Ljava/lang/Class; 0 [Ljava/lang/Class;
staticfield java/lang/Class serialPersistentFields [Ljava/io/ObjectStreamField; 0 [Ljava/io/ObjectStreamField;
ciInstanceKlass java/lang/reflect/AnnotatedElement 1 1 164 11 7 12 1 1 1 11 12 1 1 7 1 10 100 12 1 1 1 10 12 1 1 10 12 1 1 10 12 1 10 100 12 1 1 1 11 12 1 1 11 7 12 1 1 10 7 12 1 1 1 10 12 1 10 100 12 1 1 1 18 12 1 1 11 100 12 1 1 18 12 1 18 12 1 1 10 100 12 1 1 1 11 100 12 1 1 1 7 1 10 100 12 1 1 1 1 1 1 1 1 1 1 1 1 1 1 1 1 1 1 1 1 1 1 1 1 1 100 1 1 1 1 1 1 1 1 1 1 1 16 15 16 1 16 1 15 11 12 16 16 1 15 10 100 12 1 1 1 16 1 15 10 100 12 1 1 1 1 100 1 100 1 1
ciInstanceKlass java/lang/invoke/TypeDescriptor 1 0 17 100 1 100 1 1 1 1 1 1 100 1 100 1 1 1 1
ciInstanceKlass java/lang/reflect/GenericDeclaration 1 0 30 7 1 7 1 7 1 1 1 1 1 1 1 1 100 1 8 1 1 12 10 1 1 1 8 1 1 1 8 1
ciInstanceKlass java/lang/reflect/Type 1 1 17 11 100 12 1 1 1 100 1 1 1 1 1 1 1 1 1
ciInstanceKlass java/lang/invoke/TypeDescriptor$OfField 1 0 21 100 1 100 1 100 1 1 1 1 1 1 1 1 1 1 1 1 1 1 1
ciInstanceKlass java/lang/StringBuilder 1 1 422 10 7 12 1 1 1 10 12 1 10 12 1 10 12 1 1 10 7 12 1 1 1 10 7 12 1 1 1 10 12 1 10 12 1 10 12 1 10 12 1 10 12 1 10 12 1 10 12 1 10 12 1 10 12 1 10 12 1 10 12 1 10 12 1 10 12 1 10 12 1 1 10 12 1 10 12 1 1 10 12 1 1 10 12 1 10 12 1 10 12 1 10 12 1 10 12 1 10 12 1 10 12 1 10 12 10 12 1 10 12 1 10 12 1 10 12 1 1 10 12 1 10 12 1 10 12 10 12 1 1 10 12 1 10 12 1 10 12 1 10 100 12 1 1 1 9 12 1 1 10 12 1 10 12 1 1 10 12 1 1 9 12 1 1 10 100 12 1 1 1 10 100 1 10 12 1 1 10 100 12 1 1 10 12 1 10 12 1 1 100 1 100 1 8 1 10 10 12 1 1 10 12 1 10 12 1 10 12 1 1 10 12 1 10 12 1 10 12 1 10 12 1 10 12 1 10 12 10 12 1 10 12 1 10 12 1 10 12 1 10 12 1 10 12 1 10 12 1 10 12 1 10 12 1 1 10 12 1 1 10 12 1 10 12 1 10 12 1 10 12 10 12 10 12 1 10 12 1 10 12 1 10 12 10 12 1 10 12 1 10 12 1 10 12 1 10 12 1 10 12 1 10 12 1 10 12 1 10 12 1 1 10 12 1 10 12 1 1 10 12 1 10 12 1 1 10 12 1 10 12 1 1 10 12 1 10 12 1 10 12 1 10 10 12 1 10 12 1 7 1 7 1 7 1 7 1 1 1 1 5 0 1 1 1 1 1 1 1 1 1 1 1 1 1 1 1 1 1 1 1 1 1 1 1 1 1 1 1 1 1 1 1 1 1 1 1 1 1 1 1 1 1 1 1 1 100 1 1 1 7 1 1 1 1 1 1 1 1 1 1 1
instanceKlass java/lang/StringBuilder
instanceKlass java/lang/StringBuffer
ciInstanceKlass java/lang/AbstractStringBuilder 1 1 605 7 1 10 7 12 1 1 1 9 7 12 1 1 1 9 12 1 9 12 1 1 9 12 1 1 10 7 12 1 1 1 10 12 1 1 7 1 3 3 10 12 1 10 12 1 1 11 7 1 100 1 7 1 10 8 1 10 12 1 10 12 1 10 12 1 1 10 12 1 10 12 1 9 12 1 10 12 1 9 12 1 1 10 12 1 1 10 7 12 1 1 1 10 10 12 1 10 12 1 10 12 1 1 10 12 1 1 10 7 12 1 1 1 10 7 12 1 1 1 7 1 8 1 10 10 12 1 1 100 1 10 12 10 12 1 1 10 10 12 1 1 10 12 1 1 10 12 1 1 10 12 1 1 10 10 7 12 1 1 1 10 12 1 100 1 10 10 7 12 1 1 1 9 12 1 1 9 12 1 10 12 1 1 10 10 12 1 1 10 12 10 12 1 10 12 1 1 10 12 1 1 10 12 1 1 10 12 1 10 12 1 1 10 12 1 1 10 12 1 10 12 1 1 8 1 10 12 1 1 10 12 1 10 12 1 10 12 1 10 12 1 10 12 1 10 12 1 10 7 12 1 1 10 12 1 10 12 1 10 100 12 1 1 1 100 1 100 1 10 12 1 10 100 12 1 1 10 12 1 10 12 1 10 12 1 10 12 1 1 10 12 1 10 12 1 1 10 12 1 1 10 10 7 12 1 1 1 10 12 1 10 12 1 10 12 1 1 10 12 1 10 12 1 10 12 1 10 12 1 10 12 1 10 12 1 10 12 1 10 12 1 10 12 1 1 10 12 1 10 12 1 10 12 10 12 1 1 18 12 1 1 100 1 10 100 12 1 1 1 18 10 12 1 1 10 12 1 10 12 1 1 11 12 1 1 10 12 1 10 12 10 12 1 10 10 10 12 1 10 5 0 10 10 12 1 1 100 1 8 1 10 10 12 1 1 10 100 12 1 1 1 10 12 1 10 12 1 1 100 1 10 12 100 1 10 100 1 10 7 1 1 1 1 1 1 1 1 1 1 1 100 1 1 1 1 1 1 1 1 1 1 1 1 1 1 1 1 1 1 1 1 1 1 1 1 1 1 1 1 1 1 1 1 1 1 1 1 1 1 1 1 1 1 1 1 1 1 1 1 1 1 1 1 1 1 1 1 1 1 1 1 1 1 1 1 1 1 1 1 1 1 1 1 1 1 1 1 1 1 1 1 1 1 1 1 1 1 1 1 1 1 1 1 1 1 1 1 1 1 1 1 100 1 1 1 1 1 1 1 1 1 1 1 1 1 1 1 1 1 100 1 1 1 1 1 1 7 1 1 16 1 15 10 12 16 15 10 12 15 10 100 12 1 1 1 1 1 1 1 100 1 100 1 1
staticfield java/lang/AbstractStringBuilder EMPTYVALUE [B 0
ciMethod java/lang/StringBuilder toString ()Ljava/lang/String; 10 0 38840 0 -1
ciInstanceKlass java/lang/Appendable 1 0 14 100 1 100 1 1 1 1 100 1 1 1 1 1
ciInstanceKlass java/lang/CharSequence 1 1 131 11 7 12 1 1 1 18 12 1 1 100 1 10 100 12 1 1 1 18 10 100 12 1 1 1 11 12 1 1 11 7 1 11 12 1 1 10 100 12 1 1 1 11 12 1 1 100 1 10 12 1 1 10 100 12 1 1 1 100 1 10 10 12 1 1 7 1 1 1 1 1 1 1 1 1 1 1 1 1 1 1 1 1 1 1 1 1 1 1 1 1 1 1 1 1 1 1 1 1 16 1 15 11 12 16 15 11 12 15 10 100 12 1 1 1 1 1 100 1 100 1 1 100 1 1 100 1 100 1 1
ciInstanceKlass java/lang/AutoCloseable 1 0 12 100 1 100 1 1 1 1 7 1 1 1
ciInstanceKlass java/io/Closeable 1 0 14 100 1 100 1 100 1 1 1 1 7 1 1 1
instanceKlass org/jetbrains/kotlin/container/InvalidCardinalityException
instanceKlass org/jetbrains/kotlin/container/ContainerConsistencyException
instanceKlass com/intellij/psi/stubs/StubTreeLoader$StubTreeAndIndexUnmatchCoarseException
instanceKlass org/jetbrains/exposed/dao/exceptions/EntityNotFoundException
instanceKlass java/security/GeneralSecurityException
instanceKlass org/jetbrains/exposed/sql/statements/BatchDataInconsistentException
instanceKlass org/h2/security/auth/AuthenticationException
instanceKlass kotlin/reflect/jvm/internal/impl/types/TypeSubstitutor$SubstitutionException
instanceKlass java/sql/SQLException
instanceKlass java/util/concurrent/TimeoutException
instanceKlass kotlin/reflect/full/IllegalPropertyDelegateAccessException
instanceKlass kotlin/reflect/full/IllegalCallableAccessException
instanceKlass com/intellij/psi/scope/MethodProcessorSetupFailedException
instanceKlass java/text/ParseException
instanceKlass javax/xml/stream/XMLStreamException
instanceKlass com/intellij/util/cls/ClsFormatException
instanceKlass java/net/URISyntaxException
instanceKlass sun/nio/fs/WindowsException
instanceKlass java/lang/CloneNotSupportedException
instanceKlass java/lang/InterruptedException
instanceKlass java/security/PrivilegedActionException
instanceKlass java/io/IOException
instanceKlass java/lang/ReflectiveOperationException
instanceKlass java/lang/RuntimeException
ciInstanceKlass java/lang/Exception 1 1 40 10 7 12 1 1 1 10 12 1 10 12 1 10 12 1 10 12 1 100 1 1 1 1 5 0 1 1 1 1 1 1 1 1 1 1 1 1 1 1
instanceKlass org/jetbrains/kotlin/load/java/structure/impl/classFiles/BinaryClassSignatureParser$ClsFormatException
instanceKlass java/lang/Exception
instanceKlass java/lang/Error
ciInstanceKlass java/lang/Throwable 1 1 404 10 7 12 1 1 1 9 7 12 1 1 1 9 12 1 1 9 12 1 9 12 1 1 9 12 1 10 12 1 1 9 12 1 1 10 12 1 1 10 12 1 100 1 7 1 10 8 1 10 12 1 1 8 1 10 100 12 1 1 10 10 12 1 100 1 8 1 10 10 12 1 1 10 7 12 1 1 10 12 1 8 1 9 7 12 1 1 1 10 12 1 1 100 1 10 12 10 12 1 10 100 12 1 1 1 100 1 10 12 10 12 1 10 12 1 100 1 10 10 7 12 1 1 1 11 100 12 1 1 1 10 12 1 1 10 12 1 1 8 1 10 12 1 10 12 1 1 8 1 8 1 10 12 1 1 10 12 1 8 1 8 1 9 12 1 1 10 12 1 1 100 1 10 11 12 1 8 1 8 1 10 7 12 1 1 8 1 10 12 1 8 1 100 1 10 12 1 9 12 1 1 10 12 1 10 100 12 1 9 12 1 1 10 12 1 1 100 1 8 1 10 12 1 10 100 12 1 1 10 12 1 1 7 1 10 100 12 1 1 1 10 12 1 11 7 12 1 1 1 11 7 12 1 1 11 12 1 8 1 10 12 1 1 8 1 10 10 9 100 12 1 1 1 8 1 10 12 1 1 11 10 100 1 8 1 10 11 12 1 1 8 1 9 12 1 10 100 12 1 1 11 9 12 1 1 11 12 1 1 100 10 12 1 10 12 1 1 7 1 1 1 1 5 0 1 1 1 1 1 1 1 1 1 1 1 1 1 7 1 1 1 1 1 1 1 1 1 1 1 1 1 1 1 1 1 1 1 1 1 1 1 1 1 1 1 1 1 1 1 1 1 1 1 1 1 1 1 1 1 1 1 1 100 1 7 1 1 1 1 1 1 1 1 1 1 1 1 1 1 1 1 1 1
staticfield java/lang/Throwable UNASSIGNED_STACK [Ljava/lang/StackTraceElement; 0 [Ljava/lang/StackTraceElement;
staticfield java/lang/Throwable SUPPRESSED_SENTINEL Ljava/util/List; java/util/Collections$EmptyList
staticfield java/lang/Throwable EMPTY_THROWABLE_ARRAY [Ljava/lang/Throwable; 0 [Ljava/lang/Throwable;
staticfield java/lang/Throwable $assertionsDisabled Z 1
instanceKlass org/h2/util/SortedProperties
instanceKlass java/security/Provider
ciInstanceKlass java/util/Properties 1 1 690 10 7 12 1 1 1 100 1 10 7 12 1 1 7 1 10 12 1 9 12 1 1 9 12 1 1 9 12 1 1 10 7 12 1 1 1 10 12 1 1 8 1 10 7 12 1 1 1 7 1 10 12 1 10 12 1 1 8 1 10 12 1 7 1 10 12 10 12 1 1 9 12 1 1 10 12 1 1 7 1 10 12 1 10 12 1 10 12 1 1 100 1 8 1 10 12 1 10 12 1 10 12 1 1 10 12 1 7 1 3 10 10 100 12 1 1 1 10 12 1 10 12 1 1 8 1 10 12 1 10 12 1 1 8 1 10 100 12 1 1 10 12 1 1 10 12 1 10 12 1 1 100 1 10 12 1 10 12 1 1 100 1 9 100 12 1 1 1 10 12 1 10 12 1 1 10 12 1 1 10 12 1 1 100 1 9 12 1 1 7 1 7 1 10 12 1 7 1 11 7 12 1 1 1 11 12 1 1 11 7 12 1 1 1 11 7 12 1 1 1 11 12 1 1 11 12 1 11 12 1 10 12 1 1 8 1 10 12 1 10 100 12 1 1 10 12 1 100 1 10 10 12 1 10 12 1 100 1 10 10 12 1 1 10 7 12 1 1 9 100 12 1 1 10 12 1 1 10 100 12 1 1 1 100 1 100 1 100 1 10 8 1 8 1 10 12 1 10 12 1 10 12 1 1 10 10 12 1 1 10 12 1 1 7 1 10 10 12 1 11 7 12 1 1 10 7 12 1 1 1 8 1 10 100 12 1 1 11 11 7 1 8 1 10 100 1 11 10 12 1 10 10 12 1 10 12 1 1 10 12 1 1 10 12 1 1 10 12 1 10 12 1 10 10 12 1 10 12 1 10 12 1 10 10 12 1 1 10 12 1 1 10 10 12 1 10 12 1 10 12 1 10 12 1 10 12 1 1 10 12 1 1 10 12 1 10 12 1 10 12 1 1 10 12 10 12 1 1 10 12 1 1 10 12 1 10 12 1 1 10 12 1 1 10 12 10 11 12 1 4 11 10 12 1 1 10 100 12 1 1 11 12 1 10 12 1 1 10 100 12 1 1 10 12 1 100 1 8 1 10 12 1 10 10 100 12 1 1 1 100 1 6 0 10 12 1 1 11 100 12 1 1 1 10 12 1 10 12 1 1 1 1 1 5 0 1 1 1 1 1 1 1 1 1 1 1 1 1 1 1 1 1 1 1 1 1 1 1 1 1 1 1 1 1 1 1 1 1 1 1 1 1 1 1 100 1 1 1 1 1 1 1 1 1 1 1 1 1 1 1 1 1 1 1 1 100 1 1 1 1 1 1 1 1 1 1 1 1 7 1 7 1 1 1 1 1 100 1 1 1 1 1 1 1 1 1 1 1 1 1 1 1 1 1 1 1 1 1 1 1 1 1 1 1 1 1 1 1 1 1 1 1 1 1 1 1 1 1 1 1 1 1 1 1 1 1 1 1 1 1 1 1 1 1 1 1 1 1 1 1 1 1 1 1 1 1 1 1 1 1 1 1 1 1 7 1 1 1 1 1 1 1 1 1 1 1 100 1 1
staticfield java/util/Properties UNSAFE Ljdk/internal/misc/Unsafe; jdk/internal/misc/Unsafe
instanceKlass java/util/Hashtable
ciInstanceKlass java/util/Dictionary 1 1 36 10 7 12 1 1 1 100 1 1 1 1 1 1 1 1 1 1 1 1 1 1 1 1 1 1 1 1 1 1 1 1 1 1 1 1
instanceKlass java/util/Properties
ciInstanceKlass java/util/Hashtable 1 1 516 7 1 10 7 12 1 1 1 9 7 12 1 1 1 100 1 7 1 10 8 1 10 12 1 1 10 12 1 10 12 1 1 10 12 1 10 7 12 1 1 1 8 1 10 12 1 9 12 1 1 7 1 9 12 1 1 4 10 7 12 1 1 1 9 12 1 4 10 12 1 11 7 12 1 1 1 10 12 1 1 10 12 1 1 9 12 1 10 12 1 1 100 1 10 9 12 1 1 10 7 12 1 1 1 9 12 1 1 10 12 1 10 12 1 3 9 12 1 9 12 1 3 10 12 1 10 12 1 10 12 1 1 11 12 1 1 11 100 12 1 1 1 11 7 12 1 1 1 11 12 1 100 1 11 12 1 11 12 1 10 12 1 1 10 12 1 1 10 12 1 9 12 1 1 9 12 9 12 1 1 10 100 1 7 1 10 12 1 10 8 1 10 10 12 1 8 1 10 8 1 10 100 12 1 1 1 7 1 10 12 1 10 12 1 100 1 10 12 1 10 12 1 1 100 1 10 100 1 10 10 12 1 1 11 12 1 1 11 12 1 7 1 10 10 10 100 12 1 1 11 100 12 1 1 1 100 1 10 11 100 12 1 1 11 100 12 1 10 12 1 10 12 1 1 10 100 12 1 1 10 12 1 1 10 12 1 1 10 12 1 1 10 100 12 1 1 1 8 10 100 12 1 1 100 1 8 1 10 4 4 10 12 1 1 10 12 1 8 1 4 10 12 10 100 12 1 1 1 100 1 11 100 12 1 1 1 10 100 12 1 1 1 10 12 1 10 12 1 1 10 7 1 7 1 1 1 1 1 1 5 0 1 1 1 1 1 3 1 3 1 3 1 1 1 1 1 1 1 1 1 1 1 1 1 1 1 1 1 1 1 1 1 1 1 1 1 100 1 1 1 1 1 1 1 1 1 1 1 1 1 1 1 1 1 1 1 1 1 1 1 1 1 1 1 1 1 7 1 1 1 1 1 1 1 1 1 1 1 1 1 1 7 1 1 1 1 1 1 1 1 1 1 1 1 1 1 1 1 1 1 1 1 1 1 1 1 1 1 1 1 1 1 1 1 1 1 1 1 1 1 1 1 1 1 1 1 100 1 1 1 7 1 1 1 1 1 7 1 1 1 1 1 1 1 1 1 1 1 1 1 1 1 1 1 1
ciInstanceKlass java/lang/String 1 1 1443 10 7 12 1 1 1 8 1 9 7 12 1 1 1 9 12 1 1 9 12 1 1 9 12 1 1 10 12 1 10 12 1 1 10 12 1 1 9 12 1 10 7 12 1 1 1 10 7 1 10 7 12 1 1 1 10 12 1 1 10 12 1 1 10 12 1 10 12 1 1 10 12 1 10 7 12 1 1 1 7 1 9 7 12 1 1 1 10 7 12 1 1 1 10 7 12 1 1 1 10 12 1 1 10 12 1 1 10 12 1 1 10 12 1 1 9 7 12 1 1 10 12 9 7 12 1 1 10 12 1 1 3 10 12 1 1 7 1 11 12 1 1 11 12 1 11 12 1 1 10 100 12 1 1 1 10 12 1 1 9 100 12 1 1 1 10 12 1 1 10 12 1 11 12 1 1 10 12 1 1 10 12 10 12 1 1 10 7 12 1 1 1 10 12 1 1 10 12 1 1 100 1 7 1 10 12 1 10 12 1 10 12 1 1 100 1 10 12 1 1 100 1 10 12 1 1 10 12 1 1 10 12 1 10 10 12 1 100 1 100 1 100 1 10 12 1 10 12 1 1 10 12 1 1 10 12 1 10 12 1 1 10 12 1 1 10 7 12 1 1 7 1 11 10 7 12 1 1 11 12 1 11 12 1 10 12 1 1 10 12 1 10 12 10 12 1 1 10 10 100 12 1 1 1 10 100 12 1 1 10 12 1 1 10 100 12 1 1 10 12 1 10 12 1 1 10 12 1 1 10 12 1 10 12 1 10 12 1 1 100 1 10 12 1 1 10 12 10 12 1 10 12 1 1 10 12 1 1 10 7 12 1 1 1 10 12 1 10 12 1 1 10 12 1 10 12 1 3 3 10 12 1 1 10 12 1 10 12 1 1 10 12 1 1 10 12 1 1 10 12 1 10 12 1 1 10 12 1 1 10 12 1 10 12 1 10 12 1 10 12 1 1 10 12 1 10 12 1 10 12 1 10 12 1 10 12 1 10 12 1 10 7 1 10 8 1 10 12 1 1 10 12 1 8 1 10 12 1 1 10 12 10 12 1 8 1 10 10 12 1 1 10 12 1 1 10 12 1 1 10 7 1 10 10 12 1 10 12 1 10 12 1 10 10 12 1 10 12 1 10 12 1 10 12 1 10 12 1 10 12 1 10 12 1 1 10 12 1 1 10 12 1 1 10 10 12 1 1 10 10 12 1 100 1 10 10 12 1 1 10 12 1 1 10 7 1 10 12 1 10 12 1 10 7 12 1 1 1 10 12 1 10 12 1 1 10 12 1 11 7 1 11 12 10 12 1 10 12 1 1 10 12 1 1 10 10 12 1 10 12 1 9 12 1 1 11 7 12 1 1 1 10 12 10 10 12 1 10 12 1 1 10 10 12 1 10 12 1 10 12 1 1 10 12 1 1 10 10 12 1 1 10 12 1 10 10 12 1 10 12 10 10 12 10 10 12 1 10 12 1 10 10 12 10 7 12 1 1 1 10 12 10 10 12 10 12 1 10 12 10 12 10 10 12 1 10 12 1 1 10 12 1 1 10 10 12 1 10 7 12 1 1 1 10 12 1 1 10 10 7 12 1 1 1 11 10 12 1 10 12 1 1 10 12 1 1 10 7 12 1 1 1 10 12 1 10 12 1 10 12 1 10 12 1 10 12 1 10 12 1 100 1 7 1 8 1 10 10 10 12 1 10 12 1 1 8 1 10 12 1 3 3 10 12 1 10 12 1 1 10 12 7 1 10 10 12 1 1 10 12 1 10 12 1 10 12 1 1 10 12 1 1 11 7 12 1 1 1 7 1 10 12 1 10 12 1 1 8 1 10 12 1 1 10 12 1 11 7 12 1 1 1 11 7 12 1 1 11 12 1 10 12 1 10 12 1 1 10 10 7 12 1 1 1 10 12 1 10 12 1 10 10 12 10 12 1 1 10 10 12 1 10 10 12 1 10 10 12 1 10 10 12 1 10 12 1 1 10 10 12 1 8 1 10 12 1 1 18 12 1 1 11 100 12 1 1 1 7 1 3 18 12 1 18 12 1 8 1 10 100 12 1 1 1 11 12 1 1 10 12 10 10 12 1 10 11 12 1 1 10 12 1 1 11 12 1 18 3 11 10 12 1 11 11 10 12 1 10 12 1 1 8 1 10 12 1 10 12 1 10 12 1 1 10 10 12 1 11 100 12 1 100 1 100 1 10 12 100 1 10 10 100 12 1 1 1 100 1 10 7 1 10 10 12 1 10 10 12 1 8 1 10 10 12 1 8 1 8 1 10 12 1 10 12 1 10 10 12 10 7 12 1 1 10 7 12 1 1 10 7 12 1 1 8 1 10 12 1 10 12 1 10 9 12 1 10 12 9 7 12 1 1 1 10 12 1 10 12 1 10 12 1 10 12 1 10 12 1 8 1 10 100 12 1 1 1 10 12 10 12 1 1 10 12 10 10 12 10 12 7 1 9 12 1 1 7 1 10 7 1 7 1 7 1 7 1 1 1 1 1 1 5 0 1 1 1 1 1 3 1 3 1 1 1 1 1 1 1 1 1 1 1 1 1 1 1 100 1 1 1 1 1 1 1 1 1 1 1 1 1 1 1 1 1 1 1 1 1 1 1 1 1 1 1 1 1 1 1 100 1 1 1 1 1 1 1 1 1 1 7 1 1 1 1 1 1 1 1 1 1 1 1 1 1 1 1 1 1 1 1 1 1 1 1 1 1 1 1 1 1 1 1 1 1 1 1 1 1 1 1 1 1 1 1 1 1 1 1 1 1 1 1 1 1 1 1 1 1 1 1 1 1 1 1 1 1 1 1 1 1 1 1 1 1 1 1 1 1 1 1 1 1 1 1 1 1 1 1 1 1 1 1 1 1 1 1 1 1 1 1 1 1 1 1 1 1 1 1 1 1 1 1 1 1 1 1 1 1 1 1 1 1 1 1 1 1 1 1 1 1 1 1 1 1 1 1 1 1 1 1 1 1 1 1 1 1 1 1 1 1 1 1 1 1 1 1 1 1 1 1 1 1 1 1 1 1 1 1 1 1 1 1 1 1 1 100 1 1 1 1 1 1 1 1 1 1 1 1 1 1 1 1 1 1 1 1 1 1 1 100 1 1 1 1 1 1 1 1 1 1 1 1 1 1 1 7 1 1 1 1 1 1 1 1 1 1 1 1 1 1 1 16 15 10 12 16 15 10 12 15 10 12 15 10 12 15 10 100 12 1 1 1 1 1 1 1 100 1 100 1 1 1
staticfield java/lang/String COMPACT_STRINGS Z 1
staticfield java/lang/String serialPersistentFields [Ljava/io/ObjectStreamField; 0 [Ljava/io/ObjectStreamField;
staticfield java/lang/String CASE_INSENSITIVE_ORDER Ljava/util/Comparator; java/lang/String$CaseInsensitiveComparator
ciMethod java/lang/String equals (Ljava/lang/Object;)Z 684 0 6773 0 -1
ciInstanceKlass java/lang/constant/ConstantDesc 1 0 37 100 1 100 1 1 1 1 100 1 1 1 1 100 1 100 1 100 1 100 1 100 1 100 1 100 1 100 1 100 1 1 100 1 100 1 1
ciInstanceKlass jdk/internal/misc/VM 1 1 320 10 7 12 1 1 1 9 7 12 1 1 1 9 12 1 1 7 1 7 1 10 8 1 10 12 1 1 10 12 1 10 12 1 1 10 12 1 10 12 1 10 12 1 9 12 1 1 8 1 10 12 1 9 12 1 1 9 12 1 9 12 1 3 10 7 12 1 1 1 9 12 1 1 100 1 8 1 10 11 7 12 1 1 1 7 1 10 100 12 1 1 1 10 12 1 8 1 8 1 10 12 1 1 8 1 10 12 1 1 10 7 12 1 1 1 10 12 1 1 10 7 12 1 1 1 5 0 8 1 8 1 8 1 10 12 1 1 10 12 1 1 10 7 12 1 1 1 10 12 1 9 12 1 100 1 10 12 1 10 7 12 1 1 9 12 1 9 12 1 9 7 12 1 1 1 9 12 1 9 12 1 9 12 1 9 12 1 9 12 1 10 12 1 10 12 1 10 12 1 10 12 1 10 12 1 9 100 12 1 1 1 5 0 10 1 1 3 1 3 1 3 1 3 1 3 1 1 1 1 1 1 1 1 1 3 1 3 1 3 1 1 1 1 1 1 1 7 1 1 1 100 1 1 1 1 1 1 1 1 1 1 1 1 1 1 1 1 1 1 1 1 1 1 1 1 1 1 1 1 1 1 1 1 1 1 1 1 1 1 1 1 1 1 1 1 1 1 1 1 1 1 1 1 1 1 1 1 1 1 1 1 100 1 1 7 1 1 1 1
staticfield jdk/internal/misc/VM lock Ljava/lang/Object; java/lang/Object
ciInstanceKlass java/lang/InternalError 0 0 34 10 100 12 1 1 1 10 12 1 10 12 1 10 12 1 100 1 1 1 1 5 0 1 1 1 1 1 1 1 1 1 1 1
instanceKlass java/io/IOError
instanceKlass kotlin/reflect/jvm/internal/KotlinReflectionInternalError
instanceKlass kotlin/jvm/KotlinReflectionNotSupportedError
instanceKlass kotlin/NotImplementedError
instanceKlass java/lang/AssertionError
instanceKlass java/lang/VirtualMachineError
instanceKlass java/lang/LinkageError
ciInstanceKlass java/lang/Error 1 1 40 10 7 12 1 1 1 10 12 1 10 12 1 10 12 1 10 12 1 100 1 1 1 1 5 0 1 1 1 1 1 1 1 1 1 1 1 1 1 1
instanceKlass java/lang/StackOverflowError
instanceKlass java/lang/OutOfMemoryError
instanceKlass java/lang/InternalError
ciInstanceKlass java/lang/VirtualMachineError 1 1 34 10 7 12 1 1 1 10 12 1 10 12 1 10 12 1 100 1 1 1 1 5 0 1 1 1 1 1 1 1 1 1 1 1
ciInstanceKlass java/util/Set 1 1 144 100 1 10 7 12 1 1 1 9 7 12 1 1 1 7 1 10 12 1 1 10 12 1 7 1 7 1 10 12 1 7 1 7 1 11 7 12 1 1 1 11 12 1 1 7 1 10 12 1 10 12 1 1 11 12 1 1 1 1 1 1 1 1 1 1 1 1 1 1 1 1 1 1 1 1 1 1 1 1 1 1 1 1 1 1 1 1 1 1 1 1 1 1 1 1 1 1 1 1 1 1 1 1 1 1 1 1 1 1 1 1 1 1 1 1 1 1 1 1 1 1 1 1 1 1 1 1 1 1 1 1 1 1 1 1 1 1 1 1 1 1 1 1
ciInstanceKlass java/util/Iterator 1 1 53 100 1 8 1 10 12 1 1 10 7 12 1 1 1 11 7 12 1 1 1 11 12 1 1 11 7 12 1 1 1 7 1 1 1 1 1 1 1 1 1 1 1 1 1 1 1 1 1 1 1 1 1
ciInstanceKlass java/util/Map$Entry 1 0 178 18 12 1 1 7 1 100 1 18 10 100 12 1 1 1 18 12 1 18 100 1 11 7 12 1 1 1 11 12 1 11 7 12 1 1 1 10 100 12 1 1 1 10 7 12 1 1 1 8 1 10 12 1 1 8 1 8 1 8 1 10 12 1 10 12 1 8 10 7 1 10 12 1 8 10 12 1 8 1 10 12 1 8 10 12 1 8 1 10 12 1 1 8 1 100 1 8 1 10 12 1 1 11 12 7 1 11 12 1 1 1 1 1 1 1 1 1 1 1 1 1 1 1 1 1 1 1 1 1 1 1 1 1 1 1 1 1 1 1 1 1 1 1 1 1 1 1 16 15 11 12 16 3 3 15 11 12 15 11 12 15 11 12 15 10 100 12 1 1 1 1 1 100 1 100 1 1
instanceKlass org/jetbrains/kotlin/protobuf/RopeByteString$RopeInputStream
instanceKlass com/intellij/util/io/UnsyncByteArrayInputStream
instanceKlass org/javacs/kt/util/ExitingInputStream
instanceKlass org/h2/mvstore/StreamStore$Stream
instanceKlass org/h2/store/CountingReaderInputStream
instanceKlass java/io/ObjectInputStream
instanceKlass java/io/SequenceInputStream
instanceKlass org/h2/store/fs/FileChannelInputStream
instanceKlass kotlin/reflect/jvm/internal/impl/protobuf/RopeByteString$RopeInputStream
instanceKlass sun/nio/ch/ChannelInputStream
instanceKlass com/fasterxml/aalto/in/MergedStream
instanceKlass java/util/jar/JarVerifier$VerifierStream
instanceKlass java/util/zip/ZipFile$ZipFileInputStream
instanceKlass java/io/FilterInputStream
instanceKlass java/io/FileInputStream
instanceKlass java/io/ByteArrayInputStream
ciInstanceKlass java/io/InputStream 1 1 195 7 1 10 7 12 1 1 1 100 1 10 10 7 12 1 1 1 10 7 12 1 1 1 10 12 1 100 1 3 10 12 1 1 100 1 8 1 10 12 1 10 7 12 1 1 1 3 7 1 8 1 10 10 7 12 1 1 1 7 1 10 11 7 12 1 1 1 10 12 1 1 11 12 1 1 11 7 12 1 1 1 11 12 1 1 7 1 10 7 12 1 1 1 5 0 10 12 1 10 12 1 1 100 1 10 8 1 10 8 1 8 1 10 12 1 1 10 7 12 1 1 1 7 1 5 0 10 12 1 100 1 7 1 1 1 1 3 1 3 1 1 1 1 1 1 1 1 1 1 1 1 1 1 1 1 1 1 1 1 1 1 1 1 1 1 1 1 1 1 1 1 1 1 1 1 1 1 1 1 1 1 1 1 1 1 1 1 1 1 1 1 1 1 1
instanceKlass org/jetbrains/kotlin/protobuf/AbstractMessageLite$Builder$LimitedInputStream
instanceKlass org/h2/store/RangeInputStream
instanceKlass java/io/PushbackInputStream
instanceKlass kotlin/reflect/jvm/internal/impl/protobuf/AbstractMessageLite$Builder$LimitedInputStream
instanceKlass sun/net/www/protocol/jar/JarURLConnection$JarURLInputStream
instanceKlass java/io/DataInputStream
instanceKlass java/util/jar/Manifest$FastInputStream
instanceKlass java/util/zip/InflaterInputStream
instanceKlass java/io/BufferedInputStream
ciInstanceKlass java/io/FilterInputStream 1 1 62 10 7 12 1 1 1 9 7 12 1 1 1 10 12 1 1 10 12 1 10 10 12 1 1 10 12 1 10 12 1 10 12 1 1 10 12 1 10 12 1 1 1 1 1 1 1 1 1 100 1 1 1 1 1 1 1 1 1 1 1 1
ciInstanceKlass jdk/internal/misc/Unsafe 1 1 1287 10 7 12 1 1 1 9 7 12 1 1 1 9 12 1 1 10 12 1 1 10 7 12 1 1 1 10 12 1 1 10 12 1 1 10 12 1 1 10 12 1 1 10 12 1 1 10 12 1 1 10 12 1 1 10 12 1 1 10 12 1 1 10 12 1 1 10 12 1 1 10 12 1 1 10 12 1 1 10 12 1 10 12 1 100 1 10 10 12 1 1 10 12 1 1 5 0 10 12 1 1 10 12 1 1 10 7 12 1 1 1 10 12 1 1 10 12 1 10 12 1 10 12 1 1 10 12 1 1 10 12 1 10 12 1 7 1 7 1 10 8 1 10 12 1 1 10 12 1 8 1 10 12 1 1 10 12 1 10 12 1 10 12 1 1 10 12 1 10 12 1 1 10 12 1 1 10 12 1 10 12 1 10 12 1 10 12 1 1 10 12 1 10 12 1 10 12 1 1 10 12 1 5 0 5 0 5 0 10 12 1 10 12 1 10 12 1 10 12 1 10 12 1 10 12 1 10 12 1 10 12 1 10 12 1 1 10 12 1 10 12 1 7 1 8 1 10 100 1 10 10 12 1 1 10 12 1 1 10 12 1 10 12 1 1 10 12 1 1 10 12 1 10 12 1 1 10 12 1 9 7 12 1 1 9 12 1 100 1 10 10 12 1 1 8 1 10 8 1 8 1 10 12 1 1 9 7 12 1 1 1 9 7 1 9 7 1 9 7 1 9 9 7 1 9 7 1 9 7 1 10 12 1 1 10 12 1 1 10 12 1 1 10 12 1 1 5 0 5 0 9 12 1 1 10 12 1 10 12 1 10 12 1 1 10 12 1 1 10 12 1 8 1 3 10 12 1 1 10 12 1 1 10 12 1 10 12 1 1 10 12 1 1 10 12 1 10 12 1 10 12 1 10 12 1 10 12 1 10 12 1 1 10 12 1 1 10 12 1 10 12 1 10 12 1 10 12 1 10 12 1 10 12 1 1 10 12 1 1 10 12 1 10 12 1 10 12 1 10 12 1 10 12 1 10 12 1 1 10 12 1 1 10 12 1 1 10 12 1 1 10 12 1 10 12 1 10 12 1 10 12 1 10 12 1 10 12 1 10 12 1 1 10 12 1 1 10 12 1 10 12 1 10 12 1 10 12 1 10 12 1 10 12 1 10 12 1 1 10 12 1 1 10 12 1 10 12 1 10 12 1 10 12 1 10 12 1 10 12 1 10 12 1 10 12 1 1 10 12 1 10 12 1 10 12 1 10 12 1 10 12 1 1 10 12 1 10 12 1 10 12 1 10 12 1 10 12 1 10 12 1 10 12 1 10 12 1 1 10 12 1 10 12 1 10 12 1 10 12 1 10 12 1 10 12 1 1 10 12 1 10 12 1 10 12 1 1 10 12 1 10 12 1 10 12 1 10 12 1 10 12 1 10 12 1 10 12 1 10 12 1 10 12 1 10 12 1 10 12 1 10 12 1 10 12 1 10 12 1 10 12 1 10 12 1 10 12 1 10 12 1 10 12 1 10 12 1 10 12 1 10 12 1 10 12 1 100 1 10 100 1 10 9 12 1 5 0 10 12 1 1 5 0 10 12 1 5 0 10 12 1 10 12 1 10 12 1 1 10 12 1 1 10 12 1 10 12 1 10 12 1 10 12 1 1 10 12 1 10 12 1 10 12 1 10 12 1 10 12 1 1 10 12 1 10 12 1 10 12 1 10 12 1 1 10 12 1 10 12 1 10 12 1 1 10 12 1 10 12 1 10 12 1 10 12 1 1 10 12 1 10 10 12 1 1 10 12 1 10 12 1 1 10 12 1 10 12 5 0 5 0 5 0 10 12 1 1 10 12 1 10 12 1 10 12 10 100 12 1 1 8 1 100 1 11 12 1 1 8 1 11 12 1 1 10 100 12 1 1 10 12 1 10 12 1 10 12 1 10 12 1 10 12 1 1 10 12 1 10 12 1 10 12 1 10 12 1 10 12 1 10 12 1 10 7 1 10 12 1 9 12 1 7 1 9 12 1 7 1 9 12 1 7 1 9 12 1 7 1 9 12 1 7 1 9 12 1 7 1 9 12 1 7 1 9 12 1 7 1 9 12 1 10 12 1 9 12 1 9 12 1 9 12 1 9 12 1 9 12 1 9 12 1 9 12 1 9 12 1 9 12 1 9 12 1 1 1 3 1 1 1 1 1 1 1 1 1 1 1 1 1 1 1 1 1 1 1 1 1 1 1 1 1 1 1 1 1 1 1 1 1 1 1 1 1 1 1 1 1 1 1 1 1 1 1 1 1 1 1 1 1 1 1 1 1 1 1 1 1 1 1 1 1 1 1 1 1 1 1 1 1 1 1 1 1 1 1 1 1 1 1 1 1 1 1 1 1 100 1 1 1 1 1 1 1 1 1 1 1 1 1 1 1 1 1 1 1 1 1 1 1 1 1 1 1 1 1 1 1 1 1 1 1 1 1 1 1 1 1 1 1 1 1 1 1 1 1 1 1 1 1 1 1 1 1 1 1 1 1 1 1 1 1 1 1 1 1 1 1 1 1 1 1 1 1 1 1 1 1 1 1 1 1 1 1 1 1 1 1 1 1 1 1 1 1 1 1 1 1 1 1 1 1 1 1 1 1 1 1 1 1 1 1 1 1 1 1 1 1 1 1 1 1 1 1 1 1 1 1 1 1 1 1 1 1 1 1 1 1 1 1 1 1 1 1 1 1 1 1 1 1 1 1 1 1 1 1 1 1 1 1 1 1 1 1 1 1 1 1 1 1 1 1 1 1 1 1 1 1 1 1 1 1 1 1 1 1 1 1 1 1 1 1 1 1 1 1 1 1 1 1 1 1 1 3 1 1 1 1 1 1 1 1 1 1 1 1 1 1 1 1 1 1 1 1 1
staticfield jdk/internal/misc/Unsafe theUnsafe Ljdk/internal/misc/Unsafe; jdk/internal/misc/Unsafe
staticfield jdk/internal/misc/Unsafe ARRAY_BOOLEAN_BASE_OFFSET I 16
staticfield jdk/internal/misc/Unsafe ARRAY_BYTE_BASE_OFFSET I 16
staticfield jdk/internal/misc/Unsafe ARRAY_SHORT_BASE_OFFSET I 16
staticfield jdk/internal/misc/Unsafe ARRAY_CHAR_BASE_OFFSET I 16
staticfield jdk/internal/misc/Unsafe ARRAY_INT_BASE_OFFSET I 16
staticfield jdk/internal/misc/Unsafe ARRAY_LONG_BASE_OFFSET I 16
staticfield jdk/internal/misc/Unsafe ARRAY_FLOAT_BASE_OFFSET I 16
staticfield jdk/internal/misc/Unsafe ARRAY_DOUBLE_BASE_OFFSET I 16
staticfield jdk/internal/misc/Unsafe ARRAY_OBJECT_BASE_OFFSET I 16
staticfield jdk/internal/misc/Unsafe ARRAY_BOOLEAN_INDEX_SCALE I 1
staticfield jdk/internal/misc/Unsafe ARRAY_BYTE_INDEX_SCALE I 1
staticfield jdk/internal/misc/Unsafe ARRAY_SHORT_INDEX_SCALE I 2
staticfield jdk/internal/misc/Unsafe ARRAY_CHAR_INDEX_SCALE I 2
staticfield jdk/internal/misc/Unsafe ARRAY_INT_INDEX_SCALE I 4
staticfield jdk/internal/misc/Unsafe ARRAY_LONG_INDEX_SCALE I 8
staticfield jdk/internal/misc/Unsafe ARRAY_FLOAT_INDEX_SCALE I 4
staticfield jdk/internal/misc/Unsafe ARRAY_DOUBLE_INDEX_SCALE I 8
staticfield jdk/internal/misc/Unsafe ARRAY_OBJECT_INDEX_SCALE I 4
staticfield jdk/internal/misc/Unsafe ADDRESS_SIZE I 8
instanceKlass jdk/internal/reflect/DelegatingClassLoader
instanceKlass java/security/SecureClassLoader
ciInstanceKlass java/lang/ClassLoader 1 1 1108 9 7 12 1 1 1 10 7 12 1 1 1 9 12 1 1 10 7 12 1 1 1 7 1 10 12 1 1 10 12 1 1 9 12 1 1 10 12 1 1 100 1 10 12 1 10 12 1 1 10 7 12 1 1 1 100 1 8 1 10 12 1 10 7 12 1 1 1 10 7 12 1 10 7 1 10 7 1 7 1 7 1 10 12 1 10 12 1 9 12 1 1 10 10 7 12 1 1 1 9 12 1 1 9 12 1 9 12 1 1 9 12 1 9 12 1 1 9 12 1 1 7 1 10 12 1 9 12 1 1 10 12 1 1 10 7 12 1 1 1 9 12 1 9 12 1 1 9 12 1 10 12 1 1 9 12 10 12 1 1 7 1 10 8 1 10 12 1 1 10 12 1 10 7 1 7 1 10 12 1 1 10 7 12 1 1 1 8 1 10 12 1 10 12 1 10 12 1 1 10 12 1 1 10 12 1 1 10 12 1 1 10 12 1 1 10 12 1 7 1 10 12 1 10 100 12 1 1 1 10 12 1 1 10 12 1 10 12 1 10 12 1 10 12 1 10 12 1 1 10 10 12 1 10 12 1 10 100 12 1 1 10 12 1 1 10 12 1 1 10 12 1 100 1 10 12 1 7 1 10 12 1 10 7 12 1 1 1 10 10 12 1 1 10 12 1 1 7 1 8 1 10 8 1 10 12 1 10 12 1 100 1 8 1 10 12 1 1 10 12 1 1 10 10 12 1 1 10 12 1 1 10 12 1 1 10 7 1 10 12 1 1 10 12 1 1 10 12 1 1 10 12 1 1 10 12 1 1 10 12 1 1 10 12 1 10 7 12 1 1 1 10 12 1 10 12 1 10 12 1 1 10 12 1 10 12 1 10 12 1 10 12 1 1 10 12 1 10 12 1 1 8 1 9 12 1 10 12 1 1 8 1 8 1 10 7 12 1 1 100 1 10 10 12 10 12 1 10 12 1 10 12 1 10 12 1 1 10 7 12 1 1 10 12 1 10 7 1 7 1 10 12 1 1 10 12 1 10 7 1 10 12 1 100 1 18 12 1 10 100 12 1 1 1 10 100 12 1 1 1 10 7 12 1 1 10 12 1 10 12 1 100 1 10 12 1 8 1 10 10 12 1 1 10 12 1 10 12 1 1 100 1 10 12 1 10 12 1 1 10 7 12 1 1 10 12 1 8 1 100 1 10 10 12 1 9 12 1 10 7 12 1 1 10 12 1 7 1 8 1 10 12 1 10 8 1 8 1 10 12 1 1 10 12 1 1 10 12 1 1 10 7 12 1 1 7 1 100 1 10 12 1 1 7 1 7 1 10 7 12 1 1 10 12 1 10 12 1 1 10 12 1 10 12 1 1 10 12 1 1 9 100 12 1 1 1 10 12 1 1 10 12 1 10 12 1 10 12 1 1 10 12 1 8 1 7 1 18 12 1 1 10 12 1 1 10 12 1 10 12 1 10 12 1 8 1 10 12 1 10 12 1 18 12 1 11 100 12 1 1 1 100 1 10 12 1 1 10 12 1 10 11 12 1 1 10 18 10 12 1 1 11 7 12 1 18 12 1 11 12 1 1 10 12 10 12 1 1 10 12 1 1 100 1 8 1 10 10 12 1 8 1 8 1 10 100 12 1 1 10 12 1 100 1 10 10 12 1 8 1 8 1 8 1 10 12 1 10 12 1 1 10 12 1 10 7 12 1 1 1 11 7 12 1 1 100 1 10 11 10 12 1 10 12 1 10 12 1 1 9 7 12 1 1 9 12 1 1 9 12 9 12 1 9 12 1 9 12 1 8 10 12 1 1 10 7 12 1 1 1 10 12 1 1 10 12 1 1 10 12 1 10 10 12 1 11 12 1 1 10 100 12 1 1 1 100 1 10 12 1 10 12 1 10 12 1 1 1 1 1 1 1 1 1 1 1 1 1 1 1 1 1 1 1 1 1 1 1 1 1 1 1 1 100 1 1 1 1 1 1 1 1 1 1 1 1 1 1 1 1 1 1 1 1 1 100 1 1 1 1 1 1 1 1 1 1 100 1 1 1 1 1 1 1 1 1 1 1 1 1 1 1 1 1 1 1 1 1 1 1 1 1 1 1 1 1 1 1 1 1 1 1 1 1 1 1 1 1 100 1 1 1 1 1 1 1 1 1 1 1 1 1 1 1 1 1 1 1 7 1 1 1 1 1 1 1 1 1 1 1 1 1 1 1 1 1 1 1 1 1 1 1 1 1 1 1 1 1 1 1 1 1 1 1 1 1 1 1 1 1 1 1 1 1 1 1 1 1 1 100 1 1 1 1 1 1 1 1 1 1 1 1 1 1 1 1 1 1 1 1 1 1 1 1 1 1 1 1 1 1 1 1 1 1 1 1 1 1 1 1 1 1 1 1 1 1 16 1 15 10 12 16 1 16 15 10 12 16 1 16 1 15 10 12 16 15 10 12 16 15 10 12 16 15 10 100 12 1 1 1 1 1 100 1 100 1 1
staticfield java/lang/ClassLoader nocerts [Ljava/security/cert/Certificate; 0 [Ljava/security/cert/Certificate;
staticfield java/lang/ClassLoader $assertionsDisabled Z 1
ciInstanceKlass java/lang/reflect/Constructor 1 1 439 10 7 12 1 1 1 10 7 12 1 1 9 7 12 1 1 1 10 12 1 1 10 12 1 1 10 7 12 1 1 9 12 1 1 10 7 12 1 1 1 9 12 1 1 9 12 1 1 9 12 1 9 12 1 1 9 12 1 9 12 1 1 9 12 1 1 9 12 1 100 1 8 1 10 12 1 10 12 1 9 12 1 1 10 7 12 1 1 10 7 12 1 1 1 10 12 1 1 10 12 1 1 10 12 1 7 1 100 1 8 1 10 10 12 1 10 12 1 10 12 1 1 10 12 1 1 9 100 12 1 1 1 10 7 12 1 1 10 12 1 1 10 12 1 10 12 1 1 10 7 12 1 1 1 10 100 12 1 1 10 12 1 1 10 12 1 10 7 12 1 1 1 8 1 10 10 12 1 100 1 8 1 10 12 1 10 12 1 1 10 12 1 1 10 12 1 10 12 1 10 12 1 1 10 12 1 1 9 12 1 1 10 12 1 1 10 12 1 1 10 12 1 1 11 7 12 1 1 1 10 12 1 1 10 12 1 10 12 1 10 12 1 8 1 9 12 1 1 10 7 12 1 1 1 10 7 12 1 1 10 12 1 1 10 12 1 1 10 12 1 1 10 12 1 1 10 12 1 9 7 12 1 1 10 12 1 10 12 1 10 12 1 100 1 8 1 10 10 12 1 1 10 12 1 10 10 12 1 1 10 12 1 1 10 100 12 1 1 1 11 100 12 1 1 1 10 12 1 1 9 100 12 1 1 1 10 100 12 1 1 1 10 12 1 1 1 1 1 1 1 1 1 1 1 1 1 1 1 1 1 1 1 1 1 1 1 1 1 1 1 1 1 1 1 1 1 1 1 1 1 1 1 1 1 1 1 1 1 1 1 1 1 1 1 1 100 1 100 1 100 1 100 1 1 1 1 1 1 1 1 1 1 1 1 1 1 1 1 1 1 1 1 1 1 1 1 1 1 1 1 1 1 1 1 1 100 1 1
instanceKlass java/lang/reflect/Executable
instanceKlass java/lang/reflect/Field
ciInstanceKlass java/lang/reflect/AccessibleObject 1 1 400 10 7 12 1 1 1 9 100 12 1 1 1 10 7 12 1 1 1 10 7 12 1 1 10 7 12 1 1 1 10 100 12 1 1 1 10 12 1 1 10 12 1 1 9 12 1 1 7 1 10 7 12 1 1 1 11 12 1 7 1 10 12 1 7 1 100 1 10 12 1 10 12 1 1 10 12 1 1 10 12 1 1 10 12 1 1 7 1 10 7 12 1 1 1 10 12 1 1 11 10 7 12 1 1 1 10 12 1 1 10 12 1 10 12 1 10 12 1 1 10 12 1 8 1 7 1 7 1 10 10 12 1 1 8 1 10 12 1 10 12 1 8 1 8 1 8 1 8 1 8 1 8 1 8 1 8 1 8 1 100 1 10 12 1 10 12 1 9 12 1 1 10 12 1 1 10 12 1 10 7 1 100 1 8 1 10 8 1 10 12 1 8 1 10 12 1 10 12 1 1 10 100 1 8 1 10 11 7 12 1 1 1 10 12 1 1 10 12 1 1 10 12 1 1 9 12 1 1 100 1 10 12 1 7 1 10 12 1 10 12 1 1 10 100 1 10 12 1 10 12 10 12 1 10 12 1 10 12 1 1 10 12 1 9 12 1 10 100 12 1 1 8 1 10 100 12 1 1 1 8 1 10 7 12 1 1 1 9 12 1 7 1 10 7 1 10 10 7 12 1 1 1 7 1 10 10 7 12 1 1 1 7 1 9 12 1 1 1 1 1 1 1 1 1 1 1 1 1 1 1 1 1 1 1 1 1 1 1 1 1 1 1 1 1 1 1 1 1 1 1 1 1 1 1 1 1 1 1 1 1 1 1 1 1 1 1 1 1 1 1 1 1 1 1 1 1 1 1 1 1 1 1 1 1 1 1 1 1 1 1 1 1 1 1 1 1 1 1 1
staticfield java/lang/reflect/AccessibleObject reflectionFactory Ljdk/internal/reflect/ReflectionFactory; jdk/internal/reflect/ReflectionFactory
instanceKlass java/lang/reflect/Constructor
instanceKlass java/lang/reflect/Method
ciInstanceKlass java/lang/reflect/Executable 1 1 581 10 7 12 1 1 1 10 7 12 1 1 1 10 7 12 1 1 1 11 7 12 1 1 1 10 7 12 1 1 1 10 12 1 1 10 7 12 1 1 1 10 7 12 1 1 1 10 12 1 8 1 10 10 12 1 1 10 12 1 1 10 7 12 1 1 1 18 12 1 1 11 7 12 1 1 1 8 1 8 1 8 1 10 7 12 1 1 1 11 12 1 1 7 1 8 1 8 1 10 12 1 7 1 8 1 10 12 1 8 1 11 100 12 1 1 1 7 1 11 7 12 1 1 1 11 12 1 8 1 18 8 1 10 12 1 10 12 1 1 18 8 1 10 12 1 100 1 10 12 1 10 12 1 11 12 1 10 12 1 1 8 1 8 1 10 12 1 1 10 12 1 1 10 10 12 1 9 100 12 1 1 1 10 100 12 1 1 1 10 12 1 10 12 1 1 10 7 12 1 1 10 12 1 10 12 1 10 12 1 10 7 12 1 1 7 1 10 100 12 1 1 1 10 12 1 1 10 7 12 1 1 10 12 1 10 12 1 1 9 7 12 1 1 1 10 7 10 12 1 8 1 10 12 1 10 12 1 3 100 1 8 1 10 12 1 10 12 1 10 10 12 1 10 12 1 1 8 1 8 1 8 1 9 12 1 1 9 12 1 10 12 1 100 1 8 1 10 12 1 10 12 1 10 12 1 1 10 12 1 1 10 12 1 10 12 10 12 1 7 1 10 12 1 10 12 1 1 100 1 10 7 12 1 1 1 7 1 10 7 12 1 1 1 10 12 1 1 11 7 12 1 1 10 12 1 10 100 12 1 1 1 10 12 1 1 9 12 1 10 12 1 1 10 12 1 10 12 1 1 9 100 12 1 1 1 10 100 12 1 1 1 10 12 1 10 12 1 1 9 12 1 10 10 10 10 100 12 1 1 1 10 12 1 9 12 1 10 12 1 1 9 12 1 7 1 7 1 1 1 1 1 1 1 1 1 1 1 1 1 1 1 1 1 1 1 1 1 1 1 1 1 1 1 1 1 1 1 1 1 1 1 1 100 1 1 1 1 1 1 1 1 1 1 1 1 1 1 1 1 1 1 1 100 1 1 1 1 1 1 1 1 1 1 1 1 1 1 1 1 1 1 1 1 1 1 1 1 1 1 1 1 1 1 1 1 1 1 1 1 1 1 1 1 1 1 1 7 1 1 1 1 1 1 1 1 1 1 1 1 1 1 1 1 1 1 1 1 1 1 7 1 1 16 15 16 1 16 1 15 10 12 16 15 10 7 12 1 1 1 1 1 1 100 1 1 100 1 100 1 1
ciInstanceKlass java/lang/reflect/Member 1 1 37 100 1 10 12 1 1 100 1 100 1 1 1 1 3 1 3 1 1 1 1 1 1 1 1 1 1 1 1 1 1 1 1 1 1 1 1
instanceKlass org/h2/engine/OnExitDatabaseCloser
instanceKlass kotlinx/coroutines/scheduling/CoroutineScheduler$Worker
instanceKlass java/util/logging/LogManager$Cleaner
instanceKlass jdk/internal/misc/InnocuousThread
instanceKlass java/util/concurrent/ForkJoinWorkerThread
instanceKlass java/lang/ref/Finalizer$FinalizerThread
instanceKlass java/lang/ref/Reference$ReferenceHandler
instanceKlass java/lang/BaseVirtualThread
ciInstanceKlass java/lang/Thread 1 1 870 10 7 12 1 1 1 9 12 1 1 10 7 12 1 1 10 12 1 10 100 12 1 1 100 1 8 1 10 12 1 1 9 12 1 9 12 1 1 9 12 1 1 7 1 10 12 1 1 10 12 1 10 100 12 1 1 1 10 12 9 12 1 1 10 12 1 7 1 10 12 1 100 1 8 1 10 9 100 12 1 1 1 10 12 1 1 10 12 1 1 10 12 1 1 10 12 1 10 12 1 1 3 8 1 7 1 5 0 10 7 12 1 1 1 9 12 1 10 12 1 1 10 7 12 1 1 1 10 7 12 1 1 1 10 12 1 1 10 12 1 1 9 12 1 1 10 7 1 8 1 10 7 1 10 12 1 9 12 1 1 10 7 12 1 1 1 10 10 12 1 1 9 100 12 1 1 1 10 12 1 1 10 12 1 1 10 7 12 1 1 10 12 1 10 12 1 10 7 12 1 1 9 12 1 10 7 12 1 1 1 10 12 1 1 9 12 1 1 9 12 1 1 10 7 12 1 1 1 9 12 1 1 10 100 12 1 1 10 100 12 1 1 1 10 12 1 10 12 1 10 7 12 1 1 9 12 1 8 1 9 7 12 1 1 9 12 1 1 5 0 100 1 10 100 1 10 100 1 10 7 1 10 8 1 10 12 1 1 10 7 12 1 10 12 1 10 12 1 100 1 8 1 10 10 12 1 10 12 1 1 10 100 12 1 1 1 10 100 12 1 1 1 10 12 1 7 1 9 12 1 1 100 1 10 10 12 1 9 12 1 1 10 12 1 1 10 12 1 1 10 12 1 10 12 1 9 12 1 1 10 10 12 1 1 10 12 1 1 11 7 12 1 1 10 7 12 1 1 9 12 1 9 12 1 1 9 12 1 1 10 100 12 1 1 10 12 1 1 9 7 12 1 1 1 10 7 12 1 1 10 12 1 10 12 1 100 1 10 10 12 9 12 1 1 10 12 1 11 100 12 1 1 10 12 1 10 12 1 10 12 1 9 12 1 10 10 12 1 10 12 1 1 9 12 1 9 12 10 12 1 8 1 10 12 1 10 12 1 10 12 1 10 12 1 10 12 1 1 10 12 1 10 12 1 1 10 12 1 10 12 1 10 12 1 10 12 1 10 12 1 1 9 7 12 1 1 1 8 1 10 9 12 1 10 12 1 7 1 8 1 10 10 12 1 8 1 10 12 1 1 9 12 10 12 8 1 10 10 12 1 10 12 1 8 1 10 12 1 10 8 1 10 100 12 1 1 10 12 1 1 100 1 8 1 10 9 12 1 9 12 1 1 10 12 1 1 10 10 12 1 10 12 1 100 10 7 12 1 1 1 9 12 1 10 12 1 1 10 12 1 1 10 100 12 1 1 1 11 7 12 1 1 1 9 100 12 1 1 1 10 100 12 1 1 1 7 1 10 12 1 100 1 10 12 1 10 12 1 1 10 12 1 1 8 1 9 12 1 10 12 1 10 12 1 1 11 7 12 1 1 1 10 12 1 1 1 1 3 1 3 1 3 1 3 1 1 1 1 1 1 1 1 1 1 1 1 1 1 1 1 1 1 1 1 1 7 1 1 1 1 1 1 1 1 1 1 1 1 1 1 1 1 1 1 1 1 1 1 100 1 1 1 1 1 1 1 1 1 1 1 1 1 1 1 1 7 1 7 1 1 1 1 1 1 1 1 1 1 1 1 1 1 1 1 1 1 1 1 1 1 1 1 1 1 1 1 1 1 1 1 1 1 1 1 1 1 1 1 1 1 1 1 1 1 1 1 1 1 1 1 1 1 1 1 1 1 1 1 1 1 1 1 1 1 1 1 1 1 1 1 1 1 1 1 100 100 1 1 1 1 1 1 1 1 1 1 1 1 1 1 1 1 1 1 1 1 1 1 1 1 1 1 100 1 100 1 100 1 100 1 100 1 1 100 1 1 1 1 1 1 1 1 1 1 1 1 1 1 1
staticfield java/lang/Thread NEW_THREAD_BINDINGS Ljava/lang/Object; java/lang/Class
staticfield java/lang/Thread EMPTY_STACK_TRACE [Ljava/lang/StackTraceElement; 0 [Ljava/lang/StackTraceElement;
ciMethod java/lang/Thread interrupt ()V 0 0 1 0 0
ciMethod java/lang/Thread getAndClearInterrupt ()Z 512 0 5565 0 0
ciInstanceKlass java/lang/Runnable 1 0 11 100 1 100 1 1 1 1 1 1 1
ciInstanceKlass java/lang/System$2 1 1 646 10 7 12 1 1 1 10 7 12 1 1 1 10 12 1 1 10 12 1 1 10 12 1 1 10 12 1 1 10 12 1 1 10 12 1 10 12 1 1 10 12 1 1 7 1 10 7 12 1 1 1 10 7 12 1 1 1 10 12 1 10 12 1 10 7 12 1 1 1 10 12 1 1 10 12 1 1 10 12 1 1 10 12 1 1 10 7 12 1 1 1 10 7 12 1 1 1 10 12 1 7 1 10 12 1 10 12 1 10 12 1 1 10 12 1 10 12 1 1 10 12 1 10 12 1 10 12 1 10 12 1 10 12 1 10 12 1 1 10 12 1 1 10 12 1 10 12 1 1 10 12 1 10 12 1 1 10 7 12 1 1 1 10 12 1 10 12 1 1 10 12 1 10 7 12 1 1 1 10 7 12 1 1 1 10 100 12 1 1 1 10 12 1 1 10 12 1 1 10 12 1 1 10 100 12 1 1 1 10 12 1 1 10 12 1 1 9 7 12 1 1 1 10 7 12 1 1 1 10 12 1 1 10 7 12 1 1 1 10 12 1 1 10 12 1 1 10 12 1 1 10 7 12 1 1 10 12 1 1 10 12 1 1 10 12 1 1 10 12 1 1 10 12 1 1 10 12 1 1 10 12 1 1 10 12 1 1 10 12 1 1 10 12 1 1 10 12 1 1 10 12 1 7 1 10 12 1 1 11 100 12 1 1 10 7 12 1 1 10 12 1 1 10 12 1 10 12 1 1 10 12 1 10 12 1 1 10 12 1 10 12 1 1 10 12 1 1 10 12 1 1 7 1 10 12 1 100 1 10 10 12 1 1 10 12 1 10 7 12 1 1 1 10 12 1 1 8 1 10 12 1 7 1 7 1 1 1 1 1 1 1 1 1 1 1 1 1 1 1 1 1 1 1 1 1 1 1 1 1 1 1 1 1 1 1 1 1 1 1 1 1 1 1 1 1 1 1 1 1 1 1 1 1 1 1 1 1 1 1 1 1 1 1 1 1 1 1 1 1 1 1 1 1 1 1 1 1 1 1 1 1 1 1 1 1 1 1 1 1 1 1 1 1 1 1 1 1 1 1 1 1 1 1 1 1 1 1 1 1 1 1 1 1 1 1 1 1 1 1 1 1 1 1 1 1 1 1 1 1 1 1 1 1 1 1 1 1 1 100 1 1 1 1 1 1 1 1 1 1 1 1 1 1 1 1 1 1 1 1 1 1 1 1 1 1 1 1 1 1 1 1 1 1 1 1 1 1 1 1 1 1 1 1 1 1 1 1 1 1 1 1 1 1 1 1 1 1 1 1 1 1 1 1 1 1 1 1 1 1 1 7 1 1 1 1 1 1 1 1 1 1 1 1 1 1 1 1 1 1 1 1 1 1 1 1 1 1 1 1 1 1 1 1 1 1 1 1 1 1 1 12 1 1 1 100 1 1 100 1 100 1 1 100 1 1
ciInstanceKlass jdk/internal/access/JavaLangAccess 1 0 215 100 1 100 1 1 1 1 1 1 1 1 1 1 1 1 1 1 1 1 1 1 1 1 1 1 1 1 1 1 1 1 1 1 1 1 1 1 1 100 1 1 1 1 1 1 1 1 1 1 1 1 1 1 1 1 1 1 1 1 1 1 1 1 1 1 1 1 1 1 1 1 1 1 1 1 1 1 1 1 1 1 1 1 1 1 1 1 1 1 1 1 1 1 1 1 1 1 1 1 1 100 1 1 1 1 1 1 1 1 1 1 1 1 1 1 1 1 1 1 1 1 1 1 1 1 1 1 1 1 1 1 1 1 1 1 1 1 1 1 1 1 1 1 1 1 1 1 1 1 1 1 1 1 1 1 1 1 1 1 1 1 1 1 100 1 1 1 1 1 1 1 1 1 1 1 1 1 1 1 1 1 1 1 1 1 1 1 1 1 1 1 1 1 1 1 1 1 1 1 1 1 1 1 1 100 1 100 1 1 100 1 100 1 1
ciMethod java/lang/System$2 currentCarrierThread ()Ljava/lang/Thread; 364 0 5303 0 0
ciInstanceKlass java/net/URL 1 1 771 10 7 12 1 1 1 10 12 1 10 7 12 1 1 9 12 1 1 9 12 1 10 7 12 1 1 1 10 12 1 1 10 12 1 1 9 12 1 1 10 7 12 1 1 1 8 1 10 12 1 1 7 1 10 10 12 1 1 8 1 10 12 1 1 9 12 1 100 1 8 1 10 12 1 10 12 1 8 1 9 12 1 10 12 1 1 9 12 1 10 12 1 10 12 1 9 12 1 9 12 1 8 1 9 12 1 10 12 1 1 8 1 9 12 1 1 10 12 1 1 10 7 12 1 1 1 8 1 10 12 1 7 1 10 12 1 10 12 1 10 12 1 10 12 1 1 10 12 1 1 8 1 10 12 1 1 10 12 1 8 1 9 12 1 8 1 10 12 1 10 7 12 1 1 1 7 1 10 12 1 10 12 1 1 10 7 12 1 1 1 100 1 8 1 10 10 12 1 8 1 10 12 1 1 10 12 1 10 12 1 10 12 1 10 12 1 10 12 1 10 12 1 8 1 10 12 1 8 1 10 10 100 1 10 10 12 1 8 1 10 7 12 1 1 1 10 12 1 9 100 12 1 1 1 10 7 12 1 1 1 9 12 1 1 10 12 1 10 100 12 1 1 1 100 1 100 1 10 12 1 10 12 1 10 12 1 10 12 1 10 12 1 10 12 10 10 12 1 10 12 1 10 12 1 1 8 1 9 100 12 1 1 1 10 100 12 1 1 1 10 12 1 1 9 100 12 1 1 1 10 12 1 1 100 1 10 12 1 10 12 1 10 10 12 1 1 10 12 1 1 10 12 1 10 12 1 10 12 1 10 7 12 1 1 1 10 12 1 1 10 12 1 9 12 1 1 9 12 1 1 7 1 8 1 10 10 12 1 9 12 1 1 10 7 12 1 1 8 1 10 7 12 1 1 8 1 10 12 1 1 10 12 1 8 1 8 1 10 7 12 1 1 1 7 1 10 7 12 1 1 1 10 12 1 10 12 1 100 1 10 9 100 12 1 1 1 10 100 12 1 1 10 12 1 1 10 12 1 8 1 100 1 10 10 7 12 1 1 1 10 12 1 8 9 100 12 1 1 1 10 12 1 1 10 12 1 10 12 1 1 10 7 12 1 1 11 7 12 1 1 10 12 1 10 12 1 9 12 1 10 12 1 1 10 100 12 1 1 10 100 12 1 1 1 8 10 100 12 1 1 100 1 10 8 8 10 12 1 8 8 8 100 1 10 12 1 9 12 1 1 10 12 1 10 12 1 1 10 12 1 10 12 10 12 1 1 10 12 1 1 10 10 10 12 1 10 12 1 10 12 1 10 12 1 10 12 1 10 10 12 1 100 1 8 1 10 10 10 12 1 1 10 12 1 10 12 1 1 8 1 7 1 10 10 7 1 10 12 1 9 7 12 1 1 1 9 12 1 1 7 1 10 10 7 12 1 1 1 7 1 1 1 1 1 5 0 1 1 1 1 1 1 1 1 1 1 1 1 1 1 1 1 1 1 1 1 1 1 1 1 1 1 1 1 1 1 1 1 1 1 1 1 1 1 1 1 1 1 1 1 1 1 1 1 7 1 1 1 1 1 1 1 1 1 1 1 1 1 1 1 1 1 1 1 1 1 1 1 1 1 1 1 1 1 1 1 1 1 1 1 1 1 100 1 1 1 1 1 1 1 1 1 1 1 1 1 1 1 1 1 100 1 1 1 1 1 1 1 1 1 1 1 1 1 1 1 1 1 1 1
staticfield java/net/URL defaultFactory Ljava/net/URLStreamHandlerFactory; java/net/URL$DefaultFactory
staticfield java/net/URL streamHandlerLock Ljava/lang/Object; java/lang/Object
staticfield java/net/URL serialPersistentFields [Ljava/io/ObjectStreamField; 7 [Ljava/io/ObjectStreamField;
ciMethod java/lang/System identityHashCode (Ljava/lang/Object;)I 256 0 128 0 -1
ciMethod java/lang/System arraycopy (Ljava/lang/Object;ILjava/lang/Object;II)V 256 0 128 0 -1
ciInstanceKlass java/lang/Module 1 1 1070 10 7 12 1 1 1 9 7 12 1 1 1 10 7 12 1 1 1 9 12 1 9 12 1 1 9 12 1 1 10 12 1 1 10 12 1 10 12 1 1 10 7 12 1 1 1 7 1 10 7 12 1 1 1 10 12 1 1 11 7 12 1 1 1 10 12 1 1 10 7 12 1 1 1 10 12 1 1 10 7 12 1 1 1 9 100 12 1 1 1 10 7 12 1 1 1 10 12 1 8 1 10 7 12 1 1 1 10 7 12 1 1 1 10 7 12 1 1 1 10 12 1 10 12 1 9 12 1 1 10 100 12 1 1 100 1 7 1 10 8 1 10 12 1 1 10 12 1 10 12 10 12 1 10 7 12 1 1 8 1 8 1 10 8 1 8 1 9 12 1 1 8 1 10 100 12 1 1 1 10 12 1 9 12 1 1 11 12 1 9 7 12 1 1 10 7 12 1 1 1 10 100 12 1 1 1 10 12 1 1 8 1 10 12 1 1 10 12 1 10 12 1 1 9 7 12 1 1 1 10 12 1 1 10 12 1 1 9 12 1 10 12 1 10 12 1 9 12 1 1 11 7 12 1 1 10 12 1 1 9 12 1 9 12 1 10 12 1 10 12 1 100 1 8 1 10 10 12 1 1 10 12 1 8 1 10 12 1 1 8 1 8 1 10 12 1 1 10 12 1 10 12 1 1 18 12 1 1 10 12 1 1 11 12 1 9 12 1 11 12 10 100 12 1 1 100 1 8 1 10 11 12 1 1 10 7 12 1 1 1 10 12 1 10 12 1 1 11 12 1 1 11 7 12 1 1 11 12 1 1 9 12 1 11 12 1 10 12 1 1 10 12 1 1 9 12 1 10 12 10 7 12 1 1 10 7 1 18 12 1 1 11 100 12 1 1 1 18 12 1 11 12 1 1 10 100 12 1 1 1 11 12 1 1 10 7 12 1 1 7 1 11 12 1 7 1 7 1 10 12 1 10 7 12 1 1 1 10 11 7 12 1 8 1 10 10 12 1 1 10 7 12 1 1 10 12 1 10 12 1 7 1 10 12 1 10 11 12 1 1 10 12 10 12 1 1 9 12 1 1 100 1 10 10 12 1 1 11 7 1 10 12 1 1 11 12 1 10 10 12 1 11 10 12 1 1 10 12 1 1 10 12 1 1 10 7 12 1 1 10 12 1 10 12 1 1 10 10 12 1 1 10 12 1 18 12 1 11 12 1 18 12 1 10 12 1 10 12 1 10 12 7 1 10 12 1 10 12 1 10 12 1 9 12 1 7 1 10 10 10 10 12 1 10 12 1 10 12 1 10 12 1 1 10 12 1 1 10 12 1 9 12 1 18 12 1 1 10 7 12 1 1 1 100 1 8 1 10 12 1 1 10 12 1 1 10 7 12 1 1 7 1 10 12 1 1 7 1 8 1 10 12 1 1 100 1 11 12 1 1 10 100 12 1 1 1 18 12 1 1 11 100 12 1 1 1 100 1 10 12 1 10 12 1 1 7 1 7 1 10 12 8 1 10 12 1 1 10 12 1 1 10 100 12 1 1 10 12 1 1 10 12 1 10 12 10 12 1 1 7 1 10 10 12 1 1 10 7 12 1 1 1 100 1 10 12 1 1 10 7 12 1 1 8 1 18 12 1 1 100 1 100 1 9 12 1 1 9 12 1 9 12 1 11 100 12 1 1 1 100 1 11 12 1 1 100 1 10 12 1 8 1 10 12 1 10 12 10 12 1 8 1 10 10 100 12 1 1 7 1 10 10 12 1 10 7 12 1 1 9 12 1 9 12 1 9 12 1 9 12 1 10 12 11 12 1 10 12 1 7 1 1 1 1 1 1 1 1 1 1 1 1 1 1 1 1 1 1 1 100 1 1 1 1 1 1 1 1 1 1 1 1 1 1 1 1 1 1 1 1 1 1 1 1 1 1 1 1 1 1 1 1 1 1 1 1 1 1 1 1 1 1 1 1 1 1 1 1 1 1 1 1 1 1 1 1 1 1 1 1 1 1 1 1 1 1 1 1 1 1 1 1 1 1 1 1 1 1 1 1 1 1 1 1 1 1 1 1 1 1 1 1 1 1 1 100 100 1 1 1 1 1 1 1 1 1 1 1 1 1 1 1 1 1 1 1 1 1 1 1 1 1 1 1 100 1 100 1 1 1 1 1 1 1 1 1 1 1 1 1 1 1 1 1 1 1 1 100 1 1 1 1 1 1 1 1 1 1 1 1 1 1 1 1 1 1 1 1 1 1 1 16 15 10 12 16 16 15 10 12 16 16 15 10 16 1 15 10 12 16 1 15 10 12 16 1 16 15 10 12 16 16 1 15 10 12 16 15 10 7 12 1 1 1 15 10 100 12 1 1 1 1 1 1 1 1 1 1 1 100 1 100 1 1 100 1 100 1 1
staticfield java/lang/Module ALL_UNNAMED_MODULE Ljava/lang/Module; java/lang/Module
staticfield java/lang/Module ALL_UNNAMED_MODULE_SET Ljava/util/Set; java/util/ImmutableCollections$Set12
staticfield java/lang/Module EVERYONE_MODULE Ljava/lang/Module; java/lang/Module
staticfield java/lang/Module EVERYONE_SET Ljava/util/Set; java/util/ImmutableCollections$Set12
staticfield java/lang/Module $assertionsDisabled Z 1
ciInstanceKlass java/lang/Math 1 1 460 7 1 10 7 12 1 1 1 10 7 12 1 1 1 10 12 1 10 12 1 10 12 1 10 12 1 10 12 1 6 0 6 0 10 12 1 10 12 1 10 12 1 10 12 1 10 12 1 10 12 1 1 10 12 1 10 12 1 10 12 1 10 12 1 10 12 1 10 7 12 1 1 1 100 1 3 3 3 10 7 12 1 1 1 100 1 5 0 5 0 5 0 5 0 5 0 9 100 12 1 1 1 10 100 12 1 1 1 100 1 8 1 10 12 1 8 1 10 12 1 1 10 12 1 1 7 1 5 0 5 0 7 1 3 5 0 3 5 0 10 12 1 10 12 1 10 12 1 10 12 1 10 12 1 8 1 10 12 1 8 1 10 12 1 1 10 12 1 1 9 12 1 1 9 12 1 100 1 7 1 10 10 12 1 1 8 1 10 12 1 10 12 1 1 10 10 12 1 10 12 1 10 12 1 10 12 1 1 8 1 8 1 10 12 1 1 10 12 1 10 12 10 12 10 12 1 10 12 1 10 12 1 10 12 1 10 12 6 0 10 12 1 9 12 1 1 100 1 10 10 12 1 100 1 10 12 1 10 12 1 1 10 12 1 10 12 1 10 12 10 12 1 1 10 12 1 1 10 12 1 1 10 12 6 0 10 12 1 1 10 12 10 12 1 4 10 12 1 10 12 1 10 12 10 12 1 10 12 1 10 12 1 10 12 1 10 12 1 10 12 1 5 0 6 0 4 6 0 4 6 0 4 10 12 1 9 12 1 1 10 12 9 12 1 10 7 12 1 1 1 4 6 0 1 1 6 0 1 6 0 1 6 0 1 1 1 1 1 1 1 1 1 1 1 1 1 1 1 1 1 1 1 1 1 1 1 1 1 1 1 1 1 1 1 1 1 1 1 1 1 1 1 1 1 1 1 1 1 1 1 1 1 1 1 1 1 1 1 1 1 1 1 1 1 1 1 1 1 1 1 1 1 1 1 1 1 1 1 1 1 1 1 1 1 1 1 1 1 1 1 1 1 1 1 1 1 1 1 1
staticfield java/lang/Math negativeZeroFloatBits J -2147483648
staticfield java/lang/Math negativeZeroDoubleBits J -9223372036854775808
staticfield java/lang/Math $assertionsDisabled Z 1
ciInstanceKlass java/lang/Character 1 1 604 7 1 7 1 100 1 9 12 1 1 8 1 9 12 1 1 7 1 9 12 1 1 10 7 12 1 1 1 10 100 12 1 1 1 10 100 12 1 1 1 10 7 12 1 1 1 9 7 12 1 1 1 10 12 1 10 12 1 1 10 12 1 1 10 7 12 1 1 10 12 1 1 3 3 3 3 3 10 12 1 1 10 12 1 3 11 7 12 1 1 1 11 12 1 1 10 12 1 1 10 12 1 1 100 1 10 10 12 1 3 10 12 1 1 10 12 1 10 12 1 1 100 1 8 1 10 12 1 1 10 12 1 10 12 1 10 12 1 10 100 12 1 1 1 10 12 1 10 12 1 10 12 1 1 10 12 1 10 7 12 1 1 10 10 12 1 10 10 12 1 10 12 1 1 10 12 1 10 10 12 1 10 12 1 10 12 1 10 12 1 10 12 1 10 12 1 10 12 1 10 12 10 10 12 10 10 12 1 10 10 12 1 10 10 12 1 10 10 12 1 10 12 1 10 12 1 10 12 1 10 12 1 10 12 1 10 12 1 10 10 12 1 10 10 12 1 10 10 12 1 1 10 10 12 1 10 5 0 10 12 1 10 12 1 10 10 12 1 10 10 12 1 1 10 10 12 1 10 10 12 1 9 12 1 1 100 1 10 10 12 1 10 12 1 1 3 10 100 12 1 1 1 10 12 1 10 100 12 1 1 7 1 10 10 12 1 1 10 12 1 1 10 12 1 1 8 1 10 12 1 9 100 12 1 1 1 10 12 1 10 10 12 1 10 12 1 1 10 12 1 10 10 12 1 1 10 10 12 1 1 7 1 8 1 10 12 1 1 10 7 12 1 1 1 8 1 10 12 1 1 9 12 1 1 7 1 7 1 7 1 1 1 1 3 1 3 1 3 1 3 1 1 1 1 1 3 1 1 3 1 3 1 3 1 3 1 3 1 3 1 3 1 3 1 3 1 3 1 3 1 3 1 3 1 3 1 3 1 3 1 3 1 3 1 3 1 3 1 3 1 3 1 3 1 3 1 3 1 3 1 3 1 3 1 1 1 1 1 1 1 1 1 1 1 1 1 1 1 1 1 1 1 3 1 1 1 1 1 1 1 3 1 1 3 1 1 1 1 1 3 1 1 5 0 1 1 1 1 1 1 1 1 1 1 1 1 1 1 1 1 1 1 1 1 1 1 1 1 1 1 1 1 1 1 1 1 1 1 1 1 1 1 1 1 1 1 1 1 1 1 1 1 1 1 1 1 1 1 1 1 1 1 1 1 1 1 1 1 1 1 1 1 1 1 1 1 1 1 1 1 1 1 1 1 1 1 1 1 1 1 1 1 1 1 100 1 100 1 1 1 1 1 1
staticfield java/lang/Character TYPE Ljava/lang/Class; java/lang/Class
staticfield java/lang/Character $assertionsDisabled Z 1
ciInstanceKlass java/util/Arrays 1 1 1029 10 7 12 1 1 1 10 100 12 1 1 1 10 7 12 1 1 1 10 12 1 10 12 1 10 12 1 10 12 1 10 12 1 10 12 1 10 100 12 1 1 1 100 1 7 1 10 8 1 10 12 1 1 10 12 1 8 1 8 1 10 12 1 1 10 12 1 100 1 10 12 1 9 100 12 1 1 1 10 7 12 1 1 100 1 10 12 1 1 10 7 12 1 1 10 7 12 1 1 1 100 1 10 12 1 10 12 1 1 7 1 9 7 12 1 1 1 10 12 1 1 10 7 12 1 1 10 12 1 10 12 1 1 10 12 1 10 12 1 1 7 1 11 12 1 1 10 12 1 10 7 12 1 1 1 10 12 10 12 1 10 12 1 10 12 10 12 1 11 100 12 1 1 1 10 7 12 1 1 1 100 1 10 12 1 10 100 1 10 12 1 10 100 1 10 12 1 10 100 1 10 12 1 10 10 12 1 1 10 12 1 10 12 1 10 12 1 10 12 1 10 12 1 10 7 12 1 1 1 10 12 1 10 7 12 1 1 1 10 12 1 10 12 1 10 7 12 1 1 1 10 12 1 10 12 1 10 12 1 10 12 1 10 12 1 10 12 1 10 12 1 10 12 1 10 12 1 10 12 1 10 12 1 10 12 1 10 12 1 10 12 1 10 12 1 10 12 1 1 10 12 1 1 10 7 12 1 1 1 10 7 1 10 100 1 10 7 1 10 100 1 10 100 1 10 100 1 10 100 1 10 100 1 10 12 1 8 1 10 12 1 1 10 12 1 1 10 12 1 1 10 12 1 1 10 12 1 1 10 12 1 1 10 12 1 1 10 12 1 1 10 12 1 1 7 1 10 12 10 12 1 1 10 12 1 10 12 1 1 10 12 1 1 9 7 12 1 1 1 10 12 1 9 7 1 10 12 1 9 7 1 10 12 1 9 7 1 10 12 1 9 7 1 10 12 1 9 7 1 10 12 1 9 10 12 1 10 12 1 10 12 1 9 12 1 100 1 10 10 12 1 1 10 12 1 10 12 1 10 12 1 10 12 1 10 12 1 10 12 1 10 12 1 10 12 1 10 12 1 8 1 8 1 10 12 1 10 12 1 8 1 10 12 1 10 12 1 10 12 1 10 7 12 1 1 1 3 10 100 1 10 10 12 1 1 11 100 12 1 1 10 12 1 1 10 12 1 10 12 1 10 12 1 10 12 1 10 12 1 10 12 1 10 12 1 10 12 1 11 12 1 8 1 10 11 12 1 11 100 12 1 1 1 11 100 12 1 1 1 11 12 1 1 18 12 1 1 11 12 1 1 11 100 12 1 1 1 18 12 1 11 100 12 1 1 1 18 12 1 11 100 12 1 1 1 18 12 1 100 1 10 7 12 1 1 1 10 12 1 10 12 1 10 12 1 10 12 1 10 12 1 10 12 1 10 12 1 10 12 1 1 10 12 1 10 7 12 1 1 10 12 1 10 12 1 10 12 1 1 10 12 1 10 12 1 10 12 1 1 10 12 1 10 12 1 10 12 1 1 10 12 1 10 12 1 10 12 1 10 12 1 10 12 10 12 1 10 12 10 12 10 12 1 10 12 10 12 1 10 12 1 10 12 1 1 1 1 3 1 3 1 1 1 1 1 1 1 1 1 1 1 1 1 1 1 1 1 1 1 1 1 1 1 1 1 1 1 1 1 1 1 1 1 1 1 1 1 1 1 1 1 1 1 1 1 1 1 1 1 1 1 1 1 1 1 1 1 1 1 1 1 1 1 1 1 1 1 1 1 1 1 1 1 1 1 1 1 1 1 1 1 1 1 1 1 1 1 1 1 1 1 1 1 1 1 1 1 1 1 1 1 1 1 1 1 1 1 1 1 1 1 1 1 1 1 1 1 1 1 1 1 1 1 1 1 1 1 1 1 1 1 1 1 1 1 1 1 1 1 1 1 1 1 1 1 1 1 1 1 1 1 1 1 1 1 1 1 1 1 1 1 1 1 1 1 1 1 1 1 1 1 1 1 1 1 1 1 1 1 1 1 1 1 1 1 1 1 1 1 1 1 1 1 1 1 1 1 1 1 1 1 1 1 1 1 1 1 1 1 1 1 1 1 1 1 1 1 1 1 1 1 1 1 1 1 1 1 1 1 1 1 1 1 1 1 1 1 1 1 1 1 1 1 1 1 1 1 1 1 1 1 1 1 1 100 1 1 16 15 10 12 15 10 12 15 10 12 15 10 12 15 10 100 12 1 1 1 1 1 100 1 100 1 1 1 1 100 1 1 1 1 1 1 100 1 1 100 1 1 100 1 1 1 100 1 100 1 1
staticfield java/util/Arrays $assertionsDisabled Z 1
ciInstanceKlass java/lang/OutOfMemoryError 1 1 26 10 7 12 1 1 1 10 12 1 100 1 1 1 1 5 0 1 1 1 1 1 1 1 1 1
ciInstanceKlass java/lang/Integer 1 1 453 7 1 7 1 7 1 7 1 10 12 1 1 9 12 1 1 9 12 1 1 10 100 12 1 1 1 10 12 1 1 10 100 12 1 1 1 10 10 12 1 1 10 7 12 1 1 1 10 12 1 10 12 1 1 10 7 12 1 1 1 10 12 1 1 10 12 1 1 10 12 1 10 12 1 10 12 1 1 10 10 12 1 9 12 1 1 9 12 1 100 1 8 1 10 12 1 7 1 10 12 1 8 1 10 12 1 1 10 12 1 8 1 10 12 1 8 1 10 12 1 1 3 10 12 1 1 3 10 12 1 1 10 12 1 1 10 7 12 1 1 1 11 7 1 10 12 1 1 11 10 12 1 1 8 1 10 12 1 1 8 1 7 1 10 12 1 1 10 12 1 1 5 0 8 1 10 12 1 10 12 1 10 12 1 10 12 1 1 7 1 9 12 1 1 9 12 1 1 10 12 1 10 7 1 9 12 1 10 12 1 10 12 1 10 12 1 1 10 7 12 1 1 1 100 1 100 1 10 12 1 1 10 12 1 1 8 1 8 1 10 12 1 1 8 1 8 1 8 1 8 1 8 1 8 1 10 12 1 10 12 1 5 0 3 3 3 3 10 12 1 10 12 1 3 10 12 1 10 100 12 1 1 1 10 12 1 1 10 12 1 1 8 1 10 7 12 1 1 1 9 12 1 1 7 1 7 1 7 1 1 1 1 3 1 1 1 3 1 3 1 1 5 0 1 1 1 1 1 1 1 1 1 100 1 1 1 1 1 1 1 1 1 1 1 1 1 1 1 1 1 1 1 1 1 1 1 1 1 1 1 1 1 1 1 1 1 1 1 1 1 1 1 1 3 1 1 1 1 1 1 1 1 1 1 1 1 1 1 1 1 7 1 1 1 1 1 1 1 1 1 1 1 1 1 1 1 1 1 1 1 1 1 1 1 1 1 1 1 1 1 1 1 1 1 1 1 1 1 1 1 1 1 1 1 1 1 1 7 1 1 1 1 1 1 1 1 1 100 1 100 1 1
staticfield java/lang/Integer TYPE Ljava/lang/Class; java/lang/Class
staticfield java/lang/Integer digits [C 36
staticfield java/lang/Integer DigitTens [B 100
staticfield java/lang/Integer DigitOnes [B 100
instanceKlass com/google/gson/internal/LazilyParsedNumber
instanceKlass java/util/concurrent/atomic/Striped64
instanceKlass java/math/BigInteger
instanceKlass java/math/BigDecimal
instanceKlass java/util/concurrent/atomic/AtomicLong
instanceKlass java/util/concurrent/atomic/AtomicInteger
instanceKlass java/lang/Long
instanceKlass java/lang/Integer
instanceKlass java/lang/Short
instanceKlass java/lang/Byte
instanceKlass java/lang/Double
instanceKlass java/lang/Float
ciInstanceKlass java/lang/Number 1 1 37 10 7 12 1 1 1 10 100 12 1 1 1 100 1 1 1 1 5 0 1 1 1 1 1 1 1 1 1 1 1 1 1 1 1 1 1
ciInstanceKlass java/lang/Thread$FieldHolder 1 1 48 10 7 12 1 1 1 9 7 12 1 1 1 9 12 1 1 9 12 1 1 9 12 1 1 9 12 1 1 1 1 1 1 1 1 1 1 100 1 100 1 1 1 1 100 1 1 1
ciInstanceKlass java/lang/Thread$Constants 0 0 59 7 1 10 7 12 1 1 1 100 1 10 10 7 12 1 1 1 7 1 8 1 10 12 1 9 7 12 1 1 1 7 1 7 1 10 12 1 10 12 1 9 12 1 1 1 1 1 1 1 1 1 1 1 1 1 1 1 1
ciInstanceKlass java/lang/ThreadGroup 1 1 411 10 7 12 1 1 1 9 7 12 1 1 1 8 1 9 12 1 1 7 1 9 12 1 1 9 12 1 1 10 7 12 1 1 1 10 12 1 1 10 12 1 10 12 1 10 12 1 10 12 1 1 10 12 1 1 10 12 1 10 12 1 1 10 12 1 10 12 1 10 100 12 1 1 1 10 12 1 1 18 12 1 1 11 7 12 1 1 1 10 7 12 1 1 1 10 7 12 1 10 12 1 1 10 12 1 1 10 12 1 1 10 100 12 1 1 1 10 12 1 11 12 1 1 11 7 12 1 1 11 12 1 1 10 12 1 1 10 12 1 10 12 1 11 12 1 11 12 1 1 100 1 10 10 12 1 100 1 10 18 12 1 1 11 7 12 1 1 1 11 12 1 1 9 12 1 1 10 12 1 1 8 1 10 7 12 1 1 1 10 100 12 1 1 1 10 12 1 1 11 12 10 12 1 1 10 12 1 1 11 7 1 9 12 1 7 1 10 8 1 10 12 1 1 10 12 1 1 8 1 10 12 1 10 7 12 1 1 1 10 12 1 1 10 7 1 8 1 10 8 1 10 12 1 10 12 1 8 1 9 12 1 1 9 12 1 10 100 12 1 1 1 100 9 12 1 1 7 1 9 12 1 10 12 10 12 1 1 100 10 12 9 12 1 10 12 1 100 1 10 11 12 1 1 7 1 10 10 12 1 10 12 1 1 1 1 1 1 1 1 1 1 1 1 1 1 1 1 1 1 3 1 1 1 1 1 1 1 1 1 1 1 1 100 1 1 1 1 1 1 1 1 1 1 1 1 1 1 1 1 1 1 1 1 1 1 1 1 1 1 1 1 1 1 1 1 1 1 1 1 1 1 1 1 1 1 1 16 15 10 12 16 16 15 10 12 16 15 10 100 12 1 1 1 1 1 100 1 100 1 1
staticfield java/lang/ThreadGroup $assertionsDisabled Z 1
ciInstanceKlass java/lang/Thread$UncaughtExceptionHandler 1 0 16 100 1 100 1 1 1 1 1 1 1 1 100 1 1 1
ciInstanceKlass java/security/AccessControlContext 1 1 374 9 7 12 1 1 1 9 12 1 1 10 100 12 1 1 1 8 1 10 100 12 1 1 1 10 7 12 1 1 1 9 12 1 9 12 1 1 9 12 1 1 10 7 12 1 1 7 1 10 12 1 11 7 12 1 1 1 11 12 1 11 12 1 11 12 1 1 7 1 11 12 1 1 10 12 1 10 7 12 1 1 1 9 100 12 1 1 1 10 7 12 1 1 1 11 100 12 1 1 1 10 7 1 100 1 8 1 10 12 1 10 12 1 1 7 1 10 7 12 1 1 1 9 12 1 9 12 1 9 12 1 9 12 1 1 9 12 1 1 9 12 1 9 12 1 10 7 12 1 1 1 9 12 1 10 12 1 1 10 12 1 1 8 1 10 12 1 1 10 12 1 1 10 7 12 1 1 1 7 1 10 10 12 1 1 10 7 12 1 1 1 10 8 1 10 7 12 1 1 8 1 10 7 12 1 1 8 1 8 1 10 12 1 8 1 10 12 1 8 1 10 12 1 10 12 1 10 12 1 1 8 1 8 1 100 1 10 12 1 10 12 1 1 100 1 10 12 1 8 1 10 12 1 10 12 1 10 8 1 10 12 1 1 10 12 1 1 10 12 1 1 10 12 1 1 10 12 1 10 12 1 11 10 12 1 10 12 1 1 10 10 10 12 1 1 1 1 1 1 1 1 1 1 1 1 1 1 1 1 1 1 1 1 1 1 1 1 100 1 1 1 1 1 1 1 1 1 1 1 1 1 1 1 1 1 1 1 1 1 1 1 1 1 1 1 1 1 1 1 1 1 1 1 1 1 1 1 1 1 1 1 1 1 1 1 1 1 1 1 1 3 1 1
instanceKlass java/lang/ThreadBuilders$BoundVirtualThread
instanceKlass java/lang/VirtualThread
ciInstanceKlass java/lang/BaseVirtualThread 0 0 36 10 100 12 1 1 1 100 1 1 1 1 1 1 1 1 1 1 1 1 1 1 1 1 1 1 1 1 100 1 100 1 1 100 1 1
ciInstanceKlass java/lang/VirtualThread 0 0 907 9 7 12 1 1 1 10 7 12 1 1 1 10 100 12 1 1 1 10 7 12 1 1 1 9 12 1 1 9 12 1 1 100 1 10 12 1 9 12 1 1 18 12 1 1 9 12 1 1 10 12 1 1 100 1 10 12 1 10 12 1 1 10 12 1 1 10 12 1 1 10 12 1 10 7 12 1 10 12 1 10 12 1 10 12 1 10 12 1 11 100 12 1 1 1 100 1 10 12 1 1 10 100 12 1 1 1 10 100 12 1 1 1 10 12 1 100 1 10 10 12 1 10 12 1 1 9 12 1 1 10 12 1 1 9 12 1 1 10 12 1 9 12 1 1 9 12 1 100 1 10 10 12 1 10 100 12 1 1 10 9 10 10 12 1 1 10 12 1 1 10 100 12 1 1 10 100 1 10 9 10 10 12 1 7 1 10 12 1 1 10 12 1 10 12 1 10 12 1 1 9 12 1 10 12 1 10 12 1 9 12 1 1 10 12 1 10 12 1 9 12 1 1 10 12 1 10 12 1 10 12 1 11 100 12 1 1 10 12 1 1 10 12 1 1 10 12 1 1 9 12 1 10 100 1 10 12 1 1 10 12 1 1 10 12 1 10 12 1 10 12 1 10 12 9 12 1 1 10 100 12 1 1 10 12 1 10 12 1 1 10 100 12 1 1 10 12 1 100 1 8 1 10 12 1 10 12 1 1 10 12 1 10 12 1 10 100 12 1 1 10 12 1 10 12 1 1 10 12 1 10 12 1 1 10 7 12 1 1 10 12 1 1 10 12 1 1 100 1 10 10 12 1 7 1 9 12 1 1 10 7 12 1 1 10 9 12 1 1 18 9 100 12 1 1 1 11 100 12 1 1 1 11 100 1 11 12 10 12 1 10 12 1 1 10 12 1 100 1 10 10 12 1 10 12 1 1 10 12 1 1 10 12 1 10 12 1 10 12 1 9 12 1 1 11 100 12 1 1 10 12 9 100 12 1 1 1 9 12 1 10 12 1 1 9 12 1 9 12 1 9 12 1 7 1 10 10 12 1 1 10 12 1 10 12 7 1 7 1 10 8 1 10 12 1 1 10 12 1 10 12 1 10 10 12 1 8 1 10 10 12 1 10 12 1 10 7 12 1 1 8 1 8 1 10 9 100 12 1 1 1 10 12 1 1 10 12 1 10 10 10 12 9 12 1 10 12 1 1 9 12 1 10 12 1 1 9 12 1 10 12 1 1 18 12 1 1 18 12 1 10 7 12 1 1 1 8 1 10 100 12 1 1 1 10 7 12 1 1 1 18 12 1 10 100 12 1 1 1 100 1 10 12 1 8 1 10 12 1 8 1 10 12 1 1 8 1 8 1 10 100 12 1 1 8 1 10 12 1 8 1 8 1 10 100 12 1 1 1 10 12 1 10 12 1 1 10 12 1 18 12 1 1 18 12 1 1 5 0 9 12 1 10 12 1 18 12 1 100 1 10 12 10 7 12 1 1 10 12 1 1 7 1 8 1 10 10 12 1 10 12 1 1 10 12 1 9 12 1 8 10 12 1 1 8 8 9 12 1 8 10 12 1 1 3 1 3 1 3 1 3 1 3 1 3 1 3 1 3 1 3 1 3 1 3 1 3 3 1 3 1 1 1 1 1 1 1 1 1 1 1 1 1 1 7 1 1 1 1 1 1 1 1 1 1 1 1 1 1 7 1 1 1 1 1 1 1 1 1 1 1 7 1 1 1 1 1 1 1 1 1 1 1 1 1 1 1 1 1 1 1 1 1 1 1 1 1 1 1 1 1 1 1 1 1 1 1 1 1 1 1 100 1 1 1 1 1 1 1 1 1 1 1 1 1 1 1 1 1 1 1 1 1 1 1 1 1 1 1 1 1 1 1 1 1 1 1 100 1 1 1 1 1 1 1 1 1 1 1 1 1 1 100 1 1 16 15 10 12 15 16 15 10 12 16 15 10 12 16 16 15 10 12 16 15 10 12 16 15 10 12 16 15 10 12 16 1 15 10 100 12 1 1 1 1 1 1 1 7 1 1 100 1 100 1 1
ciInstanceKlass java/lang/ThreadBuilders$BoundVirtualThread 0 0 132 10 7 12 1 1 1 9 7 12 1 1 1 10 7 12 1 1 1 9 12 1 1 10 12 1 1 10 12 1 1 9 12 1 1 10 7 12 1 1 1 10 12 1 1 7 1 8 1 10 12 1 10 12 1 1 10 12 1 1 10 12 1 1 10 7 12 1 1 1 8 1 10 12 1 8 1 10 12 1 1 10 100 12 1 1 9 100 12 1 1 1 10 12 1 1 10 10 12 1 1 1 1 1 1 1 1 1 1 1 1 1 1 1 1 1 1 1 1 1 1 1 1 1 1 1 1 100 1 1 1 1
ciInstanceKlass jdk/internal/vm/ContinuationScope 0 0 50 10 100 12 1 1 1 10 100 12 1 1 1 100 1 9 100 12 1 1 1 10 12 1 1 10 100 12 1 1 1 10 12 1 1 10 12 1 1 1 1 1 1 1 1 1 1 1 1 1
ciInstanceKlass jdk/internal/vm/StackChunk 0 0 32 10 100 12 1 1 1 9 100 12 1 1 1 9 12 1 1 9 12 1 1 1 1 1 1 1 1 1 1 1 1 1
ciInstanceKlass java/lang/Float 1 1 279 7 1 7 1 10 100 12 1 1 1 10 100 12 1 1 1 4 7 1 10 12 1 1 10 12 1 1 8 1 8 1 10 7 12 1 1 1 10 12 1 1 10 12 1 1 10 7 1 4 10 7 12 1 1 9 12 1 1 10 12 1 1 10 12 1 10 10 12 1 1 10 12 1 10 12 1 3 3 100 1 4 4 4 3 10 12 1 1 9 12 1 1 100 1 10 3 3 4 4 10 12 1 3 3 3 10 12 1 1 10 12 1 1 10 12 1 10 100 12 1 1 1 10 12 1 1 10 12 1 1 10 7 12 1 1 1 8 1 10 12 1 1 9 12 1 1 7 1 7 1 7 1 1 1 1 4 1 4 1 1 1 4 1 1 3 1 3 1 3 1 3 1 3 1 1 1 1 5 0 1 1 1 1 1 1 1 1 1 1 100 1 1 1 1 1 1 1 1 1 1 1 1 1 3 1 1 1 1 1 1 1 1 1 1 1 1 1 1 1 1 1 1 1 1 1 1 1 1 1 1 1 1 1 1 1 1 1 1 1 1 1 1 1 1 1 1 1 1 1 1 1 1 1 1 1 1 1 1 1 1 1 1 1 1 1 7 1 1 1 1 1 1 1 100 1 100 1 1
staticfield java/lang/Float TYPE Ljava/lang/Class; java/lang/Class
staticfield java/lang/Float $assertionsDisabled Z 1
ciMethod java/lang/Float isNaN (F)Z 1024 0 4389 0 0
ciInstanceKlass java/lang/Double 1 1 290 7 1 7 1 10 100 12 1 1 1 10 12 1 1 10 7 1 10 12 1 1 10 100 12 1 1 1 6 0 8 1 10 12 1 1 8 1 10 12 1 1 8 1 6 0 10 12 1 1 100 1 5 0 5 0 8 1 8 1 10 7 12 1 1 1 10 7 12 1 1 1 8 1 10 12 1 1 8 1 8 1 8 1 10 12 1 1 10 12 1 10 12 1 1 10 12 1 10 12 1 10 12 1 1 10 12 1 10 7 1 6 0 10 7 12 1 1 9 12 1 1 10 12 1 10 12 1 10 12 1 10 12 1 10 12 1 5 0 10 12 1 1 10 12 1 10 12 1 10 100 12 1 1 1 10 12 1 1 10 12 1 1 8 1 10 7 12 1 1 1 9 12 1 1 7 1 7 1 7 1 1 1 6 0 1 6 0 1 6 0 1 1 1 6 0 1 1 3 1 3 1 3 1 3 1 3 1 1 1 1 5 0 1 1 1 1 1 1 1 1 1 1 1 1 1 1 1 1 100 1 1 1 1 1 1 1 1 1 1 1 1 3 1 1 1 1 1 1 1 1 1 1 1 1 1 1 1 1 1 1 1 1 1 1 1 1 1 1 1 1 1 1 1 1 1 1 7 1 1 1 1 1 1 1 100 1 100 1 1
staticfield java/lang/Double TYPE Ljava/lang/Class; java/lang/Class
ciInstanceKlass java/lang/Byte 1 1 213 7 1 100 1 10 7 12 1 1 1 9 12 1 1 8 1 9 12 1 1 7 1 10 12 1 1 10 12 1 1 10 100 12 1 1 1 10 100 12 1 1 1 9 7 12 1 1 1 10 12 1 1 100 1 7 1 10 12 1 1 8 1 10 12 1 1 8 1 10 12 1 10 12 1 10 12 1 10 12 1 1 10 12 1 10 12 1 10 12 1 1 10 8 1 8 1 10 7 1 9 12 1 1 10 12 1 1 10 12 1 1 10 12 1 1 10 12 1 5 0 10 12 1 1 8 1 10 7 12 1 1 1 9 12 1 1 7 1 7 1 1 1 3 1 3 1 1 1 1 3 1 3 1 1 5 0 1 1 1 1 1 1 1 1 1 1 1 1 1 1 1 1 1 1 1 1 1 1 1 1 1 1 1 1 1 1 1 1 1 1 1 1 1 1 1 1 1 1 1 1 1 1 1 1 1 1 1 1 1 1 1 1
staticfield java/lang/Byte TYPE Ljava/lang/Class; java/lang/Class
ciInstanceKlass java/lang/Short 1 1 222 7 1 7 1 100 1 10 7 12 1 1 1 10 12 1 1 100 1 7 1 10 12 1 1 8 1 10 12 1 1 8 1 10 12 1 10 12 1 10 12 1 10 12 1 1 10 12 1 1 10 12 1 9 12 1 1 8 1 9 12 1 1 7 1 10 12 1 1 10 12 1 10 100 12 1 1 1 10 100 12 1 1 1 9 100 12 1 1 1 10 12 1 10 12 1 1 10 8 1 8 1 10 7 1 9 12 1 1 10 12 1 1 10 12 1 1 10 12 1 1 10 12 1 3 3 5 0 10 12 1 1 8 1 10 7 12 1 1 1 9 12 1 1 7 1 7 1 1 1 3 1 3 1 1 1 1 3 1 3 1 1 5 0 1 1 1 1 1 1 1 1 1 1 1 1 1 1 1 1 1 1 1 1 1 1 1 1 1 1 1 3 1 1 1 1 1 1 1 1 1 1 1 1 1 1 1 1 1 1 1 1 1 1 1 1 1 1 1 1 1 1
staticfield java/lang/Short TYPE Ljava/lang/Class; java/lang/Class
ciInstanceKlass java/lang/Long 1 1 524 7 1 7 1 7 1 7 1 10 12 1 1 9 12 1 1 9 7 12 1 1 1 10 100 12 1 1 1 10 12 1 1 10 100 12 1 1 1 10 10 12 10 12 1 10 12 1 10 12 1 5 0 5 0 7 1 10 12 1 1 10 12 1 1 10 12 1 10 12 1 10 12 1 10 12 1 1 10 100 12 1 1 10 12 1 10 12 1 1 10 12 1 1 10 12 1 1 10 12 1 1 10 7 12 1 1 1 10 12 1 1 10 12 1 10 12 1 10 12 1 10 12 1 1 10 10 12 1 5 0 5 0 9 12 1 1 9 12 1 5 0 100 1 8 1 10 12 1 8 1 10 12 1 8 1 8 1 10 12 1 1 5 0 10 12 1 1 5 0 10 12 1 1 10 12 1 1 10 100 12 1 1 1 11 7 1 10 12 1 1 11 10 12 1 1 8 1 10 12 1 1 8 1 7 1 10 12 1 1 10 12 1 8 1 8 1 11 12 1 1 10 12 1 10 12 1 10 12 1 5 0 5 0 9 7 12 1 1 1 10 12 1 10 12 1 1 8 1 8 1 10 12 1 1 8 1 8 1 8 1 8 1 8 1 8 1 10 12 1 10 7 1 9 12 1 1 10 12 1 10 12 1 1 10 12 1 1 10 7 12 1 1 1 100 1 100 1 10 12 1 1 10 12 1 1 5 0 10 12 1 10 12 1 5 0 5 0 5 0 10 12 1 1 10 12 1 5 0 5 0 10 12 1 10 12 1 10 100 12 1 1 1 10 12 1 1 10 12 1 1 8 1 10 7 12 1 1 1 9 12 1 1 7 1 7 1 7 1 1 1 1 5 0 1 1 1 1 3 1 3 1 5 0 1 1 1 1 1 1 1 1 1 100 1 1 1 1 1 1 1 1 1 1 1 1 1 1 1 1 1 1 1 1 1 1 1 1 1 1 1 1 1 1 1 1 1 1 1 1 1 1 1 1 1 1 1 1 1 1 1 1 1 1 1 1 1 1 1 3 1 1 1 1 1 1 1 1 1 1 1 1 1 1 1 7 1 1 1 1 1 1 1 1 1 1 1 1 1 1 1 1 1 1 1 1 1 1 1 1 1 1 1 1 1 1 1 1 1 1 1 1 1 1 1 1 1 1 1 7 1 1 1 1 1 1 1 1 1 100 1 100 1 1
staticfield java/lang/Long TYPE Ljava/lang/Class; java/lang/Class
ciInstanceKlass jdk/internal/vm/vector/VectorSupport 0 0 573 100 1 10 100 12 1 1 1 9 12 1 1 10 12 1 1 100 1 10 12 1 11 100 12 1 1 1 11 100 12 1 1 1 11 100 12 1 1 11 100 12 1 1 11 100 12 1 1 1 11 100 12 1 1 11 100 12 1 1 11 100 12 1 1 11 100 12 1 1 11 100 12 1 1 11 100 12 1 1 11 100 12 1 1 1 11 100 12 1 1 11 100 12 1 1 1 11 100 12 1 1 1 11 100 12 1 1 11 100 12 1 1 1 11 100 12 1 1 100 1 10 12 1 1 11 100 12 1 1 11 100 12 1 1 11 100 12 1 1 11 100 12 1 1 11 100 12 1 1 11 100 12 1 1 9 12 1 1 10 100 12 1 1 11 100 12 1 1 10 12 1 1 10 100 12 1 1 1 10 12 1 10 12 1 1 10 12 1 1 1 1 1 3 1 3 1 3 1 3 1 3 1 3 1 3 1 3 1 3 1 3 1 3 1 3 1 3 1 3 1 3 1 3 1 3 1 3 1 3 1 3 1 3 1 3 1 3 1 3 1 3 1 3 1 3 1 3 1 3 1 3 1 3 1 3 1 3 1 3 1 3 1 3 1 3 1 3 1 3 1 3 1 3 1 3 1 3 1 3 1 3 1 3 1 3 1 3 1 3 1 3 1 3 1 3 1 3 1 1 1 1 1 1 1 1 1 1 1 1 1 1 1 1 1 1 1 1 1 1 1 1 1 1 1 1 1 1 1 1 1 1 1 1 1 1 1 1 1 1 1 1 1 1 1 1 1 1 1 1 1 1 1 1 1 1 1 1 1 1 1 1 1 1 1 1 1 1 1 1 1 1 1 1 1 1 1 1 1 1 1 1 1 1 1 1 1 1 1 1 1 1 1 1 1 1 1 1 1 1 1 1 1 1 1 1 1 1 1 1 1 1 1 1 1 1 1 1 1 1 1 1 1 1 1 1 1 1 1 1 1 1 1 1 1 1 1 1 1 1 1 1 1 1 1 1 1 1 1 1 1 1 1 1 1 1 1 1 1 1 1 1 1 1 1 1 1 1 1 1 1 1 1 1 1 1 1 1 1 1 1 1 1 1 1 1 1 1 1 1 1 1 1 1 1 1 1 1 1 1 1 1 1 1 1 1 1 1 1 1 1 1 1 1 1 1 1 1 1 1 1 1 1 1 1 1 1 1 1 1 1 1 1 100 1 100 1 100 1 100 1 100 1 1 1 1 1 1 1 1 1 1 1 1 1 1 1 1 1 1 1 1 1 1 1 1 1 1 1 1 1 1 1
instanceKlass jdk/internal/vm/vector/VectorSupport$VectorShuffle
instanceKlass jdk/internal/vm/vector/VectorSupport$VectorMask
instanceKlass jdk/internal/vm/vector/VectorSupport$Vector
ciInstanceKlass jdk/internal/vm/vector/VectorSupport$VectorPayload 0 0 32 10 100 12 1 1 1 9 100 12 1 1 1 10 100 12 1 1 1 1 1 1 1 1 1 1 1 1 1 1 1 1
ciInstanceKlass jdk/internal/vm/vector/VectorSupport$Vector 0 0 28 10 100 12 1 1 1 100 1 1 1 1 1 1 1 1 1 1 1 1 1 1 1 100 1 1 1 1
ciInstanceKlass jdk/internal/vm/vector/VectorSupport$VectorMask 0 0 28 10 100 12 1 1 1 100 1 1 1 1 1 1 1 1 1 1 1 1 1 1 1 100 1 1 1 1
ciInstanceKlass jdk/internal/vm/vector/VectorSupport$VectorShuffle 0 0 28 10 100 12 1 1 1 100 1 1 1 1 1 1 1 1 1 1 1 1 1 1 1 100 1 1 1 1
ciInstanceKlass jdk/internal/vm/FillerObject 0 0 16 10 100 12 1 1 1 100 1 1 1 1 1 1 1 1
instanceKlass java/lang/ref/PhantomReference
instanceKlass java/lang/ref/FinalReference
instanceKlass java/lang/ref/WeakReference
instanceKlass java/lang/ref/SoftReference
ciInstanceKlass java/lang/ref/Reference 1 1 190 9 7 12 1 1 1 9 7 12 1 1 10 12 1 1 10 12 1 1 9 12 1 1 10 12 1 1 9 12 1 1 9 12 1 1 7 1 10 12 1 10 7 12 1 1 10 12 1 10 12 1 1 10 12 1 7 1 8 1 10 12 1 1 7 1 10 12 1 1 10 12 1 1 10 12 1 9 12 1 10 12 1 1 10 12 1 10 12 1 9 12 1 7 1 100 1 10 12 9 12 1 9 12 1 100 1 10 10 12 1 10 10 7 12 1 1 7 1 10 10 7 12 1 1 1 1 1 1 1 1 1 1 1 1 1 1 1 1 1 1 1 7 1 1 1 100 1 1 1 1 1 1 1 1 1 1 1 1 1 1 1 1 1 1 1 1 1 1 1 1 1 1 1 1 1 1 1 1 1 1 1 7 1 7 1 7 1 1 1
staticfield java/lang/ref/Reference processPendingLock Ljava/lang/Object; java/lang/Object
staticfield java/lang/ref/Reference $assertionsDisabled Z 1
ciMethod java/lang/ref/Reference get ()Ljava/lang/Object; 0 0 1 0 -1
ciMethod java/lang/ref/Reference refersToImpl (Ljava/lang/Object;)Z 512 0 13802 0 96
ciMethod java/lang/ref/Reference refersTo0 (Ljava/lang/Object;)Z 256 0 128 0 -1
ciMethod java/lang/ref/Reference refersTo (Ljava/lang/Object;)Z 512 0 19168 0 0
instanceKlass com/intellij/util/containers/ConcurrentWeakKeySoftValueHashMap$SoftValue
instanceKlass sun/util/locale/provider/LocaleResources$ResourceReference
instanceKlass sun/util/resources/Bundles$BundleReference
instanceKlass sun/util/locale/LocaleObjectCache$CacheEntry
instanceKlass com/intellij/util/containers/SoftKeySoftValueHashMap$ValueReference
instanceKlass com/intellij/reference/SoftReference
instanceKlass sun/security/util/MemoryCache$SoftCacheEntry
instanceKlass java/lang/invoke/LambdaFormEditor$Transform
ciInstanceKlass java/lang/ref/SoftReference 1 1 47 10 7 12 1 1 1 9 7 12 1 1 1 9 12 1 10 12 1 10 12 1 1 1 1 1 1 1 1 1 1 1 1 1 1 1 1 1 1 1 1 100 1 1 1 1 1
ciMethod java/lang/ref/SoftReference get ()Ljava/lang/Object; 616 0 20474 0 -1
ciMethod java/lang/ref/SoftReference <init> (Ljava/lang/Object;)V 218 0 2426 0 -1
instanceKlass com/intellij/util/containers/ConcurrentWeakKeySoftValueHashMap$WeakKey
instanceKlass com/intellij/util/PatchedWeakReference
instanceKlass com/intellij/util/containers/WeakHashMap$WeakKey
instanceKlass com/intellij/util/containers/UnsafeWeakList$MyReference
instanceKlass com/intellij/util/containers/IntKeyWeakValueHashMap$MyReference
instanceKlass java/lang/WeakPairMap$WeakRefPeer
instanceKlass java/lang/ClassValue$Entry
instanceKlass java/util/logging/LogManager$LoggerWeakRef
instanceKlass java/util/logging/Level$KnownLevel
instanceKlass jdk/internal/util/WeakReferenceKey
instanceKlass java/lang/ThreadLocal$ThreadLocalMap$Entry
instanceKlass java/util/WeakHashMap$Entry
ciInstanceKlass java/lang/ref/WeakReference 1 1 31 10 7 12 1 1 1 10 12 1 100 1 1 1 1 1 1 1 1 1 1 1 1 1 1 1 1 1 1 1 1
instanceKlass java/lang/ref/Finalizer
ciInstanceKlass java/lang/ref/FinalReference 1 1 50 10 7 12 1 1 1 10 7 12 1 1 1 10 12 1 1 7 1 8 1 10 12 1 1 1 1 1 1 1 1 1 1 1 1 1 1 1 1 1 1 1 1 1 1 1 1 1 7 1
instanceKlass org/h2/util/CloseWatcher
instanceKlass jdk/internal/ref/PhantomCleanable
instanceKlass jdk/internal/ref/Cleaner
ciInstanceKlass java/lang/ref/PhantomReference 1 1 39 10 100 12 1 1 1 10 7 12 1 1 1 1 1 1 1 1 1 1 1 1 1 1 1 1 1 1 1 1 1 1 1 1 1 1 1 1 1
ciInstanceKlass java/lang/ref/Finalizer 1 1 155 9 7 12 1 1 1 10 7 12 1 1 1 9 12 1 1 9 12 1 1 9 12 1 9 12 1 9 12 1 1 10 12 1 7 1 8 1 10 12 1 10 12 1 1 9 12 1 100 1 10 12 1 7 1 11 7 12 1 1 10 12 1 7 1 10 12 1 100 1 10 12 1 10 7 12 1 1 1 10 100 12 1 1 1 100 1 10 10 12 1 7 1 10 12 1 7 1 10 12 1 1 10 12 1 1 10 12 1 10 7 12 1 1 1 7 1 10 7 1 10 10 12 1 1 1 1 1 1 1 1 1 1 1 1 1 1 1 1 1 1 1 1 1 1 1 1 1 1 1 1 1 1 1 1
staticfield java/lang/ref/Finalizer lock Ljava/lang/Object; java/lang/Object
staticfield java/lang/ref/Finalizer ENABLED Z 1
staticfield java/lang/ref/Finalizer $assertionsDisabled Z 1
instanceKlass org/jetbrains/kotlin/container/ComponentState
instanceKlass org/jetbrains/kotlin/container/ComponentStorageState
instanceKlass java/math/RoundingMode
instanceKlass org/jetbrains/kotlin/diagnostics/Severity
instanceKlass org/jetbrains/kotlin/descriptors/annotations/AnnotationUseSiteTarget
instanceKlass org/jetbrains/kotlin/config/ExplicitApiMode
instanceKlass org/jetbrains/kotlin/metadata/ProtoBuf$Type$Argument$Projection
instanceKlass org/jetbrains/kotlin/metadata/ProtoBuf$QualifiedNameTable$QualifiedName$Kind
instanceKlass org/jetbrains/kotlin/metadata/ProtoBuf$TypeParameter$Variance
instanceKlass org/jetbrains/kotlin/metadata/ProtoBuf$Annotation$Argument$Value$Type
instanceKlass org/jetbrains/kotlin/protobuf/WireFormat$JavaType
instanceKlass org/jetbrains/kotlin/protobuf/WireFormat$FieldType
instanceKlass org/jetbrains/kotlin/types/error/ErrorScopeKind
instanceKlass org/jetbrains/kotlin/descriptors/CallableMemberDescriptor$Kind
instanceKlass org/jetbrains/kotlin/types/error/ErrorEntity
instanceKlass org/jetbrains/kotlin/types/error/ErrorTypeKind
instanceKlass org/jetbrains/kotlin/descriptors/ClassKind
instanceKlass org/jetbrains/kotlin/descriptors/Modality
instanceKlass org/jetbrains/kotlin/renderer/AnnotationArgumentsRenderingPolicy
instanceKlass org/jetbrains/kotlin/renderer/PropertyAccessorRenderingPolicy
instanceKlass org/jetbrains/kotlin/renderer/ParameterNameRenderingPolicy
instanceKlass org/jetbrains/kotlin/renderer/RenderingFormat
instanceKlass org/jetbrains/kotlin/renderer/OverrideRenderingPolicy
instanceKlass org/jetbrains/kotlin/renderer/DescriptorRendererModifier
instanceKlass org/jetbrains/kotlin/builtins/PrimitiveType
instanceKlass org/jetbrains/kotlin/builtins/jvm/JvmBuiltIns$Kind
instanceKlass com/intellij/openapi/vfs/VFileProperty
instanceKlass com/intellij/util/ThreeState
instanceKlass java/nio/file/attribute/PosixFilePermission
instanceKlass com/intellij/openapi/util/io/FileAttributes$CaseSensitivity
instanceKlass org/javacs/kt/compiler/CompilationKind
instanceKlass kotlin/io/FileWalkDirection
instanceKlass org/eclipse/lsp4j/WorkDoneProgressKind
instanceKlass org/sqlite/SQLiteLimits
instanceKlass java/nio/file/StandardCopyOption
instanceKlass sun/util/locale/provider/LocaleProviderAdapter$Type
instanceKlass org/sqlite/SQLiteOpenMode
instanceKlass org/sqlite/SQLiteConfig$HexKeyMode
instanceKlass org/sqlite/SQLiteConfig$DateClass
instanceKlass org/sqlite/SQLiteConfig$DatePrecision
instanceKlass org/sqlite/SQLiteConfig$TransactionMode
instanceKlass org/sqlite/SQLiteConfig$TempStore
instanceKlass org/sqlite/SQLiteConfig$SynchronousMode
instanceKlass org/sqlite/SQLiteConfig$LockingMode
instanceKlass org/sqlite/SQLiteConfig$JournalMode
instanceKlass org/sqlite/SQLiteConfig$Encoding
instanceKlass org/sqlite/SQLiteConfig$Pragma
instanceKlass org/javacs/kt/semantictokens/SemanticTokenModifier
instanceKlass org/javacs/kt/semantictokens/SemanticTokenType
instanceKlass org/eclipse/lsp4j/TextDocumentSyncKind
instanceKlass org/eclipse/lsp4j/DiagnosticTag
instanceKlass org/eclipse/lsp4j/PrepareSupportDefaultBehavior
instanceKlass org/eclipse/lsp4j/CompletionItemKind
instanceKlass org/eclipse/lsp4j/CompletionItemTag
instanceKlass org/eclipse/lsp4j/InsertTextMode
instanceKlass org/eclipse/lsp4j/SymbolTag
instanceKlass org/eclipse/lsp4j/SymbolKind
instanceKlass com/google/gson/stream/JsonToken
instanceKlass com/google/gson/ReflectionAccessFilter$FilterResult
instanceKlass org/javacs/kt/KotlinTextDocumentService$Recompile
instanceKlass org/eclipse/lsp4j/MessageType
instanceKlass com/google/gson/LongSerializationPolicy
instanceKlass com/google/gson/ToNumberPolicy
instanceKlass com/google/gson/FieldNamingPolicy
instanceKlass org/h2/command/dml/SelectUnion$UnionType
instanceKlass org/h2/constraint/Constraint$Type
instanceKlass org/h2/constraint/ConstraintActionType
instanceKlass org/h2/expression/analysis/WindowFunctionType
instanceKlass org/h2/command/Parser$NullConstraintType
instanceKlass org/jetbrains/exposed/sql/ReferenceOption
instanceKlass org/jetbrains/exposed/sql/statements/StatementGroup
instanceKlass org/jetbrains/exposed/sql/statements/StatementType
instanceKlass org/jetbrains/exposed/sql/vendors/H2Dialect$H2MajorVersion
instanceKlass org/jetbrains/exposed/sql/statements/api/IdentifierManagerApi$OracleVersion
instanceKlass org/h2/table/TableType
instanceKlass org/h2/expression/aggregate/AggregateType
instanceKlass org/h2/mvstore/db/MVTable$TraceLockEvent
instanceKlass org/h2/engine/IsolationLevel
instanceKlass org/h2/engine/Session$State
instanceKlass org/h2/mvstore/MVMap$Decision
instanceKlass org/h2/store/FileLockMethod
instanceKlass org/h2/api/IntervalQualifier
instanceKlass org/h2/engine/Mode$UniqueIndexNullsHandling
instanceKlass org/h2/engine/Mode$ModeEnum
instanceKlass kotlin/reflect/jvm/internal/impl/types/model/CaptureStatus
instanceKlass sun/reflect/annotation/TypeAnnotation$TypeAnnotationTarget
instanceKlass kotlin/reflect/jvm/internal/impl/load/java/SpecialGenericSignatures$TypeSafeBarrierDescription
instanceKlass kotlin/reflect/jvm/internal/impl/load/java/descriptors/JavaMethodDescriptor$ParameterNamesStatus
instanceKlass kotlin/reflect/jvm/internal/impl/load/java/typeEnhancement/TypeComponentPosition
instanceKlass kotlin/reflect/jvm/internal/impl/load/java/typeEnhancement/MutabilityQualifier
instanceKlass kotlin/reflect/jvm/internal/impl/load/java/typeEnhancement/NullabilityQualifier
instanceKlass kotlin/reflect/jvm/internal/impl/load/java/lazy/types/JavaTypeFlexibility
instanceKlass kotlin/reflect/jvm/internal/impl/types/TypeUsage
instanceKlass kotlin/reflect/jvm/internal/impl/builtins/functions/FunctionClassKind
instanceKlass kotlin/reflect/jvm/internal/impl/resolve/ExternalOverridabilityCondition$Result
instanceKlass kotlin/reflect/jvm/internal/impl/resolve/ExternalOverridabilityCondition$Contract
instanceKlass kotlin/reflect/jvm/internal/impl/resolve/OverridingUtil$OverrideCompatibilityInfo$Result
instanceKlass kotlin/reflect/jvm/internal/impl/types/TypeSubstitutor$VarianceConflictType
instanceKlass kotlin/reflect/jvm/internal/KDeclarationContainerImpl$MemberBelonginess
instanceKlass kotlin/reflect/KParameter$Kind
instanceKlass kotlin/reflect/jvm/internal/impl/load/java/structure/LightClassOriginKind
instanceKlass kotlin/reflect/jvm/internal/impl/metadata/ProtoBuf$QualifiedNameTable$QualifiedName$Kind
instanceKlass kotlin/reflect/jvm/internal/impl/metadata/ProtoBuf$VersionRequirement$VersionKind
instanceKlass kotlin/reflect/jvm/internal/impl/metadata/ProtoBuf$VersionRequirement$Level
instanceKlass kotlin/reflect/jvm/internal/impl/serialization/deserialization/AnnotatedCallableKind
instanceKlass kotlin/reflect/jvm/internal/impl/types/Variance
instanceKlass kotlin/reflect/jvm/internal/impl/metadata/ProtoBuf$MemberKind
instanceKlass kotlin/reflect/jvm/internal/impl/metadata/ProtoBuf$Class$Kind
instanceKlass kotlin/reflect/jvm/internal/impl/metadata/ProtoBuf$Modality
instanceKlass kotlin/reflect/jvm/internal/impl/metadata/ProtoBuf$Visibility
instanceKlass kotlin/reflect/jvm/internal/impl/serialization/deserialization/descriptors/DeserializedContainerAbiStability
instanceKlass kotlin/reflect/jvm/internal/impl/metadata/ProtoBuf$Type$Argument$Projection
instanceKlass kotlin/reflect/jvm/internal/impl/metadata/jvm/JvmProtoBuf$StringTableTypes$Record$Operation
instanceKlass java/lang/annotation/ElementType
instanceKlass kotlin/reflect/jvm/internal/impl/incremental/components/NoLookupLocation
instanceKlass kotlin/reflect/jvm/internal/impl/metadata/ProtoBuf$Annotation$Argument$Value$Type
instanceKlass kotlin/reflect/jvm/internal/impl/metadata/ProtoBuf$TypeParameter$Variance
instanceKlass kotlin/reflect/jvm/internal/impl/protobuf/WireFormat$JavaType
instanceKlass kotlin/reflect/jvm/internal/impl/protobuf/WireFormat$FieldType
instanceKlass kotlin/reflect/jvm/internal/impl/types/error/ErrorScopeKind
instanceKlass kotlin/reflect/jvm/internal/impl/descriptors/CallableMemberDescriptor$Kind
instanceKlass java/util/Locale$Category
instanceKlass kotlin/reflect/jvm/internal/impl/types/error/ErrorEntity
instanceKlass kotlin/reflect/jvm/internal/impl/types/error/ErrorTypeKind
instanceKlass kotlin/reflect/jvm/internal/impl/descriptors/ClassKind
instanceKlass kotlin/reflect/jvm/internal/impl/renderer/AnnotationArgumentsRenderingPolicy
instanceKlass kotlin/reflect/jvm/internal/impl/renderer/PropertyAccessorRenderingPolicy
instanceKlass kotlin/reflect/jvm/internal/impl/renderer/ParameterNameRenderingPolicy
instanceKlass kotlin/reflect/jvm/internal/impl/renderer/RenderingFormat
instanceKlass kotlin/reflect/jvm/internal/impl/renderer/OverrideRenderingPolicy
instanceKlass kotlin/reflect/jvm/internal/impl/renderer/DescriptorRendererModifier
instanceKlass kotlin/reflect/jvm/internal/impl/descriptors/Modality
instanceKlass kotlin/reflect/jvm/internal/impl/load/java/ReportLevel
instanceKlass kotlin/reflect/jvm/internal/impl/load/java/AnnotationQualifierApplicabilityType
instanceKlass kotlin/reflect/jvm/internal/impl/load/kotlin/header/KotlinClassHeader$Kind
instanceKlass kotlin/reflect/jvm/internal/impl/storage/LockBasedStorageManager$NotValue
instanceKlass kotlin/reflect/jvm/internal/impl/builtins/jvm/JvmBuiltIns$Kind
instanceKlass org/jetbrains/kotlin/config/JvmTarget
instanceKlass org/jetbrains/kotlin/cli/jvm/index/JavaRoot$RootType
instanceKlass org/jetbrains/kotlin/cli/common/messages/CompilerMessageSeverity
instanceKlass org/jetbrains/kotlin/storage/LockBasedStorageManager$NotValue
instanceKlass java/lang/invoke/MethodHandleImpl$ArrayAccess
instanceKlass kotlin/script/experimental/api/ScriptDiagnostic$Severity
instanceKlass kotlin/script/experimental/api/ScriptAcceptedLocation
instanceKlass kotlin/reflect/jvm/internal/impl/resolve/jvm/JvmPrimitiveType
instanceKlass kotlin/reflect/jvm/internal/impl/builtins/PrimitiveType
instanceKlass kotlin/script/experimental/location/ScriptExpectedLocation
instanceKlass com/intellij/diagnostic/ActivityCategory
instanceKlass kotlin/LazyThreadSafetyMode
instanceKlass java/util/stream/Collector$Characteristics
instanceKlass com/intellij/pom/java/LanguageLevel
instanceKlass com/intellij/openapi/util/LowMemoryWatcher$LowMemoryWatcherType
instanceKlass org/jetbrains/kotlin/cli/common/CompilerSystemProperties
instanceKlass com/intellij/ide/plugins/ActionDescriptorName
instanceKlass kotlin/coroutines/intrinsics/CoroutineSingletons
instanceKlass kotlinx/coroutines/CoroutineStart
instanceKlass com/intellij/openapi/progress/impl/CoreProgressManager$CheckCanceledBehavior
instanceKlass com/intellij/util/messages/Topic$BroadcastDirection
instanceKlass com/intellij/openapi/extensions/ExtensionPoint$Kind
instanceKlass com/intellij/util/messages/impl/BusState
instanceKlass org/jetbrains/kotlin/cli/jvm/compiler/EnvironmentConfigFiles
instanceKlass com/intellij/diagnostic/LoadingState
instanceKlass java/nio/file/AccessMode
instanceKlass org/jetbrains/kotlin/config/LanguageFeature$State
instanceKlass org/jetbrains/kotlin/config/LanguageFeature$Kind
instanceKlass org/jetbrains/kotlin/config/LanguageVersion
instanceKlass org/jetbrains/kotlin/config/LanguageFeature
instanceKlass com/intellij/openapi/diagnostic/LogLevel
instanceKlass java/security/DrbgParameters$Capability
instanceKlass org/eclipse/lsp4j/DiagnosticSeverity
instanceKlass jdk/internal/icu/util/CodePointTrie$ValueWidth
instanceKlass jdk/internal/icu/util/CodePointTrie$Type
instanceKlass java/text/Normalizer$Form
instanceKlass java/time/temporal/ChronoUnit
instanceKlass java/time/temporal/ChronoField
instanceKlass java/util/regex/Pattern$Qtype
instanceKlass sun/security/util/DisabledAlgorithmConstraints$Constraint$Operator
instanceKlass sun/security/rsa/RSAUtil$KeyType
instanceKlass sun/security/util/KnownOIDs
instanceKlass java/lang/reflect/ProxyGenerator$PrimitiveTypeInfo
instanceKlass java/lang/annotation/RetentionPolicy
instanceKlass sun/util/logging/PlatformLogger$Level
instanceKlass java/lang/System$Logger$Level
instanceKlass jdk/internal/logger/BootstrapLogger$LoggingBackend
instanceKlass java/util/stream/StreamShape
instanceKlass java/util/stream/StreamOpFlag$Type
instanceKlass java/util/stream/StreamOpFlag
instanceKlass org/javacs/kt/LogLevel
instanceKlass java/lang/invoke/MethodHandles$Lookup$ClassOption
instanceKlass java/lang/invoke/VarHandle$AccessType
instanceKlass java/lang/invoke/VarHandle$AccessMode
instanceKlass java/lang/invoke/MethodHandleImpl$Intrinsic
instanceKlass java/lang/invoke/LambdaForm$BasicType
instanceKlass java/lang/invoke/LambdaForm$Kind
instanceKlass sun/invoke/util/Wrapper
instanceKlass java/util/zip/ZipCoder$Comparison
instanceKlass java/nio/file/LinkOption
instanceKlass sun/nio/fs/WindowsPathType
instanceKlass java/util/concurrent/TimeUnit
instanceKlass java/nio/file/StandardOpenOption
instanceKlass java/io/File$PathStatus
instanceKlass java/lang/module/ModuleDescriptor$Requires$Modifier
instanceKlass java/lang/reflect/AccessFlag$Location
instanceKlass java/lang/reflect/AccessFlag
instanceKlass java/lang/module/ModuleDescriptor$Modifier
instanceKlass java/lang/reflect/ClassFileFormatVersion
instanceKlass java/lang/Thread$State
ciInstanceKlass java/lang/Enum 1 1 204 9 7 12 1 1 1 9 12 1 1 10 7 12 1 1 1 9 12 1 10 7 12 1 1 1 100 1 10 10 12 1 1 10 12 1 7 1 10 10 7 12 1 1 10 12 1 1 18 12 1 1 10 100 12 1 1 1 10 12 1 1 11 7 12 1 1 1 100 1 8 1 10 12 1 100 1 7 1 10 8 1 10 12 1 1 10 12 1 1 8 1 10 12 1 10 100 1 8 1 10 10 12 1 1 10 100 12 1 1 1 7 1 7 1 7 1 1 1 1 1 1 1 1 1 1 1 1 1 1 1 1 1 1 1 1 1 1 1 1 1 1 1 1 1 1 1 1 1 1 1 1 1 1 1 1 1 1 1 1 1 1 1 3 1 1 1 1 100 1 7 1 1 100 1 1 1 1 1 1 1 1 1 1 1 16 15 10 12 16 15 10 100 12 1 1 1 1 1 100 1 100 1 1
instanceKlass java/lang/ref/ReferenceQueue$Null
instanceKlass java/lang/ref/NativeReferenceQueue
ciInstanceKlass java/lang/ref/ReferenceQueue 1 1 183 9 7 12 1 1 1 11 7 12 1 1 1 11 12 1 9 7 12 1 1 1 11 12 1 10 7 12 1 1 9 12 1 1 7 1 10 9 12 1 1 10 12 1 1 9 7 12 1 1 1 9 12 1 9 12 1 9 12 1 1 100 1 10 9 12 1 1 9 12 1 7 1 10 100 12 1 1 1 10 12 1 10 12 1 1 10 7 12 1 1 1 10 12 1 5 0 10 10 12 10 12 1 1 10 12 1 10 12 1 1 100 1 8 1 10 12 1 10 12 1 10 12 1 1 10 12 11 100 12 1 1 1 10 7 12 1 1 7 1 10 1 1 1 1 1 1 1 1 1 1 100 1 1 1 1 1 1 1 1 1 1 1 1 1 1 1 7 1 1 1 1 1 1 1 1 1 1 1 1 1 1 1
staticfield java/lang/ref/ReferenceQueue NULL Ljava/lang/ref/ReferenceQueue; java/lang/ref/ReferenceQueue$Null
staticfield java/lang/ref/ReferenceQueue ENQUEUED Ljava/lang/ref/ReferenceQueue; java/lang/ref/ReferenceQueue$Null
staticfield java/lang/ref/ReferenceQueue $assertionsDisabled Z 1
ciInstanceKlass java/lang/reflect/Method 1 1 472 9 7 12 1 1 1 10 7 12 1 1 1 10 7 12 1 1 9 12 1 1 10 12 1 1 10 12 1 1 10 7 12 1 1 10 7 12 1 1 1 9 12 1 1 9 12 1 9 12 1 1 9 12 1 9 12 1 9 12 1 1 9 12 1 9 12 1 1 9 12 1 9 12 1 9 12 1 1 100 1 8 1 10 12 1 10 12 1 9 12 1 1 8 1 10 7 12 1 1 10 7 12 1 1 1 10 12 1 1 10 12 1 1 10 12 1 10 12 1 1 10 12 1 1 9 100 12 1 1 1 10 12 1 1 10 12 10 7 12 1 1 10 12 1 1 10 12 1 10 12 1 10 12 1 10 7 12 1 1 1 10 12 1 1 10 7 1 10 7 12 1 1 1 10 7 12 1 1 10 12 1 1 10 12 1 1 10 12 1 10 7 12 1 1 1 10 12 1 10 8 1 10 12 1 10 12 1 7 1 8 1 8 1 8 1 10 12 1 10 12 1 1 10 12 1 1 10 10 12 1 1 10 12 1 11 7 1 10 12 1 9 12 1 1 10 12 1 1 10 12 1 10 12 1 1 10 12 1 1 11 7 12 1 1 1 11 12 1 9 12 1 1 10 12 1 10 12 1 10 12 1 10 12 1 10 12 1 10 12 1 9 12 1 1 10 7 12 1 1 1 10 7 12 1 1 10 12 1 1 10 7 12 1 1 1 10 7 12 1 1 1 10 7 12 1 1 1 11 7 12 1 1 1 10 7 12 1 1 1 7 1 100 1 100 1 10 12 1 10 12 1 1 10 12 1 100 1 8 1 10 12 1 10 10 12 1 1 10 12 1 1 10 12 1 1 10 12 1 1 8 1 10 12 1 1 1 1 1 1 1 1 1 1 1 1 1 1 1 1 1 1 1 1 1 1 1 1 1 1 1 1 1 1 1 1 1 1 1 1 1 1 1 1 1 1 1 1 1 1 1 1 1 1 1 1 1 100 1 7 1 7 1 1 1 1 1 1 1 1 1 1 1 1 1 1 1 1 1 1 1 1 1 1 1 1 1 1 1 1 1 1
ciInstanceKlass java/lang/reflect/Field 1 1 457 9 7 12 1 1 1 10 12 1 1 10 7 12 1 1 1 10 7 12 1 1 9 12 1 1 10 12 1 1 10 12 1 1 10 7 12 1 1 10 7 12 1 1 1 9 12 1 1 9 12 1 9 12 1 9 12 1 1 9 12 1 1 9 12 1 9 12 1 1 9 12 1 1 100 1 8 1 10 12 1 10 12 1 9 12 1 1 9 12 1 10 12 1 10 7 12 1 1 10 12 1 1 10 12 1 1 10 12 1 10 12 1 1 9 100 12 1 1 1 10 100 12 1 1 1 7 1 10 12 1 1 10 12 1 1 10 12 1 1 10 12 1 10 12 1 10 7 1 10 7 12 1 1 7 1 10 8 1 10 12 1 1 10 12 1 1 8 1 10 12 10 12 1 8 1 8 1 10 11 7 1 9 12 1 10 12 1 1 10 12 1 1 11 7 12 1 1 1 10 12 1 11 12 1 1 11 12 1 1 11 12 1 1 11 12 1 1 11 12 1 1 11 12 1 1 11 12 1 1 11 12 1 1 11 12 1 1 11 12 1 1 11 12 1 1 11 12 1 1 11 12 1 1 11 12 1 1 11 12 1 1 11 12 1 1 11 12 1 1 10 12 1 10 7 12 1 1 10 12 1 10 12 1 10 12 1 9 12 1 1 10 7 12 1 1 1 10 12 1 1 10 12 1 10 7 12 1 1 10 12 1 1 11 7 1 10 12 1 7 1 10 100 12 1 1 1 10 7 12 1 1 1 9 12 1 10 7 12 1 1 1 11 7 12 1 1 1 10 12 1 1 10 12 1 1 9 100 12 1 1 10 100 12 1 1 1 10 12 1 1 7 1 1 1 1 1 1 1 1 1 1 1 1 1 1 1 1 1 1 1 1 1 1 1 1 1 1 1 1 1 1 1 1 1 1 1 1 1 1 1 100 1 1 1 1 1 1 1 1 1 1 1 1 1 1 1 1 1 1 1 1 1 1 1 1 1 1 1 1 1 1 1 1 7 1 1 1 1 1 1 1 1 1 100 1 1
ciInstanceKlass java/lang/reflect/Parameter 1 1 243 10 7 12 1 1 1 9 7 12 1 1 1 9 12 1 1 9 12 1 1 9 12 1 10 12 1 1 10 12 1 1 10 7 12 1 1 1 7 1 10 10 12 1 1 11 7 12 1 1 1 10 12 1 10 100 12 1 1 1 10 12 1 1 10 12 1 10 12 1 8 1 8 1 10 7 12 1 1 1 10 12 1 10 12 9 100 12 1 1 1 10 100 12 1 1 1 10 12 1 8 1 10 12 1 9 12 1 1 10 12 1 1 9 12 1 1 10 12 1 1 10 12 1 1 10 12 1 1 10 12 1 10 10 12 1 10 100 12 1 1 1 10 12 1 1 11 7 12 1 1 10 7 12 1 1 7 1 10 100 12 1 1 1 10 12 1 1 10 12 1 1 10 12 1 1 10 12 1 1 9 12 1 100 1 10 11 12 1 1 11 12 1 1 7 1 1 1 1 1 1 1 1 1 1 1 1 1 1 1 1 1 1 1 1 1 1 1 1 1 1 1 1 1 1 1 1 1 1 1 1 1 1 1 1 1 100 1 1 1 1 1 1
ciInstanceKlass java/lang/reflect/RecordComponent 1 0 196 10 7 12 1 1 1 9 7 12 1 1 1 9 12 1 1 9 12 1 10 12 1 1 10 12 1 1 10 100 12 1 1 1 10 12 1 1 9 12 1 1 10 12 1 1 10 12 1 1 10 12 1 10 100 12 1 1 10 100 12 1 1 9 12 1 1 10 100 12 1 1 1 11 100 12 1 1 1 10 9 100 12 1 1 1 10 100 12 1 1 1 9 12 1 1 10 100 12 1 1 1 10 12 1 1 11 7 12 1 1 10 7 12 1 1 7 1 9 12 1 9 12 1 1 9 12 1 10 100 12 1 1 1 10 12 1 1 10 12 1 1 7 1 10 10 12 1 10 12 1 1 8 1 10 12 1 10 12 1 9 12 1 7 1 1 1 1 1 1 1 1 1 1 1 1 1 1 1 1 1 1 1 1 1 1 7 1 1 1 1 1 1 100 1 1
ciInstanceKlass java/lang/StringBuffer 1 1 483 10 7 12 1 1 1 10 12 1 10 12 1 10 12 1 1 9 7 12 1 1 1 10 12 1 1 10 12 1 10 12 1 1 9 12 1 1 10 12 1 10 12 1 1 10 12 1 1 10 12 1 10 12 1 1 10 12 1 10 12 1 1 10 12 1 1 10 7 12 1 1 1 10 12 1 1 10 12 1 10 12 1 10 12 1 10 12 1 10 12 1 10 12 1 10 12 1 10 12 1 10 12 1 10 12 1 10 12 1 10 12 1 10 12 1 10 12 1 1 10 12 1 10 12 1 1 10 12 1 1 10 10 12 1 1 10 12 1 10 12 1 10 12 1 10 12 1 10 12 1 10 12 1 10 12 10 12 1 10 12 1 10 12 1 10 12 1 1 10 12 1 10 12 1 10 10 12 1 1 10 12 1 10 12 1 10 12 1 10 10 100 12 1 1 1 10 10 12 1 1 9 12 1 1 10 100 12 1 1 10 100 1 8 10 100 12 1 1 1 8 10 12 1 8 1 10 12 1 10 12 1 10 100 12 1 1 1 10 100 12 1 1 1 7 1 10 12 100 1 8 1 10 10 12 1 1 10 12 1 1 10 12 1 10 12 1 10 12 1 1 10 12 1 10 12 1 10 12 1 10 12 1 10 12 1 10 12 10 12 1 10 12 1 10 12 1 10 12 1 10 12 1 10 12 1 10 12 1 10 12 1 10 12 1 10 12 1 10 12 10 12 10 12 1 10 12 1 10 12 1 10 12 10 12 1 10 12 1 10 12 1 10 12 1 10 12 1 10 12 1 10 12 1 10 12 1 10 12 1 10 12 1 10 12 1 7 1 10 12 1 9 7 12 1 1 1 9 7 1 9 12 1 1 7 1 7 1 7 1 7 1 1 1 1 5 0 1 1 1 1 1 1 1 1 1 1 1 1 1 1 1 1 1 1 1 1 1 1 1 1 1 1 1 1 1 1 1 1 1 1 1 1 1 1 1 1 1 1 1 1 1 1 1 1 1 1 1 1 1 1 1 1 1 1 1 1 1 100 1 1 1 1 1 7 1 1 1 1 1 1 1 1 1 1 1 1 1 1 1 1 1 1
staticfield java/lang/StringBuffer serialPersistentFields [Ljava/io/ObjectStreamField; 3 [Ljava/io/ObjectStreamField;
instanceKlass jdk/internal/loader/BuiltinClassLoader
instanceKlass java/net/URLClassLoader
ciInstanceKlass java/security/SecureClassLoader 1 1 102 10 7 12 1 1 1 7 1 10 12 1 9 7 12 1 1 1 10 12 1 10 12 1 10 12 1 1 10 12 1 1 10 12 1 7 1 10 7 1 10 12 1 7 1 10 12 1 11 7 12 1 1 1 7 1 11 12 1 10 12 1 1 1 1 1 1 1 1 1 1 1 1 1 1 1 1 1 1 1 1 1 1 1 1 1 1 1 1 1 1 1 1 1 1 1 1 100 1 1 1 1
instanceKlass jdk/internal/jrtfs/JrtFileSystemProvider$JrtFsLoader
ciInstanceKlass java/net/URLClassLoader 1 1 600 10 7 12 1 1 1 7 1 10 12 1 9 7 12 1 1 1 10 7 12 1 1 1 9 12 1 1 7 1 10 12 1 9 12 1 1 10 12 1 10 10 12 1 10 100 12 1 1 1 10 12 1 1 10 7 12 1 1 1 10 7 12 1 1 1 100 1 10 12 1 1 10 12 1 1 10 12 1 1 100 1 100 1 10 7 12 1 1 1 100 1 8 1 10 12 1 10 7 12 1 1 1 10 12 1 1 10 12 1 1 11 100 12 1 1 1 11 7 12 1 1 1 11 12 1 1 7 1 11 12 1 11 7 12 1 1 10 12 1 11 12 1 11 12 1 1 11 10 12 1 1 10 12 1 1 10 12 1 1 7 1 10 12 1 10 12 1 1 7 1 100 1 10 12 1 1 7 1 10 10 12 1 1 10 7 12 1 1 10 12 1 100 1 7 1 10 8 1 10 12 1 1 8 1 10 12 1 1 10 10 12 1 8 1 8 1 10 12 1 1 10 7 12 1 1 1 10 7 12 1 1 1 10 12 1 1 10 12 1 1 10 12 1 1 10 12 1 10 12 1 100 1 100 1 8 1 10 12 1 10 12 1 1 10 12 1 1 7 1 10 12 1 10 7 12 1 1 1 10 12 1 1 10 12 1 1 10 12 1 1 10 12 1 10 7 12 1 1 1 10 12 1 1 8 1 10 12 1 1 11 7 12 1 1 1 9 7 12 1 1 1 10 7 12 1 1 1 9 12 1 9 12 1 9 12 1 9 12 1 9 12 1 9 12 1 10 7 12 1 1 1 8 1 10 12 1 1 7 1 10 10 12 1 10 12 1 1 10 12 1 1 100 1 10 12 1 10 12 1 1 10 12 1 10 12 1 1 7 1 10 7 12 1 1 9 7 12 1 1 1 10 12 1 8 1 100 1 8 1 10 12 1 10 12 1 8 1 10 12 1 10 12 1 9 12 1 1 10 100 12 1 1 10 12 1 10 12 1 10 100 1 8 1 10 100 1 10 12 1 10 7 12 1 100 1 10 12 1 10 12 1 100 1 10 10 7 12 1 1 1 1 1 1 1 1 1 1 1 1 1 1 1 1 1 1 1 1 1 1 1 1 1 1 1 1 1 1 1 1 1 1 1 1 1 7 1 100 1 7 1 7 1 1 1 1 1 1 1 1 1 1 1 1 1 1 1 1 1 1 1 1 1 1 1 1 1 1 1 1 1 1 1 1 1 1 1 1 1 1 1 1 1 1 1 1 1 1 100 1 1 1 1 1 1 1 1 1 1 1 1 1 1 1 1 1 1 1 1 1 1 1 1 1 1 1 1 1 1 1 1 1 1 1 1 1 100 1 1 1
ciInstanceKlass java/util/jar/Manifest 1 1 339 10 7 12 1 1 1 7 1 10 9 7 12 1 1 1 7 1 10 9 12 1 1 9 12 1 1 10 12 1 10 12 1 1 10 12 1 1 10 12 1 1 10 12 1 1 11 7 1 11 12 1 1 10 12 1 1 10 100 12 1 1 1 100 1 7 1 10 8 1 10 12 1 1 10 12 1 1 10 12 1 10 12 1 11 100 1 10 12 1 10 12 1 1 11 12 1 1 10 12 1 11 12 1 1 11 100 12 1 1 1 11 7 12 1 1 11 12 1 1 100 1 10 12 1 8 1 11 12 1 7 1 10 12 1 1 11 12 1 10 12 1 10 12 1 10 7 12 1 1 1 8 1 10 12 1 1 10 9 7 12 1 1 1 10 12 1 1 10 100 12 1 10 12 1 10 12 1 9 100 12 1 1 1 8 1 10 12 1 8 1 8 1 7 1 10 12 1 10 12 1 10 12 1 1 100 1 8 1 10 12 1 1 8 1 10 10 12 1 1 8 1 10 12 1 1 10 7 12 1 1 1 10 12 1 10 11 12 1 1 10 12 1 10 7 12 1 1 1 10 12 1 1 10 12 1 10 12 1 1 11 10 12 1 11 10 12 1 7 1 1 1 1 1 1 1 1 1 1 1 1 1 1 1 1 1 1 1 1 1 1 1 1 1 1 1 1 1 1 1 1 1 1 1 1 1 1 1 1 1 1 1 100 1 1 1 1 1 1 1 1 1 1 1 1 1 1 7 1 1 1 1 1 1 1 1 1 1 1
ciMethod java/util/jar/Manifest <init> (Ljava/util/jar/JarVerifier;Ljava/io/InputStream;Ljava/lang/String;)V 14 0 25 0 -1
ciMethod java/util/jar/Manifest <init> (Ljava/io/InputStream;Ljava/lang/String;)V 8 0 21 0 -1
ciInstanceKlass java/io/ByteArrayInputStream 1 1 117 10 7 12 1 1 1 9 7 12 1 1 1 9 12 1 1 9 12 1 9 12 1 10 100 12 1 1 1 10 7 12 1 1 1 10 7 12 1 1 1 10 100 12 1 1 1 10 12 1 1 3 10 100 1 10 100 12 1 1 1 9 12 1 1 100 1 10 10 7 12 1 1 1 1 1 1 1 1 1 1 1 1 1 1 1 1 1 1 1 1 1 1 1 1 1 1 1 1 1 1 1 100 1 1 1 1 1 1 1 1 1 1 1 1 1 1
staticfield java/io/ByteArrayInputStream $assertionsDisabled Z 1
ciMethod java/io/ByteArrayInputStream <init> ([B)V 20 0 717 0 -1
instanceKlass java/nio/IntBuffer
instanceKlass java/nio/LongBuffer
instanceKlass java/nio/CharBuffer
instanceKlass java/nio/ByteBuffer
ciInstanceKlass java/nio/Buffer 1 1 256 100 1 10 7 12 1 1 1 9 7 12 1 1 1 9 12 1 9 12 1 1 9 12 1 9 12 1 1 10 12 1 1 10 12 1 1 10 12 100 1 7 1 10 8 1 10 12 1 1 10 12 1 8 1 8 1 10 12 1 1 10 12 1 8 1 9 12 1 1 100 1 8 1 10 12 1 8 1 8 1 9 12 10 12 1 8 1 8 1 8 1 10 12 1 8 1 8 1 8 1 100 1 10 100 1 10 100 1 10 9 12 1 1 10 7 12 1 1 1 100 1 10 12 1 1 10 12 1 10 100 12 1 1 10 7 12 1 1 1 10 7 12 1 1 1 9 12 1 1 10 7 12 1 1 1 9 12 1 1 7 1 10 10 12 1 1 7 1 10 10 7 12 1 1 1 1 1 3 1 1 1 1 1 1 1 1 1 1 1 1 1 1 100 1 1 1 1 1 1 1 7 1 1 1 1 1 1 1 1 1 1 1 1 1 1 1 1 1 1 1 1 1 1 1 1 1 1 1 1 1 1 1 1 1 1 1 1 1 1 1 100 1 100 1 100 1 100 1 100 1 100 1 100 1 1
staticfield java/nio/Buffer UNSAFE Ljdk/internal/misc/Unsafe; jdk/internal/misc/Unsafe
staticfield java/nio/Buffer SCOPED_MEMORY_ACCESS Ljdk/internal/misc/ScopedMemoryAccess; jdk/internal/misc/ScopedMemoryAccess
staticfield java/nio/Buffer IOOBE_FORMATTER Ljava/util/function/BiFunction; jdk/internal/util/Preconditions$4
staticfield java/nio/Buffer $assertionsDisabled Z 1
ciMethod java/nio/Buffer position ()I 268 0 134 0 -1
ciMethod java/nio/Buffer limit ()I 314 0 157 0 -1
ciMethod java/nio/Buffer hasRemaining ()Z 370 0 4074 0 0
ciInstanceKlass java/util/Objects 1 1 184 10 7 12 1 1 1 100 1 8 1 10 12 1 10 12 1 1 10 7 12 1 1 1 10 12 1 1 10 12 1 10 7 12 1 1 1 10 12 1 1 10 7 12 1 1 1 7 1 10 10 12 1 1 10 7 12 1 1 10 12 1 1 8 1 10 7 12 1 1 1 10 7 12 1 1 1 10 11 100 12 1 1 1 100 1 10 10 12 1 8 1 10 12 1 8 1 100 1 11 12 1 1 8 1 10 7 12 1 1 1 10 12 1 1 10 12 1 10 12 1 10 12 1 10 12 1 1 1 1 1 1 1 1 1 1 1 1 1 1 1 1 1 1 1 1 1 1 1 1 1 1 1 1 1 1 1 1 1 1 1 1 1 1 1 1 1 1 1 1 1 1 1 1 1 1 1 1 1 1 1 1 1 1
ciInstanceKlass jdk/internal/util/Preconditions 1 1 194 10 7 12 1 1 1 11 7 12 1 1 1 11 100 12 1 1 1 7 1 100 1 10 7 12 1 1 1 10 12 1 8 1 7 1 10 7 12 1 1 1 10 12 1 1 8 1 8 1 10 7 12 1 1 7 1 10 12 1 8 1 10 7 12 1 1 1 8 1 10 12 1 1 10 12 1 1 11 12 1 8 1 8 1 11 12 1 1 8 1 8 1 8 1 10 12 1 1 10 12 1 1 10 12 1 10 12 1 10 12 1 10 12 7 1 10 10 12 1 1 9 12 1 1 7 1 10 9 12 1 7 1 10 9 12 1 1 1 1 1 1 1 1 1 1 1 1 1 1 1 1 1 1 1 1 1 1 1 1 1 1 1 1 1 1 1 1 1 1 1 1 1 1 1 1 1 1 1 1 1 1 1 1 1 1 1 1 1 1 1 1 1 1
staticfield jdk/internal/util/Preconditions SIOOBE_FORMATTER Ljava/util/function/BiFunction; jdk/internal/util/Preconditions$4
staticfield jdk/internal/util/Preconditions AIOOBE_FORMATTER Ljava/util/function/BiFunction; jdk/internal/util/Preconditions$4
staticfield jdk/internal/util/Preconditions IOOBE_FORMATTER Ljava/util/function/BiFunction; jdk/internal/util/Preconditions$4
ciMethod java/util/Objects equals (Ljava/lang/Object;Ljava/lang/Object;)Z 584 0 22780 0 -1
ciMethod java/util/Objects requireNonNull (Ljava/lang/Object;Ljava/lang/String;)Ljava/lang/Object; 518 0 142091 0 -1
ciMethod java/util/Objects requireNonNull (Ljava/lang/Object;)Ljava/lang/Object; 818 0 85516 0 -1
ciMethod java/util/Objects checkFromIndexSize (III)I 518 0 27664 0 160
instanceKlass org/jetbrains/kotlin/protobuf/UnmodifiableLazyStringList
instanceKlass org/jetbrains/kotlin/protobuf/LazyStringArrayList
instanceKlass java/util/AbstractSequentialList
instanceKlass kotlin/reflect/jvm/internal/impl/protobuf/UnmodifiableLazyStringList
instanceKlass kotlin/reflect/jvm/internal/impl/protobuf/LazyStringArrayList
instanceKlass kotlin/reflect/jvm/internal/impl/utils/SmartList
instanceKlass com/intellij/util/containers/DisposableWrapperList
instanceKlass com/intellij/util/SmartList
instanceKlass java/util/ArrayList$SubList
instanceKlass java/util/Vector
instanceKlass sun/security/jca/ProviderList$ServiceList
instanceKlass sun/security/jca/ProviderList$3
instanceKlass java/util/Collections$SingletonList
instanceKlass java/util/Arrays$ArrayList
instanceKlass java/util/Collections$EmptyList
instanceKlass java/util/ArrayList
ciInstanceKlass java/util/AbstractList 1 1 218 10 7 12 1 1 1 9 7 12 1 1 1 10 12 1 1 10 12 1 1 100 1 10 10 12 1 1 11 7 12 1 1 1 11 12 1 1 11 12 1 10 7 12 1 1 1 10 12 1 11 12 1 11 12 1 11 12 1 10 12 1 1 10 12 1 1 11 7 12 1 1 1 11 7 1 11 7 1 10 12 1 7 1 10 12 1 10 12 1 1 7 1 100 1 10 12 1 100 1 10 100 1 7 1 10 8 1 10 12 1 1 10 12 1 10 12 1 1 10 12 1 8 1 100 1 8 1 8 1 8 1 10 7 1 11 10 10 12 1 11 12 1 10 12 1 1 8 1 8 1 1 1 1 1 1 1 1 1 1 1 1 1 1 1 1 1 1 1 1 1 1 1 1 1 1 1 1 1 1 1 1 1 1 1 1 1 1 1 1 1 1 1 1 1 1 1 1 1 1 1 1 1 1 1 1 1 1 100 1 100 1 1 1 1 1 1 1
ciInstanceKlass java/lang/Iterable 1 1 62 10 7 12 1 1 1 11 7 12 1 1 1 11 7 12 1 1 1 11 12 1 1 11 7 12 1 1 1 10 100 12 1 1 1 100 1 1 1 1 1 1 1 1 1 1 1 1 1 1 1 1 1 1 1 1 1 1 1 1 1 1
ciInstanceKlass java/util/Collection 1 1 115 11 100 12 1 1 1 100 1 11 7 12 1 1 1 10 100 12 1 1 1 11 12 1 1 11 100 12 1 1 1 11 12 1 1 11 100 12 1 1 1 11 12 1 1 10 100 12 1 1 1 11 12 1 10 7 12 1 1 1 100 1 100 1 1 1 1 1 1 1 1 1 1 1 1 1 1 1 1 1 1 1 1 1 1 1 1 1 1 1 1 1 1 1 1 1 1 1 1 1 1 1 1 1 1 1 1 1 1 1 1 1 1 1 1
ciInstanceKlass java/util/SequencedCollection 1 1 109 100 1 10 12 1 1 11 7 12 1 1 1 11 7 12 1 1 1 11 12 1 1 11 12 1 7 1 7 1 1 1 1 1 1 1 1 1 1 1 1 1 1 1 1 1 1 1 1 1 1 1 1 1 1 1 1 1 100 1 8 1 1 12 10 1 1 1 8 1 1 1 8 1 1 1 8 1 1 1 8 1 1 8 1 1 1 8 1 1 8 1 1 1 8 1 1 8 1 1 1 8 1 1 8 1 1 8 1
ciInstanceKlass java/util/List 1 1 251 10 100 12 1 1 1 11 100 12 1 1 1 11 100 12 1 1 1 11 12 1 1 11 100 12 1 1 11 12 1 1 11 12 1 1 10 100 12 1 1 1 100 1 100 1 10 12 1 1 100 1 10 100 12 1 1 1 11 12 1 1 11 12 1 11 12 1 100 1 10 12 1 11 12 1 1 11 12 1 1 11 12 1 10 100 12 1 1 1 9 7 12 1 1 1 7 1 10 12 10 12 1 7 1 10 12 1 1 10 12 1 10 12 1 1 11 12 1 1 100 1 1 1 1 1 1 1 1 1 1 1 1 1 1 1 1 1 1 1 1 1 1 1 1 1 1 1 1 1 1 1 1 1 1 1 1 1 1 1 1 1 1 1 1 100 1 100 1 1 1 1 1 1 1 1 1 1 1 1 1 1 1 1 1 1 1 1 1 1 1 1 1 1 1 1 1 1 1 1 1 1 1 1 1 1 1 1 1 1 1 1 1 1 1 1 1 1 1 1 1 1 1 1 1 1 1 1 1 1 1 1 1 1 1 1 1 1 1 1 1 1 1 1 100 1 1 100 1 1 1
instanceKlass com/google/common/collect/ImmutableCollection
instanceKlass java/util/TreeMap$Values
instanceKlass java/util/concurrent/ConcurrentLinkedDeque
instanceKlass com/intellij/util/containers/UnsafeWeakList
instanceKlass java/util/AbstractQueue
instanceKlass it/unimi/dsi/fastutil/objects/AbstractObjectCollection
instanceKlass com/intellij/util/containers/ImmutableList
instanceKlass java/util/LinkedHashMap$LinkedValues
instanceKlass java/util/HashMap$Values
instanceKlass java/util/IdentityHashMap$Values
instanceKlass java/util/ArrayDeque
instanceKlass java/util/AbstractSet
instanceKlass java/util/ImmutableCollections$AbstractImmutableCollection
instanceKlass java/util/AbstractList
ciInstanceKlass java/util/AbstractCollection 1 1 160 10 7 12 1 1 1 10 7 12 1 1 1 10 12 1 1 11 7 12 1 1 1 11 12 1 1 10 12 1 1 10 100 12 1 1 1 10 12 1 1 10 12 1 1 10 7 12 1 1 10 7 12 1 1 1 7 1 10 7 12 1 1 1 10 100 12 1 1 1 100 1 10 11 12 1 11 7 1 10 12 1 10 12 1 10 100 12 1 1 1 11 8 1 7 1 10 10 12 1 1 8 1 10 12 1 10 12 1 1 1 1 1 1 1 1 1 1 1 1 1 1 1 1 1 1 1 1 1 1 1 1 1 1 1 1 1 1 1 1 1 1 1 1 1 1 1 1 1 1 1 1 1 1 1 1 1 1 1 1
ciMethod java/util/AbstractCollection <init> ()V 846 0 66199 0 0
ciMethod java/util/AbstractList <init> ()V 528 0 58523 0 88
ciInstanceKlass java/lang/AssertionStatusDirectives 0 0 24 10 100 12 1 1 1 100 1 1 1 1 1 1 1 1 1 1 1 1 1 1 1 1
instanceKlass org/jetbrains/kotlin/protobuf/UninitializedMessageException
instanceKlass com/intellij/psi/impl/DebugUtil$IncorrectTreeStructureException
instanceKlass java/util/ConcurrentModificationException
instanceKlass org/eclipse/lsp4j/jsonrpc/ResponseErrorException
instanceKlass org/eclipse/lsp4j/jsonrpc/JsonRpcException
instanceKlass org/eclipse/lsp4j/jsonrpc/MessageIssueException
instanceKlass com/google/gson/JsonParseException
instanceKlass org/h2/message/DbException
instanceKlass kotlin/reflect/jvm/internal/impl/protobuf/UninitializedMessageException
instanceKlass kotlin/reflect/jvm/internal/impl/utils/WrappedValues$WrappedProcessCanceledException
instanceKlass kotlin/KotlinNothingValueException
instanceKlass org/jetbrains/kotlin/utils/WrappedValues$WrappedProcessCanceledException
instanceKlass java/nio/file/FileSystemAlreadyExistsException
instanceKlass java/nio/file/FileSystemNotFoundException
instanceKlass org/jetbrains/kotlin/analyzer/CompilationErrorException
instanceKlass com/intellij/openapi/util/RecursionManager$CachingPreventedException
instanceKlass com/intellij/core/CoreJavaCodeStyleManager$1CancelException
instanceKlass com/intellij/openapi/util/StackOverflowPreventedException
instanceKlass com/intellij/openapi/vfs/InvalidVirtualFileAccessException
instanceKlass com/intellij/psi/PsiInvalidElementAccessException
instanceKlass com/fasterxml/aalto/UncheckedStreamException
instanceKlass java/util/concurrent/RejectedExecutionException
instanceKlass com/intellij/openapi/extensions/SortingException
instanceKlass com/intellij/diagnostic/ImplementationConflictException
instanceKlass java/util/EmptyStackException
instanceKlass com/intellij/openapi/diagnostic/RuntimeExceptionWithAttachments
instanceKlass com/intellij/diagnostic/PluginException
instanceKlass com/intellij/openapi/project/IndexNotReadyException
instanceKlass com/intellij/openapi/editor/ReadOnlyModificationException
instanceKlass com/intellij/openapi/editor/ReadOnlyFragmentModificationException
instanceKlass com/intellij/util/lang/CompoundRuntimeException
instanceKlass com/intellij/util/pico/PicoException
instanceKlass com/intellij/openapi/extensions/ExtensionNotApplicableException
instanceKlass java/io/UncheckedIOException
instanceKlass java/util/MissingResourceException
instanceKlass com/intellij/openapi/progress/ProcessCanceledException
instanceKlass com/intellij/util/IncorrectOperationException
instanceKlass org/javacs/kt/util/KotlinLSException
instanceKlass org/jetbrains/kotlin/utils/KotlinExceptionWithAttachments
instanceKlass kotlin/NoWhenBranchMatchedException
instanceKlass java/util/NoSuchElementException
instanceKlass java/lang/reflect/UndeclaredThrowableException
instanceKlass java/lang/SecurityException
instanceKlass com/beust/jcommander/ParameterException
instanceKlass java/lang/IndexOutOfBoundsException
instanceKlass java/lang/UnsupportedOperationException
instanceKlass kotlin/UninitializedPropertyAccessException
instanceKlass java/lang/IllegalStateException
instanceKlass java/lang/IllegalArgumentException
instanceKlass java/lang/ArithmeticException
instanceKlass java/lang/NullPointerException
instanceKlass java/lang/IllegalMonitorStateException
instanceKlass java/lang/ArrayStoreException
instanceKlass java/lang/ClassCastException
ciInstanceKlass java/lang/RuntimeException 1 1 40 10 7 12 1 1 1 10 12 1 10 12 1 10 12 1 10 12 1 100 1 1 1 1 5 0 1 1 1 1 1 1 1 1 1 1 1 1 1 1
instanceKlass java/nio/DirectByteBuffer$Deallocator
instanceKlass java/lang/reflect/Executable$ParameterData
instanceKlass java/util/stream/Collectors$CollectorImpl
instanceKlass sun/security/pkcs/SignerInfo$AlgorithmInfo
instanceKlass jdk/internal/misc/ThreadTracker$ThreadRef
instanceKlass java/lang/reflect/Proxy$ProxyBuilder$ProxyClassContext
instanceKlass java/security/SecureClassLoader$CodeSourceKey
instanceKlass jdk/internal/reflect/ReflectionFactory$Config
instanceKlass jdk/internal/foreign/abi/UpcallLinker$CallRegs
instanceKlass jdk/internal/foreign/abi/VMStorage
ciInstanceKlass java/lang/Record 1 1 22 10 7 12 1 1 1 100 1 1 1 1 1 1 1 1 1 1 1 1 1 1
ciInstanceKlass java/lang/invoke/MethodType 1 1 780 7 1 10 7 12 1 1 1 9 12 1 1 9 12 1 1 9 12 1 1 10 7 12 1 1 1 9 7 12 1 1 8 1 10 100 12 1 1 1 9 7 1 9 7 1 10 12 1 1 7 1 10 8 1 10 12 1 1 10 12 1 10 12 1 1 7 1 8 1 10 12 1 100 1 10 10 12 1 10 12 1 1 10 12 1 1 11 7 12 1 1 1 9 12 1 11 12 1 1 7 10 12 1 1 10 12 1 1 7 1 7 1 10 7 12 1 1 1 10 12 1 10 12 1 9 12 1 1 10 7 12 1 1 10 12 1 1 10 7 12 1 1 1 10 7 12 1 1 1 10 12 1 9 12 1 1 10 12 1 1 10 12 1 1 10 12 1 1 10 12 1 1 10 12 1 1 10 12 1 10 12 1 10 12 1 1 10 12 1 8 1 8 1 10 12 1 1 9 12 1 1 100 1 10 10 12 1 1 10 12 1 10 12 1 1 10 12 1 1 10 12 1 10 12 1 10 12 1 8 1 10 12 1 1 10 100 12 1 1 1 10 12 1 10 12 1 1 10 12 1 10 12 1 10 12 1 1 10 12 1 10 12 1 9 12 1 10 12 1 10 10 12 1 1 10 12 1 9 12 1 1 10 12 1 1 11 12 1 1 10 12 1 1 10 12 1 10 12 1 7 1 8 1 8 1 8 1 10 12 1 10 12 1 10 12 1 1 10 10 12 1 11 12 1 1 11 12 1 10 100 12 1 1 1 9 12 1 10 12 1 10 12 1 1 10 12 1 1 10 12 1 10 12 1 10 100 12 1 1 1 10 12 1 1 10 12 1 10 12 1 10 12 1 10 9 12 1 1 7 1 10 12 1 10 12 1 1 9 100 12 1 1 1 10 7 12 1 1 1 10 7 12 1 1 1 10 12 1 1 10 7 12 1 1 1 10 12 1 1 8 1 10 7 12 1 1 1 11 12 1 1 9 12 1 1 10 12 1 1 10 12 1 10 12 1 1 10 12 1 1 10 100 12 1 1 100 1 10 12 1 1 11 100 12 1 1 18 12 1 1 11 12 1 1 18 12 1 11 12 1 100 1 11 100 12 1 1 10 12 1 100 1 10 12 1 10 100 12 1 1 10 12 1 1 9 12 1 1 9 100 12 1 1 1 10 7 12 1 1 1 9 12 1 10 100 12 1 1 10 12 1 100 10 12 1 1 10 12 1 7 1 10 10 12 1 1 7 1 7 1 9 12 1 1 7 1 7 1 7 1 1 1 5 0 1 1 1 1 1 1 1 3 1 3 1 3 1 1 1 1 1 1 1 1 1 1 1 1 1 1 1 1 1 1 1 1 1 1 1 1 1 1 1 1 1 1 1 1 1 1 1 1 1 1 1 1 1 1 1 1 1 1 1 1 1 1 1 1 1 1 1 1 1 1 1 1 1 1 1 1 1 1 1 1 1 1 1 1 1 1 1 1 1 1 1 1 1 1 1 1 1 1 1 1 1 1 1 1 1 1 1 1 1 1 1 1 1 1 1 1 1 1 1 1 1 1 1 1 1 1 1 1 1 1 1 1 1 1 1 1 1 1 1 1 1 1 100 1 100 1 1 1 1 1 1 1 1 1 1 1 1 1 100 1 1 1 7 1 1 1 1 1 1 1 1 1 1 1 1 1 1 1 1 1 1 1 1 1 1 16 15 10 12 16 16 15 10 12 16 15 10 100 12 1 1 1 1 1 7 1 1 7 1 1 100 1 100 1 1
staticfield java/lang/invoke/MethodType internTable Ljdk/internal/util/ReferencedKeySet; jdk/internal/util/ReferencedKeySet
staticfield java/lang/invoke/MethodType NO_PTYPES [Ljava/lang/Class; 0 [Ljava/lang/Class;
staticfield java/lang/invoke/MethodType objectOnlyTypes [Ljava/lang/invoke/MethodType; 20 [Ljava/lang/invoke/MethodType;
staticfield java/lang/invoke/MethodType METHOD_HANDLE_ARRAY [Ljava/lang/Class; 1 [Ljava/lang/Class;
staticfield java/lang/invoke/MethodType serialPersistentFields [Ljava/io/ObjectStreamField; 0 [Ljava/io/ObjectStreamField;
staticfield java/lang/invoke/MethodType $assertionsDisabled Z 1
ciInstanceKlass java/lang/invoke/TypeDescriptor$OfMethod 1 0 43 100 1 100 1 100 1 1 1 1 1 1 1 1 1 1 1 1 1 1 1 1 1 1 1 1 1 1 1 1 1 1 1 1 1 1 1 1 1 1 100 1 1
instanceKlass java/lang/reflect/InvocationTargetException
instanceKlass java/lang/IllegalAccessException
instanceKlass java/lang/InstantiationException
instanceKlass java/lang/NoSuchFieldException
instanceKlass java/lang/NoSuchMethodException
instanceKlass java/lang/ClassNotFoundException
ciInstanceKlass java/lang/ReflectiveOperationException 1 1 34 10 7 12 1 1 1 10 12 1 10 12 1 10 12 1 100 1 1 1 1 5 0 1 1 1 1 1 1 1 1 1 1 1
instanceKlass java/lang/invoke/DelegatingMethodHandle
instanceKlass java/lang/invoke/BoundMethodHandle
instanceKlass java/lang/invoke/DirectMethodHandle
ciInstanceKlass java/lang/invoke/MethodHandle 1 1 733 100 1 9 7 12 1 1 1 10 7 12 1 1 1 10 7 12 1 1 1 7 1 7 1 10 12 1 1 9 12 1 1 10 12 1 10 12 1 1 10 12 1 1 10 100 12 1 1 1 10 12 1 1 10 12 1 1 11 7 12 1 1 1 10 12 1 1 10 12 1 10 12 1 10 12 1 1 9 12 1 1 9 12 1 1 10 7 12 1 1 1 10 12 1 1 10 12 1 10 12 1 100 1 7 1 10 8 1 10 12 1 1 10 12 1 8 1 10 12 1 1 10 12 1 10 7 12 1 1 1 10 12 1 1 10 12 1 1 10 12 1 1 10 7 12 1 1 1 10 12 1 1 10 12 1 1 10 12 1 10 12 1 1 10 7 12 1 1 10 7 12 1 1 10 12 1 10 12 1 10 12 1 1 10 12 1 1 10 12 1 1 10 12 1 1 10 7 12 1 1 1 10 7 12 1 1 1 10 12 1 1 10 12 1 1 10 12 1 1 8 1 10 7 12 1 1 1 8 1 10 12 1 10 12 1 1 10 12 1 1 10 12 1 8 1 10 12 1 1 8 1 10 12 1 8 1 10 7 12 1 1 1 9 12 1 1 100 1 10 9 7 12 1 1 1 9 7 1 8 1 10 12 1 1 10 12 1 10 12 1 1 10 12 1 10 12 1 1 10 12 1 10 12 1 1 10 12 1 10 12 1 1 10 12 1 1 8 1 10 12 1 1 8 1 10 12 1 10 12 1 1 10 12 1 10 12 1 10 12 1 1 9 100 12 1 1 1 10 12 1 1 11 12 1 10 12 1 10 12 1 1 10 100 12 1 1 100 1 11 12 1 10 100 1 11 12 1 7 1 10 12 1 11 12 1 9 100 12 1 1 1 11 12 1 1 11 100 12 1 1 1 10 12 1 1 9 12 1 11 12 1 9 12 1 9 12 1 9 12 1 11 12 1 1 9 12 1 9 12 1 9 12 1 9 12 1 9 12 1 9 12 1 9 12 1 8 1 10 12 1 10 12 1 8 1 10 12 1 10 12 1 10 12 1 1 10 10 10 7 12 1 1 10 12 1 1 100 1 100 1 8 1 8 1 10 10 12 1 1 10 12 1 10 12 1 7 1 10 100 12 1 1 1 10 9 7 12 1 1 1 10 12 1 1 10 12 1 1 8 1 8 1 10 7 12 1 1 9 12 1 9 12 1 1 9 12 1 1 10 12 1 7 1 10 12 1 10 12 1 1 9 12 1 1 9 12 1 1 10 7 12 1 1 1 11 7 12 1 1 9 12 1 10 12 1 1 9 12 1 10 12 1 8 10 12 1 1 8 1 1 1 1 1 1 1 1 7 1 1 1 1 1 1 1 1 1 1 1 1 1 1 1 1 1 1 1 1 1 1 1 1 1 1 1 1 1 1 100 1 1 1 1 1 1 1 1 1 1 1 1 1 1 1 1 1 1 1 1 1 1 1 1 1 1 1 1 1 1 1 1 1 1 1 1 1 1 1 1 1 1 1 1 1 1 1 1 1 1 1 1 1 1 1 1 1 1 1 1 1 1 1 1 1 1 1 1 1 1 1 1 1 1 1 1 1 1 1 1 1 1 1 1 1 1 100 1 1 100 1 7 1 100 1 1 100 1 1 100 1 1 1 1
staticfield java/lang/invoke/MethodHandle FORM_OFFSET J 20
staticfield java/lang/invoke/MethodHandle UPDATE_OFFSET J 13
staticfield java/lang/invoke/MethodHandle $assertionsDisabled Z 1
instanceKlass org/h2/value/CaseInsensitiveConcurrentMap
ciInstanceKlass java/util/concurrent/ConcurrentHashMap 1 1 1210 7 1 7 1 3 10 12 1 1 3 7 1 10 7 12 1 1 1 7 1 10 7 12 1 1 1 100 1 11 12 1 1 11 12 1 11 12 1 1 9 12 1 1 9 12 1 1 9 12 1 10 7 12 1 1 1 7 1 10 12 1 1 10 12 1 1 10 7 12 1 1 1 4 10 12 1 9 12 1 10 12 1 1 100 1 10 5 0 10 12 1 10 12 1 1 5 0 10 12 1 1 10 12 1 9 12 1 1 10 12 1 1 9 12 1 9 12 1 1 10 12 1 1 9 12 1 10 12 1 1 9 12 1 1 10 12 1 1 100 1 10 100 1 10 12 1 10 12 1 1 10 12 1 1 10 12 1 1 10 12 1 10 12 1 1 10 12 1 1 100 1 10 12 1 1 7 1 100 1 8 1 10 12 1 10 12 1 1 10 12 1 1 11 7 12 1 1 10 12 1 1 11 12 1 1 11 7 12 1 1 1 11 7 12 1 1 1 11 12 1 7 1 11 12 1 11 12 1 10 12 1 1 10 12 1 1 9 12 1 1 10 100 12 1 1 1 9 10 12 1 1 9 12 1 10 12 1 1 5 0 9 12 1 1 7 1 10 12 1 9 12 1 1 7 1 10 12 1 9 12 1 7 1 10 7 1 10 10 12 1 1 8 1 10 12 1 10 12 1 1 11 100 1 10 12 1 10 100 12 1 1 1 8 1 10 100 12 1 1 1 8 1 10 12 1 8 1 10 12 1 10 12 1 1 10 100 12 1 1 10 12 1 10 12 1 10 12 1 9 12 1 9 10 12 1 9 12 1 1 11 100 12 1 1 1 11 7 12 1 1 1 100 1 10 12 11 100 12 1 1 10 11 7 12 1 10 12 1 100 1 10 12 1 100 1 10 10 9 7 12 1 1 1 10 12 3 10 7 12 1 1 9 12 1 10 12 1 1 9 12 1 1 9 12 1 10 12 1 1 10 100 12 1 1 9 12 1 9 7 12 1 1 10 12 1 1 10 12 1 3 9 12 1 9 12 1 10 12 1 1 7 1 9 3 9 12 1 7 1 10 12 1 9 12 1 10 12 1 9 12 1 10 12 1 9 12 1 10 100 12 1 1 1 100 10 12 1 7 1 5 0 10 100 12 1 1 100 1 10 12 1 1 10 12 1 10 12 1 100 1 10 12 1 10 100 1 100 1 10 10 12 1 10 100 1 10 12 1 10 100 1 10 12 1 10 7 1 10 12 1 1 100 1 10 12 1 10 10 12 1 100 1 10 12 1 10 10 12 1 100 1 10 12 1 10 100 1 10 12 1 10 100 1 10 12 1 10 100 1 10 12 1 10 100 1 10 12 1 10 100 1 10 12 1 10 100 1 10 12 1 10 100 1 10 12 1 10 100 1 10 10 100 1 10 10 100 1 10 10 100 1 10 12 1 10 100 1 10 12 1 10 100 1 10 12 1 10 100 1 10 12 1 10 100 1 10 12 1 10 100 1 10 10 100 1 10 10 100 1 10 10 100 1 10 12 1 10 100 1 10 12 1 10 100 1 10 12 1 10 100 1 10 12 1 10 100 1 10 12 1 10 10 12 1 10 7 12 1 1 1 10 12 1 7 1 7 1 10 12 1 9 12 1 1 9 12 1 1 10 12 1 1 8 10 12 1 1 8 8 8 8 7 10 12 1 1 10 12 1 100 1 8 1 10 7 1 7 1 7 1 1 1 5 0 1 1 3 1 3 1 1 1 1 3 1 3 1 3 1 1 1 1 1 3 1 3 1 3 1 1 1 1 1 1 1 1 1 1 1 1 1 1 1 1 1 1 1 1 1 1 1 1 1 100 1 1 1 1 1 1 1 1 1 1 1 1 1 1 1 1 1 1 1 1 1 1 1 1 1 1 1 1 1 1 1 1 1 1 1 1 1 1 1 1 1 1 1 1 1 1 1 1 1 1 1 1 1 1 1 1 1 1 1 1 1 1 1 1 1 1 1 1 1 1 1 1 1 1 1 1 1 1 1 1 1 1 1 1 100 1 1 1 1 1 1 1 1 1 1 1 7 1 1 1 1 1 1 1 1 1 1 1 1 1 1 1 1 1 1 1 1 1 1 1 1 1 1 1 1 1 1 1 1 1 1 1 1 1 1 1 1 1 1 1 1 1 1 1 1 1 1 1 1 1 1 1 1 1 1 1 1 1 1 1 1 1 1 1 1 1 1 1 1 1 1 1 1 1 1 1 1 1 1 1 1 1 1 1 1 1 1 1 1 1 1 1 1 1 1 1 1 1 1 1 1 1 1 1 1 1 1 1 1 1 1 1 1 1 1 1 1 1 1 1 1 1 1 1 1 1 1 1 1 1 1 1 1 1 1 1 1 1 1 1 1 1 1 1 1 1 1 1 1 1 1 1 1 1 1 1 1 1 1 1 1 1 1 1 1 1 1 1 1 1 1 1 1 1 1 1 1 1 1 1 1 1 1 1 1 1 1 1 1 1 1 1 1 1 1 1 1 1 1 1 1 1 1 1 1 1 1 1 1 1 1 1 1 1 1 1 1 1 1 1 100 1 100 1 100 1 100 1 100 1 100 1 100 1 100 1 100 1 1 1 1 1 1 1 1 1 1 1 1 1 1 1 1 1 1 1 1 1 1 1 1 1 1 1 1 1 1 1 1 1 1 1 1 1 1 1 1 1 1 1 1 1 1 1 1 1 1 1 1 1 1 1 1 1 1
staticfield java/util/concurrent/ConcurrentHashMap NCPU I 32
staticfield java/util/concurrent/ConcurrentHashMap serialPersistentFields [Ljava/io/ObjectStreamField; 3 [Ljava/io/ObjectStreamField;
staticfield java/util/concurrent/ConcurrentHashMap U Ljdk/internal/misc/Unsafe; jdk/internal/misc/Unsafe
staticfield java/util/concurrent/ConcurrentHashMap SIZECTL J 20
staticfield java/util/concurrent/ConcurrentHashMap TRANSFERINDEX J 32
staticfield java/util/concurrent/ConcurrentHashMap BASECOUNT J 24
staticfield java/util/concurrent/ConcurrentHashMap CELLSBUSY J 36
staticfield java/util/concurrent/ConcurrentHashMap CELLVALUE J 144
staticfield java/util/concurrent/ConcurrentHashMap ABASE I 16
staticfield java/util/concurrent/ConcurrentHashMap ASHIFT I 2
instanceKlass org/jetbrains/kotlin/protobuf/SmallSortedMap
instanceKlass com/intellij/openapi/vfs/impl/ZipEntryMap
instanceKlass com/google/gson/internal/LinkedTreeMap
instanceKlass org/h2/mvstore/tx/TransactionMap
instanceKlass org/h2/mvstore/MVMap
instanceKlass kotlin/reflect/jvm/internal/impl/protobuf/SmallSortedMap
instanceKlass java/util/Collections$SingletonMap
instanceKlass com/intellij/util/containers/ConcurrentRefHashMap
instanceKlass com/intellij/util/containers/RefHashMap
instanceKlass java/util/concurrent/ConcurrentSkipListMap
instanceKlass java/util/EnumMap
instanceKlass java/util/TreeMap
instanceKlass java/util/IdentityHashMap
instanceKlass java/util/WeakHashMap
instanceKlass java/util/Collections$EmptyMap
instanceKlass java/util/HashMap
instanceKlass sun/util/PreHashedMap
instanceKlass java/util/ImmutableCollections$AbstractImmutableMap
instanceKlass java/util/concurrent/ConcurrentHashMap
ciInstanceKlass java/util/AbstractMap 1 1 196 10 7 12 1 1 1 10 7 12 1 1 1 11 7 12 1 1 1 10 11 12 1 1 11 7 12 1 1 1 11 12 1 1 7 1 11 12 1 10 12 1 1 11 12 1 100 1 10 11 12 1 11 7 1 10 12 1 1 11 12 1 9 12 1 1 7 1 10 12 1 9 12 1 1 100 1 10 11 11 12 1 1 11 12 1 7 1 100 1 11 12 1 8 1 7 1 10 10 12 1 1 8 1 10 12 1 10 12 1 1 10 12 1 1 1 1 1 1 1 1 1 1 1 1 1 1 1 1 1 1 1 1 1 1 1 1 1 1 1 1 1 1 1 1 1 1 1 1 1 1 1 1 7 1 1 1 1 1 1 1 7 1 1 1 1 1 1 1 1 1 100 1 1 1 1 1 1 1 1 1 100 1 100 1 100 1 100 1 100 1 1 1 1 1 1
ciInstanceKlass java/util/concurrent/ConcurrentMap 1 1 208 11 7 12 1 1 1 10 100 12 1 1 11 12 1 1 11 100 12 1 1 1 11 7 12 1 1 1 11 12 1 1 100 1 11 12 1 11 12 1 100 1 11 100 12 1 1 1 18 12 1 11 12 1 1 11 100 12 1 1 11 12 1 1 11 100 12 1 11 12 1 1 11 12 1 1 7 1 7 1 1 1 1 1 1 1 1 1 1 1 1 1 1 1 1 1 1 1 1 1 1 1 1 1 1 1 1 1 1 1 1 1 1 1 1 1 1 1 1 1 1 1 1 1 1 1 1 1 1 1 1 1 1 1 1 1 1 1 1 16 15 11 12 15 10 100 12 1 1 1 1 1 100 1 100 1 1 1 100 1 8 1 1 12 10 1 1 1 8 1 1 1 8 1 1 8 1 1 1 8 1 1 1 8 1 1 1 8 1 1 1 8 1 1 1 8 1 1 1 8 1 1 1 8 1 1 8 1
ciInstanceKlass jdk/internal/loader/ClassLoaders 1 1 183 10 7 12 1 1 1 10 7 12 1 1 1 10 12 1 1 10 100 12 1 1 1 9 7 12 1 1 1 9 12 1 1 9 12 1 1 7 1 11 100 12 1 1 1 100 1 11 12 1 1 11 12 1 1 10 100 12 1 1 1 10 100 12 1 1 1 100 1 100 1 10 7 12 1 1 1 9 12 1 1 10 12 1 1 7 1 10 12 1 1 10 12 1 7 1 8 1 10 7 12 1 1 1 10 12 1 1 7 1 10 12 1 10 12 1 10 12 1 8 1 10 7 12 1 1 8 1 8 1 10 12 1 7 1 10 12 1 10 12 1 10 12 1 1 1 1 1 1 1 1 1 1 1 1 1 1 1 1 1 1 1 1 7 1 1 1 1 1 1 1 1 1 1 1 1 1 1 1 1 1 1 1
staticfield jdk/internal/loader/ClassLoaders JLA Ljdk/internal/access/JavaLangAccess; java/lang/System$2
staticfield jdk/internal/loader/ClassLoaders BOOT_LOADER Ljdk/internal/loader/ClassLoaders$BootClassLoader; jdk/internal/loader/ClassLoaders$BootClassLoader
staticfield jdk/internal/loader/ClassLoaders PLATFORM_LOADER Ljdk/internal/loader/ClassLoaders$PlatformClassLoader; jdk/internal/loader/ClassLoaders$PlatformClassLoader
staticfield jdk/internal/loader/ClassLoaders APP_LOADER Ljdk/internal/loader/ClassLoaders$AppClassLoader; jdk/internal/loader/ClassLoaders$AppClassLoader
instanceKlass jdk/internal/loader/ClassLoaders$BootClassLoader
instanceKlass jdk/internal/loader/ClassLoaders$PlatformClassLoader
instanceKlass jdk/internal/loader/ClassLoaders$AppClassLoader
ciInstanceKlass jdk/internal/loader/BuiltinClassLoader 1 1 737 9 7 12 1 1 1 10 7 12 1 1 1 10 7 12 1 1 1 9 12 1 1 9 12 1 1 7 1 10 12 1 9 12 1 10 12 1 9 12 1 10 7 12 1 1 1 10 7 12 1 1 1 10 7 12 1 1 1 11 7 12 1 1 1 7 1 7 1 10 10 12 1 1 8 1 10 12 1 10 12 7 1 10 12 1 10 12 1 1 11 7 12 1 1 1 11 7 12 1 1 1 11 12 1 1 7 1 8 1 8 1 10 9 12 1 1 10 7 12 1 1 11 12 1 1 10 12 1 1 10 12 1 1 10 12 1 1 10 7 12 1 1 1 10 12 1 10 7 12 1 1 1 10 12 1 1 11 7 12 1 1 1 10 7 12 1 1 7 1 10 7 12 1 1 1 10 12 1 100 1 8 1 10 12 1 1 10 8 1 10 12 1 1 10 12 1 1 10 12 1 1 11 7 12 1 1 11 12 1 7 1 10 11 12 1 1 11 10 12 1 1 7 1 10 12 1 10 7 12 1 10 12 1 7 1 10 12 1 10 7 12 1 1 1 100 1 10 12 1 1 11 12 1 100 1 100 1 10 12 1 10 12 1 1 100 1 100 1 10 12 1 10 12 1 18 12 1 1 10 12 1 10 12 1 1 18 100 1 10 7 12 1 1 1 7 1 10 10 12 1 1 10 12 1 1 10 12 1 1 10 12 1 9 12 1 1 100 1 10 10 12 1 1 10 12 1 1 10 12 1 10 12 10 12 1 1 10 12 1 1 10 12 1 1 10 12 1 10 12 1 1 18 12 1 7 1 10 12 1 1 10 12 1 10 12 1 1 10 12 1 100 1 10 12 1 7 1 10 12 1 10 7 12 1 1 1 10 12 1 11 12 1 7 1 10 12 1 7 1 100 1 10 12 1 10 12 1 11 12 1 1 10 12 1 1 10 12 1 1 10 12 1 1 10 12 1 1 10 12 1 10 12 1 10 12 1 10 12 1 8 1 10 12 1 1 10 7 12 1 1 10 12 1 100 1 8 1 8 1 10 10 12 1 8 1 8 1 10 7 12 1 1 1 11 7 12 1 1 1 9 7 12 1 1 1 10 7 12 1 1 1 9 12 1 9 12 1 9 12 1 9 12 1 9 12 1 9 12 1 10 7 12 1 1 1 8 1 10 12 1 7 1 10 12 1 1 10 12 1 7 1 10 11 12 1 1 10 12 10 12 1 10 12 1 100 1 10 12 1 10 12 1 10 10 12 1 10 7 12 1 1 8 1 10 7 12 1 1 10 12 1 1 1 1 1 1 1 1 1 1 1 1 1 1 1 1 1 1 1 1 1 1 1 1 1 1 1 1 1 1 1 1 1 1 1 1 1 1 1 1 1 1 1 1 1 1 1 1 1 1 1 1 1 1 1 1 7 1 1 1 1 1 1 1 1 1 1 1 1 1 1 1 1 1 1 7 1 7 1 1 1 1 1 1 1 1 1 1 1 1 1 1 1 1 1 1 1 1 1 1 1 1 1 1 1 1 1 1 1 1 1 1 1 1 1 1 1 1 1 1 1 1 1 1 1 1 1 1 1 100 1 1 16 15 10 12 16 15 10 12 16 15 10 12 16 1 15 10 100 12 1 1 1 1 1 100 1 1 1 1 1 100 1 100 1 1
staticfield jdk/internal/loader/BuiltinClassLoader packageToModule Ljava/util/Map; java/util/concurrent/ConcurrentHashMap
staticfield jdk/internal/loader/BuiltinClassLoader $assertionsDisabled Z 1
ciInstanceKlass jdk/internal/loader/ClassLoaders$AppClassLoader 1 1 119 8 1 10 7 12 1 1 1 10 7 12 1 1 1 10 7 12 1 1 1 10 12 1 1 10 7 12 1 1 1 10 12 1 1 10 12 1 1 7 1 8 1 10 12 10 7 12 1 1 1 10 7 12 1 1 10 12 1 1 10 12 1 1 10 7 12 1 1 1 7 1 10 12 1 1 1 1 1 1 1 1 1 1 1 1 1 1 1 1 1 1 1 1 1 7 1 1 1 1 1 1 1 1 1 1 1 1 1 1 1 1 1 1 1 7 1 1 1
ciInstanceKlass jdk/internal/loader/ClassLoaders$PlatformClassLoader 1 1 42 8 1 10 7 12 1 1 1 10 7 12 1 1 1 7 1 10 12 1 7 1 1 1 1 1 1 1 1 1 1 1 1 1 1 7 1 1 1 100 1 1
ciInstanceKlass java/lang/ArithmeticException 1 1 26 10 100 12 1 1 1 10 12 1 100 1 1 1 1 5 0 1 1 1 1 1 1 1 1 1
ciInstanceKlass java/lang/ArrayStoreException 1 1 26 10 100 12 1 1 1 10 12 1 100 1 1 1 1 5 0 1 1 1 1 1 1 1 1 1
instanceKlass kotlin/TypeCastException
ciInstanceKlass java/lang/ClassCastException 1 1 26 10 100 12 1 1 1 10 12 1 100 1 1 1 1 5 0 1 1 1 1 1 1 1 1 1
ciInstanceKlass java/lang/ClassNotFoundException 1 1 96 7 1 10 7 12 1 1 1 10 12 1 10 12 1 1 10 100 12 1 1 1 8 1 10 100 12 1 1 1 10 7 12 1 1 10 100 12 1 1 1 10 100 12 1 1 1 10 12 1 1 7 1 10 12 1 9 12 1 1 1 1 1 5 0 1 1 1 1 1 1 1 1 1 1 1 1 1 1 1 1 1 1 100 1 1 1 1 1 1 1 1 1 1 1 1
staticfield java/lang/ClassNotFoundException serialPersistentFields [Ljava/io/ObjectStreamField; 1 [Ljava/io/ObjectStreamField;
instanceKlass org/jetbrains/kotlin/container/UnresolvedServiceException
instanceKlass java/nio/charset/UnsupportedCharsetException
instanceKlass java/nio/charset/IllegalCharsetNameException
instanceKlass java/util/regex/PatternSyntaxException
instanceKlass java/nio/file/InvalidPathException
instanceKlass java/nio/file/ProviderMismatchException
instanceKlass java/lang/NumberFormatException
ciInstanceKlass java/lang/IllegalArgumentException 1 1 35 10 7 12 1 1 1 10 12 1 10 12 1 10 12 1 100 1 1 1 1 5 0 1 1 1 1 1 1 1 1 1 1 1 1
ciMethod java/lang/IllegalArgumentException <init> (Ljava/lang/String;)V 0 0 2 0 -1
ciInstanceKlass java/lang/IllegalMonitorStateException 1 1 26 10 100 12 1 1 1 10 12 1 100 1 1 1 1 5 0 1 1 1 1 1 1 1 1 1
ciInstanceKlass java/lang/BootstrapMethodError 0 0 45 10 100 12 1 1 1 10 12 1 10 12 1 10 100 12 1 1 1 10 100 12 1 1 1 1 1 1 5 0 1 1 1 1 1 1 1 1 1 1 1 100 1 1 1
instanceKlass java/lang/UnsatisfiedLinkError
instanceKlass java/lang/ExceptionInInitializerError
instanceKlass java/lang/IncompatibleClassChangeError
instanceKlass java/lang/BootstrapMethodError
instanceKlass java/lang/NoClassDefFoundError
ciInstanceKlass java/lang/LinkageError 1 1 31 10 7 12 1 1 1 10 12 1 10 12 1 100 1 1 1 1 5 0 1 1 1 1 1 1 1 1 1 1 1
instanceKlass kotlin/KotlinNullPointerException
ciInstanceKlass java/lang/NullPointerException 1 1 52 10 100 12 1 1 1 10 12 1 9 100 12 1 1 1 10 12 1 1 9 12 1 1 10 12 1 1 10 12 1 1 1 1 5 0 1 1 1 1 1 1 1 1 100 1 100 1 100 1 1 1
ciInstanceKlass java/lang/NoClassDefFoundError 1 1 26 10 7 12 1 1 1 10 12 1 100 1 1 1 1 5 0 1 1 1 1 1 1 1 1 1
ciInstanceKlass java/lang/StackOverflowError 1 1 26 10 100 12 1 1 1 10 12 1 100 1 1 1 1 5 0 1 1 1 1 1 1 1 1 1
ciInstanceKlass java/lang/StackTraceElement 0 0 235 10 7 12 1 1 1 10 7 12 1 1 9 12 1 1 9 12 1 1 9 12 1 9 12 1 8 1 10 100 12 1 1 1 7 1 9 12 1 8 1 9 12 1 9 12 1 9 12 1 1 10 12 1 1 10 12 1 8 1 10 100 12 1 1 1 7 1 10 12 1 10 12 1 1 10 12 1 10 12 1 1 10 12 1 10 12 1 10 10 12 1 8 1 10 12 1 10 12 1 1 10 12 1 1 10 12 1 10 12 1 10 12 1 9 12 1 1 10 7 12 1 1 1 10 12 1 1 7 1 10 12 1 1 10 100 12 1 1 10 100 12 1 1 1 10 7 12 1 1 10 100 12 1 1 10 10 12 1 1 10 12 1 1 10 12 1 1 10 12 1 7 1 1 1 1 1 1 1 3 1 3 1 1 5 0 1 1 1 1 1 1 1 1 1 1 1 1 1 1 1 1 1 1 1 1 1 1 1 1 1 1 1 1 1 7 1 7 1 1 1 1 1 1 1 100 1 1 1 1 1 1 1 1 1
instanceKlass java/util/concurrent/locks/AbstractQueuedSynchronizer
ciInstanceKlass java/util/concurrent/locks/AbstractOwnableSynchronizer 1 1 32 10 7 12 1 1 1 9 7 12 1 1 1 100 1 1 1 1 5 0 1 1 1 1 1 1 1 1 1 1 1 1
ciInstanceKlass jdk/internal/vm/Continuation 0 0 549 9 100 12 1 1 1 9 12 1 9 12 1 100 1 7 1 10 12 1 1 8 1 10 12 1 1 10 12 1 10 12 1 1 10 12 1 9 7 12 1 1 1 11 100 12 1 1 1 10 7 1 9 12 1 1 9 12 1 1 10 8 1 10 12 1 9 12 1 1 10 11 12 1 1 100 1 10 100 12 1 1 1 10 12 1 1 10 12 1 10 12 1 1 11 12 1 1 9 12 1 1 10 12 1 1 18 12 1 1 10 7 12 1 1 1 100 1 10 12 1 11 100 12 1 1 1 10 12 1 9 12 1 10 12 1 1 100 1 8 1 10 12 1 10 12 1 1 9 12 1 1 11 12 1 1 9 12 1 1 8 1 10 11 12 1 1 11 12 1 1 10 12 1 1 10 12 1 1 9 12 1 10 12 1 10 10 12 1 8 1 10 12 1 8 1 8 1 10 7 12 1 1 1 10 7 12 1 1 1 10 12 1 9 12 1 11 12 1 7 1 10 12 1 10 12 1 1 9 12 1 1 7 1 10 12 1 1 9 12 1 1 10 12 1 10 12 1 11 7 12 1 1 10 7 1 10 12 1 8 1 9 12 1 10 12 1 1 9 12 1 1 10 7 12 1 1 8 1 8 1 8 1 8 1 10 12 1 1 10 12 1 10 12 1 10 12 1 10 12 1 1 10 12 1 1 8 1 10 12 1 1 9 12 1 1 10 12 1 1 9 12 1 8 1 10 7 12 1 1 1 10 12 1 8 1 100 1 8 1 10 9 12 1 1 8 1 10 7 12 1 1 10 100 12 1 1 8 1 8 1 10 12 10 100 12 1 1 1 10 7 1 10 7 12 1 1 1 18 11 100 12 1 1 1 18 12 1 11 12 1 1 7 1 10 7 12 1 1 10 12 1 1 8 10 12 1 1 10 100 12 1 1 1 10 100 12 1 1 10 12 1 8 1 10 12 1 7 1 7 1 10 12 1 1 1 1 1 1 1 1 1 1 1 1 1 1 1 1 1 1 1 1 1 1 1 1 1 1 1 1 1 1 1 1 1 1 1 1 1 1 1 1 1 1 1 1 1 1 1 1 1 1 1 1 1 1 1 1 1 1 1 1 1 1 1 1 1 1 1 1 1 1 1 1 1 1 1 100 1 1 16 1 15 10 12 16 15 11 7 12 1 1 1 16 1 16 1 15 10 12 16 15 10 100 12 1 1 1 1 1 1 1 1 100 1 100 1 1
ciInstanceKlass jdk/internal/misc/UnsafeConstants 1 1 34 10 100 12 1 1 1 9 7 12 1 1 1 9 12 1 9 12 1 1 9 12 1 9 12 1 1 1 1 1 1 1 1 1
staticfield jdk/internal/misc/UnsafeConstants ADDRESS_SIZE0 I 8
staticfield jdk/internal/misc/UnsafeConstants PAGE_SIZE I 4096
staticfield jdk/internal/misc/UnsafeConstants BIG_ENDIAN Z 0
staticfield jdk/internal/misc/UnsafeConstants UNALIGNED_ACCESS Z 1
staticfield jdk/internal/misc/UnsafeConstants DATA_CACHE_LINE_FLUSH_SIZE I 0
instanceKlass java/lang/ProcessEnvironment
instanceKlass org/h2/value/CaseInsensitiveMap
instanceKlass java/util/LinkedHashMap
ciInstanceKlass java/util/HashMap 1 1 629 10 7 12 1 1 1 7 1 10 12 1 1 7 1 10 7 12 1 1 1 100 1 11 12 1 1 11 12 1 11 12 1 1 10 7 12 1 1 1 7 1 3 10 7 12 1 1 1 100 1 7 1 10 8 1 10 12 1 1 10 12 1 10 12 1 1 10 12 1 10 7 12 1 1 1 8 1 10 12 1 9 12 1 1 10 12 1 9 12 1 1 4 10 12 1 10 12 1 1 11 7 12 1 1 9 12 1 1 10 7 12 1 1 1 6 0 10 12 1 1 11 12 1 1 11 7 12 1 1 1 11 7 12 1 1 1 11 12 1 1 7 1 11 12 1 11 12 1 10 12 1 10 12 1 1 9 12 10 12 1 1 9 7 12 1 1 1 9 12 9 12 1 10 12 1 1 9 12 1 7 1 10 12 1 1 10 12 1 1 10 12 1 1 10 12 1 1 10 12 1 1 9 12 1 10 12 1 1 3 4 10 12 1 1 10 12 1 1 9 12 1 1 9 10 12 1 1 10 12 1 1 10 12 1 1 10 12 1 9 12 1 1 7 1 10 12 1 10 12 1 10 7 12 1 1 1 7 1 9 12 1 1 7 1 10 9 12 7 1 10 100 1 10 11 7 12 1 1 1 100 1 10 11 100 12 1 1 11 100 12 1 1 1 10 12 1 100 1 7 1 10 12 1 10 12 1 10 12 1 10 100 12 1 1 10 12 1 1 10 12 1 1 10 100 12 1 1 1 8 10 100 12 1 1 1 100 1 10 4 4 10 12 1 1 10 100 12 1 1 1 10 12 1 8 1 6 0 10 100 12 1 1 1 100 1 11 100 12 1 1 1 10 12 1 10 12 1 10 10 12 1 1 6 0 8 1 10 12 1 10 12 7 1 7 1 1 1 1 5 0 1 3 1 1 1 3 1 3 1 3 1 1 1 1 1 1 1 1 1 1 1 1 1 1 1 1 1 1 1 1 1 1 100 1 1 1 1 1 1 1 1 1 1 1 1 1 1 1 1 1 1 1 1 1 1 1 1 1 1 1 1 1 1 1 1 1 100 1 1 1 1 1 1 1 1 1 1 1 1 1 1 1 1 1 1 1 1 1 1 1 1 1 1 1 1 1 1 1 1 1 1 1 1 1 1 1 1 1 1 1 1 1 1 1 1 1 1 1 7 1 1 1 1 1 1 1 1 1 1 1 1 1 1 1 1 1 1 1 1 1 1 1 1 1 1 1 1 1 1 1 1 1 1 1 1 1 1 1 1 1 1 1 1 1 1 1 1 100 1 1 1 1 1 1 1 1 7 1 1 1 1 1 1 1 1 1 1 1 1 1 1 1 1 1 1 100 1 100 1 100 1 100 1 100 1 100 1 100 1 100 1 1 1 1 1 1 1 1 1 1 1 1 1 1 1 1 1 1
ciInstanceKlass java/lang/invoke/LambdaForm 1 1 1059 7 1 100 1 10 7 12 1 1 1 9 12 1 1 9 12 1 9 12 1 9 12 1 1 9 12 1 1 9 12 1 1 9 12 1 1 9 12 1 1 9 12 1 10 7 12 1 1 9 12 1 10 12 1 1 100 1 10 10 12 1 1 10 12 1 10 12 1 10 12 1 1 10 12 1 9 12 1 9 12 1 10 12 1 1 10 7 12 1 1 1 10 12 1 1 9 100 12 1 1 1 10 12 1 1 9 7 12 1 1 10 12 1 10 12 1 1 10 12 1 1 10 12 1 1 7 1 10 7 12 1 1 1 10 12 1 1 10 12 1 10 12 1 1 9 12 1 1 9 12 1 9 12 1 1 10 12 1 9 12 1 10 100 12 1 1 1 10 12 1 1 7 1 10 12 1 9 12 1 1 10 7 12 1 1 1 10 12 1 10 12 1 7 1 10 12 1 10 12 1 10 12 1 1 10 12 1 1 10 12 1 10 12 1 10 12 1 10 12 1 1 8 1 10 12 1 10 12 1 10 10 12 1 8 1 8 1 9 12 1 9 12 1 1 10 12 1 1 10 12 1 9 12 1 10 12 1 1 10 7 12 1 1 1 10 12 1 1 10 12 1 10 12 1 10 100 12 1 1 1 9 12 1 10 12 1 8 1 8 1 8 1 8 1 8 1 8 1 8 1 8 1 10 12 1 9 12 1 7 1 10 12 1 1 9 12 1 10 12 1 10 12 1 1 10 12 10 12 1 10 12 1 1 10 12 1 1 10 10 12 1 1 10 12 1 1 7 1 8 1 10 12 1 1 10 12 1 10 12 1 1 10 8 1 10 12 1 1 8 1 8 1 8 1 10 12 1 10 12 1 10 12 1 1 100 1 10 12 1 1 10 12 1 1 10 7 12 1 1 1 10 12 1 1 9 12 1 1 8 1 10 100 12 1 1 1 10 7 12 1 1 10 12 10 12 1 1 10 12 1 1 9 12 1 8 10 12 1 1 100 1 10 12 1 1 10 12 1 9 7 12 1 1 9 7 12 1 1 1 8 1 10 100 12 1 1 10 12 1 1 7 1 7 1 10 10 12 1 1 10 12 1 1 8 1 8 1 7 1 8 1 10 12 10 12 1 10 12 1 10 12 1 1 8 1 8 1 10 12 1 10 12 1 1 8 1 8 1 8 1 7 1 8 1 7 1 8 1 7 1 8 1 10 12 1 8 1 9 10 7 12 1 1 1 10 12 1 9 12 1 1 10 12 1 10 10 12 1 10 12 1 10 12 1 10 12 1 1 10 12 1 10 12 1 1 10 12 1 1 10 12 1 1 10 12 1 1 8 1 100 10 12 1 10 12 1 9 12 1 1 10 7 12 1 1 8 1 8 1 7 1 8 1 8 1 8 1 8 1 8 1 8 1 8 1 8 1 10 12 1 1 10 12 1 1 10 12 1 10 12 1 10 12 1 10 12 1 8 1 8 1 8 1 10 12 1 8 1 10 12 1 8 1 8 1 8 1 8 1 8 1 10 12 1 10 12 1 10 12 1 1 10 7 12 1 1 1 10 12 1 10 12 1 10 12 1 10 12 1 10 12 1 10 12 1 10 12 1 9 12 1 1 8 1 10 12 1 1 9 12 1 1 10 12 1 1 9 12 1 9 12 1 1 9 12 1 9 12 1 1 7 1 10 7 12 1 1 1 9 12 1 10 12 1 10 12 1 8 1 10 12 1 9 12 1 1 7 1 10 7 12 1 1 1 8 1 100 1 10 12 1 9 12 1 9 12 1 10 12 1 10 12 1 10 7 12 1 1 1 10 12 1 9 7 12 1 1 10 12 1 1 10 12 1 10 12 1 10 12 1 9 12 10 12 1 10 10 12 1 9 12 1 9 9 12 1 7 9 12 1 1 10 12 1 1 9 12 1 10 12 1 10 7 1 9 1 1 1 1 3 1 3 1 1 3 1 3 1 1 1 1 1 1 1 1 1 1 1 1 1 1 1 1 1 1 1 1 1 1 1 1 1 1 1 1 1 1 1 1 1 1 1 1 1 1 1 1 1 1 1 1 1 1 1 1 1 1 1 100 1 1 1 1 1 1 1 1 1 1 1 1 1 1 1 1 1 1 1 1 1 1 1 1 1 1 1 1 1 1 1 1 1 1 1 1 1 1 1 1 1 1 1 1 1 1 1 1 1 1 1 1 1 1 1 1 1 1 1 1 1 1 100 1 1 1 1 1 1 1 1 1 1 1 1 1 1 1 1 1 1 1 1 1 1 1 1 1 1 1 1 1 1 1 1 1 1 7 1 1 1 1 1 1 1 1 1 1 1 1 1 1 1 1 1 1 1 1 1 1 100 1 1 1 100 1 1 7 1 1 1 1 1 1 1 1 1 1 1
staticfield java/lang/invoke/LambdaForm DEFAULT_CUSTOMIZED Ljava/lang/invoke/MethodHandle; null
staticfield java/lang/invoke/LambdaForm DEFAULT_KIND Ljava/lang/invoke/LambdaForm$Kind; java/lang/invoke/LambdaForm$Kind
staticfield java/lang/invoke/LambdaForm COMPILE_THRESHOLD I 0
staticfield java/lang/invoke/LambdaForm INTERNED_ARGUMENTS [[Ljava/lang/invoke/LambdaForm$Name; 5 [[Ljava/lang/invoke/LambdaForm$Name;
staticfield java/lang/invoke/LambdaForm IMPL_NAMES Ljava/lang/invoke/MemberName$Factory; java/lang/invoke/MemberName$Factory
staticfield java/lang/invoke/LambdaForm LF_identity [Ljava/lang/invoke/LambdaForm; 6 [Ljava/lang/invoke/LambdaForm;
staticfield java/lang/invoke/LambdaForm LF_zero [Ljava/lang/invoke/LambdaForm; 6 [Ljava/lang/invoke/LambdaForm;
staticfield java/lang/invoke/LambdaForm NF_identity [Ljava/lang/invoke/LambdaForm$NamedFunction; 6 [Ljava/lang/invoke/LambdaForm$NamedFunction;
staticfield java/lang/invoke/LambdaForm NF_zero [Ljava/lang/invoke/LambdaForm$NamedFunction; 6 [Ljava/lang/invoke/LambdaForm$NamedFunction;
staticfield java/lang/invoke/LambdaForm createFormsLock Ljava/lang/Object; java/lang/Object
staticfield java/lang/invoke/LambdaForm DEBUG_NAME_COUNTERS Ljava/util/HashMap; null
staticfield java/lang/invoke/LambdaForm DEBUG_NAMES Ljava/util/HashMap; null
staticfield java/lang/invoke/LambdaForm TRACE_INTERPRETER Z 0
staticfield java/lang/invoke/LambdaForm $assertionsDisabled Z 1
ciInstanceKlass java/lang/invoke/MemberName 1 1 724 7 1 7 1 100 1 9 12 1 1 10 7 12 1 1 1 9 12 1 1 10 12 1 1 10 12 1 1 10 12 1 1 10 12 1 10 12 1 1 10 7 12 1 1 1 10 12 1 9 7 12 1 1 10 12 1 7 1 7 1 10 12 1 8 1 10 12 1 1 10 12 1 10 12 1 1 10 12 1 9 12 1 1 8 1 10 100 12 1 1 1 7 1 10 10 12 1 1 7 1 7 1 10 12 1 9 12 1 1 100 1 8 1 10 12 1 10 12 1 10 12 1 10 12 1 10 12 1 1 10 12 1 10 12 1 10 12 1 1 8 1 8 1 10 12 1 8 1 9 12 1 1 3 10 12 1 10 12 1 10 12 1 10 10 7 12 1 1 1 10 12 1 10 12 1 10 12 1 10 12 1 7 1 8 10 12 1 1 10 12 1 1 8 1 9 7 1 8 9 7 1 10 12 1 1 10 12 1 10 12 1 8 1 10 12 1 1 10 12 1 10 12 1 10 12 1 10 12 1 1 7 1 10 12 1 1 10 12 1 8 1 10 12 1 10 12 1 8 1 10 12 1 1 10 12 1 1 7 1 10 12 1 1 10 12 8 1 8 1 7 1 10 12 1 10 100 12 1 1 1 100 1 10 12 10 12 1 10 12 1 10 12 1 10 12 1 10 10 12 1 10 12 1 10 12 1 3 10 12 1 3 10 12 1 3 3 3 3 3 3 10 12 1 3 9 12 1 10 12 1 1 3 10 12 1 10 10 7 12 1 1 1 10 12 1 1 10 7 12 1 1 10 10 12 1 10 12 1 1 10 12 1 10 10 12 1 1 10 12 1 10 12 1 10 12 1 7 1 10 10 10 12 100 1 10 10 10 12 1 1 10 12 1 1 10 10 12 1 8 10 7 1 10 12 1 10 7 1 10 12 1 10 12 1 10 12 1 10 10 12 1 10 12 1 1 10 12 1 1 10 12 1 10 12 1 10 12 1 100 1 10 12 1 1 100 1 8 1 10 7 1 10 12 1 10 12 10 12 1 1 10 12 1 10 12 1 8 1 8 1 8 1 8 1 10 12 1 10 12 1 10 7 12 1 1 1 8 1 8 1 10 12 1 8 1 10 10 10 12 1 10 12 1 8 1 8 1 10 10 12 1 8 1 10 100 12 1 1 1 8 1 100 1 10 12 1 10 12 1 1 10 12 1 8 1 8 1 8 1 8 1 100 1 10 8 1 8 1 8 1 8 1 10 12 1 7 1 100 1 7 1 10 100 1 10 7 1 10 7 12 1 1 1 9 7 12 1 1 1 7 1 7 1 1 1 1 1 1 1 3 1 3 1 3 1 3 1 3 1 3 1 1 1 1 1 1 1 1 3 1 3 1 1 1 1 1 1 1 1 1 1 1 1 1 1 1 1 1 1 1 1 1 1 1 1 1 1 1 1 1 1 1 1 1 1 1 1 1 1 1 1 1 1 1 1 1 1 1 1 1 1 1 1 1 1 1 1 1 1 1 1 1 1 1 1 1 1 1 1 1 1 1 1 1 1 1 1 1 1 1 1 1 1 1 1 1 1 1 1 1 1 1 1 1 1 1 1 7 1 1 1 1 1 1 1 1 1 1 1 1 1 1 1
staticfield java/lang/invoke/MemberName $assertionsDisabled Z 1
instanceKlass java/lang/invoke/VarHandleInts$Array
instanceKlass java/lang/invoke/VarHandleByteArrayAsDoubles$ByteArrayViewVarHandle
instanceKlass java/lang/invoke/VarHandleByteArrayAsFloats$ByteArrayViewVarHandle
instanceKlass java/lang/invoke/VarHandleByteArrayAsChars$ByteArrayViewVarHandle
instanceKlass java/lang/invoke/VarHandleByteArrayAsShorts$ByteArrayViewVarHandle
instanceKlass java/lang/invoke/VarHandleBooleans$FieldInstanceReadOnly
instanceKlass java/lang/invoke/VarHandleReferences$Array
instanceKlass java/lang/invoke/VarHandleInts$FieldInstanceReadOnly
instanceKlass java/lang/invoke/VarHandleReferences$FieldInstanceReadOnly
instanceKlass java/lang/invoke/VarHandleByteArrayAsLongs$ByteArrayViewVarHandle
instanceKlass java/lang/invoke/VarHandleByteArrayAsInts$ByteArrayViewVarHandle
instanceKlass java/lang/invoke/VarHandleReferences$FieldStaticReadOnly
ciInstanceKlass java/lang/invoke/VarHandle 1 1 473 10 7 12 1 1 1 10 7 12 1 1 9 12 1 1 9 12 1 1 100 1 10 8 1 10 12 1 1 10 7 12 1 1 1 10 12 1 1 10 7 12 1 1 1 9 100 12 1 1 1 10 12 1 1 10 7 12 1 1 1 10 12 1 1 9 12 1 10 12 1 9 12 1 1 10 7 12 1 1 10 12 1 9 7 12 1 1 1 9 12 1 1 10 12 1 1 100 1 7 1 10 8 1 10 12 1 1 10 12 1 8 1 10 12 1 10 12 1 9 12 1 1 9 12 1 10 12 1 10 12 1 1 10 12 1 10 10 100 12 1 1 1 10 12 1 1 10 12 1 1 10 7 12 1 1 1 10 100 12 1 1 1 10 100 12 1 1 1 9 12 1 1 9 10 12 1 10 12 1 10 12 1 1 10 12 1 10 7 12 1 1 1 9 12 1 1 10 12 1 1 9 12 1 10 12 1 10 12 1 10 7 12 1 1 100 1 10 9 7 12 1 1 1 9 12 1 1 10 7 12 1 1 1 10 12 1 10 12 1 10 12 1 10 12 1 10 12 1 10 12 1 1 8 10 12 1 1 7 1 10 12 1 1 7 1 1 1 1 1 1 1 1 1 1 1 1 1 1 1 1 1 1 1 1 1 1 1 1 1 1 1 1 1 1 1 1 1 1 1 1 1 1 1 1 1 1 1 1 1 1 1 1 1 1 1 1 1 1 1 1 1 1 1 1 1 1 1 1 1 1 1 1 100 1 1 1 1 1 1 1 1 100 1 1 1 1 1 1 1 1 1 1 1 1 100 1 100 1 1 100 1 100 1 100 1 100 1 100 1 100 1 100 1 100 1 100 1 100 1 100 1 100 1 100 1 100 1 100 1 100 1 100 1 100 1 100 1 100 1 100 1 100 1 100 1 100 1 100 1 100 1 100 1 100 1 100 1 100 1 100 1 100 1 100 1 100 1 100 1 1 1 1 1 1 100 1 1 1 100 1 1 100 1 100 1 100 1 100 1 100 1 100 1 1 1 1 100 1 100 1 100 1 100 1 100 1 100 1 100 1 100 1
staticfield java/lang/invoke/VarHandle VFORM_OFFSET J 16
staticfield java/lang/invoke/VarHandle $assertionsDisabled Z 1
instanceKlass jdk/internal/reflect/FieldAccessorImpl
instanceKlass jdk/internal/reflect/ConstructorAccessorImpl
instanceKlass jdk/internal/reflect/MethodAccessorImpl
ciInstanceKlass jdk/internal/reflect/MagicAccessorImpl 1 1 16 10 7 12 1 1 1 100 1 1 1 1 1 1 1 1
instanceKlass jdk/internal/reflect/DirectMethodHandleAccessor
ciInstanceKlass jdk/internal/reflect/MethodAccessorImpl 1 1 38 10 7 12 1 1 1 10 100 12 1 1 1 100 1 1 1 1 1 1 1 100 1 100 1 1 1 1 1 1 1 1 1 1 1 1 1 1
ciInstanceKlass jdk/internal/reflect/MethodAccessor 1 0 17 100 1 100 1 1 1 1 100 1 100 1 1 1 1 1 1
instanceKlass jdk/internal/reflect/DirectConstructorHandleAccessor$NativeAccessor
instanceKlass jdk/internal/reflect/DirectConstructorHandleAccessor
instanceKlass jdk/internal/reflect/NativeConstructorAccessorImpl
ciInstanceKlass jdk/internal/reflect/ConstructorAccessorImpl 1 1 27 10 7 12 1 1 1 100 1 100 1 1 1 1 1 1 1 1 1 100 1 100 1 100 1 1 1
ciInstanceKlass jdk/internal/reflect/ConstructorAccessor 1 0 16 100 1 100 1 1 1 1 100 1 100 1 100 1 1 1
ciInstanceKlass jdk/internal/reflect/DelegatingClassLoader 0 0 18 10 100 12 1 1 1 100 1 1 1 1 1 1 1 1 1 1
ciInstanceKlass jdk/internal/reflect/CallerSensitive 1 0 17 100 1 100 1 100 1 1 1 1 1 1 1 1 1 1 1
ciInstanceKlass jdk/internal/reflect/NativeConstructorAccessorImpl 0 0 125 10 7 12 1 1 1 9 7 12 1 1 1 100 1 10 12 1 9 12 1 1 9 12 1 1 10 100 12 1 1 1 10 7 12 1 1 1 10 7 12 1 1 1 9 12 1 9 12 1 1 9 12 1 1 10 7 12 1 1 1 100 1 10 10 12 1 1 10 12 1 10 12 1 1 10 12 1 7 1 10 12 1 1 10 12 1 1 8 10 12 1 1 1 1 1 1 1 1 1 1 1 1 1 1 1 1 1 1 1 1 1 1 100 1 100 1 100 1 1 1 1 1 1 1
ciInstanceKlass jdk/internal/reflect/ConstantPool 1 1 142 10 7 12 1 1 1 9 7 12 1 1 1 10 12 1 1 10 12 1 1 10 12 1 10 12 1 1 10 12 1 1 10 12 1 10 12 1 1 10 12 1 10 12 1 1 10 12 1 10 12 1 10 12 1 10 12 1 1 10 12 1 1 10 12 1 1 10 12 1 1 10 12 1 10 12 1 1 10 100 12 1 1 1 8 11 7 12 1 1 1 10 7 12 1 1 1 1 1 1 1 1 1 1 1 1 1 1 1 1 1 1 1 1 1 1 1 1 1 1 1 1 1 1 1 1 1 1 1 1 1 1 1 1 1 1 1 1 1 1 1 1
ciInstanceKlass jdk/internal/reflect/UnsafeStaticFieldAccessorImpl 0 0 47 10 7 12 1 1 1 9 7 12 1 1 1 10 7 12 1 1 1 9 12 1 1 8 11 100 12 1 1 1 10 100 12 1 1 1 1 1 1 1 1 1 1 1 1 1 1
ciInstanceKlass jdk/internal/reflect/FieldAccessor 1 0 48 100 1 100 1 1 1 1 100 1 1 1 1 1 1 1 1 1 1 1 1 1 1 1 1 1 1 1 100 1 1 1 1 1 1 1 1 1 1 1 1 1 1 1 1 1 1 1
instanceKlass jdk/internal/reflect/MethodHandleFieldAccessorImpl
instanceKlass jdk/internal/reflect/UnsafeFieldAccessorImpl
ciInstanceKlass jdk/internal/reflect/FieldAccessorImpl 1 1 269 10 7 12 1 1 1 9 7 12 1 1 1 10 7 12 1 1 1 10 7 12 1 1 10 7 12 1 1 1 10 12 1 1 7 1 10 10 12 1 1 10 12 1 1 8 1 10 10 12 1 100 1 8 1 10 12 1 8 1 10 12 1 8 1 10 12 1 100 1 10 12 1 1 10 8 1 10 12 1 1 8 1 10 7 12 1 1 8 1 10 7 12 1 1 8 1 10 7 12 1 1 8 1 10 7 12 1 1 8 1 10 7 12 1 1 8 1 10 7 12 1 1 8 1 10 7 12 1 1 8 1 10 7 12 1 1 10 12 1 1 8 1 10 12 1 1 10 100 12 1 1 1 8 1 10 12 1 8 1 8 1 8 1 8 1 10 7 12 1 1 1 8 1 8 1 8 1 10 12 7 1 1 1 1 1 1 1 1 1 1 1 1 1 1 1 1 1 1 1 1 1 1 1 1 1 1 1 1 1 1 1 1 1 1 1 1 1 1 1 1 1 1 1 1 1 1 1 1 1 1 1 1 1 1 1 1 1 1 1 1 1 1 1 1 1 1 1 1 1 1 1 1 1 1 1 1 1 1 1 1 1 1 1 1 1 1 1 1
instanceKlass jdk/internal/reflect/UnsafeStaticFieldAccessorImpl
ciInstanceKlass jdk/internal/reflect/UnsafeFieldAccessorImpl 0 0 62 10 100 12 1 1 1 10 100 12 1 1 1 10 100 12 1 1 1 9 100 12 1 1 10 12 1 9 12 1 1 10 100 12 1 1 1 9 12 1 1 10 12 1 10 12 1 1 1 1 1 1 1 1 1 1 1 1 1 1 1 1
instanceKlass java/lang/invoke/VolatileCallSite
instanceKlass java/lang/invoke/MutableCallSite
instanceKlass java/lang/invoke/ConstantCallSite
ciInstanceKlass java/lang/invoke/CallSite 1 1 307 10 7 12 1 1 1 10 7 12 1 1 1 9 7 12 1 1 1 10 12 1 1 9 12 1 1 10 7 12 1 1 1 10 12 1 7 1 10 12 1 1 10 12 1 1 9 100 12 1 1 1 10 7 12 1 1 10 12 1 1 100 1 7 1 10 10 7 12 1 1 1 10 12 1 1 8 1 10 12 1 10 12 1 1 10 12 1 10 12 1 1 10 12 1 1 10 10 100 12 1 1 10 12 1 1 9 12 1 9 100 12 1 1 1 8 1 10 7 12 1 1 1 10 12 1 1 7 1 10 12 1 1 9 12 1 8 1 100 1 10 12 1 10 12 1 100 1 8 1 10 10 12 1 10 12 1 1 100 1 10 12 1 1 10 12 1 10 12 1 10 12 1 1 10 12 1 1 9 12 1 1 8 10 12 1 1 9 12 1 1 100 1 10 10 12 1 10 7 12 1 1 1 10 12 1 1 10 12 1 1 10 12 1 10 7 12 1 1 1 7 1 8 1 10 10 12 10 12 1 1 7 1 7 1 7 1 8 1 10 12 1 10 7 12 1 1 1 1 1 1 1 1 1 1 1 1 1 1 1 1 1 1 1 1 1 1 1 1 1 1 1 1 1 1 1 1 1 1 1 1 1 1 1 1 1 1 1 1 1 1 1 1 1 1 1 1 1 1 1 7 1 7 1 1 1 1
staticfield java/lang/invoke/CallSite $assertionsDisabled Z 1
ciInstanceKlass java/lang/invoke/ConstantCallSite 1 1 65 10 7 12 1 1 1 9 7 12 1 1 1 9 12 1 1 10 7 12 1 1 1 10 12 1 100 1 10 12 9 12 1 1 100 1 10 10 12 1 1 10 12 1 1 1 1 1 1 1 1 1 1 1 1 1 100 1 1 1 1 1 1 1 1
staticfield java/lang/invoke/ConstantCallSite UNSAFE Ljdk/internal/misc/Unsafe; jdk/internal/misc/Unsafe
instanceKlass java/lang/invoke/DirectMethodHandle$Interface
instanceKlass java/lang/invoke/DirectMethodHandle$StaticAccessor
instanceKlass java/lang/invoke/DirectMethodHandle$Special
instanceKlass java/lang/invoke/DirectMethodHandle$Accessor
instanceKlass java/lang/invoke/DirectMethodHandle$Constructor
ciInstanceKlass java/lang/invoke/DirectMethodHandle 1 1 923 7 1 7 1 100 1 7 1 7 1 10 7 12 1 1 1 10 7 12 1 1 1 7 1 10 12 1 10 12 1 1 10 7 12 1 1 10 12 1 1 10 12 1 10 12 1 7 1 10 12 1 1 10 12 1 1 10 12 1 10 12 1 1 10 7 12 1 1 1 10 12 1 9 12 1 1 100 1 10 9 12 1 1 9 12 1 10 12 1 10 12 1 10 12 1 1 10 12 1 10 12 1 10 12 1 10 7 12 1 1 1 10 12 1 10 12 1 1 8 1 10 12 1 1 7 1 10 12 1 7 1 10 10 12 1 10 12 1 10 12 1 10 7 12 1 1 1 10 12 1 1 7 1 10 12 1 10 12 1 7 1 10 12 1 10 12 1 1 10 12 1 1 10 12 1 8 10 7 12 1 1 1 10 12 1 10 12 1 10 12 1 1 10 12 1 9 7 12 1 1 1 7 1 10 12 1 10 7 12 1 1 1 10 12 1 10 12 1 1 9 12 1 1 7 1 10 8 1 10 12 1 1 10 12 1 1 8 1 10 12 1 10 12 1 10 10 12 1 10 12 1 10 12 1 10 12 1 10 12 1 1 10 12 1 10 12 1 1 10 12 1 10 12 1 1 10 10 7 12 1 1 1 10 12 1 10 12 1 1 10 12 1 10 12 1 1 8 1 9 7 12 1 1 1 8 1 9 12 1 9 12 1 8 1 9 12 1 9 12 1 8 1 9 12 1 9 12 1 8 1 10 12 1 10 12 1 1 9 12 1 1 7 1 10 12 1 1 7 1 10 7 12 1 1 1 10 12 1 1 10 12 1 10 12 1 1 7 1 10 12 1 1 10 12 1 10 12 1 1 7 1 10 12 1 1 10 12 1 10 7 12 1 1 1 10 12 1 10 12 1 1 10 12 1 9 12 1 1 10 7 1 9 12 9 12 1 10 7 12 1 1 1 10 12 1 7 1 7 1 7 1 9 12 1 1 10 7 12 1 1 1 10 12 10 12 1 100 1 10 12 1 10 12 1 1 8 1 9 12 1 9 12 1 10 12 1 1 9 12 1 1 10 7 12 1 1 1 9 12 1 1 9 12 1 1 10 12 1 10 12 1 10 12 1 10 12 1 1 10 12 1 9 12 1 10 12 1 10 12 1 10 12 1 10 12 1 1 10 12 1 1 9 12 1 1 10 12 1 1 9 7 12 1 1 1 9 12 1 9 12 1 9 12 1 9 12 1 9 12 1 9 12 1 9 12 1 9 12 1 9 12 1 9 12 1 9 12 1 9 12 1 9 12 1 9 12 1 9 12 1 9 12 1 9 12 1 9 12 1 9 12 1 9 12 1 9 12 1 9 12 1 9 12 1 9 12 1 9 12 1 9 12 1 9 12 1 9 12 1 9 12 1 9 12 1 9 12 1 9 12 1 9 12 1 9 12 1 9 12 1 9 12 1 8 1 9 12 1 1 9 12 1 1 10 12 1 10 12 1 1 9 7 1 10 12 1 9 12 1 1 10 12 10 12 1 10 12 1 10 12 1 10 12 1 10 8 1 8 1 8 1 8 1 10 12 1 1 9 12 1 1 10 12 1 10 100 12 1 1 1 8 9 12 1 1 10 12 1 1 8 1 8 8 9 12 1 8 1 8 8 8 8 8 1 8 10 12 1 7 1 10 12 1 8 1 8 1 10 12 1 10 12 1 10 12 1 10 12 1 1 7 1 1 1 1 3 1 3 1 3 1 3 1 3 1 3 1 3 1 3 1 3 1 3 1 1 1 1 1 1 1 1 1 1 3 1 3 1 1 1 1 3 1 1 1 1 1 1 1 1 1 1 1 1 1 1 1 1 1 1 1 1 1 1 1 1 1 1 1 1 1 1 1 1 1 1 1 1 1 1 1 1 1 1 1 1 1 1 1 1 1 1 1 1 1 1 1 1 1 100 1 1 1 1 1 1 1 1 1 100 1 1 1 1 1 1 1 1 1 1 1 1 1 1 1 1 1 1 1 1 1 1 1 1 1 1 1 1 1 1 1 1 1 1 1 1 1 1 1 1 1 1 1 1 1 1 1 1 1 1 1 1
staticfield java/lang/invoke/DirectMethodHandle IMPL_NAMES Ljava/lang/invoke/MemberName$Factory; java/lang/invoke/MemberName$Factory
staticfield java/lang/invoke/DirectMethodHandle FT_UNCHECKED_REF I 8
staticfield java/lang/invoke/DirectMethodHandle ACCESSOR_FORMS [Ljava/lang/invoke/LambdaForm; 132 [Ljava/lang/invoke/LambdaForm;
staticfield java/lang/invoke/DirectMethodHandle ALL_WRAPPERS [Lsun/invoke/util/Wrapper; 10 [Lsun/invoke/util/Wrapper;
staticfield java/lang/invoke/DirectMethodHandle NFS [Ljava/lang/invoke/LambdaForm$NamedFunction; 12 [Ljava/lang/invoke/LambdaForm$NamedFunction;
staticfield java/lang/invoke/DirectMethodHandle OBJ_OBJ_TYPE Ljava/lang/invoke/MethodType; java/lang/invoke/MethodType
staticfield java/lang/invoke/DirectMethodHandle LONG_OBJ_TYPE Ljava/lang/invoke/MethodType; java/lang/invoke/MethodType
staticfield java/lang/invoke/DirectMethodHandle $assertionsDisabled Z 1
ciInstanceKlass java/lang/invoke/MutableCallSite 0 0 63 10 100 12 1 1 1 10 12 1 9 100 12 1 1 1 10 12 1 10 12 1 1 9 12 1 1 10 100 12 1 1 1 10 100 12 1 1 1 10 12 1 1 1 1 1 1 1 1 1 1 1 1 1 1 1 1 1 1 100 1 1 1
ciInstanceKlass java/lang/invoke/VolatileCallSite 0 0 37 10 100 12 1 1 1 10 12 1 10 100 12 1 1 1 10 12 1 10 12 1 1 1 1 1 1 1 1 1 1 1 1 1 1 1 1
ciInstanceKlass java/lang/invoke/ResolvedMethodName 1 1 16 10 100 12 1 1 1 100 1 1 1 1 1 1 1 1
ciInstanceKlass java/lang/invoke/MethodHandleNatives 1 1 690 100 1 10 7 12 1 1 1 9 7 12 1 1 1 10 12 1 1 100 1 10 10 12 1 1 10 12 1 10 12 1 8 1 8 1 8 1 8 1 8 1 8 1 8 1 8 1 8 1 8 1 10 12 1 1 7 1 10 7 12 1 1 1 10 7 12 1 1 1 7 1 10 10 12 1 1 8 1 10 12 1 8 1 10 12 1 1 8 1 10 12 1 1 9 7 12 1 1 1 8 1 10 100 12 1 1 1 7 1 10 12 100 1 100 1 8 1 7 1 10 10 12 1 7 1 9 7 12 1 1 10 12 1 1 10 12 1 10 7 12 1 1 1 10 12 1 1 9 12 1 8 1 10 12 1 1 10 12 1 8 1 10 12 1 1 7 1 10 12 1 10 7 12 1 1 1 10 12 1 10 12 1 1 10 12 1 1 8 1 10 12 1 1 8 1 10 12 1 8 1 8 1 8 1 7 1 10 12 1 8 1 10 7 12 1 1 1 10 12 1 1 10 7 12 1 1 10 10 12 1 1 10 12 1 10 100 12 1 1 1 100 1 8 1 10 100 12 1 1 1 7 1 8 1 10 12 1 8 1 8 1 8 1 8 1 8 1 10 12 1 1 10 12 1 1 10 12 1 10 12 1 1 10 12 1 1 7 1 10 12 1 7 1 7 1 10 12 1 10 12 1 8 1 8 1 10 10 12 1 1 10 12 1 1 8 1 10 7 12 1 1 8 1 8 1 10 12 1 1 10 7 12 1 1 1 100 1 10 12 1 1 7 1 9 12 1 1 10 7 12 1 1 1 10 10 12 1 9 12 1 10 12 1 9 12 1 9 12 1 10 12 1 1 10 12 1 10 12 1 1 7 1 7 1 10 12 1 1 10 12 1 10 12 1 1 10 7 12 1 1 1 10 12 1 8 1 10 12 1 10 12 1 10 12 1 1 10 12 1 10 7 12 1 1 1 10 12 1 1 100 1 8 1 10 9 7 12 1 1 1 10 12 1 1 10 12 1 1 7 1 10 12 1 1 10 12 1 1 100 1 100 1 10 10 100 1 100 1 10 100 1 10 10 12 1 1 10 7 1 10 12 1 10 12 1 1 10 12 1 1 10 12 1 1 10 12 1 10 12 1 1 10 8 1 10 12 1 10 12 1 10 12 1 10 12 1 10 12 1 1 10 12 1 10 12 1 10 12 1 10 10 7 12 1 1 10 12 1 1 1 1 1 1 1 1 1 1 1 1 1 7 1 1 1 1 1 1 1 1 1 1 1 1 1 1 1 1 1 1 1 1 1 1 1 1 1 1 1 1 1 1 1 1 1 1 1 1 1 1 1 1 1 1 1 1 1 1 1 1 1 1 1 1 1 1 1 1 1 1 1 1 1 1 1 1 1 100 1 1 1 1 1 1 1 1 1 1 1 1 1 1 1 1 1 1 1 1 1 1 1 1 1 1 1 1 1 1 1 1 1 100 1 1 1 1 1 1 1 1 1 1 1 1 1 1 1 1 1 1 1 1 1 1 1 1 1 1 7 1 1 1 1 1 1 1 100 1 1 1
staticfield java/lang/invoke/MethodHandleNatives $assertionsDisabled Z 1
ciInstanceKlass java/lang/invoke/MethodHandleNatives$CallSiteContext 1 1 49 10 7 12 1 1 1 7 1 10 10 7 12 1 1 1 10 7 12 1 1 1 10 7 12 1 1 1 100 1 1 1 1 1 1 1 1 1 1 1 1 1 1 1 1 1 100 1 1
ciInstanceKlass jdk/internal/foreign/abi/NativeEntryPoint 0 0 194 10 7 12 1 1 1 9 7 12 1 1 1 9 12 1 1 100 1 8 1 10 12 1 10 12 1 1 100 1 10 100 12 1 1 1 10 12 1 9 12 1 1 18 12 1 1 10 100 12 1 1 1 10 7 12 1 1 1 9 7 12 1 1 1 7 1 10 8 1 10 12 1 1 10 12 1 10 12 1 1 8 1 10 12 1 1 7 1 8 1 10 12 1 10 12 1 1 10 12 1 9 12 1 1 18 12 1 1 10 100 12 1 1 1 10 12 1 1 10 12 1 10 100 12 1 1 1 10 1 1 1 1 1 1 1 1 1 1 1 1 1 1 1 1 1 1 1 1 1 1 1 1 1 1 1 1 1 1 1 1 1 1 1 1 1 16 1 15 10 12 16 1 16 15 10 12 15 10 100 12 1 1 1 1 1 100 1 1 100 1 100 1 1
ciInstanceKlass jdk/internal/foreign/abi/ABIDescriptor 0 0 55 10 100 12 1 1 1 9 100 12 1 1 1 9 12 1 1 9 12 1 9 12 1 9 12 1 1 9 12 1 9 12 1 1 9 12 1 9 12 1 9 12 1 9 12 1 1 1 1 1 1 1 1 1 1
ciInstanceKlass jdk/internal/foreign/abi/VMStorage 0 0 91 10 7 12 1 1 1 9 7 12 1 1 1 9 12 1 1 9 12 1 1 9 12 1 1 7 1 10 8 1 10 12 1 1 10 12 1 10 12 1 1 10 12 1 18 12 1 18 12 1 1 18 12 1 1 1 1 1 1 1 1 1 1 1 1 1 1 1 1 1 1 1 8 1 15 15 15 15 15 10 100 12 1 1 1 1 100 1 100 1 1
ciInstanceKlass jdk/internal/foreign/abi/UpcallLinker$CallRegs 0 0 66 10 7 12 1 1 1 9 7 12 1 1 1 9 12 1 18 12 1 1 18 12 1 1 18 12 1 1 1 1 1 1 1 1 1 1 1 1 1 1 1 1 1 1 100 1 1 1 8 1 15 15 15 10 100 12 1 1 1 1 1 100 1 100 1 1
ciInstanceKlass java/lang/StackWalker 0 0 271 9 7 12 1 1 1 100 1 10 100 12 1 1 1 10 12 1 1 10 100 12 1 1 1 10 12 1 1 10 12 1 11 100 12 1 1 1 10 12 1 1 10 12 1 1 10 12 1 1 100 1 8 1 10 12 1 10 12 1 10 12 1 10 7 12 1 1 9 12 1 1 9 12 1 1 9 12 1 1 9 12 1 1 10 12 1 1 9 12 1 1 9 12 1 1 9 12 1 1 10 7 12 1 1 1 11 12 1 1 100 1 8 1 10 10 7 12 1 1 9 12 1 1 10 12 1 1 10 100 12 1 1 1 10 100 12 1 1 1 18 12 1 1 100 1 8 1 10 8 1 10 12 1 1 10 100 12 1 1 1 10 12 1 1 9 100 12 1 1 11 100 12 1 1 1 10 12 1 1 1 1 1 1 1 1 1 1 1 1 1 1 1 1 1 1 1 1 1 1 1 1 1 1 1 1 1 1 1 1 1 1 1 1 1 1 1 1 1 1 1 1 1 1 1 1 1 1 1 1 1 1 1 1 1 1 1 1 1 1 1 1 1 1 7 1 1 16 15 10 12 16 1 15 10 100 12 1 1 1 1 1 1 1 1 1 100 1 100 1 1
ciInstanceKlass java/lang/StackWalker$StackFrame 0 0 41 100 1 10 12 1 1 100 1 100 1 1 1 1 1 1 1 1 1 1 1 1 1 1 1 1 1 1 1 1 1 1 1 1 1 1 1 100 1 1 1
instanceKlass java/lang/LiveStackFrameInfo
ciInstanceKlass java/lang/StackFrameInfo 0 0 142 10 7 12 1 1 1 9 7 12 1 1 1 9 7 1 9 12 1 1 11 100 12 1 1 1 9 12 1 1 11 12 1 1 10 12 1 1 10 7 12 1 1 1 10 12 1 11 12 1 11 12 1 1 11 12 1 10 12 1 1 9 12 1 1 10 12 1 1 10 7 12 1 1 10 12 1 1 11 12 1 1 9 12 1 1 10 7 1 10 12 1 9 12 1 1 10 12 1 1 100 1 8 1 10 12 1 10 100 12 1 1 1 7 1 1 1 1 1 1 1 1 1 1 1 1 1 1 1 1 1 1 7 1 1 7 1 1 1 1 1 1
ciInstanceKlass java/lang/LiveStackFrameInfo 0 0 97 10 7 12 1 1 1 9 7 12 1 1 1 9 12 1 9 12 1 9 12 1 9 12 1 1 7 1 10 12 1 1 10 12 1 8 1 10 12 1 1 8 1 8 1 8 1 10 100 1 10 12 1 100 1 10 12 1 7 1 7 1 1 1 3 1 3 1 1 1 1 1 1 1 1 1 1 1 1 1 1 1 1 1 1 1 1 1 1 1 1 1 1 1 100 1 1
ciInstanceKlass java/lang/LiveStackFrame 0 0 135 100 1 10 100 12 1 1 1 11 7 12 1 1 1 11 12 1 10 7 12 1 1 1 100 1 8 1 10 12 1 1 10 7 12 1 1 1 9 100 12 1 1 1 10 7 12 1 1 1 10 7 12 1 1 1 11 12 1 10 12 1 7 1 7 1 1 1 1 1 1 1 1 1 1 1 1 1 1 1 1 1 1 1 1 1 1 1 1 1 1 1 1 100 1 1 1 1 1 1 1 100 1 8 1 1 12 10 1 1 1 8 1 1 1 8 1 1 1 8 1 1 1 8 1 1 8 1 1 1 8 1 1 8 1
ciInstanceKlass java/lang/StackStreamFactory$AbstractStackWalker 1 0 375 100 1 7 1 3 10 7 12 1 1 1 10 7 12 1 1 10 7 12 1 1 1 9 12 1 1 10 12 1 1 9 12 1 1 9 12 1 1 9 12 1 1 9 12 1 10 7 12 1 1 1 10 12 1 1 10 7 12 1 1 9 12 1 1 9 12 1 1 10 12 1 1 9 100 12 1 1 1 10 12 1 1 10 12 1 9 12 1 1 10 100 12 1 1 1 10 12 1 1 9 12 1 1 9 7 12 1 1 1 7 1 10 8 1 10 12 1 1 10 12 1 8 1 10 12 1 1 10 100 12 1 1 1 100 1 8 1 10 12 1 8 1 10 12 10 100 12 1 1 9 12 1 8 1 5 0 8 1 8 1 9 12 1 1 10 12 1 1 18 12 1 1 10 7 12 1 1 1 10 12 1 1 10 12 1 10 12 1 9 12 1 10 12 1 10 12 1 10 12 1 10 12 1 10 12 1 10 12 1 1 8 1 10 12 1 10 12 1 10 12 1 10 12 1 1 8 1 10 12 1 1 10 12 1 1 10 12 1 1 10 12 1 10 12 1 10 100 12 1 1 1 10 12 1 10 12 1 9 12 1 8 1 10 12 1 10 12 1 10 12 1 1 10 12 1 10 12 1 10 12 1 1 10 12 1 10 12 1 10 12 1 10 12 1 10 12 1 10 12 1 1 10 12 1 1 10 12 1 8 1 1 1 1 1 1 1 1 1 1 1 1 1 7 1 1 1 1 1 1 1 7 1 1 1 1 7 1 1 1 1 1 1 1 1 1 1 1 1 1 1 1 1 1 1 1 16 15 15 10 100 12 1 1 1 1 1 1 1 1 100 1 100 1 1
ciInstanceKlass jdk/internal/module/Modules 1 1 504 10 7 12 1 1 1 9 7 12 1 1 1 11 7 12 1 1 1 11 12 1 1 11 12 1 1 11 12 1 1 11 12 1 11 12 1 11 12 1 11 12 1 11 12 1 1 10 7 12 1 1 1 10 100 12 1 1 1 18 12 1 1 10 7 12 1 1 1 7 1 10 7 12 1 1 1 10 100 12 1 1 1 10 100 12 1 1 10 12 1 1 11 12 1 9 12 1 1 11 100 12 1 1 1 10 12 1 1 10 10 12 1 10 9 12 1 1 10 100 12 1 1 10 12 1 1 10 100 12 1 1 100 1 11 100 12 1 1 1 10 100 12 1 1 1 11 100 12 1 1 10 12 1 1 10 100 12 1 1 10 100 12 1 1 1 10 12 1 1 10 12 1 1 11 12 1 1 18 12 1 1 11 100 12 1 1 10 100 12 1 1 1 11 100 12 1 1 1 7 1 11 12 1 1 11 7 12 1 1 1 11 12 1 1 10 12 1 1 10 100 12 1 1 18 12 1 1 11 12 1 1 18 12 1 1 11 12 1 1 10 12 1 18 18 10 12 1 1 9 12 1 1 11 7 12 1 1 1 100 1 10 11 12 1 11 12 1 1 11 12 1 1 10 100 1 10 12 1 1 10 100 12 1 1 10 12 1 1 11 12 10 12 1 1 7 1 10 18 12 1 10 12 1 1 7 1 8 1 10 12 1 10 100 12 1 1 18 12 1 11 11 12 10 12 1 10 10 100 1 18 12 1 10 10 10 7 12 1 1 10 7 12 1 1 1 10 12 1 1 1 1 1 1 1 1 1 1 1 1 1 1 1 1 1 1 1 1 1 1 1 1 1 1 1 1 1 1 1 1 1 100 1 1 1 1 1 1 1 1 1 1 1 1 1 1 1 1 1 1 1 1 1 1 1 1 1 1 1 1 1 1 1 1 1 1 1 7 1 1 1 1 1 1 1 1 1 1 1 1 1 1 1 1 1 1 1 1 1 1 1 16 15 10 12 1 16 16 15 10 12 1 16 1 16 1 15 10 12 1 16 1 16 1 15 10 12 16 1 15 10 16 1 15 10 12 16 1 15 10 12 16 15 10 12 16 15 10 12 15 10 100 12 1 1 1 1 1 1 100 1 100 1 1
staticfield jdk/internal/module/Modules JLA Ljdk/internal/access/JavaLangAccess; java/lang/System$2
staticfield jdk/internal/module/Modules JLMA Ljdk/internal/access/JavaLangModuleAccess; java/lang/module/ModuleDescriptor$1
staticfield jdk/internal/module/Modules $assertionsDisabled Z 1
instanceKlass com/intellij/util/containers/Stack
instanceKlass org/jetbrains/kotlin/config/MavenComparableVersion$ListItem
ciInstanceKlass java/util/ArrayList 1 1 509 10 7 12 1 1 1 7 1 9 7 12 1 1 1 9 12 1 100 1 7 1 10 8 1 10 12 1 1 10 12 1 10 12 1 1 10 12 1 9 12 1 11 7 12 1 1 1 9 12 1 1 11 12 1 1 7 10 7 12 1 1 1 9 12 1 10 12 1 10 12 1 1 10 7 12 1 1 1 10 7 12 1 1 1 10 12 1 1 10 12 1 1 10 12 1 1 10 12 1 10 12 1 1 100 1 7 1 10 12 1 10 10 7 12 1 1 1 10 7 12 1 1 10 12 1 100 1 10 10 12 10 12 1 1 10 12 1 1 10 12 1 10 12 10 12 1 1 7 1 10 12 1 1 10 12 1 1 10 12 1 100 1 10 11 12 1 1 11 7 12 1 1 1 11 12 1 10 12 1 10 12 1 10 12 1 1 100 1 10 12 1 1 10 10 12 1 1 10 12 1 8 1 8 1 8 1 8 1 10 12 1 1 10 12 1 1 11 12 1 7 1 10 100 12 1 1 10 12 1 10 12 1 1 10 100 12 1 1 10 12 1 10 100 12 1 1 1 11 100 12 1 1 1 10 12 1 100 1 8 1 10 7 1 10 12 1 7 1 10 12 1 10 12 1 1 7 1 10 12 1 10 12 1 1 11 100 12 1 1 7 1 10 12 1 10 12 1 1 11 100 12 1 1 10 12 1 1 10 12 1 1 10 12 1 1 10 12 1 1 11 100 12 1 1 10 12 1 1 7 1 7 1 7 1 1 1 1 5 0 1 3 1 1 1 1 1 1 1 1 1 1 1 1 1 1 1 1 1 1 1 1 1 1 1 1 1 1 1 1 1 1 1 1 1 1 1 1 1 1 1 1 1 1 1 1 1 1 1 1 1 1 1 1 1 1 1 1 1 1 1 1 1 1 1 1 1 1 1 1 1 1 1 1 1 1 1 1 1 1 1 1 1 1 1 1 1 1 1 1 1 1 1 1 1 1 1 1 1 1 1 1 1 1 1 1 100 1 1 1 1 7 1 1 1 1 1 1 1 1 1 1 1 1 1 1 1 1 1 1 1 1 1 1 1 1 1 1 1 1 1 100 1 1 1 1 1 1 1 1 1 1 1 1 1 1 1 1 1 1 100 1 100 1 1 1 1 1 1
staticfield java/util/ArrayList EMPTY_ELEMENTDATA [Ljava/lang/Object; 0 [Ljava/lang/Object;
staticfield java/util/ArrayList DEFAULTCAPACITY_EMPTY_ELEMENTDATA [Ljava/lang/Object; 0 [Ljava/lang/Object;
ciInstanceKlass java/util/RandomAccess 1 0 7 100 1 100 1 1 1
ciMethod java/util/ArrayList size ()I 270 0 135 0 -1
ciMethod java/util/ArrayList get (I)Ljava/lang/Object; 578 0 29631 0 -1
ciMethod java/util/ArrayList <init> ()V 932 0 46649 0 280
ciInstanceKlass jdk/internal/misc/Blocker 1 1 106 10 7 12 1 1 1 9 7 12 1 1 1 11 7 12 1 1 1 10 7 12 1 1 1 10 7 1 10 12 1 10 12 1 10 12 1 1 10 100 12 1 1 1 9 12 1 1 100 1 10 10 12 1 5 0 10 12 1 1 10 12 1 1 10 7 12 1 1 10 7 12 1 1 1 7 1 8 1 10 12 1 1 1 1 1 1 1 1 1 1 1 1 7 1 1 1 1 1 1 1 1 1 1 1 1
staticfield jdk/internal/misc/Blocker JLA Ljdk/internal/access/JavaLangAccess; java/lang/System$2
staticfield jdk/internal/misc/Blocker $assertionsDisabled Z 1
ciMethod jdk/internal/misc/Blocker currentCarrierThread ()Ljava/lang/Thread; 364 0 5303 0 0
ciMethod jdk/internal/misc/Blocker begin ()J 518 0 5380 0 160
ciMethod jdk/internal/misc/Blocker end (J)V 518 0 5384 0 120
instanceKlass java/nio/MappedByteBuffer
instanceKlass java/nio/HeapByteBuffer
ciInstanceKlass java/nio/ByteBuffer 1 1 446 10 7 12 1 1 1 9 7 12 1 1 1 10 7 12 1 1 1 9 12 1 1 9 12 1 9 12 1 1 9 12 1 1 10 12 1 10 12 1 7 1 10 12 1 10 12 1 1 7 1 10 12 1 10 12 1 100 1 100 1 10 12 1 10 12 1 1 10 7 12 1 1 1 10 12 1 1 10 12 1 100 1 10 10 12 1 1 10 12 1 10 12 1 10 12 100 1 5 0 9 12 1 1 9 12 1 9 12 1 1 10 12 1 1 10 12 1 1 10 7 12 1 1 1 10 7 12 1 1 1 10 12 1 10 12 1 1 10 12 1 1 100 1 10 100 1 10 10 12 1 1 9 12 1 10 12 1 100 1 10 10 12 1 10 12 1 10 12 10 12 1 9 12 100 1 10 10 12 1 10 12 10 12 1 1 10 12 1 10 12 1 10 12 1 10 12 1 7 1 10 10 7 12 1 1 1 10 7 12 1 1 1 10 12 1 1 8 1 10 12 1 8 1 8 1 10 12 1 8 1 10 12 1 10 100 12 1 1 1 10 100 12 1 1 1 10 12 1 1 10 7 1 9 12 1 8 1 10 12 1 8 1 8 1 10 10 12 1 10 12 1 1 10 12 1 1 10 12 10 12 1 1 10 12 10 12 10 12 10 12 10 12 10 12 10 12 1 1 10 12 1 9 12 1 1 7 10 7 12 1 1 1 7 1 1 1 1 1 1 1 1 1 1 1 1 100 1 1 1 1 1 1 1 1 1 1 1 1 1 1 1 1 1 1 1 1 1 7 1 1 1 1 1 1 1 1 1 1 1 1 1 1 1 1 1 1 1 1 1 1 1 1 1 1 1 1 1 1 1 1 1 1 1 1 1 1 1 1 1 1 1 1 1 1 1 1 1 1 1 1 1 1 1 1 1 1 1 1 1 1 1 1 1 1 1 1 1 1 1 1 1 1 1 1 1 1 1 1 1 1 1 1 1 1 1 1 1 1 1 1 1 1 1 100 1
staticfield java/nio/ByteBuffer ARRAY_BASE_OFFSET J 16
staticfield java/nio/ByteBuffer $assertionsDisabled Z 1
ciMethod java/nio/ByteBuffer isDirect ()Z 0 0 1 0 -1
ciMethod java/nio/ByteBuffer position (I)Ljava/nio/ByteBuffer; 778 0 9936 0 -1
ciInstanceKlass java/util/Locale 1 1 1165 9 7 12 1 1 1 7 1 10 12 1 1 9 12 1 1 11 7 12 1 1 1 10 7 12 1 1 9 12 1 1 9 12 1 1 100 1 10 10 12 1 1 8 1 10 12 1 1 10 12 1 1 10 12 1 10 12 1 10 12 1 11 12 1 1 9 7 12 1 1 1 10 100 1 10 9 12 1 1 10 7 12 1 1 9 7 12 1 1 1 9 12 1 10 12 1 1 9 12 1 1 9 12 1 100 1 8 1 10 12 1 9 12 1 10 12 1 10 12 1 1 9 7 12 1 1 1 9 12 1 10 7 12 1 1 1 10 12 1 1 10 12 1 1 10 12 1 9 12 1 9 12 1 9 12 1 9 12 1 10 12 1 1 10 7 12 1 1 7 1 9 12 1 9 12 1 9 12 1 9 12 1 9 12 1 9 12 1 9 12 1 9 12 1 9 12 1 9 12 1 10 12 1 1 10 7 12 1 1 10 12 1 1 7 1 10 10 12 1 1 10 100 1 10 12 1 1 10 12 1 1 8 1 10 12 1 8 1 10 7 12 1 1 1 100 1 8 1 8 1 10 12 1 10 7 12 1 1 1 10 12 1 1 8 1 10 100 12 1 1 1 10 12 1 1 9 12 1 1 100 1 8 1 10 12 1 1 10 12 1 1 10 100 12 1 1 1 9 12 1 8 1 10 12 1 10 12 1 1 10 12 1 10 12 1 10 12 1 10 12 1 10 12 1 1 100 1 7 1 10 8 1 10 12 1 1 10 12 1 10 12 1 10 10 7 12 1 1 1 10 12 1 1 10 100 12 1 1 1 10 12 1 10 12 1 10 12 1 8 1 10 12 1 10 12 1 10 12 1 10 8 1 9 12 1 10 7 12 1 1 1 10 10 12 1 10 8 1 10 12 1 10 10 12 1 10 12 1 1 11 7 12 1 1 1 11 7 12 1 1 11 12 1 1 10 12 1 10 12 1 10 12 1 10 8 1 10 12 1 10 12 1 1 10 12 1 1 10 12 1 1 10 12 1 1 100 1 8 1 8 1 10 8 1 10 8 1 8 1 10 12 1 1 10 12 1 10 12 1 1 10 12 1 1 10 12 1 10 12 1 100 1 10 12 1 1 8 1 9 100 12 1 1 1 10 7 12 1 1 10 12 1 1 10 12 1 10 100 12 1 1 1 10 12 1 1 10 12 1 1 8 1 10 100 12 1 1 10 12 1 1 10 12 1 8 1 7 1 10 12 1 10 12 1 1 10 100 12 1 1 1 10 12 1 1 11 100 12 1 1 18 12 1 1 11 100 12 1 1 1 18 12 1 1 11 12 1 1 18 12 1 10 12 1 10 12 1 10 12 1 1 11 12 1 1 100 100 1 10 10 12 1 1 8 1 10 12 1 100 1 7 1 10 12 1 9 12 1 1 10 12 1 10 10 12 1 10 100 1 8 1 10 10 12 1 10 12 1 10 10 8 1 8 1 8 1 9 12 1 10 12 1 10 12 1 8 1 10 12 1 10 12 1 10 100 12 1 1 18 12 1 10 12 1 8 1 10 12 1 8 1 10 12 1 1 10 12 1 18 12 1 11 12 1 1 10 12 1 10 100 12 1 1 1 8 1 10 100 12 1 1 8 1 8 1 8 1 8 1 8 1 10 12 1 10 12 1 10 100 12 1 1 1 10 100 12 1 1 100 1 10 12 1 10 10 12 1 10 12 1 10 8 1 10 12 1 1 8 1 8 1 9 12 1 8 1 8 1 9 12 1 10 100 12 1 1 1 9 100 12 1 1 1 10 10 12 1 10 10 12 1 1 10 12 1 1 100 1 10 12 1 1 10 12 1 1 10 7 12 1 1 7 1 10 10 12 1 1 9 12 1 9 12 1 9 12 1 9 12 1 9 12 1 9 12 1 9 12 1 9 12 1 9 12 1 9 12 1 9 12 1 9 12 1 9 12 1 9 12 1 9 12 1 9 12 1 9 12 1 9 12 1 9 12 1 9 12 1 9 12 1 10 12 7 1 10 12 1 9 12 1 1 9 12 1 1 7 1 7 1 1 1 1 1 1 3 1 3 1 1 5 0 1 3 1 3 1 3 1 3 1 3 1 3 1 1 1 1 1 1 1 1 1 1 1 1 1 1 1 1 1 1 1 1 1 1 1 1 1 1 1 1 1 1 1 1 1 1 1 1 1 1 1 1 1 1 1 1 1 1 1 1 1 1 1 1 1 1 1 1 1 1 1 1 1 1 1 1 1 1 1 1 1 1 1 1 7 1 1 1 1 1 1 1 1 1 1 1 1 1 1 1 1 1 1 1 1 1 1 1 1 1 1 1 1 1 1 1 1 1 1 1 1 1 1 1 100 1 1 1 1 1 1 1 1 1 1 1 1 1 1 1 1 1 1 100 1 1 1 1 1 1 1 1 7 1 1 100 1 1 1 1 1 1 1 1 1 1 1 1 1 1 1 1 1 1 1 1 1 1 1 1 1 1 1 1 1 1 100 1 100 1 100 1 100 1 100 1 1 16 15 10 12 16 16 15 16 15 10 12 15 10 12 16 15 10 12 16 15 10 100 12 1 1 1 1 1 1 1 1 1 100 1 1 1 1 1 1 1 100 1 100 1 1
staticfield java/util/Locale ENGLISH Ljava/util/Locale; java/util/Locale
staticfield java/util/Locale FRENCH Ljava/util/Locale; java/util/Locale
staticfield java/util/Locale GERMAN Ljava/util/Locale; java/util/Locale
staticfield java/util/Locale ITALIAN Ljava/util/Locale; java/util/Locale
staticfield java/util/Locale JAPANESE Ljava/util/Locale; java/util/Locale
staticfield java/util/Locale KOREAN Ljava/util/Locale; java/util/Locale
staticfield java/util/Locale CHINESE Ljava/util/Locale; java/util/Locale
staticfield java/util/Locale SIMPLIFIED_CHINESE Ljava/util/Locale; java/util/Locale
staticfield java/util/Locale TRADITIONAL_CHINESE Ljava/util/Locale; java/util/Locale
staticfield java/util/Locale FRANCE Ljava/util/Locale; java/util/Locale
staticfield java/util/Locale GERMANY Ljava/util/Locale; java/util/Locale
staticfield java/util/Locale ITALY Ljava/util/Locale; java/util/Locale
staticfield java/util/Locale JAPAN Ljava/util/Locale; java/util/Locale
staticfield java/util/Locale KOREA Ljava/util/Locale; java/util/Locale
staticfield java/util/Locale UK Ljava/util/Locale; java/util/Locale
staticfield java/util/Locale US Ljava/util/Locale; java/util/Locale
staticfield java/util/Locale CANADA Ljava/util/Locale; java/util/Locale
staticfield java/util/Locale CANADA_FRENCH Ljava/util/Locale; java/util/Locale
staticfield java/util/Locale ROOT Ljava/util/Locale; java/util/Locale
staticfield java/util/Locale CONSTANT_LOCALES Ljava/util/Map; java/util/HashMap
staticfield java/util/Locale CHINA Ljava/util/Locale; java/util/Locale
staticfield java/util/Locale PRC Ljava/util/Locale; java/util/Locale
staticfield java/util/Locale TAIWAN Ljava/util/Locale; java/util/Locale
staticfield java/util/Locale serialPersistentFields [Ljava/io/ObjectStreamField; 6 [Ljava/io/ObjectStreamField;
staticfield java/util/Locale $assertionsDisabled Z 1
instanceKlass org/jetbrains/kotlin/protobuf/SmallSortedMap$EntrySet
instanceKlass com/intellij/openapi/vfs/CompactVirtualFileSet
instanceKlass java/lang/ProcessEnvironment$CheckedEntrySet
instanceKlass com/google/gson/internal/LinkedTreeMap$EntrySet
instanceKlass java/util/TreeMap$EntrySet
instanceKlass kotlin/collections/AbstractMutableSet
instanceKlass kotlin/reflect/jvm/internal/impl/protobuf/SmallSortedMap$EntrySet
instanceKlass java/util/Collections$SingletonSet
instanceKlass java/util/EnumSet
instanceKlass java/util/concurrent/ConcurrentSkipListSet
instanceKlass java/util/LinkedHashMap$LinkedEntrySet
instanceKlass java/util/LinkedHashMap$LinkedKeySet
instanceKlass jdk/internal/util/ReferencedKeySet
instanceKlass java/util/TreeMap$KeySet
instanceKlass java/util/TreeSet
instanceKlass java/util/IdentityHashMap$KeySet
instanceKlass java/util/HashMap$KeySet
instanceKlass java/util/AbstractMap$1
instanceKlass java/util/WeakHashMap$KeySet
instanceKlass java/util/Collections$SetFromMap
instanceKlass java/util/HashSet
instanceKlass java/util/ImmutableCollections$MapN$1
instanceKlass java/util/Collections$EmptySet
instanceKlass java/util/HashMap$EntrySet
ciInstanceKlass java/util/AbstractSet 1 1 96 10 7 12 1 1 1 7 1 7 1 11 12 1 1 10 7 1 10 12 1 1 100 1 100 1 10 12 1 1 11 7 12 1 1 1 11 12 1 1 10 7 12 1 1 10 7 12 1 1 1 11 10 12 1 1 11 12 1 11 12 1 1 1 1 1 1 1 1 1 1 1 1 1 1 1 1 100 1 1 1 1 1 1 1 1 1 1 1 1 1 1 1 1 1 1
ciInstanceKlass java/lang/annotation/Annotation 1 0 17 100 1 100 1 1 1 1 1 1 1 1 1 1 1 1 1
instanceKlass java/lang/ClassValue$ClassValueMap
ciInstanceKlass java/util/WeakHashMap 1 1 399 7 1 10 7 12 1 1 1 7 1 10 9 7 12 1 1 1 100 1 7 1 10 8 1 10 12 1 1 10 12 1 10 12 1 1 10 12 1 3 10 7 12 1 1 1 8 1 10 12 1 10 7 12 1 1 1 10 12 1 1 9 12 1 1 9 12 1 1 9 12 1 1 4 10 12 1 11 7 12 1 1 1 6 0 10 100 12 1 1 1 10 12 1 1 10 12 1 1 9 12 1 1 10 12 1 1 10 12 1 1 10 7 12 1 1 10 12 1 10 12 1 1 9 12 1 10 12 1 9 12 1 1 9 12 1 9 12 10 12 1 10 10 12 1 1 10 12 1 10 12 1 1 10 12 1 1 10 12 1 1 9 12 1 10 12 1 10 12 1 1 7 1 3 10 12 1 1 11 12 1 1 11 100 12 1 1 1 11 7 12 1 1 1 11 12 100 1 11 12 1 11 12 1 10 12 1 1 10 10 100 12 1 1 1 10 12 1 9 12 1 1 7 1 10 12 1 9 12 1 1 100 1 10 9 12 100 1 10 10 100 12 1 1 10 12 1 11 100 12 1 1 1 100 1 10 11 100 12 1 1 8 1 10 12 1 10 12 10 1 1 3 1 1 1 1 1 1 1 1 1 1 1 1 1 1 1 1 1 1 1 1 1 1 1 1 1 1 1 1 1 1 1 1 1 7 1 1 1 1 1 100 1 1 1 1 1 1 1 1 1 1 1 1 1 1 1 1 1 1 1 1 1 1 1 1 1 1 1 1 1 1 1 7 1 1 1 1 1 1 1 1 1 1 1 1 1 1 1 1 1 1 1 1 1 1 1 1 1 1 100 1 100 1 100 1 100 1 100 1 100 1 100 1 100 1 1 1 1 1 1 1 1 1 1 1 1 1 1
staticfield java/util/WeakHashMap NULL_KEY Ljava/lang/Object; java/lang/Object
ciMethod java/util/WeakHashMap remove (Ljava/lang/Object;)Ljava/lang/Object; 512 10 7057 0 872
ciMethod java/util/WeakHashMap hash (Ljava/lang/Object;)I 516 0 5382 0 240
ciMethod java/util/WeakHashMap indexFor (II)I 522 0 12803 0 0
ciMethod java/util/WeakHashMap expungeStaleEntries ()V 516 0 6418 0 176
ciMethod java/util/WeakHashMap maskNull (Ljava/lang/Object;)Ljava/lang/Object; 516 0 12803 0 0
ciMethod java/util/WeakHashMap getTable ()[Ljava/util/WeakHashMap$Entry; 516 0 12803 0 0
ciMethod java/util/WeakHashMap matchesKey (Ljava/util/WeakHashMap$Entry;Ljava/lang/Object;)Z 268 0 4169 0 0
ciInstanceKlass java/util/IdentityHashMap 1 1 403 9 7 12 1 1 1 10 7 12 1 1 1 10 12 1 1 100 1 7 1 10 8 1 10 12 1 1 10 12 1 10 12 1 1 10 12 1 10 12 1 1 3 3 10 7 12 1 1 7 1 9 12 1 1 11 7 12 1 1 1 6 0 10 12 10 12 1 1 9 12 1 10 7 12 1 1 1 10 12 1 1 10 12 1 1 10 12 1 1 10 12 1 1 9 12 1 3 3 100 1 8 1 10 11 12 1 1 11 100 12 1 1 1 11 7 12 1 1 1 11 12 1 1 100 1 11 12 1 11 12 1 10 12 1 1 10 12 1 10 10 12 1 1 10 11 12 1 1 10 12 1 10 12 1 9 12 1 10 100 100 1 7 1 10 12 1 9 12 1 7 1 10 12 1 9 12 1 1 7 1 10 100 1 10 10 100 12 1 1 10 12 1 10 12 1 1 10 100 12 1 1 1 10 12 1 100 1 8 1 10 10 100 12 1 1 1 11 100 12 1 1 1 10 12 1 10 12 1 1 10 10 100 12 1 1 11 100 12 1 1 100 1 10 11 100 12 1 1 10 12 1 10 7 1 7 1 1 1 3 1 3 1 1 1 1 1 5 0 1 1 1 1 1 1 1 1 1 1 1 1 1 1 1 1 1 1 1 1 1 1 1 1 1 1 1 1 1 1 1 1 1 1 1 1 1 1 1 1 1 1 1 1 1 1 1 1 1 1 1 1 1 1 1 1 1 1 1 1 7 1 1 1 1 1 1 1 100 1 1 1 1 7 1 1 1 1 1 1 1 1 1 1 1 1 1 1 1 1 1 1 1 1 1 1 1 1 1 1 100 1 100 1 100 1 100 1 100 1 100 1 100 1 100 1 100 1 1 1 1 1 1 100 1 1 1 1 1 1 1 1 1 1
staticfield java/util/IdentityHashMap NULL_KEY Ljava/lang/Object; java/lang/Object
ciMethod java/util/IdentityHashMap remove (Ljava/lang/Object;)Ljava/lang/Object; 4 0 2 0 0
ciMethod java/util/IdentityHashMap hash (Ljava/lang/Object;I)I 84 0 41 0 0
ciMethod java/util/IdentityHashMap maskNull (Ljava/lang/Object;)Ljava/lang/Object; 84 0 41 0 0
ciMethod java/util/IdentityHashMap nextKeyIndex (II)I 10 0 5 0 0
ciMethod java/util/IdentityHashMap closeDeletion (I)V 10 0 5 0 0
ciInstanceKlass sun/security/util/Debug 1 1 561 10 7 12 1 1 1 9 7 12 1 1 1 10 100 12 1 1 8 1 10 12 1 8 1 8 1 8 1 8 1 8 1 8 1 8 1 8 1 8 1 8 1 8 1 8 1 8 1 8 1 8 1 8 1 8 1 8 1 8 1 8 1 8 1 8 1 8 1 8 1 8 1 8 1 8 1 8 1 8 1 8 1 8 1 8 1 8 1 8 1 8 1 8 1 8 1 8 1 8 1 8 1 8 1 8 1 8 1 8 1 8 1 8 1 8 1 8 1 8 1 8 1 8 1 8 1 8 1 10 12 1 1 10 7 12 1 1 1 10 12 1 1 10 9 12 1 1 10 12 1 10 7 12 1 1 18 12 1 1 10 12 1 1 7 1 9 12 1 1 9 12 1 9 12 1 9 12 1 9 12 1 10 12 1 1 10 12 1 1 10 12 1 1 10 12 1 1 8 1 10 12 1 1 8 1 8 1 8 1 7 1 10 10 12 1 1 10 12 1 1 8 1 10 12 1 8 1 10 12 1 1 10 7 12 1 1 8 1 10 12 1 1 10 12 1 8 1 8 1 8 1 8 1 10 7 12 1 1 1 10 12 1 1 10 7 12 1 1 1 9 100 12 1 1 1 10 12 1 1 8 1 10 12 1 10 12 1 10 12 1 1 9 100 12 1 1 1 10 100 12 1 1 1 10 100 12 1 1 1 8 1 8 1 10 100 12 1 1 10 12 8 1 10 12 1 8 1 10 12 8 1 8 1 8 1 8 1 10 12 8 1 8 1 8 1 10 100 12 1 1 1 10 12 1 1 10 100 12 1 1 10 12 1 10 12 1 1 8 1 10 12 1 1 10 12 1 1 8 1 8 1 8 1 9 12 1 10 12 1 8 1 10 100 12 1 1 1 10 12 1 1 10 12 1 1 10 12 18 12 1 1 11 100 12 1 1 1 18 11 12 1 1 11 12 1 1 8 1 10 100 12 1 1 1 11 7 12 1 1 11 12 1 11 12 1 8 1 8 1 10 7 12 1 1 1 8 1 8 1 10 12 1 8 1 10 12 1 1 10 12 1 1 1 1 1 1 1 1 1 1 1 1 1 1 1 1 1 1 1 1 1 1 1 1 1 1 1 1 1 1 1 1 1 1 1 1 1 1 1 1 1 1 1 1 1 1 1 1 1 1 1 1 1 1 1 1 1 1 1 1 1 16 15 10 12 16 16 15 10 12 16 15 10 12 16 15 10 100 12 1 1 1 1 1 1 100 1 100 1 1
ciMethod sun/security/util/Debug println (Ljava/lang/String;)V 0 0 1 0 -1
ciInstanceKlass java/util/concurrent/ForkJoinPool 1 1 1205 7 1 10 7 12 1 1 1 9 12 1 1 100 1 8 1 10 12 1 1 10 7 12 1 1 1 9 12 1 1 9 12 1 1 10 7 12 1 1 1 10 12 1 1 10 12 1 1 9 12 1 10 12 1 1 9 12 1 9 12 1 1 9 12 1 10 12 1 9 12 1 10 12 1 10 12 1 1 9 12 1 1 9 12 1 1 11 100 12 1 1 1 9 12 1 1 10 7 12 1 1 1 7 1 10 12 1 1 9 12 1 1 10 12 1 1 8 1 10 7 12 1 1 1 10 7 12 1 1 1 10 100 12 1 1 1 10 12 1 1 9 12 1 1 9 12 1 3 100 1 9 7 12 1 1 1 9 3 9 12 1 10 7 12 1 1 9 12 1 1 9 12 1 10 12 1 10 12 1 9 7 12 1 1 1 9 12 1 3 5 0 5 0 5 0 5 0 5 0 10 12 1 1 3 10 12 1 1 9 12 1 9 12 1 10 12 1 3 9 12 1 10 12 1 1 10 12 1 1 10 12 1 1 9 12 1 3 10 12 1 1 9 12 1 1 10 7 12 1 1 5 0 3 10 12 1 1 10 12 1 9 12 1 9 12 1 10 12 1 1 10 12 1 1 10 12 1 1 9 12 1 10 12 1 1 10 12 1 1 10 12 1 1 10 7 12 1 1 9 12 1 10 12 1 10 12 1 1 10 12 1 1 10 12 1 10 12 1 5 0 10 12 1 1 10 12 1 10 12 1 1 9 12 1 5 0 5 0 5 0 9 12 1 1 11 100 12 1 1 1 100 1 8 1 10 10 12 1 1 9 12 1 10 12 1 1 10 12 1 10 12 1 1 100 1 9 12 1 1 10 12 1 10 12 1 5 0 10 12 1 10 12 1 1 5 0 10 12 1 1 10 12 1 10 12 1 1 9 12 1 1 10 12 1 1 9 12 1 10 12 1 10 12 1 10 12 1 1 10 12 1 10 12 10 12 1 100 1 10 10 12 1 10 12 1 1 10 12 1 1 10 12 1 1 10 12 10 12 1 1 3 10 12 1 3 10 12 1 10 12 1 10 12 1 9 12 1 1 11 100 12 1 1 10 12 1 10 7 12 1 1 1 10 12 1 10 7 12 1 1 1 9 12 1 5 0 9 100 12 1 1 1 10 12 1 10 7 1 10 12 100 1 10 9 12 1 1 10 12 1 10 12 1 10 12 1 1 10 7 12 1 1 10 10 12 1 10 12 1 7 1 10 8 1 10 12 1 1 10 12 1 8 1 10 12 1 1 8 1 10 12 1 10 12 1 1 10 12 3 8 1 8 1 8 1 10 7 12 1 1 1 10 12 1 1 7 1 10 12 1 1 7 1 10 7 12 1 1 1 7 1 7 1 8 1 10 12 1 1 10 12 1 1 100 1 10 12 1 100 1 10 12 1 100 1 10 12 1 100 1 10 100 1 8 1 10 10 12 1 7 1 11 7 12 1 1 10 12 1 11 12 1 1 11 7 12 1 1 11 12 1 100 1 100 1 10 10 12 1 10 10 12 1 1 10 12 1 10 100 1 10 12 1 10 12 1 9 12 1 10 12 1 100 1 10 12 1 100 1 10 12 1 10 10 12 10 12 1 10 12 1 10 12 1 10 12 1 10 12 1 11 8 1 8 1 8 1 8 1 10 8 1 8 1 10 12 1 8 1 8 1 8 1 8 1 10 12 1 8 1 8 1 8 1 10 100 12 1 1 1 3 10 12 1 1 100 1 10 10 12 1 1 11 12 1 10 12 1 9 12 1 10 12 1 10 12 1 10 12 1 10 12 1 11 7 12 1 1 11 12 1 10 12 1 1 10 12 1 10 12 1 10 12 1 1 8 1 10 12 1 1 10 12 1 1 10 12 1 1 100 1 100 1 10 12 8 10 12 1 1 8 8 8 1 7 1 10 10 12 1 100 1 10 10 7 12 1 1 1 7 1 10 10 7 12 1 1 1 1 1 1 1 3 1 3 1 3 1 1 3 1 1 3 1 3 1 3 1 1 1 3 1 1 1 1 1 1 1 3 1 1 1 3 1 1 1 1 1 1 1 1 1 1 1 1 1 1 1 1 1 1 1 1 1 1 1 1 1 1 1 1 1 1 1 1 1 1 1 1 1 1 1 1 1 1 1 1 100 1 1 1 1 1 1 1 1 1 1 1 1 1 1 1 1 1 1 1 1 1 1 1 1 1 1 1 1 1 100 1 1 1 1 1 1 1 1 1 1 1 1 1 1 1 1 1 1 1 1 1 1 1 1 1 1 1 1 1 1 1 1 1 1 1 1 1 1 1 1 1 1 1 1 1 1 1 1 1 1 1 1 1 1 1 1 1 1 1 1 1 1 1 1 1 1 1 1 1 1 1 1 1 1 1 1 1 1 1 1 1 1 1 1 1 1 1 1 1 1 1 1 1 7 1 1 1 1 1 1 1 1 1 1 1 1 1 1 1 1 1 1 1 1 1 1 1 1 1 1 1 1 1 1 1 1 1 1 1 1 1 1 100 1 1 1 100 1 1 1 1 1 1 1 1 1 1 1 1 1 1 1 1 1 1 1 1 1 1 1 1 1 1 1 1 1 1 1 1 1 1 1 1 1 1 1 1 1 1 1 1 1 1 1 1 1 1 1 1 1 1 1 1 1 1 1 1 1 1 100 1 100 1 1 1 1 1 1 1 1 1 1 1 1 1 1
staticfield java/util/concurrent/ForkJoinPool defaultForkJoinWorkerThreadFactory Ljava/util/concurrent/ForkJoinPool$ForkJoinWorkerThreadFactory; java/util/concurrent/ForkJoinPool$DefaultForkJoinWorkerThreadFactory
staticfield java/util/concurrent/ForkJoinPool common Ljava/util/concurrent/ForkJoinPool; java/util/concurrent/ForkJoinPool
staticfield java/util/concurrent/ForkJoinPool U Ljdk/internal/misc/Unsafe; jdk/internal/misc/Unsafe
staticfield java/util/concurrent/ForkJoinPool CTL J 216
staticfield java/util/concurrent/ForkJoinPool RUNSTATE J 48
staticfield java/util/concurrent/ForkJoinPool PARALLELISM J 224
staticfield java/util/concurrent/ForkJoinPool THREADIDS J 24
staticfield java/util/concurrent/ForkJoinPool POOLIDS_BASE Ljava/lang/Object; java/lang/Class
staticfield java/util/concurrent/ForkJoinPool POOLIDS J 320
ciInstanceKlass jdk/internal/misc/CarrierThread 0 0 141 9 7 12 1 1 1 10 7 12 1 1 1 9 12 1 1 9 12 1 1 10 7 12 1 1 1 10 7 12 1 1 1 9 12 1 9 12 1 9 12 1 1 10 12 1 9 12 1 1 100 1 8 1 10 12 1 100 1 10 12 1 10 7 12 1 1 1 7 1 7 1 7 1 10 12 1 10 12 1 10 100 12 1 1 1 9 12 1 1 10 12 1 1 10 12 1 1 10 12 1 1 7 1 8 1 10 12 1 1 8 1 8 1 1 1 1 1 1 1 1 1 1 1 1 1 1 1 1 1 1 1 1 1 1 1 1 1 7 1 1
instanceKlass jdk/internal/misc/CarrierThread
ciInstanceKlass java/util/concurrent/ForkJoinWorkerThread 0 0 127 10 100 12 1 1 1 10 100 12 1 1 1 9 100 12 1 1 1 9 12 1 1 100 1 10 12 1 9 12 1 1 10 12 1 1 10 12 1 1 10 12 1 1 10 100 12 1 1 1 10 12 1 1 10 12 1 10 12 1 1 10 12 1 10 12 1 1 10 12 1 10 12 1 10 12 1 1 10 12 1 1 100 1 1 1 1 1 1 1 1 1 1 1 1 1 100 1 100 1 100 1 1 1 1 1 1 1 1 1 1 1 1 1 1 1 1 100 1 100 1 100 1 1 1 1 1
ciMethod java/util/concurrent/ForkJoinWorkerThread getPool ()Ljava/util/concurrent/ForkJoinPool; 0 0 1 0 -1
ciMethod jdk/internal/misc/CarrierThread inBlocking ()Z 0 0 1 0 -1
ciMethod jdk/internal/misc/CarrierThread beginBlocking ()V 0 0 1 0 -1
ciMethod jdk/internal/misc/CarrierThread endBlocking ()V 0 0 1 0 -1
ciInstanceKlass jdk/internal/misc/InnocuousThread 1 1 250 7 1 10 12 1 1 8 1 10 12 1 1 9 7 12 1 1 1 10 7 12 1 1 1 10 12 1 10 12 1 1 10 12 1 10 12 1 1 10 12 1 10 7 12 1 1 1 10 7 12 1 1 1 10 12 1 1 100 1 10 12 1 10 7 12 1 1 1 7 1 10 12 1 10 12 100 1 10 100 1 10 9 12 1 1 10 12 1 10 12 1 1 10 12 1 9 12 1 1 9 12 1 1 9 12 1 1 10 7 12 1 1 1 9 12 1 10 12 1 1 100 1 8 10 12 1 9 12 1 10 12 1 9 12 1 10 12 1 1 9 12 1 1 10 12 1 10 12 7 1 7 1 10 12 1 10 12 1 10 12 1 1 7 1 8 1 10 12 1 1 8 1 8 1 8 1 8 1 10 12 1 1 10 12 1 1 8 1 10 12 1 100 1 10 12 1 7 1 7 1 10 12 1 1 1 1 1 1 1 1 1 1 1 1 1 1 1 1 1 1 1 1 1 1 1 1 1 1 1 1 1 1 1 1 1 1 1 1 1 1 7 1 1 1 1 1 7 1 1
staticfield jdk/internal/misc/InnocuousThread UNSAFE Ljdk/internal/misc/Unsafe; jdk/internal/misc/Unsafe
staticfield jdk/internal/misc/InnocuousThread THREAD_LOCALS J 76
staticfield jdk/internal/misc/InnocuousThread INHERITABLE_THREAD_LOCALS J 80
staticfield jdk/internal/misc/InnocuousThread INNOCUOUSTHREADGROUP Ljava/lang/ThreadGroup; java/lang/ThreadGroup
staticfield jdk/internal/misc/InnocuousThread ACC Ljava/security/AccessControlContext; java/security/AccessControlContext
staticfield jdk/internal/misc/InnocuousThread INHERITEDACCESSCONTROLCONTEXT J 68
staticfield jdk/internal/misc/InnocuousThread CONTEXTCLASSLOADER J 64
staticfield jdk/internal/misc/InnocuousThread threadNumber Ljava/util/concurrent/atomic/AtomicInteger; java/util/concurrent/atomic/AtomicInteger
ciInstanceKlass java/util/function/BiFunction 1 1 65 10 100 12 1 1 1 18 12 1 1 11 7 12 1 1 11 100 12 1 7 1 1 1 1 1 1 1 1 1 1 1 1 1 1 1 1 1 1 1 1 1 1 1 1 1 1 1 16 15 11 12 15 10 100 12 1 1 1 1 100 1 100 1 1
ciInstanceKlass jdk/internal/ref/CleanerImpl$PhantomCleanableRef 1 1 51 10 7 12 1 1 1 9 7 12 1 1 1 10 12 1 11 7 12 1 1 100 1 8 1 10 12 1 8 1 1 1 1 1 1 1 1 1 1 1 1 1 1 1 1 1 1 100 1 1 1
ciInstanceKlass java/lang/ref/Cleaner$Cleanable 1 0 14 100 1 100 1 1 1 1 1 1 100 1 1 1
ciInstanceKlass sun/nio/ch/DirectBuffer 1 1 13 100 1 100 1 1 1 1 1 1 1 1 1
ciMethod sun/nio/ch/DirectBuffer address ()J 0 0 1 0 -1
instanceKlass sun/net/www/protocol/jrt/JavaRuntimeURLConnection$1
instanceKlass jdk/internal/loader/URLClassPath$JarLoader$2
ciInstanceKlass jdk/internal/loader/Resource 1 1 117 10 7 12 1 1 1 9 7 12 1 1 1 10 12 1 1 10 12 1 10 7 12 1 1 1 10 12 1 1 100 1 7 1 3 10 7 12 1 1 1 10 7 12 1 1 1 10 7 12 1 1 1 100 1 8 1 10 12 1 10 12 1 100 1 10 12 1 1 10 12 1 7 1 11 12 1 1 1 1 1 1 1 1 1 1 1 1 1 1 1 1 1 1 1 1 1 1 1 1 1 1 1 1 100 7 1 1 1 1 1 1 1 1 1 1 1
ciMethod jdk/internal/loader/Resource getBytes ()[B 768 1862 5504 0 -1
ciMethod jdk/internal/loader/Resource getInputStream ()Ljava/io/InputStream; 0 0 1 0 -1
ciMethod jdk/internal/loader/Resource getContentLength ()I 0 0 1 0 -1
ciMethod jdk/internal/loader/Resource cachedInputStream ()Ljava/io/InputStream; 512 0 11008 0 0
instanceKlass sun/net/www/protocol/jar/URLJarFile
ciInstanceKlass java/util/jar/JarFile 1 1 695 7 1 9 12 1 1 9 12 1 100 1 10 12 1 1 7 1 10 12 1 10 12 1 10 12 1 9 12 1 1 10 7 12 1 1 1 9 12 1 10 7 12 1 1 1 9 12 1 9 12 1 1 10 7 12 1 1 1 10 12 1 1 9 12 1 10 12 1 1 9 12 9 12 1 10 12 1 1 100 1 10 12 1 1 9 12 1 1 10 7 12 1 1 1 7 1 10 12 1 1 10 12 1 1 9 12 1 9 12 1 1 11 7 12 1 1 1 7 1 10 7 12 1 1 1 10 12 1 9 12 1 1 9 12 1 1 8 1 10 100 12 1 1 7 1 10 12 1 10 10 12 1 10 12 1 1 10 12 1 10 7 12 1 1 7 1 10 12 1 1 10 12 1 10 12 1 1 10 12 1 1 10 11 12 1 1 11 12 1 1 11 12 1 18 12 1 1 11 100 12 1 1 1 18 12 1 1 11 12 1 1 11 12 1 1 18 18 10 12 7 1 10 12 1 8 1 10 7 12 1 1 1 10 12 1 10 12 1 1 10 12 1 1 100 1 10 12 1 8 1 11 12 1 1 7 1 10 12 10 12 1 1 10 12 1 8 1 10 12 10 12 1 1 10 12 1 11 12 1 1 10 12 1 11 12 1 1 11 7 12 1 1 1 11 7 12 1 1 11 12 1 10 12 1 1 100 1 8 1 10 7 1 9 12 1 1 10 12 1 8 1 10 12 1 9 12 1 1 10 12 1 1 10 12 1 1 100 1 8 1 10 7 12 1 1 10 12 1 8 1 10 12 1 8 1 10 7 12 1 1 1 9 7 12 1 1 8 1 10 12 1 8 1 10 8 1 8 1 10 3 10 12 1 1 10 12 1 1 100 1 8 1 8 1 10 8 1 10 12 1 10 12 1 10 12 1 10 12 1 1 7 1 10 12 1 10 12 1 1 9 12 1 1 9 12 1 10 7 12 1 1 9 12 1 9 12 1 9 12 1 9 12 1 10 12 1 1 9 12 1 9 12 1 9 12 1 7 1 10 7 1 10 12 1 10 12 1 1 9 7 12 1 1 1 10 12 1 1 10 7 12 1 1 9 7 12 1 1 1 10 7 12 1 1 10 12 1 7 1 10 12 10 12 1 10 12 1 10 7 12 1 1 1 10 12 1 1 7 1 10 10 7 12 1 1 1 10 12 1 1 8 1 10 7 12 1 1 1 10 7 12 1 1 10 12 1 8 1 8 1 10 12 1 10 12 1 8 1 10 12 1 1 8 1 1 1 1 1 1 1 1 8 1 1 1 1 1 1 1 1 1 1 1 1 1 1 1 1 1 1 1 1 1 1 1 1 1 100 1 1 1 1 1 1 1 1 1 1 1 1 1 1 1 1 1 100 1 1 1 1 1 1 1 1 1 1 1 1 1 1 1 1 1 100 1 1 1 1 1 1 1 1 1 1 1 1 7 1 1 1 1 1 1 1 1 1 1 1 1 1 16 15 10 12 16 16 15 10 12 1 16 15 16 16 1 15 10 100 12 1 1 1 1 1 1 1 1 1 1 100 1 100 1 1
staticfield java/util/jar/JarFile BASE_VERSION Ljava/lang/Runtime$Version; java/lang/Runtime$Version
staticfield java/util/jar/JarFile BASE_VERSION_FEATURE I 8
staticfield java/util/jar/JarFile RUNTIME_VERSION Ljava/lang/Runtime$Version; java/lang/Runtime$Version
staticfield java/util/jar/JarFile MULTI_RELEASE_ENABLED Z 1
staticfield java/util/jar/JarFile MULTI_RELEASE_FORCED Z 0
staticfield java/util/jar/JarFile JUZFA Ljdk/internal/access/JavaUtilZipFileAccess; java/util/zip/ZipFile$1
staticfield java/util/jar/JarFile CLASSPATH_CHARS [B 12
staticfield java/util/jar/JarFile CLASSPATH_LASTOCC [B 65
staticfield java/util/jar/JarFile CLASSPATH_OPTOSFT [B 12
staticfield java/util/jar/JarFile MULTIRELEASE_CHARS [B 19
staticfield java/util/jar/JarFile MULTIRELEASE_LASTOCC [B 65
staticfield java/util/jar/JarFile MULTIRELEASE_OPTOSFT [B 19
ciInstanceKlass java/util/zip/ZipConstants 1 0 78 100 1 100 1 1 1 1 5 0 1 5 0 1 5 0 1 5 0 1 1 3 1 3 1 3 1 3 1 3 1 3 1 3 1 3 1 3 1 3 1 1 3 1 3 1 1 1 3 1 1 1 1 1 1 1 3 1 3 1 1 1 3 1 3 1 3 1 3 1 3 1 1 1 1 1 1 1
instanceKlass java/util/jar/JarFile
ciInstanceKlass java/util/zip/ZipFile 1 1 551 7 1 7 1 7 1 10 12 1 1 7 1 10 12 1 9 7 12 1 1 1 10 12 1 10 7 12 1 1 100 1 7 1 10 8 1 10 12 1 1 10 7 12 1 1 1 10 12 1 1 10 10 12 1 10 7 12 1 1 1 10 7 12 1 1 10 12 1 8 1 10 7 12 1 1 1 9 12 1 1 10 12 1 1 7 1 10 7 12 1 1 1 10 12 1 9 12 1 1 10 7 12 1 1 1 10 12 1 1 10 12 1 10 12 1 10 12 1 9 12 1 1 9 7 12 1 1 1 9 12 1 1 10 12 1 8 10 12 1 1 10 12 1 1 8 1 9 12 1 1 9 12 1 9 10 12 1 1 9 12 1 1 7 1 9 12 1 10 12 1 10 12 1 1 11 7 12 1 1 1 10 12 1 1 5 0 5 0 5 0 5 0 7 1 10 12 1 100 1 8 1 10 7 1 9 12 1 10 12 1 100 1 18 12 1 1 10 12 1 10 100 12 1 1 1 10 12 1 10 12 1 1 7 1 10 12 1 18 18 10 12 1 10 12 1 10 7 12 1 1 1 10 12 1 1 8 1 10 12 1 1 10 12 1 7 1 9 12 1 1 11 7 12 1 1 1 10 10 12 1 9 12 1 10 12 1 9 12 1 1 10 12 1 9 12 1 9 12 1 10 12 1 9 12 1 9 12 1 10 12 1 10 12 1 3 9 12 1 10 7 12 1 1 1 10 12 1 1 9 12 9 12 1 1 10 12 1 100 1 10 12 1 1 100 1 8 1 10 8 1 8 1 9 12 1 1 9 12 1 7 1 10 10 12 1 11 7 1 11 12 1 1 9 12 1 9 12 1 8 1 10 7 12 1 1 1 8 1 10 12 1 100 1 10 12 1 9 12 1 7 1 10 10 7 12 1 1 1 7 1 1 1 1 1 3 1 3 1 3 1 3 1 1 1 1 1 1 100 1 1 1 1 1 1 1 1 1 1 100 1 1 1 1 7 1 1 1 1 1 1 1 1 1 1 1 1 1 7 1 1 1 1 1 1 1 1 1 1 1 1 1 1 1 1 1 1 1 100 1 1 1 1 1 1 1 1 1 1 1 100 1 1 1 1 1 1 1 1 1 1 1 1 1 1 1 1 1 100 1 100 1 100 1 100 1 1 16 1 15 10 12 16 15 16 15 10 12 16 15 10 100 12 1 1 1 1 1 1 1 1 1 1 1 1 1 100 1 100 1 1
staticfield java/util/zip/ZipFile DISABLE_ZIP64_EXTRA_VALIDATION Z 0
ciMethod java/util/zip/ZipFile getName ()Ljava/lang/String; 16 0 8 0 -1
ciMethod java/util/zip/ZipFile getInputStream (Ljava/util/zip/ZipEntry;)Ljava/io/InputStream; 512 0 5498 0 12432
ciMethod java/util/zip/ZipFile ensureOpen ()V 544 0 5408 0 -1
ciMethod java/util/zip/ZipFile getManifestName (Z)Ljava/lang/String; 86 0 106 0 0
ciMethod java/util/zip/ZipFile getEntryName (I)Ljava/lang/String; 140 0 70 0 -1
ciMethod java/util/zip/ZipFile ensureOpenOrZipException ()V 512 0 4834 0 0
ciMethod java/util/jar/JarFile getInputStream (Ljava/util/zip/ZipEntry;)Ljava/io/InputStream; 256 0 5538 0 0
ciMethod java/util/jar/JarFile getEntry (Ljava/lang/String;)Ljava/util/zip/ZipEntry; 590 0 11743 0 -1
ciMethod java/util/jar/JarFile getManifest ()Ljava/util/jar/Manifest; 178 0 5508 0 -1
ciMethod java/util/jar/JarFile getJarEntry (Ljava/lang/String;)Ljava/util/jar/JarEntry; 590 0 6905 0 -1
ciMethod java/util/jar/JarFile getBytes (Ljava/util/zip/ZipEntry;)[B 80 0 69 0 -1
ciMethod java/util/jar/JarFile getManifestFromReference ()Ljava/util/jar/Manifest; 184 0 5867 0 0
ciMethod java/util/jar/JarFile getManEntry ()Ljava/util/jar/JarEntry; 88 0 86 0 -1
ciMethod java/util/jar/JarFile maybeInstantiateVerifier ()V 514 0 5662 0 160
ciMethod java/util/jar/JarFile initializeVerifier ()V 4 8 3 0 -1
ciMethod java/util/jar/JarFile verifiableEntry (Ljava/util/zip/ZipEntry;)Ljava/util/jar/JarEntry; 6 0 356 0 0
ciInstanceKlass java/util/jar/JarVerifier 1 1 394 10 7 12 1 1 1 9 7 12 1 1 1 9 12 1 9 12 1 9 12 1 1 9 12 1 1 7 1 10 9 12 1 1 9 12 1 10 12 1 9 12 1 7 1 10 9 12 1 1 7 1 10 9 12 1 1 9 12 1 1 7 1 10 9 12 1 1 9 12 1 1 7 1 10 8 1 10 12 1 1 10 7 12 1 1 1 10 12 1 10 7 12 1 1 1 10 7 12 1 1 1 10 12 1 1 10 7 12 1 1 1 9 7 12 1 1 1 10 7 12 1 1 1 100 1 8 1 10 12 1 1 8 1 10 12 1 10 12 1 10 12 1 8 1 10 12 1 10 12 1 1 8 1 10 12 1 10 12 1 1 10 12 1 10 12 1 1 10 12 1 1 10 12 1 10 12 10 12 1 1 9 12 1 1 10 12 1 1 10 12 1 1 9 12 1 1 8 1 8 1 10 12 1 10 12 1 1 10 12 1 10 12 1 1 10 12 1 1 10 12 1 1 11 7 12 1 1 11 12 1 1 10 12 1 8 1 10 12 1 1 10 12 1 1 10 12 1 1 9 12 1 9 12 1 1 7 1 10 12 10 12 1 10 12 1 7 8 1 10 12 1 100 1 100 1 100 1 100 1 8 1 10 12 1 10 12 1 1 7 10 7 12 1 1 1 10 7 12 1 1 1 10 12 1 1 10 12 1 7 1 10 12 1 1 7 10 12 1 10 12 1 8 1 10 12 1 1 1 1 8 1 1 1 1 1 1 1 1 1 1 1 1 1 1 1 1 1 1 1 1 1 1 1 1 1 1 1 1 1 1 1 1 1 1 1 1 1 1 7 1 7 1 1 1 1 1 1 1 1 1 1 1 1 1 1 1 1 1 1 100 1 1 1
staticfield java/util/jar/JarVerifier debug Lsun/security/util/Debug; null
ciMethod java/util/jar/JarVerifier update (ILsun/security/util/ManifestEntryVerifier;)V 0 0 1 0 0
ciMethod java/util/jar/JarVerifier update (I[BIILsun/security/util/ManifestEntryVerifier;)V 514 0 1160 0 0
ciMethod java/util/jar/JarVerifier beginEntry (Ljava/util/jar/JarEntry;Lsun/security/util/ManifestEntryVerifier;)V 512 0 363 0 0
ciMethod java/util/jar/JarVerifier doneWithMeta ()V 6 0 3 0 -1
ciMethod java/util/jar/JarVerifier <init> (Ljava/lang/String;[B)V 6 0 4 0 -1
ciMethod java/util/jar/JarVerifier processEntry (Lsun/security/util/ManifestEntryVerifier;)V 170 0 363 0 -1
instanceKlass jdk/internal/loader/NativeLibraries$CountedLock
instanceKlass java/util/concurrent/ConcurrentHashMap$Segment
ciInstanceKlass java/util/concurrent/locks/ReentrantLock 1 1 177 10 7 12 1 1 1 7 1 10 9 7 12 1 1 1 7 1 10 10 7 12 1 1 10 12 1 10 12 1 1 10 7 12 1 1 1 10 12 1 1 10 12 1 1 10 12 1 1 10 12 1 1 10 12 1 10 12 1 10 12 1 1 10 12 1 10 12 1 1 10 12 1 10 12 1 1 100 1 10 100 1 100 1 8 1 10 12 1 10 12 1 1 10 12 1 1 10 12 1 1 7 1 10 10 12 1 1 10 12 1 1 8 1 8 1 10 7 12 1 1 8 1 10 7 1 7 1 1 1 1 5 0 1 1 1 1 1 1 1 1 1 1 100 1 1 1 1 1 1 1 1 1 1 1 1 1 1 1 1 1 1 1 1 1 7 1 1 1 1 1 1 1 1 100 1 1
ciMethod java/util/concurrent/locks/ReentrantLock lock ()V 62 0 223962 0 -1
ciMethod java/util/concurrent/locks/ReentrantLock unlock ()V 60 0 223941 0 -1
ciInstanceKlass jdk/internal/access/JavaNioAccess 1 0 47 100 1 100 1 1 1 1 1 1 1 1 1 1 1 1 1 1 1 1 1 1 1 1 1 1 1 1 1 1 1 1 1 1 1 1 1 1 1 1 1 1 100 1 100 1 1
ciMethod jdk/internal/access/JavaNioAccess acquireSession (Ljava/nio/Buffer;)V 0 0 1 0 -1
ciMethod jdk/internal/access/JavaNioAccess releaseSession (Ljava/nio/Buffer;)V 0 0 1 0 -1
ciInstanceKlass java/io/RandomAccessFile 1 1 421 7 1 10 12 1 1 10 7 12 1 1 10 12 1 10 7 12 1 1 9 12 1 1 7 1 9 12 1 1 10 12 1 1 8 1 10 7 12 1 1 1 8 1 10 12 1 1 10 12 1 1 8 1 8 1 9 12 1 100 1 7 1 10 8 1 10 12 1 1 8 1 10 12 1 10 10 7 12 1 1 1 10 7 12 1 1 10 12 1 100 1 10 10 12 1 1 100 1 8 1 10 7 1 10 9 12 1 1 10 12 1 1 9 12 1 1 10 12 1 1 10 7 12 1 1 1 9 12 1 1 10 100 12 1 1 9 12 1 10 100 12 1 1 100 1 7 1 10 12 1 10 7 12 1 1 1 10 12 1 10 12 1 1 10 12 1 10 12 1 1 10 12 1 10 12 1 1 10 12 1 100 1 10 10 12 1 10 12 10 12 1 10 12 1 1 10 12 1 10 12 1 8 1 10 10 12 1 10 12 1 10 12 1 7 1 10 12 1 10 12 1 10 12 1 10 12 10 12 1 7 1 7 1 10 100 12 1 1 1 10 12 1 1 7 1 10 12 1 1 7 1 10 12 1 1 10 12 1 10 10 100 12 1 1 1 10 12 1 10 12 10 12 1 10 12 1 10 12 1 1 10 12 1 1 10 12 1 1 10 12 1 1 10 12 1 1 10 100 12 1 1 1 10 12 1 7 1 10 10 7 12 1 1 1 7 1 7 1 7 1 1 1 1 3 1 3 1 3 1 3 1 3 1 1 1 1 1 1 1 1 1 1 1 1 1 1 1 1 1 1 1 1 1 1 1 7 1 1 1 1 1 1 100 1 1 1 1 1 1 1 1 1 1 1 1 1 1 1 1 1 1 1 1 1 1 1 1 1 1 1 1 1 1 1 1 1 1 1 1 1 1 1 1 1 1 1 1 1 1 1 1 1 1 100 1 1 1 1 1 1
ciInstanceKlass java/io/DataInput 1 0 36 100 1 100 1 1 1 1 100 1 1 1 1 1 1 1 1 1 1 1 1 1 1 1 1 1 1 1 1 1 1 1 1 1 1 1
ciInstanceKlass java/io/DataOutput 1 0 30 100 1 100 1 1 1 1 100 1 1 1 1 1 1 1 1 1 1 1 1 1 1 1 1 1 1 1 1 1
ciMethod java/io/RandomAccessFile read ([BII)I 512 0 11243 0 0
ciMethod java/io/RandomAccessFile seek (J)V 512 0 6479 0 248
ciMethod java/io/RandomAccessFile readBytes ([BII)I 512 0 7682 0 232
ciMethod java/io/RandomAccessFile readFully ([BII)V 524 0 6409 0 304
ciMethod java/io/RandomAccessFile readBytes0 ([BII)I 256 0 128 0 -1
ciMethod java/io/RandomAccessFile seek0 (J)V 256 0 128 0 -1
ciInstanceKlass jdk/internal/access/JavaUtilZipFileAccess 1 0 31 100 1 100 1 1 1 1 1 1 1 1 1 1 1 1 1 1 1 1 1 1 1 1 1 1 1 1 1 1 1
ciMethod jdk/internal/access/JavaUtilZipFileAccess getManifestNum (Ljava/util/jar/JarFile;)I 0 0 1 0 -1
ciMethod jdk/internal/access/JavaUtilZipFileAccess getManifestName (Ljava/util/jar/JarFile;Z)Ljava/lang/String; 0 0 1 0 -1
ciMethod java/lang/ref/ReferenceQueue poll ()Ljava/lang/ref/Reference; 512 0 5378 0 112
ciInstanceKlass jdk/internal/util/Preconditions$4 1 1 61 9 7 12 1 1 1 10 7 12 1 1 1 10 100 12 1 1 1 11 100 12 1 1 1 100 1 100 1 100 1 10 12 1 100 1 1 1 1 1 1 1 1 1 1 1 1 1 1 1 1 1 1 1 1 1 12 1 1 1 1
ciInstanceKlass java/nio/HeapByteBuffer 1 1 360 10 7 12 1 1 1 9 7 12 1 1 1 9 12 1 9 12 1 10 12 1 1 10 12 1 9 12 1 1 9 12 1 1 9 12 1 1 10 12 1 10 7 12 1 1 1 10 12 1 10 12 1 100 1 10 10 12 1 10 12 1 1 10 12 1 10 12 1 1 100 1 10 12 10 7 12 1 1 1 10 12 1 10 12 1 100 1 10 10 12 1 1 10 12 1 9 12 1 1 100 1 10 10 12 10 12 1 9 12 1 1 10 12 1 1 10 12 10 12 1 1 9 12 1 10 7 12 1 1 1 10 12 1 10 12 10 12 1 1 100 1 10 12 1 7 1 10 10 12 1 1 10 12 1 1 100 1 10 100 1 10 10 12 1 1 10 12 1 1 100 1 10 7 1 10 10 12 1 1 10 12 1 1 100 1 10 100 1 10 10 100 12 1 1 1 10 12 1 1 100 1 10 100 1 10 10 100 12 1 1 1 10 12 1 1 100 1 10 100 1 10 10 12 1 1 10 12 1 1 10 12 10 7 12 1 1 1 9 12 1 1 7 10 7 12 1 1 1 10 12 1 1 1 1 1 1 1 1 1 1 1 1 1 1 1 1 1 1 1 1 1 1 1 1 1 1 1 1 1 1 1 1 1 1 1 1 1 1 1 1 1 1 1 1 1 1 1 1 1 1 1 100 1 1 1 1 1 1 1 1 1 1 100 1 1 1 1 1 100 1 1 1 1 1 1 1 1 1 100 1 1 1 1 1 1 1 1 1 1 100 1 1 1 1 1 1 1 1 1 1 100 1 1 1 1 1 1 1 1
staticfield java/nio/HeapByteBuffer ARRAY_BASE_OFFSET J 16
staticfield java/nio/HeapByteBuffer ARRAY_INDEX_SCALE J 1
staticfield java/nio/HeapByteBuffer $assertionsDisabled Z 1
ciInstanceKlass java/util/Collections$SetFromMap 1 1 182 10 7 12 1 1 1 9 7 12 1 1 1 11 7 12 1 1 1 9 12 1 1 11 12 1 11 12 1 1 11 12 1 1 11 12 1 1 11 12 1 1 9 7 12 1 1 1 11 12 1 1 11 7 12 1 1 1 11 12 1 1 11 12 1 11 12 1 1 11 12 1 11 12 1 11 12 1 1 11 12 1 11 12 1 11 12 1 1 11 12 1 1 11 12 1 1 11 12 1 1 11 12 1 10 100 12 1 1 100 1 8 1 10 12 1 7 1 1 1 1 1 1 1 5 0 1 1 1 1 1 1 1 1 1 1 1 1 1 1 1 1 1 1 1 1 1 1 1 1 1 1 1 1 1 1 1 1 1 1 1 1 1 1 1 1 1 100 1 7 1 1 100 1 1 1 1 1 100 1 1 1
ciMethod java/util/Collections$SetFromMap remove (Ljava/lang/Object;)Z 512 0 7237 0 1608
instanceKlass sun/net/www/protocol/jar/URLJarFile$URLJarFileEntry
instanceKlass java/util/jar/JarFile$JarFileEntry
ciInstanceKlass java/util/jar/JarEntry 1 1 60 10 7 12 1 1 1 10 12 1 10 7 1 9 12 1 1 9 12 1 1 9 12 1 1 10 100 12 1 1 10 100 10 12 1 1 1 1 1 1 1 1 1 1 1 1 1 1 1 1 100 1 1 1 1 1 1 1 1 1
instanceKlass java/util/jar/JarEntry
ciInstanceKlass java/util/zip/ZipEntry 1 1 327 100 1 7 1 10 7 12 1 1 1 5 0 9 7 12 1 1 1 9 12 1 9 12 1 9 12 1 9 12 1 1 9 12 1 1 9 12 1 9 12 1 8 1 10 7 12 1 1 1 10 7 12 1 1 1 3 100 1 8 1 10 12 1 9 12 1 8 1 9 12 1 1 9 12 1 9 12 1 9 12 1 1 9 12 1 10 12 1 1 5 0 5 0 10 12 1 1 10 100 12 1 1 9 100 12 1 1 1 10 100 12 1 1 1 10 12 1 1 10 12 1 10 12 1 10 12 1 10 12 1 10 12 1 10 12 1 5 0 10 12 1 3 10 100 12 1 1 1 10 100 12 1 1 1 10 12 1 1 10 12 1 10 10 12 1 1 5 0 5 0 5 0 5 0 5 0 5 0 10 12 1 8 1 10 12 1 1 10 12 1 8 1 8 1 8 1 8 1 8 1 10 12 1 1 8 1 10 12 1 1 10 12 1 1 5 0 10 12 1 1 10 7 12 1 1 1 10 12 1 10 12 1 8 1 10 12 1 1 10 12 1 1 10 12 1 10 12 1 1 10 100 100 1 7 1 10 12 1 7 1 7 1 1 1 3 1 3 1 1 1 1 1 1 1 1 1 1 1 1 1 1 1 1 1 1 1 1 1 1 1 1 1 1 1 1 1 1 1 1 1 1 1 1 1 1 1 1 1 1 1 1 1 1 1 1 1 1 1 1 1 1 1 1 1 1 1
ciMethod java/util/zip/ZipEntry getName ()Ljava/lang/String; 256 0 128 0 -1
ciMethod java/util/zip/ZipEntry getSize ()J 256 0 128 0 0
ciMethod java/util/zip/ZipEntry isDirectory ()Z 512 0 35509 0 -1
ciInstanceKlass java/util/WeakHashMap$Entry 1 1 112 10 7 12 1 1 1 9 7 12 1 1 1 9 12 1 1 9 12 1 1 10 12 1 1 10 100 12 1 1 1 7 1 10 12 1 11 10 7 12 1 1 1 10 12 1 11 10 100 12 1 1 1 7 1 10 12 1 10 12 1 1 8 1 10 12 1 10 12 1 1 1 1 1 1 1 1 1 1 1 1 1 1 1 1 1 1 1 1 1 1 1 1 1 1 1 1 1 1 1 1 1 1 1 1 1 1 1 1 1 7 1
instanceKlass jdk/internal/loader/URLClassPath$JarLoader
ciInstanceKlass jdk/internal/loader/URLClassPath$Loader 1 1 134 10 7 12 1 1 1 9 7 12 1 1 1 7 1 10 100 12 1 1 1 10 12 1 100 1 10 100 12 1 1 1 10 12 1 1 100 1 8 1 10 12 1 1 10 12 1 1 10 100 12 1 1 1 10 12 1 1 10 7 12 1 1 7 1 100 1 10 12 1 1 10 100 12 1 1 1 9 12 1 1 100 1 10 12 1 10 12 1 1 10 100 1 7 1 1 1 1 1 1 1 1 1 1 1 1 1 1 1 1 1 1 1 1 1 1 1 1 7 1 1 1 1 1 100 1 1 1 1 1 1 1 1 1
ciInstanceKlass jdk/internal/loader/URLClassPath$JarLoader 1 1 485 7 1 8 1 8 1 7 1 10 12 1 1 10 12 1 1 8 1 10 12 1 10 12 1 1 10 7 12 1 1 1 10 7 12 1 1 9 12 1 1 9 12 1 1 9 12 1 1 9 12 1 1 9 12 1 1 10 12 1 7 1 10 12 1 9 12 1 10 7 12 1 1 8 1 10 12 1 10 7 12 1 1 1 7 1 10 12 1 10 7 12 1 1 1 7 1 10 12 1 1 7 1 10 7 12 1 1 1 9 12 1 9 12 1 1 11 100 12 1 1 1 8 1 10 12 1 10 12 1 1 10 12 1 1 7 1 10 10 12 1 1 7 1 10 12 1 10 7 1 10 100 1 10 12 1 1 10 12 1 10 12 1 1 10 12 1 1 8 1 10 12 1 10 12 1 1 8 1 9 12 1 1 10 100 12 1 1 1 100 1 10 12 1 1 10 12 1 10 7 12 1 1 10 7 12 1 1 1 10 12 1 100 1 7 1 10 12 1 10 12 1 1 10 12 1 1 10 12 1 1 11 100 12 1 1 11 12 1 1 100 1 10 12 1 10 12 1 1 10 7 12 1 1 7 1 10 12 10 12 1 1 10 12 1 1 10 7 12 1 1 1 11 7 12 1 1 1 10 12 1 1 10 7 12 1 1 1 9 7 12 1 1 1 10 7 12 1 1 1 10 12 1 1 7 1 10 10 12 1 1 10 12 1 10 12 1 9 12 1 10 12 1 1 9 12 1 9 12 1 1 8 1 8 1 10 100 12 1 1 10 100 12 1 1 1 100 1 10 12 1 1 10 12 1 10 12 1 10 12 1 9 12 1 1 10 12 1 1 10 12 1 10 10 12 1 10 12 1 1 8 1 10 12 1 10 100 12 1 1 1 10 12 1 100 1 10 12 1 1 1 1 1 1 1 1 1 1 1 1 1 1 1 1 1 1 1 1 100 1 1 1 1 1 1 1 1 1 1 1 1 1 1 1 1 1 1 1 1 7 1 1 1 1 1 1 1 1 1 1 1 1 1 1 1 1 1 1 1 1 1 1 1 1 1 1 1 1 1 1 1 1 1 1 1 1 1 1 1 100 1 100 1 1 1
staticfield jdk/internal/loader/URLClassPath$JarLoader zipAccess Ljdk/internal/access/JavaUtilZipFileAccess; java/util/zip/ZipFile$1
ciInstanceKlass jdk/internal/loader/URLClassPath$JarLoader$2 1 1 133 9 7 12 1 1 1 9 12 1 1 9 12 1 1 9 12 1 1 10 7 12 1 1 1 9 12 1 1 9 7 12 1 1 9 12 1 1 10 7 12 1 1 1 10 7 12 1 1 1 10 7 12 1 1 1 11 7 12 1 1 1 10 12 1 1 10 12 1 1 10 12 1 1 10 12 1 1 7 1 10 10 12 1 1 10 12 1 10 12 1 100 1 8 1 10 12 1 1 1 1 1 1 1 1 1 1 1 1 1 1 1 1 1 1 1 1 1 1 1 1 100 1 1 1 12 1 1 1 7 1 1 1
ciMethod jdk/internal/loader/URLClassPath$JarLoader$2 getInputStream ()Ljava/io/InputStream; 256 0 5504 0 0
ciMethod jdk/internal/loader/URLClassPath$JarLoader$2 getContentLength ()I 768 0 5506 0 0
instanceKlass com/intellij/testFramework/LightVirtualFile$1
instanceKlass sun/security/util/DerOutputStream
ciInstanceKlass java/io/ByteArrayOutputStream 1 1 145 10 7 12 1 1 1 10 7 12 1 1 100 1 7 1 10 8 1 10 12 1 1 10 12 1 10 12 1 1 10 12 1 9 12 1 1 10 7 12 1 1 1 10 7 12 1 1 1 9 12 1 1 10 12 1 10 7 12 1 1 10 7 12 1 1 1 10 12 1 1 10 7 12 1 1 1 10 12 1 1 10 12 1 10 7 1 10 12 10 12 1 10 12 1 10 12 1 1 1 1 1 1 1 1 1 1 1 1 1 1 1 1 1 1 1 1 7 1 7 1 100 1 100 1 1 1 1 1 1 1 1 100 1 1 1 1 1 1 1 1 1 1 1 1
ciMethod java/io/ByteArrayOutputStream write ([BII)V 244 0 1971 0 -1
ciMethod java/io/ByteArrayOutputStream write (I)V 514 0 641 0 -1
ciMethod java/io/ByteArrayOutputStream reset ()V 68 0 90 0 -1
ciInstanceKlass java/lang/ThreadLocal$ThreadLocalMap$Entry 1 1 37 10 7 12 1 1 1 9 7 12 1 1 1 1 1 1 1 1 1 1 1 1 1 1 1 1 1 1 1 1 100 1 1 100 1 1 1
ciInstanceKlass java/util/zip/ZipUtils 1 1 331 7 1 7 1 100 1 10 7 12 1 1 1 5 0 5 0 9 7 12 1 1 1 10 7 12 1 1 1 10 12 1 1 9 12 1 5 0 5 0 5 0 5 0 5 0 5 0 10 100 12 1 1 1 10 100 12 1 1 1 10 12 1 1 10 100 12 1 1 1 10 12 1 1 10 12 1 1 100 1 10 12 1 1 100 1 10 12 1 10 12 1 1 10 12 1 10 12 1 1 10 12 1 10 12 1 10 12 1 10 12 1 10 12 1 5 0 10 12 1 1 10 12 1 1 5 0 100 1 5 0 10 100 12 1 1 1 10 12 1 1 10 12 1 1 10 12 1 1 10 12 1 10 12 1 10 12 1 10 12 1 8 1 10 7 12 1 1 1 9 12 1 1 9 12 1 1 10 7 12 1 1 1 7 1 9 12 1 10 12 1 1 10 7 12 1 1 1 9 12 1 1 10 7 12 1 1 1 9 12 1 1 10 12 1 1 8 1 10 12 1 1 8 1 1 1 1 5 0 1 5 0 1 1 3 1 3 1 5 0 1 3 1 1 1 1 1 1 1 1 1 1 1 1 1 1 1 1 1 1 1 1 1 1 1 1 1 1 1 1 1 1 1 1 1 1 1 1 1 1 1 1 1 1 1 1 1 1 1 1 1 1 1 1 1 1 1 1 1 1 1 1 1 1 1 1 1 1 1 1 1 1 1 1 1 1 1 1 1 1 1 1 1 1 1 1 1 1 1 1 1
staticfield java/util/zip/ZipUtils NIO_ACCESS Ljdk/internal/access/JavaNioAccess; java/nio/Buffer$2
staticfield java/util/zip/ZipUtils defaultBuf Ljava/nio/ByteBuffer; java/nio/HeapByteBuffer
staticfield java/util/zip/ZipUtils unsafe Ljdk/internal/misc/Unsafe; jdk/internal/misc/Unsafe
staticfield java/util/zip/ZipUtils byteBufferArrayOffset J 48
staticfield java/util/zip/ZipUtils byteBufferOffsetOffset J 40
ciMethod java/util/zip/ZipUtils LOCSIG ([B)J 512 0 4784 0 0
ciMethod java/util/zip/ZipUtils LOCNAM ([B)I 480 0 4625 0 0
ciMethod java/util/zip/ZipUtils LOCEXT ([B)I 480 0 4625 0 0
ciMethod java/util/zip/ZipUtils CENHOW ([BI)I 620 0 39388 0 -1
ciMethod java/util/zip/ZipUtils CENLEN ([BI)J 512 0 16469 0 -1
ciMethod java/util/zip/ZipUtils getBufferArray (Ljava/nio/ByteBuffer;)[B 0 0 1 0 -1
ciMethod java/util/zip/ZipUtils getBufferOffset (Ljava/nio/ByteBuffer;)I 0 0 1 0 -1
ciMethod java/util/zip/ZipUtils SH ([BI)I 1024 0 430227 0 176
ciMethod java/util/zip/ZipUtils LG ([BI)J 558 0 77074 0 224
ciInstanceKlass java/util/jar/JarFile$JarFileEntry 1 1 129 9 7 12 1 1 1 10 7 12 1 1 1 9 12 1 1 10 12 1 10 7 12 1 1 1 10 12 1 1 10 100 12 1 1 1 10 12 1 1 100 1 100 1 10 12 1 9 12 1 1 9 12 1 1 10 12 1 1 10 100 12 1 1 1 10 100 12 1 1 9 12 1 1 10 12 1 1 10 7 10 12 1 1 9 12 1 1 9 12 1 10 100 12 1 1 1 10 12 1 1 1 1 1 1 1 1 1 1 1 1 1 1 1 1 1 1 1 1 1 1 1 1 1 1 1 1 1 1
ciMethod java/util/jar/JarFile$JarFileEntry realEntry ()Ljava/util/jar/JarFile$JarFileEntry; 6 0 356 0 -1
ciInstanceKlass sun/security/util/SignatureFileVerifier 1 1 730 7 1 10 7 12 1 1 1 9 7 12 1 1 1 7 1 10 9 12 1 1 10 7 12 1 1 1 7 1 10 12 1 9 12 1 1 10 12 1 1 10 7 12 1 1 1 9 12 1 1 8 1 10 7 12 1 1 1 9 12 1 1 10 12 1 1 10 7 12 1 1 1 10 12 1 1 9 7 12 1 1 1 10 12 1 1 9 12 1 1 9 12 1 1 9 12 1 1 10 12 1 1 8 1 10 12 1 1 10 12 1 1 8 1 10 12 1 8 1 8 1 8 1 11 100 12 1 1 1 8 1 10 12 1 1 8 1 8 1 8 1 8 1 8 1 10 12 1 10 12 1 8 1 8 1 10 12 1 1 10 12 1 10 12 1 1 9 12 1 1 10 12 1 1 7 1 10 12 1 10 12 1 1 100 1 10 12 1 1 7 1 10 7 1 10 10 12 1 1 10 12 1 1 9 7 12 1 1 1 10 7 12 1 1 1 8 1 10 12 1 1 100 1 7 1 10 8 1 10 12 1 1 10 12 1 10 12 1 10 12 1 1 7 1 10 12 1 9 12 1 1 8 1 10 7 12 1 1 1 11 7 12 1 1 1 11 7 12 1 1 1 11 12 1 9 7 12 1 1 1 11 7 1 10 12 1 1 11 12 1 1 10 12 1 1 10 12 1 1 8 1 7 1 11 12 1 11 12 10 12 1 1 8 1 10 12 8 1 10 12 1 1 9 12 1 1 8 1 10 7 12 1 1 8 1 11 8 1 10 12 1 1 10 100 12 1 1 1 10 12 1 1 100 1 9 12 1 10 12 1 8 1 8 1 8 1 10 12 1 10 12 1 8 1 11 12 1 8 1 7 1 8 1 8 1 10 10 12 1 8 1 10 10 8 1 10 12 1 1 11 7 12 1 1 10 12 1 10 7 12 1 1 1 10 7 12 1 1 1 10 7 12 1 1 1 8 1 8 1 10 100 12 1 1 1 10 12 1 1 8 1 10 12 10 12 1 1 8 1 8 1 10 100 1 8 1 10 12 1 1 10 9 12 1 10 12 1 1 8 1 10 100 12 1 1 8 1 10 8 1 8 1 8 1 8 1 10 12 1 10 12 1 8 1 8 1 10 12 1 8 1 8 1 8 1 8 1 8 1 8 1 8 1 8 1 10 12 1 1 10 12 1 1 7 1 10 7 1 10 12 1 1 10 12 1 10 8 1 10 12 1 10 12 1 10 12 1 1 7 1 10 10 12 1 1 10 12 1 1 10 7 1 10 12 1 10 12 1 1 10 10 7 12 1 1 1 8 1 3 10 7 12 1 1 1 10 12 1 3 8 1 10 12 1 8 1 10 12 1 8 1 8 1 10 12 1 9 12 1 1 1 1 1 1 1 1 1 1 1 1 1 1 1 1 1 1 1 1 100 7 1 1 100 1 100 1 1 1 1 1 1 1 1 1 1 1 1 1 1 1 1 1 1 1 1 1 1 1 1 1 1 1 1 1 1 1 1 1 1 1 1 1 1 1 1 1 1 1 1 100 1 1 1 1 1 1 1 1 1 1 1 1 1 1 1 1 1 1 1 1 1 1 1 1 1 1 1 1 1 1 1 100 1 1 1 1 1 1 1 1 1 1 1 1 1 1 1 1 1
staticfield sun/security/util/SignatureFileVerifier debug Lsun/security/util/Debug; null
staticfield sun/security/util/SignatureFileVerifier ATTR_DIGEST Ljava/lang/String; "-DIGEST-MANIFEST-MAIN-ATTRIBUTES"
staticfield sun/security/util/SignatureFileVerifier MAX_SIG_FILE_SIZE I 16000000
ciMethod sun/security/util/SignatureFileVerifier isInMetaInf (Ljava/lang/String;)Z 14 0 7 0 -1
ciMethod sun/security/util/SignatureFileVerifier isBlockOrSF (Ljava/lang/String;)Z 8 0 4 0 -1
ciInstanceKlass java/util/zip/ZipFile$CleanableResource 1 1 167 100 1 10 7 12 1 1 1 10 7 12 1 1 1 10 7 12 1 1 1 9 7 12 1 1 1 7 1 10 10 7 12 1 1 1 9 12 1 1 7 1 10 9 12 1 1 10 7 12 1 1 1 9 12 1 1 11 7 12 1 1 11 7 12 1 1 1 7 1 10 12 1 10 12 1 11 12 1 1 10 12 1 11 7 12 1 1 1 100 1 11 12 1 1 100 1 11 12 1 10 12 1 100 1 10 12 1 1 10 12 1 1 100 1 10 12 1 100 1 1 1 1 1 1 1 1 1 1 1 1 1 1 1 1 1 1 1 100 1 100 1 1 1 1 1 1 100 1 1 1 1 1 1 1 1 1 1 1 1 1 1 1 1 1 1 1
ciInstanceKlass java/util/zip/ZipFile$Source 1 1 688 100 1 100 1 7 1 7 1 9 7 12 1 1 1 10 12 1 1 5 0 8 1 10 12 1 1 10 12 1 1 10 12 1 8 1 7 1 10 12 1 1 8 1 10 12 1 1 10 12 1 8 1 10 12 1 1 10 12 1 8 1 10 12 1 9 12 1 1 8 1 10 12 1 1 10 12 1 1 10 7 12 1 1 1 3 9 12 1 1 9 12 1 1 9 12 1 10 12 1 10 12 1 7 1 8 1 3 8 1 8 1 7 1 10 12 1 8 1 7 1 10 12 1 1 10 7 12 1 1 1 10 12 1 10 12 1 10 12 1 1 5 0 8 1 10 12 1 1 10 12 1 8 1 8 1 7 1 9 12 1 1 10 7 12 1 1 10 7 12 1 1 7 1 7 1 10 7 12 1 1 1 10 12 1 100 1 100 1 10 12 1 9 12 1 1 10 7 12 1 1 1 9 12 1 10 12 1 10 12 1 1 10 12 1 9 12 1 1 10 12 1 10 9 12 1 9 12 1 9 12 1 1 10 100 12 1 1 1 10 7 12 1 1 1 9 12 1 1 8 1 11 100 12 1 1 1 9 12 1 1 7 1 10 12 1 10 12 1 10 12 1 1 10 12 1 1 10 12 1 1 5 0 9 12 1 10 9 12 1 9 12 1 9 12 1 10 12 1 1 10 7 12 1 1 1 10 12 1 1 10 12 1 10 12 1 1 8 1 7 1 10 5 0 10 7 12 1 1 1 8 1 10 12 1 1 10 12 1 1 9 12 1 10 12 1 9 12 1 1 10 12 1 9 12 1 9 12 1 10 12 1 5 0 10 12 1 9 12 1 8 1 5 0 5 0 10 12 1 5 0 10 12 1 10 12 1 10 12 1 100 1 10 12 10 12 1 1 9 12 1 9 12 1 8 1 8 1 5 0 8 1 8 1 10 12 1 10 12 1 10 12 1 10 12 1 1 10 12 1 1 10 12 1 7 1 10 12 10 12 1 1 10 12 1 7 1 10 11 7 1 10 12 1 1 10 12 1 1 10 12 1 10 12 1 11 11 12 1 1 11 7 12 1 1 11 12 1 1 10 12 1 1 10 12 1 1 10 12 1 9 7 12 1 1 10 12 1 1 10 7 12 1 1 10 12 1 10 12 1 9 12 1 1 9 12 1 9 100 12 1 1 1 10 12 1 9 100 12 1 1 1 10 12 1 1 10 100 12 1 1 1 100 1 10 10 12 1 10 7 12 1 1 10 12 1 1 9 12 1 1 10 10 7 12 1 1 1 1 1 3 1 1 1 3 1 1 1 3 1 1 1 1 1 1 1 1 1 1 1 1 1 1 1 1 1 1 1 1 100 1 1 1 1 1 1 1 1 1 1 1 1 1 1 1 1 1 1 7 1 1 1 1 1 1 1 1 1 1 1 1 1 1 1 1 1 1 1 1 1 1 1 1 1 1 1 1 1 1 1 1 1 1 1 1 1 1 1 1 1 100 1 1 1 1 1 1 1 1 1 1 1 1 1 1 1 1 1 1 1 1 1 1 1 1 100 1 1
staticfield java/util/zip/ZipFile$Source JUJA Ljdk/internal/access/JavaUtilJarAccess; java/util/jar/JavaUtilJarAccessImpl
staticfield java/util/zip/ZipFile$Source EMPTY_META_VERSIONS [I 0
staticfield java/util/zip/ZipFile$Source files Ljava/util/HashMap; java/util/HashMap
staticfield java/util/zip/ZipFile$Source builtInFS Ljava/nio/file/FileSystem; sun/nio/fs/WindowsFileSystem
staticfield java/util/zip/ZipFile$Source $assertionsDisabled Z 1
ciMethod java/util/zip/ZipFile$Source getEntryPos (Ljava/lang/String;Z)I 536 946 5508 0 -1
ciMethod java/util/zip/ZipFile$Source readFullyAt ([BIIJ)I 512 1562 5261 0 0
ciMethod java/util/zip/ZipFile$Source readAt ([BIIJ)I 512 0 4834 0 0
ciInstanceKlass java/util/zip/ZipFile$ZipFileInputStream 1 1 180 100 1 100 1 9 7 12 1 1 1 10 7 12 1 1 1 10 7 12 1 1 1 9 12 1 1 10 12 1 9 12 1 10 12 1 9 12 1 5 0 10 12 1 1 9 7 12 1 1 1 9 7 12 1 1 1 9 7 12 1 1 10 12 1 1 10 12 1 10 12 1 10 12 1 10 12 1 1 100 1 8 1 10 12 1 10 12 1 1 5 0 8 1 10 12 1 1 10 12 1 9 12 1 10 12 1 10 12 1 1 10 12 1 10 12 1 10 12 1 1 7 1 5 0 3 9 12 1 1 9 12 1 1 11 7 12 1 1 1 1 1 1 1 1 1 1 1 1 1 1 100 1 1 1 1 1 1 1 1 100 1 1 7 1 7 1 1 1 1 1 1 1 1 1 1 1 1 1 1
ciMethod java/util/zip/ZipFile$ZipFileInputStream read ([BII)I 512 0 4834 0 0
ciMethod java/util/zip/ZipFile$ZipFileInputStream close ()V 512 0 7271 0 2392
ciMethod java/util/zip/ZipFile$ZipFileInputStream <init> (Ljava/util/zip/ZipFile;[BI)V 512 0 5498 0 -1
ciMethod java/util/zip/ZipFile$ZipFileInputStream initDataOffset ()J 512 0 4834 0 0
ciInstanceKlass java/util/zip/ZipFile$ZipFileInflaterInputStream 1 1 155 10 7 12 1 1 1 10 7 12 1 1 1 9 12 1 1 10 7 12 1 1 9 12 1 1 10 7 12 1 1 1 7 1 10 12 1 10 7 12 1 1 1 9 12 1 1 9 12 1 10 12 1 1 9 7 12 1 1 1 9 12 1 1 11 7 12 1 1 1 11 7 12 1 1 100 1 8 1 10 12 1 9 12 1 1 9 12 1 1 10 7 12 1 1 1 9 12 1 1 9 12 1 1 10 7 12 1 1 1 7 1 10 12 1 1 10 12 1 7 1 5 0 3 1 1 1 1 1 1 1 1 1 1 7 1 7 1 1 100 1 1 1 1 1 1 1 1 1 1 1 1 1 1 1
instanceKlass java/util/zip/ZipInputStream
instanceKlass java/util/zip/ZipFile$ZipFileInflaterInputStream
ciInstanceKlass java/util/zip/InflaterInputStream 1 1 180 9 7 12 1 1 1 100 1 8 1 10 12 1 1 10 7 12 1 1 9 12 1 9 12 1 9 12 1 1 100 1 10 12 1 100 1 8 1 10 9 12 1 1 9 12 1 10 12 1 7 1 10 10 12 1 10 12 1 10 12 1 1 10 7 12 1 1 1 10 7 12 1 1 1 10 12 1 1 10 12 1 10 12 1 10 12 1 10 12 1 10 12 1 100 1 10 12 1 1 100 1 8 1 10 8 1 7 1 5 0 10 100 12 1 1 1 10 12 1 10 12 1 9 12 1 1 10 7 12 1 1 10 9 12 1 1 100 1 8 1 10 10 12 1 1 8 1 1 1 1 1 1 1 1 1 1 1 1 1 1 1 1 1 100 7 1 1 1 1 1 1 1 1 1 1 1 1 1 1
ciMethod java/util/zip/InflaterInputStream read ([BII)I 512 0 12510 0 0
ciMethod java/util/zip/InflaterInputStream close ()V 518 0 5406 0 -1
ciMethod java/util/zip/InflaterInputStream fill ()V 0 0 1 0 -1
ciMethod java/util/zip/InflaterInputStream ensureOpen ()V 512 0 12510 0 0
ciMethod java/util/zip/ZipFile$ZipFileInflaterInputStream close ()V 518 0 5413 0 9528
ciMethod java/util/zip/ZipFile$ZipFileInflaterInputStream fill ()V 512 0 4834 0 0
ciMethod java/util/zip/ZipFile$ZipFileInflaterInputStream <init> (Ljava/util/zip/ZipFile;Ljava/util/zip/ZipFile$ZipFileInputStream;Ljava/util/zip/ZipFile$CleanableResource;I)V 512 0 5498 0 -1
ciInstanceKlass java/util/zip/ZipFile$1 1 1 101 10 7 12 1 1 1 9 7 12 1 1 1 9 100 12 1 1 1 9 100 12 1 1 1 10 12 1 1 10 12 1 1 10 12 1 1 10 12 1 1 10 12 1 1 10 12 1 1 10 12 1 9 100 12 1 1 1 100 1 100 1 1 1 1 1 1 1 1 1 1 1 1 1 1 1 1 1 1 1 1 1 1 1 1 1 1 1 1 1 1 1 1 1 1 1 1 1 1 1 1
ciMethod java/util/zip/ZipFile$1 getManifestName (Ljava/util/jar/JarFile;Z)Ljava/lang/String; 86 0 79 0 0
ciInstanceKlass java/util/zip/Inflater 1 1 280 10 7 12 1 1 1 9 7 12 1 1 1 9 7 12 1 1 7 1 10 12 1 1 10 12 1 9 12 1 1 10 12 1 9 7 12 1 1 1 10 12 1 1 9 12 1 1 9 12 1 1 9 12 1 10 12 1 1 10 100 12 1 1 1 10 12 1 10 12 1 1 10 12 1 1 9 12 1 1 10 12 10 7 12 1 1 1 10 12 1 10 7 12 1 1 1 10 12 1 1 9 12 1 1 11 100 12 1 1 1 100 1 11 10 12 1 1 11 12 1 10 12 1 1 10 12 1 1 10 12 1 10 12 1 10 12 1 9 12 1 10 12 1 1 100 1 9 12 1 10 12 1 1 9 12 1 1 9 12 1 9 12 1 5 0 9 12 1 10 12 1 1 10 12 1 100 1 10 10 12 1 1 10 12 1 1 10 12 1 1 10 12 1 10 12 1 10 12 1 1 10 12 1 9 12 1 10 7 12 1 1 1 100 1 10 100 1 8 1 10 12 1 10 7 12 1 1 10 12 1 10 12 1 1 1 1 1 1 1 1 1 1 100 7 1 1 1 1 1 1 1 1 1 1 1 1 1 1 1 1 1 1 1 1 1 1 1 1 1 1 1 1 1 1 1 1 1 1 1
staticfield java/util/zip/Inflater $assertionsDisabled Z 1
ciMethod java/util/zip/Inflater inflate ([BII)I 460 0 12488 0 -1
ciMethod java/util/zip/Inflater setInput ([BII)V 512 0 4834 0 0
ciMethod java/util/zip/Inflater finished ()Z 720 0 12493 0 0
ciMethod java/util/zip/Inflater needsInput ()Z 462 0 6797 0 512
ciMethod java/util/zip/Inflater needsDictionary ()Z 638 0 12441 0 0
ciMethod java/util/zip/Inflater hasPendingOutput ()Z 256 0 128 0 0
ciMethod java/util/zip/Inflater ensureOpen ()V 522 0 6528 0 -1
ciMethod java/util/zip/Inflater inflateBytesBytes (J[BII[BII)J 256 0 128 0 -1
ciMethod java/util/zip/Inflater inflateBufferBytes (JJI[BII)J 0 0 1 0 -1
ciInstanceKlass java/util/zip/Inflater$InflaterZStreamRef 1 1 60 10 7 12 1 1 1 10 7 12 1 1 1 10 7 12 1 1 1 9 7 12 1 1 1 9 12 1 1 11 7 12 1 1 10 7 12 1 1 1 100 1 1 1 1 1 1 1 1 1 1 1 1 1 1 1 1 1 1 1
ciMethod java/util/zip/Inflater$InflaterZStreamRef address ()J 256 0 128 0 -1
ciMethod java/util/Set add (Ljava/lang/Object;)Z 0 0 1 0 -1
ciMethod java/lang/ref/Cleaner$Cleanable clean ()V 0 0 1 0 -1
ciMethod java/util/HashMap tableSizeFor (I)I 1024 0 4557 0 0
ciMethod java/util/HashMap <init> (IF)V 1024 0 4119 0 0
ciMethod java/util/HashMap <init> (I)V 1024 0 3576 0 0
ciMethod java/util/AbstractMap <init> ()V 770 0 16055 0 80
ciMethod jdk/internal/util/Preconditions outOfBoundsCheckFromIndexSize (Ljava/util/function/BiFunction;III)Ljava/lang/RuntimeException; 0 0 1 0 -1
ciMethod jdk/internal/util/Preconditions checkFromIndexSize (IIILjava/util/function/BiFunction;)I 512 0 135393 0 0
ciMethod java/lang/ref/ReferenceQueue headIsNull ()Z 532 0 11823 0 0
ciMethod java/lang/ref/ReferenceQueue poll0 ()Ljava/lang/ref/Reference; 4 0 1213 0 -1
ciMethod java/lang/Integer numberOfLeadingZeros (I)I 36 0 5967 0 -1
ciMethod java/util/Arrays copyOf ([BI)[B 188 0 6252 0 912
ciMethod java/lang/Math max (II)I 516 0 527607 0 -1
ciMethod java/lang/Math min (II)I 512 0 573139 0 -1
ciMethod jdk/internal/access/JavaLangAccess currentCarrierThread ()Ljava/lang/Thread; 0 0 1 0 -1
ciMethod java/lang/Thread clearInterruptEvent ()V 0 0 1 0 -1
ciMethod java/lang/Thread interrupt0 ()V 0 0 1 0 -1
ciMethod java/lang/Thread interrupted ()Z 512 0 5563 0 0
ciMethod java/lang/Thread checkAccess ()V 14 0 7 0 -1
ciMethod java/lang/Thread currentThread ()Ljava/lang/Thread; 0 0 1 0 -1
ciMethod java/lang/Thread currentCarrierThread ()Ljava/lang/Thread; 256 0 128 0 -1
ciMethod java/io/InputStream close ()V 0 0 1 0 -1
ciMethod java/io/InputStream <init> ()V 332 0 12908 0 80
ciMethod java/io/InputStream read ([BII)I 0 0 1 0 -1
ciMethod java/util/Set remove (Ljava/lang/Object;)Z 0 0 1 0 -1
ciMethod jdk/internal/misc/VM isBooted ()Z 518 0 5435 0 0
ciMethod java/lang/String equalsIgnoreCase (Ljava/lang/String;)Z 334 0 15227 0 -1
ciMethod java/lang/String toUpperCase (Ljava/util/Locale;)Ljava/lang/String; 514 0 1774 0 -1
ciMethod java/lang/String substring (I)Ljava/lang/String; 516 0 114094 0 -1
ciMethod java/lang/String startsWith (Ljava/lang/String;)Z 534 0 56260 0 -1
ciMethod java/util/Hashtable get (Ljava/lang/Object;)Ljava/lang/Object; 570 208 1773 0 -1
ciMethod java/lang/Throwable addSuppressed (Ljava/lang/Throwable;)V 0 0 1 0 -1
ciMethod java/lang/StringBuilder append (Ljava/lang/String;)Ljava/lang/StringBuilder; 10 0 107562 0 -1
ciMethod java/lang/StringBuilder <init> ()V 8 0 27159 0 -1
ciMethod java/util/Map remove (Ljava/lang/Object;)Ljava/lang/Object; 0 0 1 0 -1
ciMethod java/lang/Object <init> ()V 1024 0 953677 0 136
ciInstanceKlass java/util/zip/ZipException 0 0 26 10 100 12 1 1 1 10 12 1 100 1 1 1 1 5 0 1 1 1 1 1 1 1 1 1
ciInstanceKlass sun/nio/ch/Interruptible 1 0 9 100 1 100 1 1 1 1 1
instanceKlass org/jetbrains/kotlin/protobuf/CodedOutputStream$OutOfSpaceException
instanceKlass org/jetbrains/kotlin/protobuf/InvalidProtocolBufferException
instanceKlass com/google/gson/stream/MalformedJsonException
instanceKlass java/io/EOFException
instanceKlass java/io/ObjectStreamException
instanceKlass kotlin/reflect/jvm/internal/impl/protobuf/CodedOutputStream$OutOfSpaceException
instanceKlass kotlin/reflect/jvm/internal/impl/protobuf/InvalidProtocolBufferException
instanceKlass java/io/UTFDataFormatException
instanceKlass java/net/MalformedURLException
instanceKlass java/util/zip/ZipException
instanceKlass com/intellij/openapi/util/io/FileTooBigException
instanceKlass java/io/CharConversionException
instanceKlass java/io/UnsupportedEncodingException
instanceKlass java/nio/file/FileSystemException
instanceKlass java/io/FileNotFoundException
ciInstanceKlass java/io/IOException 1 1 34 10 7 12 1 1 1 10 12 1 10 12 1 10 12 1 100 1 1 1 1 5 0 1 1 1 1 1 1 1 1 1 1 1
ciInstanceKlass java/lang/AssertionError 0 0 79 10 100 12 1 1 1 10 12 1 10 100 12 1 1 1 10 100 1 100 1 10 12 1 1 10 12 1 10 12 1 10 12 1 10 12 1 10 12 1 10 12 1 10 12 1 1 1 1 5 0 1 1 1 1 1 1 1 1 1 1 100 1 1 1 1 1 1 1 1 1 1 1 1 1 1 1 1 1
ciInstanceKlass sun/security/util/ManifestEntryVerifier 1 1 379 10 7 12 1 1 1 9 7 12 1 1 1 9 12 1 1 9 12 1 1 7 1 10 12 1 9 12 1 1 7 1 10 9 12 1 1 9 12 1 9 12 1 9 12 1 1 10 12 1 9 12 1 1 10 7 12 1 1 1 7 1 10 8 1 10 12 1 1 10 12 1 1 8 1 10 7 12 1 1 1 11 7 12 1 1 1 11 7 12 1 1 1 11 12 1 1 7 1 11 12 1 10 9 7 12 1 1 1 10 7 12 1 1 1 8 1 10 12 1 1 10 12 1 1 10 12 1 1 10 12 1 1 7 1 9 7 12 1 1 1 10 12 1 1 10 12 1 1 100 1 10 12 1 10 12 1 1 10 7 12 1 1 1 11 12 1 10 7 12 1 1 1 10 12 1 10 12 1 10 12 1 1 10 12 1 10 12 1 100 1 8 1 10 12 1 10 7 1 7 10 12 1 1 10 12 1 11 7 1 7 1 7 1 10 12 1 10 12 1 1 9 12 1 1 11 9 12 1 10 12 1 7 1 10 12 1 1 9 12 1 1 8 1 8 1 10 7 12 1 1 8 1 10 100 12 1 1 1 10 12 1 1 8 1 10 12 10 12 1 1 8 1 10 12 1 10 10 100 1 8 1 8 1 10 12 1 1 10 7 12 1 1 1 10 12 1 1 100 1 8 1 10 12 1 8 1 10 12 1 1 1 1 1 1 1 1 1 1 1 1 1 1 1 1 1 1 1 1 1 1 1 100 1 1 100 1 1 1 1 1 1 1 1 1 1 1 1 1 1 1 1 1 1 1 1 1 1 1 1 1 1 1 1 100 1 1 1 1 1 1 1 1 1 1 1 1 1 1
staticfield sun/security/util/ManifestEntryVerifier debug Lsun/security/util/Debug; null
instanceKlass sun/security/provider/DigestBase
instanceKlass java/security/MessageDigest
ciInstanceKlass java/security/MessageDigestSpi 1 1 119 10 7 12 1 1 1 10 100 12 1 1 1 10 12 1 10 12 1 1 10 12 1 1 10 12 1 10 12 1 10 100 12 1 1 1 10 12 1 10 12 1 10 100 12 1 1 1 9 12 1 1 10 100 12 1 1 1 10 12 1 1 10 12 1 100 1 8 1 10 12 1 8 1 10 100 12 1 1 1 100 1 10 12 1 1 10 100 100 1 10 1 1 1 1 1 1 1 1 1 1 1 1 1 1 1 1 1 1 1 1 1 1 1 1 1 1 1 1
instanceKlass java/security/MessageDigest$Delegate
ciInstanceKlass java/security/MessageDigest 1 1 267 10 7 12 1 1 1 7 1 9 12 1 1 9 12 1 1 9 12 1 1 8 1 10 7 12 1 1 1 8 1 10 7 12 1 1 1 9 7 12 1 1 1 9 10 7 12 1 1 1 9 12 1 1 9 12 1 1 100 1 10 8 1 10 12 1 1 8 1 10 7 12 1 1 1 10 12 1 10 7 12 1 1 1 10 7 12 1 1 1 100 1 8 1 10 12 10 12 1 10 7 12 1 1 1 10 12 1 1 8 1 8 1 10 12 1 100 1 10 10 12 1 10 12 1 1 8 1 8 1 10 12 1 10 12 1 1 10 12 1 8 1 100 1 10 100 1 10 12 1 8 1 10 12 1 8 1 10 12 1 8 1 8 1 10 12 10 10 12 1 10 12 1 1 10 12 1 1 100 1 100 1 10 10 8 8 1 10 12 1 8 1 10 12 1 1 8 1 1 1 3 1 3 1 1 1 1 1 1 1 1 1 1 1 1 1 1 100 1 1 100 1 1 1 1 100 1 1 1 1 1 1 1 1 1 1 1 100 1 1 1 1 1 1 1 1 1 1 1 1 1 1 1 1 1 1 1 1 1 1 1 100 1 1 1 1 1
staticfield java/security/MessageDigest pdebug Lsun/security/util/Debug; null
staticfield java/security/MessageDigest skipDebug Z 0
ciInstanceKlass sun/security/provider/SHA2$SHA256 1 1 42 8 1 9 7 12 1 1 1 10 7 12 1 1 1 10 12 1 1 3 3 3 3 3 3 3 3 1 1 1 1 1 1 1 100 1 1 1 1 1 1 1
staticfield sun/security/provider/SHA2$SHA256 INITIAL_HASHES [I 8
instanceKlass java/security/MessageDigest$Delegate$CloneableDelegate
ciInstanceKlass java/security/MessageDigest$Delegate 1 1 157 10 7 12 1 1 1 7 1 10 7 12 1 1 1 8 1 10 7 12 1 1 1 10 100 12 1 1 1 10 100 12 1 1 1 10 100 1 8 1 10 12 1 1 10 7 12 1 1 1 100 1 7 1 10 12 1 1 7 1 10 10 7 12 1 1 9 12 1 1 9 12 1 1 9 12 1 1 9 12 1 1 10 12 1 10 12 1 1 10 12 1 1 10 12 1 10 12 1 100 1 11 12 1 100 1 8 1 10 12 1 10 12 1 1 10 12 1 10 12 1 1 1 1 1 1 1 1 1 1 1 1 1 1 1 1 1 1 1 1 1 1 1 1 1 1 100 1 1 100 1 1 1 1 1 1 1
ciInstanceKlass java/security/MessageDigest$Delegate$CloneableDelegate 1 1 30 10 7 12 1 1 1 100 1 100 1 1 1 1 1 1 1 1 1 1 1 1 1 1 1 7 1 1 1 1
ciInstanceKlass sun/security/provider/SHA5$SHA384 1 1 50 8 1 9 7 12 1 1 1 10 7 12 1 1 1 10 12 1 1 5 0 5 0 5 0 5 0 5 0 5 0 5 0 5 0 1 1 1 1 1 1 1 100 1 1 1 1 1 1 1
staticfield sun/security/provider/SHA5$SHA384 INITIAL_HASHES [J 8
ciInstanceKlass java/security/CodeSigner 1 1 121 10 7 12 1 1 1 9 7 12 1 1 1 100 1 10 9 12 1 1 9 12 1 1 10 100 12 1 1 1 10 100 1 10 12 1 1 10 12 1 1 10 12 1 1 10 100 1 10 8 1 10 12 1 1 8 1 10 12 1 1 11 100 12 1 1 1 10 12 1 8 1 8 1 10 12 1 1 10 100 12 1 1 100 1 8 1 10 12 1 100 1 1 1 1 5 0 1 1 1 1 1 1 1 1 1 1 1 1 1 1 1 1 1 1 100 1 100 1 1 1
ciInstanceKlass java/util/jar/JarVerifier$VerifierStream 1 1 107 10 7 12 1 1 1 10 7 12 1 1 1 9 7 12 1 1 1 9 12 1 1 7 1 9 7 12 1 1 1 10 12 1 9 12 1 1 10 12 1 1 10 7 12 1 1 1 9 12 1 1 10 12 1 1 10 12 1 10 12 1 1 10 12 1 10 12 1 10 12 1 10 12 1 100 1 8 1 10 12 1 1 1 1 1 1 1 1 1 1 1 1 100 1 1 1 1 1 1 1 1 1 1 1 1 1
ciInstanceKlass java/io/EOFException 0 0 26 10 100 12 1 1 1 10 12 1 100 1 1 1 1 5 0 1 1 1 1 1 1 1 1 1
ciMethodData java/lang/Object <init> ()V 2 953165 orig 80 1 0 0 0 0 0 0 0 0 0 0 0 0 0 0 0 0 0 0 0 0 0 0 0 0 0 0 0 0 0 0 0 0 0 0 0 0 0 0 0 0 0 0 0 0 0 0 0 0 0 0 0 0 0 0 0 0 0 0 0 0 0 0 0 0 0 0 0 0 0 0 0 0 0 0 0 0 0 0 0 data 4 0x0 0x9 0x1 0x0 oops 0 methods 0
ciMethodData java/util/Objects requireNonNull (Ljava/lang/Object;)Ljava/lang/Object; 2 85107 orig 80 0 0 0 0 0 0 0 0 0 0 0 0 57 2 0 0 0 0 0 0 0 0 0 0 0 0 0 0 0 0 0 0 0 0 0 0 0 0 0 0 0 0 0 0 0 0 0 0 0 0 0 0 0 0 0 0 0 0 0 0 0 0 0 0 0 0 0 0 0 0 0 0 0 0 0 0 0 0 0 0 data 15 0x10007 0x14c73 0x30 0x0 0x80002 0x0 0x0 0x0 0x0 0x0 0x0 0x0 0x9 0x1 0x0 oops 0 methods 0
ciMethodData java/util/AbstractCollection <init> ()V 2 65776 orig 80 0 0 0 0 0 0 0 0 0 0 0 0 57 2 0 0 0 0 0 0 0 0 0 0 0 0 0 0 0 0 0 0 0 0 0 0 0 0 0 0 0 0 0 0 0 0 0 0 0 0 0 0 0 0 0 0 0 0 0 0 0 0 0 0 0 0 0 0 0 0 0 0 0 0 0 0 0 0 0 0 data 7 0x10002 0x100f0 0x0 0x0 0x9 0x1 0x0 oops 0 methods 0
ciMethodData jdk/internal/util/Preconditions checkFromIndexSize (IIILjava/util/function/BiFunction;)I 2 135137 orig 80 0 0 0 0 0 0 0 0 0 0 0 0 57 2 0 0 0 0 0 0 0 0 0 0 0 0 0 0 0 0 0 0 0 0 0 0 0 0 0 0 0 0 0 0 0 0 0 0 0 0 0 0 0 0 0 0 0 0 0 0 0 0 0 0 0 0 0 0 0 0 0 0 0 0 0 0 0 0 0 0 data 22 0x50007 0x0 0x40 0x20fe1 0xc0007 0x20fe1 0x30 0x0 0x130002 0x0 0x0 0x0 0x0 0x0 0x0 0x0 0x9 0x4 0x0 0x0 0x0 0x0 oops 0 methods 0
ciMethodData java/util/Arrays copyOf ([BI)[B 2 6158 orig 80 0 0 0 0 0 0 0 0 0 0 0 0 57 2 0 0 0 0 0 0 0 0 0 0 0 0 0 0 0 0 0 0 0 0 0 0 0 0 0 0 0 0 0 0 0 0 0 0 0 0 0 0 0 0 0 0 0 0 0 0 0 0 0 0 0 0 0 0 0 0 0 0 0 0 0 0 0 0 0 0 data 32 0x30007 0x17e2 0x90 0x2c 0x70005 0x0 0x0 0x2394a0b9a18 0x2c 0x0 0x0 0xa0004 0x0 0x0 0x2394a0b9a18 0x2c 0x0 0x0 0x190002 0x17e2 0x1c0002 0x17e2 0x0 0x0 0x0 0x0 0x0 0x0 0x9 0x2 0xffffffffffffffff 0x0 oops 2 7 [B 14 [B methods 0
ciMethodData java/util/zip/ZipUtils SH ([BI)I 2 429715 orig 80 0 0 0 0 0 0 0 0 0 0 0 0 0 0 0 0 0 0 0 0 0 0 0 0 0 0 0 0 0 0 0 0 0 0 0 0 0 0 0 0 0 0 0 0 0 0 0 0 0 0 0 0 0 0 0 0 0 0 0 0 0 0 0 0 0 0 0 0 0 0 0 0 0 0 0 0 0 0 0 0 data 8 0x0 0x0 0x0 0x0 0x9 0x2 0x0 0x0 oops 0 methods 0
ciMethodData java/util/zip/ZipUtils LG ([BI)J 2 76795 orig 80 0 0 0 0 0 0 0 0 0 0 0 0 57 2 0 0 0 0 0 0 0 0 0 0 0 0 0 0 0 0 0 0 0 0 0 0 0 0 0 0 0 0 0 0 0 0 0 0 0 0 0 0 0 0 0 0 0 0 0 0 0 0 0 0 0 0 0 0 0 0 0 0 0 0 0 0 0 0 0 0 data 14 0x20002 0x12bfb 0x90002 0x12bfb 0x0 0x0 0x0 0x0 0x0 0x0 0x9 0x2 0x0 0x0 oops 0 methods 0
ciMethod java/io/IOException <init> (Ljava/lang/String;)V 32 0 29 0 -1
ciMethodData jdk/internal/misc/VM isBooted ()Z 2 5176 orig 80 0 0 0 0 0 0 0 0 0 0 0 0 57 2 0 0 0 0 0 0 0 0 0 0 0 0 0 0 0 0 0 0 0 0 0 0 0 0 0 0 0 0 0 0 0 0 0 0 0 0 0 0 0 0 0 0 0 0 0 0 0 0 0 0 0 0 0 0 0 0 0 0 0 0 0 0 0 0 0 0 data 11 0x40007 0x0 0x38 0x1438 0x80003 0x1438 0x18 0x0 0x0 0x9 0x0 oops 0 methods 0
ciMethodData jdk/internal/misc/Blocker begin ()J 2 5121 orig 80 0 0 0 0 0 0 0 0 0 0 0 0 57 2 0 0 0 0 0 0 0 0 0 0 0 0 0 0 0 0 0 0 0 0 0 0 0 0 0 0 0 0 0 0 0 0 0 0 0 0 0 0 0 0 0 0 0 0 0 0 0 0 0 0 0 0 0 0 0 0 0 0 0 0 0 0 0 0 0 0 data 95 0x2 0x1401 0x30007 0x0 0x2a8 0x1401 0x60002 0x1401 0xb0004 0xffffffffffffebff 0x0 0x2394a0a53a8 0x1 0x0 0x0 0xe0007 0x1401 0x240 0x0 0x120004 0x0 0x0 0x0 0x0 0x0 0x0 0x170005 0x0 0x0 0x0 0x0 0x0 0x0 0x1a0007 0x0 0x1b0 0x0 0x1e0005 0x0 0x0 0x0 0x0 0x0 0x0 0x240005 0x0 0x0 0x0 0x0 0x0 0x0 0x270002 0x0 0x2e0007 0x0 0x60 0x0 0x310002 0x0 0x350007 0x0 0x30 0x0 0x3c0002 0x0 0x460007 0x0 0x58 0x0 0x4a0005 0x0 0x0 0x0 0x0 0x0 0x0 0x530007 0x0 0x58 0x0 0x570005 0x0 0x0 0x0 0x0 0x0 0x0 0x0 0x0 0x0 0x0 0x0 0x0 0x9 0x0 oops 1 11 java/lang/Thread methods 0
ciMethodData jdk/internal/misc/Blocker currentCarrierThread ()Ljava/lang/Thread; 2 5121 orig 80 0 0 0 0 0 0 0 0 0 0 0 0 57 2 0 0 0 0 0 0 0 0 0 0 0 0 0 0 0 0 0 0 0 0 0 0 0 0 0 0 0 0 0 0 0 0 0 0 0 0 0 0 0 0 0 0 0 0 0 0 0 0 0 0 0 0 0 0 0 0 0 0 0 0 0 0 0 0 0 0 data 15 0x30005 0x0 0x0 0x23958fc2198 0x1401 0x0 0x0 0x0 0x0 0x0 0x0 0x0 0x0 0x9 0x0 oops 1 3 java/lang/System$2 methods 0
ciMethodData java/lang/System$2 currentCarrierThread ()Ljava/lang/Thread; 2 5121 orig 80 0 0 0 0 0 0 0 0 0 0 0 0 57 2 0 0 0 0 0 0 0 0 0 0 0 0 0 0 0 0 0 0 0 0 0 0 0 0 0 0 0 0 0 0 0 0 0 0 0 0 0 0 0 0 0 0 0 0 0 0 0 0 0 0 0 0 0 0 0 0 0 0 0 0 0 0 0 0 0 0 data 11 0x2 0x1401 0x0 0x0 0x0 0x0 0x0 0x0 0x9 0x1 0x0 oops 0 methods 0
ciMethodData jdk/internal/misc/Blocker end (J)V 2 5125 orig 80 0 0 0 0 0 0 0 0 0 0 0 0 57 2 0 0 0 0 0 0 0 0 0 0 0 0 0 0 0 0 0 0 0 0 0 0 0 0 0 0 0 0 0 0 0 0 0 0 0 0 0 0 0 0 0 0 0 0 0 0 0 0 0 0 0 0 0 0 0 0 0 0 0 0 0 0 0 0 0 0 data 83 0x30007 0x1405 0x248 0x0 0x90007 0x0 0x160 0x0 0xc0002 0x0 0x110004 0x0 0x0 0x0 0x0 0x0 0x0 0x140007 0x0 0xc8 0x0 0x180004 0x0 0x0 0x0 0x0 0x0 0x0 0x1d0005 0x0 0x0 0x0 0x0 0x0 0x0 0x200007 0x0 0x38 0x0 0x240003 0x0 0x18 0x280007 0x0 0x30 0x0 0x2f0002 0x0 0x330002 0x0 0x360004 0x0 0x0 0x0 0x0 0x0 0x0 0x3b0005 0x0 0x0 0x0 0x0 0x0 0x0 0x3f0002 0x0 0x430005 0x0 0x0 0x0 0x0 0x0 0x0 0x0 0x0 0x0 0x0 0x0 0x0 0x9 0x2 0x0 0x0 oops 0 methods 0
ciMethodData java/io/RandomAccessFile read ([BII)I 2 10987 orig 80 0 0 0 0 0 0 0 0 0 0 0 0 57 2 0 0 0 0 0 0 0 0 0 0 0 0 0 0 0 0 0 0 0 0 0 0 0 0 0 0 0 0 0 0 0 0 0 0 0 0 0 0 0 0 0 0 0 0 0 0 0 0 0 0 0 0 0 0 0 0 0 0 0 0 0 0 0 0 0 0 data 19 0x40005 0x2aeb 0x0 0x0 0x0 0x0 0x0 0x0 0x0 0x0 0x0 0x0 0x0 0x9 0x4 0x0 0x0 0x0 0x0 oops 0 methods 0
ciMethodData java/io/RandomAccessFile readBytes ([BII)I 2 7426 orig 80 0 0 0 0 0 0 0 0 0 0 0 0 57 2 0 0 0 0 0 0 0 0 0 0 0 0 0 0 0 0 0 0 0 0 0 0 0 0 0 0 0 0 0 0 0 0 0 0 0 0 0 0 0 0 0 0 0 0 0 0 0 0 0 0 0 0 0 0 0 0 0 0 0 0 0 0 0 0 0 0 data 25 0x2 0x1d02 0x90005 0x1d02 0x0 0x0 0x0 0x0 0x0 0x100002 0x1d02 0x1a0002 0x0 0x0 0x0 0x0 0x0 0x0 0x0 0x9 0x4 0x0 0x0 0x0 0x0 oops 0 methods 0
ciMethodData java/io/RandomAccessFile readFully ([BII)V 2 6147 orig 80 0 0 0 0 0 0 0 0 0 0 0 0 57 2 0 0 0 0 0 0 0 0 0 0 0 0 0 0 0 0 0 0 0 0 0 0 0 0 0 0 0 0 0 0 0 0 0 0 0 0 0 0 0 0 0 0 0 0 0 0 0 0 0 0 0 0 0 0 0 0 0 0 0 0 0 0 0 0 0 0 data 29 0xd0005 0x0 0x0 0x2394fbabcb0 0x1803 0x0 0x0 0x140007 0x1803 0x30 0x0 0x1b0002 0x0 0x290007 0x0 0xffffffffffffff98 0x1803 0x0 0x0 0x0 0x0 0x0 0x0 0x9 0x4 0x0 0x0 0x0 0x0 oops 1 3 java/io/RandomAccessFile methods 0
ciMethodData java/util/Objects requireNonNull (Ljava/lang/Object;Ljava/lang/String;)Ljava/lang/Object; 2 141832 orig 80 0 0 0 0 0 0 0 0 0 0 0 0 57 2 0 0 0 0 0 0 0 0 0 0 0 0 0 0 0 0 0 0 0 0 0 0 0 0 0 0 0 0 0 0 0 0 0 0 0 0 0 0 0 0 0 0 0 0 0 0 0 0 0 0 0 0 0 0 0 0 0 0 0 0 0 0 0 0 0 0 data 16 0x10007 0x22a08 0x30 0x0 0x90002 0x0 0x0 0x0 0x0 0x0 0x0 0x0 0x9 0x2 0x0 0x0 oops 0 methods 0
ciMethodData java/lang/ref/ReferenceQueue headIsNull ()Z 2 11557 orig 80 0 0 0 0 0 0 0 0 0 0 0 0 57 2 0 0 0 0 0 0 0 0 0 0 0 0 0 0 0 0 0 0 0 0 0 0 0 0 0 0 0 0 0 0 0 0 0 0 0 0 0 0 0 0 0 0 0 0 0 0 0 0 0 0 0 0 0 0 0 0 0 0 0 0 0 0 0 0 0 0 data 16 0x40007 0x158 0x38 0x2bcd 0x80003 0x2bcd 0x18 0x0 0x0 0x0 0x0 0x0 0x0 0x9 0x1 0x0 oops 0 methods 0
ciMethodData java/util/jar/JarFile getJarEntry (Ljava/lang/String;)Ljava/util/jar/JarEntry; 2 6610 orig 80 0 0 0 0 0 0 0 0 0 0 0 0 57 2 0 0 0 0 0 0 0 0 0 0 0 0 0 0 0 0 0 0 0 0 0 0 0 0 0 0 0 0 0 0 0 0 0 0 0 0 0 0 0 0 0 0 0 0 0 0 0 0 0 0 0 0 0 0 0 0 0 0 0 0 0 0 0 0 0 0 data 24 0x20005 0x0 0x0 0x239587a17f0 0x19d2 0x0 0x0 0x50104 0x0 0x0 0x239598a1360 0x204 0x0 0x0 0x0 0x0 0x0 0x0 0x0 0x0 0x9 0x2 0xffffffffffffffff 0xffffffffffffffff oops 2 3 java/util/jar/JarFile 10 java/util/jar/JarFile$JarFileEntry methods 0
ciMethodData java/util/AbstractMap <init> ()V 2 15670 orig 80 0 0 0 0 0 0 0 0 0 0 0 0 57 2 0 0 0 0 0 0 0 0 0 0 0 0 0 0 0 0 0 0 0 0 0 0 0 0 0 0 0 0 0 0 0 0 0 0 0 0 0 0 0 0 0 0 0 0 0 0 0 0 0 0 0 0 0 0 0 0 0 0 0 0 0 0 0 0 0 0 data 7 0x10002 0x3d36 0x0 0x0 0x9 0x1 0x0 oops 0 methods 0
ciMethodData java/io/RandomAccessFile seek (J)V 2 6223 orig 80 0 0 0 0 0 0 0 0 0 0 0 0 57 2 0 0 0 0 0 0 0 0 0 0 0 0 0 0 0 0 0 0 0 0 0 0 0 0 0 0 0 0 0 0 0 0 0 0 0 0 0 0 0 0 0 0 0 0 0 0 0 0 0 0 0 0 0 0 0 0 0 0 0 0 0 0 0 0 0 0 data 33 0x30007 0x184f 0x30 0x0 0xc0002 0x0 0x100002 0x184f 0x160005 0x184f 0x0 0x0 0x0 0x0 0x0 0x1a0002 0x184f 0x1d0003 0x184f 0x28 0x230002 0x0 0x0 0x0 0x0 0x0 0x0 0x0 0x9 0x3 0x0 0x0 0x0 oops 0 methods 0
ciMethodData java/util/Objects checkFromIndexSize (III)I 2 27408 orig 80 0 0 0 0 0 0 0 0 0 0 0 0 57 2 0 0 0 0 0 0 0 0 0 0 0 0 0 0 0 0 0 0 0 0 0 0 0 0 0 0 0 0 0 0 0 0 0 0 0 0 0 0 0 0 0 0 0 0 0 0 0 0 0 0 0 0 0 0 0 0 0 0 0 0 0 0 0 0 0 0 data 13 0x40002 0x6b10 0x0 0x0 0x0 0x0 0x0 0x0 0x9 0x3 0x0 0x0 0x0 oops 0 methods 0
ciMethodData java/io/InputStream <init> ()V 2 12742 orig 80 0 0 0 0 0 0 0 0 0 0 0 0 57 2 0 0 0 0 0 0 0 0 0 0 0 0 0 0 0 0 0 0 0 0 0 0 0 0 0 0 0 0 0 0 0 0 0 0 0 0 0 0 0 0 0 0 0 0 0 0 0 0 0 0 0 0 0 0 0 0 0 0 0 0 0 0 0 0 0 0 data 7 0x10002 0x31c6 0x0 0x0 0x9 0x1 0x0 oops 0 methods 0
ciMethodData java/lang/ref/ReferenceQueue poll ()Ljava/lang/ref/Reference; 2 5122 orig 80 0 0 0 0 0 0 0 0 0 0 0 0 57 2 0 0 0 0 0 0 0 0 0 0 0 0 0 0 0 0 0 0 0 0 0 0 0 0 0 0 0 0 0 0 0 0 0 0 0 0 0 0 0 0 0 0 0 0 0 0 0 0 0 0 0 0 0 0 0 0 0 0 0 0 0 0 0 0 0 0 data 48 0x10005 0x1402 0x0 0x0 0x0 0x0 0x0 0x40007 0x0 0x20 0x1402 0xd0005 0x0 0x0 0x0 0x0 0x0 0x0 0x110005 0x0 0x0 0x0 0x0 0x0 0x0 0x190005 0x0 0x0 0x0 0x0 0x0 0x0 0x230005 0x0 0x0 0x0 0x0 0x0 0x0 0x0 0x0 0x0 0x0 0x0 0x0 0x9 0x1 0x0 oops 0 methods 0
ciMethodData java/util/WeakHashMap maskNull (Ljava/lang/Object;)Ljava/lang/Object; 2 12545 orig 80 0 0 0 0 0 0 0 0 0 0 0 0 57 2 0 0 0 0 0 0 0 0 0 0 0 0 0 0 0 0 0 0 0 0 0 0 0 0 0 0 0 0 0 0 0 0 0 0 0 0 0 0 0 0 0 0 0 0 0 0 0 0 0 0 0 0 0 0 0 0 0 0 0 0 0 0 0 0 0 0 data 16 0x10007 0x3101 0x38 0x0 0x70003 0x0 0x18 0x0 0x0 0x0 0x0 0x0 0x0 0x9 0x1 0x0 oops 0 methods 0
ciMethodData java/util/WeakHashMap hash (Ljava/lang/Object;)I 2 5124 orig 80 0 0 0 0 0 0 0 0 0 0 0 0 57 2 0 0 0 0 0 0 0 0 0 0 0 0 0 0 0 0 0 0 0 0 0 0 0 0 0 0 0 0 0 0 0 0 0 0 0 0 0 0 0 0 0 0 0 0 0 0 0 0 0 0 0 0 0 0 0 0 0 0 0 0 0 0 0 0 0 0 data 17 0x10005 0x48 0x0 0x2394f8857c0 0xd28 0x2395989c2b8 0x694 0x0 0x0 0x0 0x0 0x0 0x0 0x9 0x2 0x0 0x0 oops 2 3 java/util/zip/ZipFile$ZipFileInflaterInputStream 5 java/util/zip/ZipFile$ZipFileInputStream methods 0
ciMethodData java/util/WeakHashMap getTable ()[Ljava/util/WeakHashMap$Entry; 2 12545 orig 80 0 0 0 0 0 0 0 0 0 0 0 0 57 2 0 0 0 0 0 0 0 0 0 0 0 0 0 0 0 0 0 0 0 0 0 0 0 0 0 0 0 0 0 0 0 0 0 0 0 0 0 0 0 0 0 0 0 0 0 0 0 0 0 0 0 0 0 0 0 0 0 0 0 0 0 0 0 0 0 0 data 16 0x10005 0x3101 0x0 0x0 0x0 0x0 0x0 0x0 0x0 0x0 0x0 0x0 0x0 0x9 0x1 0x0 oops 0 methods 0
ciMethodData java/util/WeakHashMap expungeStaleEntries ()V 2 6160 orig 80 0 0 0 0 0 0 0 0 0 0 0 0 57 2 0 0 0 0 0 0 0 0 0 0 0 0 0 0 0 0 0 0 0 0 0 0 0 0 0 0 0 0 0 0 0 0 0 0 0 0 0 0 0 0 0 0 0 0 0 0 0 0 0 0 0 0 0 0 0 0 0 0 0 0 0 0 0 0 0 0 data 64 0x40005 0x0 0x0 0x2394fb318b0 0x1810 0x0 0x0 0x90007 0x1810 0x178 0x0 0x140004 0x0 0x0 0x0 0x0 0x0 0x0 0x210002 0x0 0x350007 0x0 0xe0 0x0 0x420007 0x0 0xa8 0x0 0x480007 0x0 0x70 0x0 0x530004 0x0 0x0 0x0 0x0 0x0 0x0 0x540003 0x0 0x18 0x6d0003 0x0 0x30 0x780003 0x0 0xffffffffffffff38 0x7d0003 0x0 0x18 0x870003 0x0 0xfffffffffffffe68 0x0 0x0 0x0 0x0 0x0 0x0 0x0 0x9 0x1 0x0 oops 1 3 java/lang/ref/ReferenceQueue methods 0
ciMethodData java/util/WeakHashMap indexFor (II)I 2 12542 orig 80 0 0 0 0 0 0 0 0 0 0 0 0 57 2 0 0 0 0 0 0 0 0 0 0 0 0 0 0 0 0 0 0 0 0 0 0 0 0 0 0 0 0 0 0 0 0 0 0 0 0 0 0 0 0 0 0 0 0 0 0 0 0 0 0 0 0 0 0 0 0 0 0 0 0 0 0 0 0 0 0 data 5 0x0 0x9 0x2 0x0 0x0 oops 0 methods 0
ciMethodData java/lang/ref/Reference refersTo (Ljava/lang/Object;)Z 2 18912 orig 80 0 0 0 0 0 0 0 0 0 0 0 0 57 2 0 0 0 0 0 0 0 0 0 0 0 0 0 0 0 0 0 0 0 0 0 0 0 0 0 0 0 0 0 0 0 0 0 0 0 0 0 0 0 0 0 0 0 0 0 0 0 0 0 0 0 0 0 0 0 0 0 0 0 0 0 0 0 0 0 0 data 17 0x20005 0x38b 0x0 0x2394ff13800 0xfe5 0x2394fa5d3d8 0x3670 0x0 0x0 0x0 0x0 0x0 0x0 0x9 0x2 0xffffffffffffffff 0xffffffffffffffff oops 2 3 java/util/WeakHashMap$Entry 5 java/lang/ThreadLocal$ThreadLocalMap$Entry methods 0
ciMethodData java/lang/ref/Reference refersToImpl (Ljava/lang/Object;)Z 2 13546 orig 80 0 0 0 0 0 0 0 0 0 0 0 0 57 2 0 0 0 0 0 0 0 0 0 0 0 0 0 0 0 0 0 0 0 0 0 0 0 0 0 0 0 0 0 0 0 0 0 0 0 0 0 0 0 0 0 0 0 0 0 0 0 0 0 0 0 0 0 0 0 0 0 0 0 0 0 0 0 0 0 0 data 17 0x20005 0x34ea 0x0 0x0 0x0 0x0 0x0 0x0 0x0 0x0 0x0 0x0 0x0 0x9 0x2 0x0 0x0 oops 0 methods 0
ciMethodData java/util/zip/ZipFile$Source readFullyAt ([BIIJ)I 2 5005 orig 80 0 0 0 0 0 0 0 0 0 0 0 0 57 2 0 0 0 0 0 0 0 0 0 0 0 0 0 0 0 0 0 0 0 0 0 0 0 0 0 0 0 0 0 0 0 0 0 0 0 0 0 0 0 0 0 0 0 0 0 0 0 0 0 0 0 0 0 0 0 0 0 0 0 0 0 0 0 0 0 0 data 37 0xe0005 0x0 0x0 0x2394fbabcb0 0x138d 0x0 0x0 0x160007 0x138d 0x80 0x1607 0x1e0002 0x1607 0x2b0005 0x1607 0x0 0x0 0x0 0x0 0x0 0x3a0003 0x1607 0xffffffffffffff98 0x0 0x0 0x0 0x0 0x0 0x0 0x9 0x6 0x0 0x0 0x0 0x0 0x0 0x0 oops 1 3 java/io/RandomAccessFile methods 0
ciMethodData java/lang/Float isNaN (F)Z 2 3877 orig 80 0 0 0 0 0 0 0 0 0 0 0 0 0 0 0 0 0 0 0 0 0 0 0 0 0 0 0 0 0 0 0 0 0 0 0 0 0 0 0 0 0 0 0 0 0 0 0 0 0 0 0 0 0 0 0 0 0 0 0 0 0 0 0 0 0 0 0 0 0 0 0 0 0 0 0 0 0 0 0 0 data 11 0x30007 0xf26 0x38 0x0 0x70003 0x0 0x18 0x0 0x9 0x1 0x0 oops 0 methods 0
ciMethodData java/util/HashMap tableSizeFor (I)I 2 4045 orig 80 0 0 0 0 0 0 0 0 0 0 0 0 0 0 0 0 0 0 0 0 0 0 0 0 0 0 0 0 0 0 0 0 0 0 0 0 0 0 0 0 0 0 0 0 0 0 0 0 0 0 0 0 0 0 0 0 0 0 0 0 0 0 0 0 0 0 0 0 0 0 0 0 0 0 0 0 0 0 0 0 data 25 0x40002 0xfce 0xa0007 0xf50 0x38 0x7e 0xe0003 0x7e 0x50 0x140007 0xf50 0x38 0x0 0x190003 0x0 0x18 0x0 0x0 0x0 0x0 0x0 0x0 0x9 0x1 0x0 oops 0 methods 0
ciMethodData java/util/HashMap <init> (IF)V 2 3607 orig 80 0 0 0 0 0 0 0 0 0 0 0 0 0 0 0 0 0 0 0 0 0 0 0 0 0 0 0 0 0 0 0 0 0 0 0 0 0 0 0 0 0 0 0 0 0 0 0 0 0 0 0 0 0 0 0 0 0 0 0 0 0 0 0 0 0 0 0 0 0 0 0 0 0 0 0 0 0 0 0 0 data 83 0x10002 0xe18 0x50007 0xe18 0xe8 0x0 0x100002 0x0 0x150005 0x0 0x0 0x0 0x0 0x0 0x0 0x190005 0x0 0x0 0x0 0x0 0x0 0x0 0x1c0005 0x0 0x0 0x0 0x0 0x0 0x0 0x1f0002 0x0 0x260007 0xe18 0x20 0x0 0x2f0007 0x0 0x50 0xe18 0x330002 0xe18 0x360007 0xe18 0xe8 0x0 0x410002 0x0 0x460005 0x0 0x0 0x0 0x0 0x0 0x0 0x4a0005 0x0 0x0 0x0 0x0 0x0 0x0 0x4d0005 0x0 0x0 0x0 0x0 0x0 0x0 0x500002 0x0 0x5b0002 0xe18 0x0 0x0 0x0 0x0 0x0 0x0 0x9 0x3 0x18 0x0 0x0 oops 0 methods 0
ciMethodData java/util/HashMap <init> (I)V 2 3064 orig 80 0 0 0 0 0 0 0 0 0 0 0 0 0 0 0 0 0 0 0 0 0 0 0 0 0 0 0 0 0 0 0 0 0 0 0 0 0 0 0 0 0 0 0 0 0 0 0 0 0 0 0 0 0 0 0 0 0 0 0 0 0 0 0 0 0 0 0 0 0 0 0 0 0 0 0 0 0 0 0 0 data 9 0x40002 0xbf9 0x0 0x0 0x0 0x9 0x2 0x18 0x0 oops 0 methods 0
ciMethod sun/security/util/ManifestEntryVerifier <init> (Ljava/util/jar/Manifest;Ljava/lang/String;)V 512 0 359 0 0
ciMethod sun/security/util/ManifestEntryVerifier setEntry (Ljava/lang/String;Ljava/util/jar/JarEntry;)V 506 498 360 0 -1
ciMethod sun/security/util/ManifestEntryVerifier update (B)V 0 0 1 0 -1
ciMethod sun/security/util/ManifestEntryVerifier update ([BII)V 336 330 793 0 -1
ciMethodData java/util/AbstractList <init> ()V 2 58259 orig 80 0 0 0 0 0 0 0 0 0 0 0 0 57 2 0 0 0 0 0 0 0 0 0 0 0 0 0 0 0 0 0 0 0 0 0 0 0 0 0 0 0 0 0 0 0 0 0 0 0 0 0 0 0 0 0 0 0 0 0 0 0 0 0 0 0 0 0 0 0 0 0 0 0 0 0 0 0 0 0 0 data 9 0x10002 0xe393 0x0 0x0 0x0 0x0 0x9 0x1 0x0 oops 0 methods 0
ciMethodData java/util/ArrayList <init> ()V 2 46183 orig 80 0 0 0 0 0 0 0 0 0 0 0 0 57 2 0 0 0 0 0 0 0 0 0 0 0 0 0 0 0 0 0 0 0 0 0 0 0 0 0 0 0 0 0 0 0 0 0 0 0 0 0 0 0 0 0 0 0 0 0 0 0 0 0 0 0 0 0 0 0 0 0 0 0 0 0 0 0 0 0 0 data 9 0x10002 0xb467 0x0 0x0 0x0 0x0 0x9 0x1 0x0 oops 0 methods 0
ciMethod java/security/MessageDigest update ([BII)V 514 0 798 0 -1
ciMethod java/security/MessageDigestSpi engineUpdate ([BII)V 0 0 1 0 -1
ciMethod java/security/MessageDigest$Delegate engineUpdate ([BII)V 512 0 1056 0 -1
ciMethod java/util/jar/JarVerifier$VerifierStream <init> (Ljava/util/jar/Manifest;Ljava/util/jar/JarEntry;Ljava/io/InputStream;Ljava/util/jar/JarVerifier;)V 6 0 356 0 0
ciMethod java/util/jar/JarVerifier$VerifierStream read ([BII)I 514 0 790 0 0
ciMethod java/util/jar/JarVerifier$VerifierStream close ()V 518 0 356 0 0
ciMethod java/util/jar/JarVerifier$VerifierStream ensureOpen ()V 514 0 790 0 0
ciMethodData java/util/zip/InflaterInputStream read ([BII)I 2 12255 orig 80 1 0 0 0 0 0 0 0 0 0 0 0 57 2 0 0 0 0 0 0 0 0 0 0 0 0 0 0 0 0 0 0 0 0 0 0 0 0 0 1 0 0 0 0 0 0 0 0 0 0 0 0 0 0 0 0 0 0 0 0 0 0 0 0 0 0 0 0 0 0 0 0 0 0 0 0 0 0 0 0 data 109 0x10005 0x2fdf 0x0 0x0 0x0 0x0 0x0 0x50007 0x2fdf 0x30 0x0 0xc0002 0x0 0x140002 0x2fdf 0x190007 0x2fdf 0x20 0x0 0x220005 0x0 0x0 0x239595c22f8 0x2fe0 0x0 0x0 0x250007 0x2d 0x78 0x2fb3 0x2c0005 0x0 0x0 0x239595c22f8 0x2fb3 0x0 0x0 0x2f0007 0x2fb3 0x20 0x0 0x3d0005 0x0 0x0 0x239595c22f8 0x2fb3 0x0 0x0 0x400007 0x1d5c 0xb0 0x1257 0x470005 0x0 0x0 0x239595c22f8 0x1257 0x0 0x0 0x80000006004a0007 0x1 0x58 0x1257 0x4e0005 0x0 0x0 0x2394f8857c0 0x1257 0x0 0x0 0x580005 0x0 0x0 0x239595c22f8 0x2fb3 0x0 0x0 0x5e0007 0x1 0xfffffffffffffe30 0x2fb2 0x680005 0x0 0x0 0x0 0x0 0x0 0x0 0x730007 0x0 0x38 0x0 0x780003 0x0 0x18 0x7d0002 0x0 0x0 0x0 0x0 0x0 0x0 0x0 0x9 0x4 0x0 0x0 0x0 0x0 oops 6 22 java/util/zip/Inflater 33 java/util/zip/Inflater 44 java/util/zip/Inflater 55 java/util/zip/Inflater 66 java/util/zip/ZipFile$ZipFileInflaterInputStream 73 java/util/zip/Inflater methods 0
ciMethodData java/util/zip/InflaterInputStream ensureOpen ()V 2 12257 orig 80 0 0 0 0 0 0 0 0 0 0 0 0 57 2 0 0 0 0 0 0 0 0 0 0 0 0 0 0 0 0 0 0 0 0 0 0 0 0 0 0 0 0 0 0 0 0 0 0 0 0 0 0 0 0 0 0 0 0 0 0 0 0 0 0 0 0 0 0 0 0 0 0 0 0 0 0 0 0 0 0 data 13 0x40007 0x2fe1 0x30 0x0 0xd0002 0x0 0x0 0x0 0x0 0x0 0x9 0x1 0x0 oops 0 methods 0
ciMethodData java/util/zip/Inflater finished ()Z 2 12136 orig 80 0 0 0 0 0 0 0 0 0 0 0 0 57 2 0 0 0 0 0 0 0 0 0 0 0 0 0 0 0 0 0 0 0 0 0 0 0 0 0 0 0 0 0 0 0 0 0 0 0 0 0 0 0 0 0 0 0 0 0 0 0 0 0 0 0 0 0 0 0 0 0 0 0 0 0 0 0 0 0 0 data 7 0x0 0x0 0x0 0x0 0x9 0x1 0x0 oops 0 methods 0
ciMethodData java/util/zip/Inflater needsDictionary ()Z 2 12125 orig 80 0 0 0 0 0 0 0 0 0 0 0 0 57 2 0 0 0 0 0 0 0 0 0 0 0 0 0 0 0 0 0 0 0 0 0 0 0 0 0 0 0 0 0 0 0 0 0 0 0 0 0 0 0 0 0 0 0 0 0 0 0 0 0 0 0 0 0 0 0 0 0 0 0 0 0 0 0 0 0 0 data 7 0x0 0x0 0x0 0x0 0x9 0x1 0x0 oops 0 methods 0
ciMethodData java/util/zip/Inflater needsInput ()Z 2 6566 orig 80 0 0 0 0 0 0 0 0 0 0 0 0 57 2 0 0 0 0 0 0 0 0 0 0 0 0 0 0 0 0 0 0 0 0 0 0 0 0 0 0 0 0 0 0 0 0 0 0 0 0 0 0 0 0 0 0 0 0 0 0 0 0 0 0 0 0 0 0 0 0 0 0 0 0 0 0 0 0 0 0 data 37 0xd0007 0x8c4 0x70 0x10e2 0x180007 0x10ad 0x38 0x35 0x1c0003 0x35 0xa0 0x200003 0x10ad 0x88 0x240005 0x8c4 0x0 0x0 0x0 0x0 0x0 0x270007 0x0 0x38 0x8c4 0x2b0003 0x8c4 0x18 0x0 0x0 0x0 0x0 0x0 0x0 0x9 0x1 0x0 oops 0 methods 0
ciMethodData java/util/zip/Inflater inflate ([BII)I 2 12305 orig 80 1 0 0 0 0 0 0 0 0 0 0 0 57 2 0 0 0 0 0 0 0 0 0 0 0 0 0 0 0 0 0 0 0 0 0 0 0 0 0 1 0 0 0 0 0 0 0 0 0 0 0 0 0 0 0 0 0 0 0 0 0 0 0 0 0 0 0 0 0 0 0 0 0 0 0 0 0 0 0 0 data 208 0x70002 0x3011 0x140005 0x3011 0x0 0x0 0x0 0x0 0x0 0x80000006001f0007 0x1 0xa8 0x3011 0x2d0005 0x0 0x0 0x2394fa2e6c0 0x3011 0x0 0x0 0x400005 0x3011 0x0 0x0 0x0 0x0 0x0 0x450003 0x3011 0x388 0x5a0005 0x1 0x0 0x0 0x0 0x0 0x0 0x610005 0x1 0x0 0x0 0x0 0x0 0x0 0x680002 0x1 0x6f0005 0x0 0x0 0x23959e34168 0x1 0x0 0x0 0x720007 0x1 0x1d8 0x0 0x7a0005 0x0 0x0 0x0 0x0 0x0 0x0 0x810004 0x0 0x0 0x0 0x0 0x0 0x0 0x840005 0x0 0x0 0x0 0x0 0x0 0x0 0x900005 0x0 0x0 0x0 0x0 0x0 0x0 0x9e0005 0x0 0x0 0x0 0x0 0x0 0x0 0xa80005 0x0 0x0 0x0 0x0 0x0 0x0 0xad0003 0x0 0x50 0xb70005 0x0 0x0 0x0 0x0 0x0 0x0 0xbf0003 0x0 0xa8 0xc40002 0x1 0xcb0002 0x1 0xd50005 0x0 0x0 0x2394fa2e6c0 0x1 0x0 0x0 0xe40005 0x1 0x0 0x0 0x0 0x0 0x0 0xe90003 0x1 0x50 0xf70005 0x0 0x0 0x0 0x0 0x0 0x0 0xfe0003 0x3012 0x18 0x14e0007 0x1e59 0x20 0x11b9 0x1590007 0xec 0x58 0x2f26 0x1600007 0x1193 0x38 0x1d93 0x1680003 0x1d93 0x18 0x1790007 0x3012 0x20 0x0 0x1830007 0x3011 0x90 0x1 0x1880007 0x1 0x70 0x0 0x1920005 0x0 0x0 0x0 0x0 0x0 0x0 0x1960003 0x0 0x18 0x0 0x0 0x0 0x0 0x0 0x0 0x0 0x0 0x0 0x0 0x0 0x0 0x0 0x0 0x0 0x0 0x0 0x0 0x0 0x0 0x0 0x0 0x9 0x4 0x0 0x0 0x0 0x0 oops 3 16 java/util/zip/Inflater$InflaterZStreamRef 49 java/nio/HeapByteBuffer 119 java/util/zip/Inflater$InflaterZStreamRef methods 0
ciMethodData java/util/zip/ZipFile$ZipFileInputStream close ()V 2 7015 orig 80 0 0 0 0 0 0 0 0 0 0 0 0 57 2 0 0 0 0 0 0 0 0 0 0 0 0 0 0 0 0 0 0 0 0 0 0 0 0 0 0 0 0 0 0 0 0 0 0 0 0 0 0 0 0 0 0 0 0 0 0 0 0 0 0 0 0 0 0 0 0 0 0 0 0 0 0 0 0 0 0 data 23 0x40007 0xbaf 0x20 0xfb8 0x2a0005 0x0 0x0 0x239586808b8 0xbaf 0x0 0x0 0x320003 0xbaf 0x18 0x0 0x0 0x0 0x0 0x0 0x0 0x9 0x1 0x0 oops 1 7 java/util/Collections$SetFromMap methods 0
ciMethodData java/util/WeakHashMap remove (Ljava/lang/Object;)Ljava/lang/Object; 2 6801 orig 80 0 0 0 0 0 0 0 0 0 0 0 0 57 2 0 0 0 0 0 0 0 0 0 0 0 0 0 0 0 0 0 0 0 0 0 0 0 0 0 0 0 0 0 0 0 0 0 0 0 0 0 0 0 0 0 0 0 0 0 0 0 0 0 0 0 0 0 0 0 0 0 0 0 0 0 0 0 0 0 0 data 64 0x10002 0x1a91 0x70005 0x1a91 0x0 0x0 0x0 0x0 0x0 0xc0005 0x1a91 0x0 0x0 0x0 0x0 0x0 0x150002 0x1a91 0x270007 0xb43 0x120 0xff5 0x370007 0xa7 0xe8 0xf4e 0x3e0005 0xf4e 0x0 0x0 0x0 0x0 0x0 0x410007 0x0 0x90 0xf4e 0x5c0007 0x0 0x70 0xf4e 0x650104 0x0 0x0 0x0 0x0 0x0 0x0 0x660003 0xf4e 0x18 0x7e0003 0xa7 0xfffffffffffffef8 0x0 0x0 0x0 0x0 0x0 0x0 0x9 0x2 0x0 0x0 oops 0 methods 0
ciMethodData java/util/WeakHashMap matchesKey (Ljava/util/WeakHashMap$Entry;Ljava/lang/Object;)Z 2 4035 orig 80 0 0 0 0 0 0 0 0 0 0 0 0 57 2 0 0 0 0 0 0 0 0 0 0 0 0 0 0 0 0 0 0 0 0 0 0 0 0 0 0 0 0 0 0 0 0 0 0 0 0 0 0 0 0 0 0 0 0 0 0 0 0 0 0 0 0 0 0 0 0 0 0 0 0 0 0 0 0 0 0 data 47 0x20005 0xfc3 0x0 0x0 0x0 0x0 0x0 0x50007 0x0 0x20 0xfc3 0xb0005 0x0 0x0 0x0 0x0 0x0 0x0 0x100007 0x0 0x90 0x0 0x150005 0x0 0x0 0x0 0x0 0x0 0x0 0x180007 0x0 0x38 0x0 0x1c0003 0x0 0x18 0x0 0x0 0x0 0x0 0x0 0x0 0x9 0x3 0x0 0x0 0x0 oops 0 methods 0
ciMethodData java/util/Collections$SetFromMap remove (Ljava/lang/Object;)Z 2 6981 orig 80 0 0 0 0 0 0 0 0 0 0 0 0 57 2 0 0 0 0 0 0 0 0 0 0 0 0 0 0 0 0 0 0 0 0 0 0 0 0 0 0 0 0 0 0 0 0 0 0 0 0 0 0 0 0 0 0 0 0 0 0 0 0 0 0 0 0 0 0 0 0 0 0 0 0 0 0 0 0 0 0 data 24 0x50005 0x0 0x0 0x2394ff11b80 0x1b43 0x2394ff11c30 0x2 0xa0007 0xb9c 0x38 0xfa9 0xe0003 0xfa9 0x18 0x0 0x0 0x0 0x0 0x0 0x0 0x9 0x2 0x0 0x0 oops 2 3 java/util/WeakHashMap 5 java/util/IdentityHashMap methods 0
ciMethodData java/util/jar/JarFile maybeInstantiateVerifier ()V 2 5405 orig 80 0 0 0 0 0 0 0 0 0 0 0 0 57 2 0 0 0 0 0 0 0 0 0 0 0 0 0 0 0 0 0 0 0 0 0 0 0 0 0 0 0 0 0 0 0 0 0 0 0 0 0 0 0 0 0 0 0 0 0 0 0 0 0 0 0 0 0 0 0 0 0 0 0 0 0 0 0 0 0 0 data 35 0x40007 0x1519 0x20 0x4 0xc0007 0x150c 0xb0 0xd 0x140005 0x0 0x0 0x239587d09f8 0xd 0x0 0x0 0x1b0007 0xd 0x58 0x0 0x1f0005 0x0 0x0 0x0 0x0 0x0 0x0 0x0 0x0 0x0 0x0 0x0 0x0 0x9 0x1 0x0 oops 1 11 java/util/zip/ZipFile$1 methods 0
ciMethodData java/util/zip/ZipFile$1 getManifestName (Ljava/util/jar/JarFile;Z)Ljava/lang/String; 1 36 orig 80 0 0 0 0 0 0 0 0 0 0 0 0 57 2 0 0 0 0 0 0 0 0 0 0 0 0 0 0 0 0 0 0 0 0 0 0 0 0 0 0 0 0 0 0 0 0 0 0 0 0 0 0 0 0 0 0 0 0 0 0 0 0 0 0 0 0 0 0 0 0 0 0 0 0 0 0 0 0 0 0 data 18 0x20005 0x24 0x0 0x0 0x0 0x0 0x0 0x0 0x0 0x0 0x0 0x0 0x0 0x9 0x3 0x0 0x0 0x0 oops 0 methods 0
ciMethodData java/util/zip/ZipFile getManifestName (Z)Ljava/lang/String; 1 63 orig 80 0 0 0 0 0 0 0 0 0 0 0 0 57 2 0 0 0 0 0 0 0 0 0 0 0 0 0 0 0 0 0 0 0 0 0 0 0 0 0 0 0 0 0 0 0 0 0 0 0 0 0 0 0 0 0 0 0 0 0 0 0 0 0 0 0 0 0 0 0 0 0 0 0 0 0 0 0 0 0 0 data 39 0x50005 0x3f 0x0 0x0 0x0 0x0 0x0 0x180007 0x0 0x98 0x3f 0x1c0007 0x17 0x40 0x28 0x230007 0x27 0x58 0x1 0x290005 0x18 0x0 0x0 0x0 0x0 0x0 0x310003 0x27 0x18 0x0 0x0 0x0 0x0 0x0 0x0 0x9 0x2 0x0 0x0 oops 0 methods 0
ciMethodData java/util/jar/JarFile getManifestFromReference ()Ljava/util/jar/Manifest; 2 5797 orig 80 0 0 0 0 0 0 0 0 0 0 0 0 57 2 0 0 0 0 0 0 0 0 0 0 0 0 0 0 0 0 0 0 0 0 0 0 0 0 0 0 0 0 0 0 0 0 0 0 0 0 0 0 0 0 0 0 0 0 0 0 0 0 0 0 0 0 0 0 0 0 0 0 0 0 0 0 0 0 0 0 data 159 0x40007 0x12 0xa8 0x1693 0xb0005 0x0 0x0 0x2394a0a50d8 0x1693 0x0 0x0 0xe0004 0x0 0x0 0x2394a0a76b8 0x1693 0x0 0x0 0x110003 0x1693 0x18 0x170007 0x1693 0x3f0 0x12 0x1b0005 0x12 0x0 0x0 0x0 0x0 0x0 0x200007 0x0 0x398 0x12 0x270007 0x11 0x1f8 0x1 0x2c0005 0x1 0x0 0x0 0x0 0x0 0x0 0x340007 0x0 0x130 0x1 0x3b0005 0x0 0x0 0x239587d09f8 0x1 0x0 0x0 0x410007 0x0 0x80 0x1 0x4a0005 0x0 0x0 0x239598a1360 0x1 0x0 0x0 0x4e0002 0x1 0x540003 0x1 0x70 0x5a0007 0x0 0x58 0x0 0x620005 0x0 0x0 0x0 0x0 0x0 0x0 0x720002 0x1 0x760005 0x0 0x0 0x239587a17f0 0x1 0x0 0x0 0x790002 0x1 0x7d0003 0x1 0x188 0x820002 0x11 0x8c0005 0x0 0x0 0x239587a17f0 0x11 0x0 0x0 0x8f0002 0x11 0x940007 0x0 0x118 0x11 0x980005 0x0 0x0 0x2394f8857c0 0x11 0x0 0x0 0x9b0003 0x11 0xc0 0xa10007 0x0 0xa8 0x0 0xa50005 0x0 0x0 0x0 0x0 0x0 0x0 0xa80003 0x0 0x50 0xb10005 0x0 0x0 0x0 0x0 0x0 0x0 0xbd0002 0x12 0x0 0x0 0x0 0x0 0x0 0x0 0x0 0x0 0x0 0x9 0x1 0x0 oops 7 7 java/lang/ref/SoftReference 14 java/util/jar/Manifest 54 java/util/zip/ZipFile$1 65 java/util/jar/JarFile$JarFileEntry 90 java/util/jar/JarFile 104 java/util/jar/JarFile 117 java/util/zip/ZipFile$ZipFileInflaterInputStream methods 0
ciMethodData java/nio/Buffer hasRemaining ()Z 2 3889 orig 80 0 0 0 0 0 0 0 0 0 0 0 0 57 2 0 0 0 0 0 0 0 0 0 0 0 0 0 0 0 0 0 0 0 0 0 0 0 0 0 0 0 0 0 0 0 0 0 0 0 0 0 0 0 0 0 0 0 0 0 0 0 0 0 0 0 0 0 0 0 0 0 0 0 0 0 0 0 0 0 0 data 14 0x80007 0xa5e 0x38 0x4d3 0xc0003 0x4d3 0x18 0x0 0x0 0x0 0x0 0x9 0x1 0x0 oops 0 methods 0
ciMethodData jdk/internal/loader/Resource cachedInputStream ()Ljava/io/InputStream; 2 10752 orig 80 0 0 0 0 0 0 0 0 0 0 0 0 57 2 0 0 0 0 0 0 0 0 0 0 0 0 0 0 0 0 0 0 0 0 0 0 0 0 0 0 0 0 0 0 0 0 0 0 0 0 0 0 0 0 0 0 0 0 0 0 0 0 0 0 0 0 0 0 0 0 0 0 0 0 0 0 0 0 0 0 data 20 0x40007 0x1500 0x58 0x1500 0x90005 0x0 0x0 0x2394f885710 0x1500 0x0 0x0 0x0 0x0 0x0 0x0 0x0 0x0 0x9 0x1 0xffffffffffffffff oops 1 7 jdk/internal/loader/URLClassPath$JarLoader$2 methods 0
ciMethodData jdk/internal/loader/URLClassPath$JarLoader$2 getInputStream ()Ljava/io/InputStream; 2 5376 orig 80 0 0 0 0 0 0 0 0 0 0 0 0 57 2 0 0 0 0 0 0 0 0 0 0 0 0 0 0 0 0 0 0 0 0 0 0 0 0 0 0 0 0 0 0 0 0 0 0 0 0 0 0 0 0 0 0 0 0 0 0 0 0 0 0 0 0 0 0 0 0 0 0 0 0 0 0 0 0 0 0 data 16 0xb0005 0x0 0x0 0x239587a17f0 0x1500 0x0 0x0 0x0 0x0 0x0 0x0 0x0 0x0 0x9 0x1 0x0 oops 1 3 java/util/jar/JarFile methods 0
ciMethodData java/util/jar/JarFile getInputStream (Ljava/util/zip/ZipEntry;)Ljava/io/InputStream; 2 5410 orig 80 0 0 0 0 0 0 0 0 0 0 0 0 57 2 0 0 0 0 0 0 0 0 0 0 0 0 0 0 0 0 0 0 0 0 0 0 0 0 0 0 0 0 0 0 0 0 0 0 0 0 0 0 0 0 0 0 0 0 0 0 0 0 0 0 0 0 0 0 0 0 0 0 0 0 0 0 0 0 0 0 data 64 0x40002 0x1522 0x90005 0x1522 0x0 0x0 0x0 0x0 0x0 0x100007 0x161 0x30 0x13c1 0x150002 0x13c1 0x1d0007 0x161 0x88 0x0 0x210005 0x0 0x0 0x0 0x0 0x0 0x0 0x2d0007 0x0 0x30 0x0 0x320002 0x0 0x380005 0x161 0x0 0x0 0x0 0x0 0x0 0x3d0007 0x161 0x20 0x0 0x470005 0x161 0x0 0x0 0x0 0x0 0x0 0x4d0002 0x161 0x540002 0x161 0x0 0x0 0x0 0x0 0x0 0x0 0x9 0x2 0x0 0x0 oops 0 methods 0
ciMethodData java/util/zip/ZipUtils LOCSIG ([B)J 2 4529 orig 80 0 0 0 0 0 0 0 0 0 0 0 0 57 2 0 0 0 0 0 0 0 0 0 0 0 0 0 0 0 0 0 0 0 0 0 0 0 0 0 0 0 0 0 0 0 0 0 0 0 0 0 0 0 0 0 0 0 0 0 0 0 0 0 0 0 0 0 0 0 0 0 0 0 0 0 0 0 0 0 0 data 11 0x20002 0x11b1 0x0 0x0 0x0 0x0 0x0 0x0 0x9 0x1 0x0 oops 0 methods 0
ciMethodData java/util/zip/ZipFile$ZipFileInflaterInputStream fill ()V 2 4578 orig 80 0 0 0 0 0 0 0 0 0 0 0 0 57 2 0 0 0 0 0 0 0 0 0 0 0 0 0 0 0 0 0 0 0 0 0 0 0 0 0 0 0 0 0 0 0 0 0 0 0 0 0 0 0 0 0 0 0 0 0 0 0 0 0 0 0 0 0 0 0 0 0 0 0 0 0 0 0 0 0 0 data 36 0x40007 0x11e2 0x30 0x0 0xd0002 0x0 0x200005 0x0 0x0 0x2395989c2b8 0x11e2 0x0 0x0 0x2b0007 0x11e2 0x20 0x0 0x4c0005 0x0 0x0 0x239595c22f8 0x11e2 0x0 0x0 0x0 0x0 0x0 0x0 0x0 0x0 0x0 0x0 0x0 0x9 0x1 0x0 oops 2 9 java/util/zip/ZipFile$ZipFileInputStream 20 java/util/zip/Inflater methods 0
ciMethodData java/util/zip/Inflater setInput ([BII)V 2 4581 orig 80 0 0 0 0 0 0 0 0 0 0 0 0 57 2 0 0 0 0 0 0 0 0 0 0 0 0 0 0 0 0 0 0 0 0 0 0 0 0 0 0 0 0 0 0 0 0 0 0 0 0 0 0 0 0 0 0 0 0 0 0 0 0 0 0 0 0 0 0 0 0 0 0 0 0 0 0 0 0 0 0 data 17 0x70002 0x11e5 0x2c0003 0x11e5 0x18 0x0 0x0 0x0 0x0 0x0 0x0 0x9 0x4 0x0 0x0 0x0 0x0 oops 0 methods 0
ciMethodData java/util/zip/ZipFile$ZipFileInputStream read ([BII)I 2 4578 orig 80 0 0 0 0 0 0 0 0 0 0 0 0 57 2 0 0 0 0 0 0 0 0 0 0 0 0 0 0 0 0 0 0 0 0 0 0 0 0 0 0 0 0 0 0 0 0 0 0 0 0 0 0 0 0 0 0 0 0 0 0 0 0 0 0 0 0 0 0 0 0 0 0 0 0 0 0 0 0 0 0 data 67 0xc0005 0x11e2 0x0 0x0 0x0 0x0 0x0 0x100005 0x11e2 0x0 0x0 0x0 0x0 0x0 0x1a0007 0x11e2 0x20 0x0 0x290007 0xcd 0x20 0x1115 0x330007 0x11e2 0x20 0x0 0x4c0005 0x11e2 0x0 0x0 0x0 0x0 0x0 0x510007 0x0 0x20 0x11e2 0x6d0003 0x11e2 0x18 0x7e0007 0xc2 0x58 0x1120 0x820005 0x0 0x0 0x2395989c2b8 0x1120 0x0 0x0 0x0 0x0 0x0 0x0 0x0 0x0 0x0 0x0 0x0 0x0 0x9 0x4 0x0 0x0 0x0 0x0 oops 1 47 java/util/zip/ZipFile$ZipFileInputStream methods 0
ciMethodData java/util/zip/ZipFile ensureOpenOrZipException ()V 2 4578 orig 80 0 0 0 0 0 0 0 0 0 0 0 0 57 2 0 0 0 0 0 0 0 0 0 0 0 0 0 0 0 0 0 0 0 0 0 0 0 0 0 0 0 0 0 0 0 0 0 0 0 0 0 0 0 0 0 0 0 0 0 0 0 0 0 0 0 0 0 0 0 0 0 0 0 0 0 0 0 0 0 0 data 13 0x40007 0x11e2 0x30 0x0 0xe0002 0x0 0x0 0x0 0x0 0x0 0x9 0x1 0x0 oops 0 methods 0
ciMethodData java/util/zip/ZipFile$ZipFileInputStream initDataOffset ()J 2 4578 orig 80 0 0 0 0 0 0 0 0 0 0 0 0 57 2 0 0 0 0 0 0 0 0 0 0 0 0 0 0 0 0 0 0 0 0 0 0 0 0 0 0 0 0 0 0 0 0 0 0 0 0 0 0 0 0 0 0 0 0 0 0 0 0 0 0 0 0 0 0 0 0 0 0 0 0 0 0 0 0 0 0 data 41 0x60007 0xc1 0xe8 0x1121 0x290005 0x1121 0x0 0x0 0x0 0x0 0x0 0x300007 0x1121 0x30 0x0 0x390002 0x0 0x3e0002 0x1121 0x450007 0x1121 0x30 0x0 0x4e0002 0x0 0x5a0002 0x1121 0x5f0002 0x1121 0x0 0x0 0x0 0x0 0x0 0x0 0x0 0x0 0x0 0x9 0x1 0x0 oops 0 methods 0
ciMethodData java/util/zip/ZipFile$Source readAt ([BIIJ)I 2 4579 orig 80 0 0 0 0 0 0 0 0 0 0 0 0 57 2 0 0 0 0 0 0 0 0 0 0 0 0 0 0 0 0 0 0 0 0 0 0 0 0 0 0 0 0 0 0 0 0 0 0 0 0 0 0 0 0 0 0 0 0 0 0 0 0 0 0 0 0 0 0 0 0 0 0 0 0 0 0 0 0 0 0 data 28 0xe0005 0x0 0x0 0x2394fbabcb0 0x11e3 0x0 0x0 0x180005 0x0 0x0 0x2394fbabcb0 0x11e3 0x0 0x0 0x0 0x0 0x0 0x0 0x0 0x0 0x9 0x6 0x0 0x0 0x0 0x0 0x0 0x0 oops 2 3 java/io/RandomAccessFile 10 java/io/RandomAccessFile methods 0
ciMethodData java/util/zip/ZipUtils LOCNAM ([B)I 2 4386 orig 80 0 0 0 0 0 0 0 0 0 0 0 0 57 2 0 0 0 0 0 0 0 0 0 0 0 0 0 0 0 0 0 0 0 0 0 0 0 0 0 0 0 0 0 0 0 0 0 0 0 0 0 0 0 0 0 0 0 0 0 0 0 0 0 0 0 0 0 0 0 0 0 0 0 0 0 0 0 0 0 0 data 11 0x30002 0x1122 0x0 0x0 0x0 0x0 0x0 0x0 0x9 0x1 0x0 oops 0 methods 0
ciMethodData java/util/zip/ZipUtils LOCEXT ([B)I 2 4386 orig 80 0 0 0 0 0 0 0 0 0 0 0 0 57 2 0 0 0 0 0 0 0 0 0 0 0 0 0 0 0 0 0 0 0 0 0 0 0 0 0 0 0 0 0 0 0 0 0 0 0 0 0 0 0 0 0 0 0 0 0 0 0 0 0 0 0 0 0 0 0 0 0 0 0 0 0 0 0 0 0 0 data 11 0x30002 0x1122 0x0 0x0 0x0 0x0 0x0 0x0 0x9 0x1 0x0 oops 0 methods 0
ciMethodData java/util/zip/ZipFile getInputStream (Ljava/util/zip/ZipEntry;)Ljava/io/InputStream; 2 5242 orig 80 0 0 0 0 0 0 0 0 0 0 0 0 57 2 0 0 0 0 0 0 0 0 0 0 0 0 0 0 0 0 0 0 0 0 0 0 0 0 0 0 0 0 0 0 0 0 0 0 0 0 0 0 0 0 0 0 0 0 0 0 0 0 0 0 0 0 0 0 0 0 0 0 0 0 0 0 0 0 0 0 data 93 0x30002 0x147a 0x1f0005 0x147a 0x0 0x0 0x0 0x0 0x0 0x2a0002 0x147a 0x2d0007 0x13 0x38 0x1467 0x350003 0x1467 0x50 0x3f0005 0x13 0x0 0x0 0x0 0x0 0x0 0x450007 0x147a 0x20 0x0 0x580002 0x147a 0x620002 0x147a 0x650008 0x6 0x0 0x140 0x0 0x40 0x147a 0x90 0x890005 0x0 0x0 0x0 0x0 0x0 0x0 0x920003 0x0 0x18 0xa80002 0x147a 0xb70007 0x146a 0x20 0x10 0xc30007 0x147a 0x20 0x0 0xd80002 0x147a 0xe70005 0x0 0x0 0x239586808b8 0x147a 0x0 0x0 0xf00003 0x147a 0x18 0x1070002 0x0 0x0 0x0 0x0 0x0 0x0 0x0 0x0 0x0 0x0 0x0 0x0 0x0 0x0 0x0 0x9 0x2 0x0 0x0 oops 1 66 java/util/Collections$SetFromMap methods 0
ciMethodData java/util/zip/ZipFile$ZipFileInflaterInputStream close ()V 2 5154 orig 80 0 0 0 0 0 0 0 0 0 0 0 0 57 2 0 0 0 0 0 0 0 0 0 0 0 0 0 0 0 0 0 0 0 0 0 0 0 0 0 0 0 0 0 0 0 0 0 0 0 0 0 0 0 0 0 0 0 0 0 0 0 0 0 0 0 0 0 0 0 0 0 0 0 0 0 0 0 0 0 0 data 32 0x40007 0x1419 0x20 0x9 0xe0002 0x1419 0x290005 0x0 0x0 0x239586808b8 0x1419 0x0 0x0 0x310003 0x1419 0x18 0x3d0005 0x0 0x0 0x23959e33880 0x1419 0x0 0x0 0x0 0x0 0x0 0x0 0x0 0x0 0x9 0x1 0xffffffffffffffff oops 2 9 java/util/Collections$SetFromMap 19 jdk/internal/ref/CleanerImpl$PhantomCleanableRef methods 0
ciMethodData java/lang/Thread interrupted ()Z 2 5309 orig 80 0 0 0 0 0 0 0 0 0 0 0 0 57 2 0 0 0 0 0 0 0 0 0 0 0 0 0 0 0 0 0 0 0 0 0 0 0 0 0 0 0 0 0 0 0 0 0 0 0 0 0 0 0 0 0 0 0 0 0 0 0 0 0 0 0 0 0 0 0 0 0 0 0 0 0 0 0 0 0 0 data 17 0x2 0x14bd 0x30005 0x0 0x0 0x2394a0a53a8 0x1494 0x2394f3fdb00 0x29 0x0 0x0 0x0 0x0 0x0 0x0 0x9 0x0 oops 2 5 java/lang/Thread 7 jdk/internal/misc/InnocuousThread methods 0
ciMethodData java/lang/Thread getAndClearInterrupt ()Z 2 5309 orig 80 0 0 0 0 0 0 0 0 0 0 0 0 57 2 0 0 0 0 0 0 0 0 0 0 0 0 0 0 0 0 0 0 0 0 0 0 0 0 0 0 0 0 0 0 0 0 0 0 0 0 0 0 0 0 0 0 0 0 0 0 0 0 0 0 0 0 0 0 0 0 0 0 0 0 0 0 0 0 0 0 data 15 0x60007 0x14bd 0x30 0x0 0xe0002 0x0 0x0 0x0 0x0 0x0 0x0 0x0 0x9 0x1 0x0 oops 0 methods 0
ciMethodData jdk/internal/loader/Resource getBytes ()[B 2 5120 orig 80 0 0 0 0 0 0 0 0 0 0 0 0 57 2 0 0 0 0 0 0 0 0 0 0 0 0 0 0 0 0 0 0 0 0 0 0 0 0 0 0 0 0 0 0 0 0 0 0 0 0 0 0 0 0 0 0 0 0 0 0 0 0 0 0 0 0 0 0 0 0 0 0 0 0 0 0 0 0 0 0 data 145 0x10005 0x1400 0x0 0x0 0x0 0x0 0x0 0x50002 0x1400 0xa0005 0x0 0x0 0x2394f885710 0x1400 0x0 0x0 0xf0003 0x1400 0x40 0x140002 0x0 0x1a0003 0x0 0xffffffffffffffa0 0x240007 0x1400 0x20 0x0 0x320007 0x13ff 0x1a8 0x2ff4 0x390007 0x37 0x78 0x2fbd 0x470002 0x2fbd 0x4e0007 0x2fbd 0x20 0x0 0x5e0002 0x2fbd 0x620003 0x2fbd 0x18 0x750005 0x0 0x0 0x2394f8857c0 0x2ce3 0x2394f885870 0x311 0x7a0003 0x2ff3 0x28 0x7f0002 0x0 0x870007 0x2ff3 0x98 0x0 0x8e0007 0x0 0x30 0x0 0x970002 0x0 0x9f0007 0x0 0x60 0x0 0xa50002 0x0 0xa90003 0x0 0x30 0xb30003 0x2ff3 0xfffffffffffffe70 0xb70005 0x0 0x0 0x2394f8857c0 0x129e 0x2394f885870 0x161 0xba0003 0x13ff 0x30 0xc10003 0x0 0x18 0xc70007 0x13ff 0x150 0x0 0xca0002 0x0 0xcd0005 0x0 0x0 0x0 0x0 0x0 0x0 0xd00003 0x0 0xe8 0xd60005 0x0 0x0 0x0 0x0 0x0 0x0 0xd90003 0x0 0x30 0xe00003 0x0 0x18 0xe60007 0x0 0x68 0x0 0xe90002 0x0 0xec0005 0x0 0x0 0x0 0x0 0x0 0x0 0x0 0x0 0x0 0x0 0x0 0x0 0x9 0x1 0x0 oops 5 12 jdk/internal/loader/URLClassPath$JarLoader$2 50 java/util/zip/ZipFile$ZipFileInflaterInputStream 52 java/util/jar/JarVerifier$VerifierStream 84 java/util/zip/ZipFile$ZipFileInflaterInputStream 86 java/util/jar/JarVerifier$VerifierStream methods 0
ciMethodData jdk/internal/loader/URLClassPath$JarLoader$2 getContentLength ()I 2 5122 orig 80 0 0 0 0 0 0 0 0 0 0 0 0 57 2 0 0 0 0 0 0 0 0 0 0 0 0 0 0 0 0 0 0 0 0 0 0 0 0 0 0 0 0 0 0 0 0 0 0 0 0 0 0 0 0 0 0 0 0 0 0 0 0 0 0 0 0 0 0 0 0 0 0 0 0 0 0 0 0 0 0 data 16 0x40005 0x0 0x0 0x239598a1360 0x1402 0x0 0x0 0x0 0x0 0x0 0x0 0x0 0x0 0x9 0x1 0x0 oops 1 3 java/util/jar/JarFile$JarFileEntry methods 0
ciMethodData java/util/jar/JarFile verifiableEntry (Ljava/util/zip/ZipEntry;)Ljava/util/jar/JarEntry; 1 353 orig 80 0 0 0 0 0 0 0 0 0 0 0 0 57 2 0 0 0 0 0 0 0 0 0 0 0 0 0 0 0 0 0 0 0 0 0 0 0 0 0 0 0 0 0 0 0 0 0 0 0 0 0 0 0 0 0 0 0 0 0 0 0 0 0 0 0 0 0 0 0 0 0 0 0 0 0 0 0 0 0 0 data 88 0x10004 0x0 0x0 0x239598a1360 0x161 0x0 0x0 0x40007 0x0 0x90 0x161 0x80004 0x0 0x0 0x239598a1360 0x161 0x0 0x0 0xb0005 0x0 0x0 0x239598a1360 0x161 0x0 0x0 0x100005 0x0 0x0 0x0 0x0 0x0 0x0 0x150007 0x0 0x70 0x0 0x1a0005 0x0 0x0 0x0 0x0 0x0 0x0 0x1e0003 0x0 0x18 0x240004 0x0 0x0 0x0 0x0 0x0 0x0 0x270007 0x0 0x90 0x0 0x2b0004 0x0 0x0 0x0 0x0 0x0 0x0 0x2e0005 0x0 0x0 0x0 0x0 0x0 0x0 0x330004 0x0 0x0 0x0 0x0 0x0 0x0 0x0 0x0 0x0 0x0 0x0 0x0 0x9 0x2 0xffffffffffffffff 0xffffffffffffffff oops 3 3 java/util/jar/JarFile$JarFileEntry 14 java/util/jar/JarFile$JarFileEntry 21 java/util/jar/JarFile$JarFileEntry methods 0
ciMethodData java/util/jar/JarVerifier$VerifierStream <init> (Ljava/util/jar/Manifest;Ljava/util/jar/JarEntry;Ljava/io/InputStream;Ljava/util/jar/JarVerifier;)V 1 353 orig 80 0 0 0 0 0 0 0 0 0 0 0 0 57 2 0 0 0 0 0 0 0 0 0 0 0 0 0 0 0 0 0 0 0 0 0 0 0 0 0 0 0 0 0 0 0 0 0 0 0 0 0 0 0 0 0 0 0 0 0 0 0 0 0 0 0 0 0 0 0 0 0 0 0 0 0 0 0 0 0 0 data 51 0x10002 0x161 0x60002 0x161 0x90004 0x0 0x0 0x2394f8857c0 0x103 0x0 0x0 0x200002 0x161 0x2f0005 0x0 0x0 0x2394fa97858 0x161 0x0 0x0 0x340005 0x0 0x0 0x239598a1360 0x161 0x0 0x0 0x400007 0x161 0x58 0x0 0x4c0005 0x0 0x0 0x0 0x0 0x0 0x0 0x0 0x0 0x0 0x0 0x0 0x0 0x9 0x5 0x0 0x0 0x0 0x0 0x0 oops 3 7 java/util/zip/ZipFile$ZipFileInflaterInputStream 16 java/util/jar/JarVerifier 23 java/util/jar/JarFile$JarFileEntry methods 0
ciMethod sun/nio/ch/Interruptible interrupt (Ljava/lang/Thread;)V 0 0 1 0 -1
ciMethodData java/security/MessageDigest$Delegate engineUpdate ([BII)V 1 800 orig 80 0 0 0 0 0 0 0 0 0 0 0 0 57 2 0 0 0 0 0 0 0 0 0 0 0 0 0 0 0 0 0 0 0 0 0 0 0 0 0 0 0 0 0 0 0 0 0 0 0 0 0 0 0 0 0 0 0 0 0 0 0 0 0 0 0 0 0 0 0 0 0 0 0 0 0 0 0 0 0 0 data 19 0x70005 0x0 0x0 0x23959e39298 0x31f 0x23959e39348 0x1 0x0 0x0 0x0 0x0 0x0 0x0 0x9 0x4 0x0 0xffffffffffffffff 0x0 0x0 oops 2 3 sun/security/provider/SHA2$SHA256 5 sun/security/provider/SHA5$SHA384 methods 0
ciMethodData java/util/jar/JarVerifier update (I[BIILsun/security/util/ManifestEntryVerifier;)V 1 903 orig 80 0 0 0 0 0 0 0 0 0 0 0 0 57 2 0 0 0 0 0 0 0 0 0 0 0 0 0 0 0 0 0 0 0 0 0 0 0 0 0 0 0 0 0 0 0 0 0 0 0 0 0 0 0 0 0 0 0 0 0 0 0 0 0 0 0 0 0 0 0 0 0 0 0 0 0 0 0 0 0 0 data 49 0x20007 0x116 0xe0 0x271 0x90007 0x271 0x70 0x0 0x130005 0x0 0x0 0x0 0x0 0x0 0x0 0x160003 0x0 0xa0 0x1e0005 0x0 0x0 0x23959322fb0 0x271 0x0 0x0 0x210003 0x271 0x50 0x270005 0x116 0x0 0x0 0x0 0x0 0x0 0x0 0x0 0x0 0x0 0x0 0x0 0x9 0x6 0xffffffffffffffff 0x0 0xffffffffffffffff 0x0 0x0 0xffffffffffffffff oops 1 21 sun/security/util/ManifestEntryVerifier methods 0
ciMethodData sun/security/util/ManifestEntryVerifier update ([BII)V 1 625 orig 80 0 0 0 0 0 0 0 0 0 0 0 0 57 2 0 0 0 0 0 0 0 0 0 0 0 0 0 0 0 0 0 0 0 0 0 0 0 0 0 0 0 0 0 0 0 0 0 0 0 0 0 0 0 0 0 0 0 0 0 0 0 0 0 0 0 0 0 0 0 0 0 0 0 0 0 0 0 0 0 0 data 51 0x40007 0x271 0x20 0x0 0x110005 0x0 0x0 0x2394a0a7b58 0x4e2 0x0 0x0 0x140007 0x271 0xe0 0x271 0x1d0005 0x0 0x0 0x2394a0a7b58 0x271 0x0 0x0 0x200004 0x0 0x0 0x23959e35c30 0x271 0x0 0x0 0x260005 0x0 0x0 0x23959e35c30 0x271 0x0 0x0 0x2c0003 0x271 0xffffffffffffff00 0x0 0x0 0x0 0x0 0x0 0x0 0x9 0x4 0x0 0xffffffffffffffff 0x0 0x0 oops 4 7 java/util/ArrayList 18 java/util/ArrayList 25 java/security/MessageDigest$Delegate$CloneableDelegate 32 java/security/MessageDigest$Delegate$CloneableDelegate methods 0
ciMethodData java/util/jar/JarVerifier processEntry (Lsun/security/util/ManifestEntryVerifier;)V 1 278 orig 80 0 0 0 0 0 0 0 0 0 0 0 0 57 2 0 0 0 0 0 0 0 0 0 0 0 0 0 0 0 0 0 0 0 0 0 0 0 0 0 0 0 0 0 0 0 0 0 0 0 0 0 0 0 0 0 0 0 0 0 0 0 0 0 0 0 0 0 0 0 0 0 0 0 0 0 0 0 0 0 0 data 341 0x40007 0x0 0xf8 0x116 0x80005 0x0 0x0 0x23959322fb0 0x116 0x0 0x0 0xd0007 0x0 0x88 0x116 0x140007 0x0 0x68 0x116 0x250005 0x0 0x0 0x23959322fb0 0x116 0x0 0x0 0x300002 0x116 0x360003 0x116 0x8e8 0x410007 0x0 0x58 0x0 0x490005 0x0 0x0 0x0 0x0 0x0 0x0 0x4d0005 0x0 0x0 0x0 0x0 0x0 0x0 0x500005 0x0 0x0 0x0 0x0 0x0 0x0 0x560005 0x0 0x0 0x0 0x0 0x0 0x0 0x5d0005 0x0 0x0 0x0 0x0 0x0 0x0 0x600007 0x0 0x338 0x0 0x660005 0x0 0x0 0x0 0x0 0x0 0x0 0x6b0005 0x0 0x0 0x0 0x0 0x0 0x0 0x730005 0x0 0x0 0x0 0x0 0x0 0x0 0x7f0005 0x0 0x0 0x0 0x0 0x0 0x0 0x870005 0x0 0x0 0x0 0x0 0x0 0x0 0x8e0005 0x0 0x0 0x0 0x0 0x0 0x0 0x930007 0x0 0x1c8 0x0 0x980005 0x0 0x0 0x0 0x0 0x0 0x0 0x9d0004 0x0 0x0 0x0 0x0 0x0 0x0 0xa50005 0x0 0x0 0x0 0x0 0x0 0x0 0xa80007 0x0 0xe8 0x0 0xae0007 0x0 0x58 0x0 0xb60005 0x0 0x0 0x0 0x0 0x0 0x0 0xbd0005 0x0 0x0 0x0 0x0 0x0 0x0 0xce0005 0x0 0x0 0x0 0x0 0x0 0x0 0xd10003 0x0 0xfffffffffffffe18 0xda0005 0x0 0x0 0x0 0x0 0x0 0x0 0xdd0005 0x0 0x0 0x0 0x0 0x0 0x0 0xe50007 0x0 0x30 0x0 0xed0002 0x0 0xf70007 0x0 0x68 0x0 0x1060007 0x0 0x30 0x0 0x1120002 0x0 0x1200003 0x0 0x18 0x13c0005 0x0 0x0 0x0 0x0 0x0 0x0 0x13f0002 0x0 0x1460005 0x0 0x0 0x0 0x0 0x0 0x0 0x1490007 0x0 0x178 0x0 0x1510005 0x0 0x0 0x0 0x0 0x0 0x0 0x1540004 0x0 0x0 0x0 0x0 0x0 0x0 0x15b0007 0x0 0xb0 0x0 0x1610007 0x0 0x58 0x0 0x16a0005 0x0 0x0 0x0 0x0 0x0 0x0 0x1730005 0x0 0x0 0x0 0x0 0x0 0x0 0x17c0005 0x0 0x0 0x0 0x0 0x0 0x0 0x18d0005 0x0 0x0 0x0 0x0 0x0 0x0 0x1900003 0x0 0x128 0x1970007 0x0 0x110 0x0 0x1a10002 0x0 0x1a70005 0x0 0x0 0x0 0x0 0x0 0x0 0x1ab0005 0x0 0x0 0x0 0x0 0x0 0x0 0x1ae0005 0x0 0x0 0x0 0x0 0x0 0x0 0x1b10005 0x0 0x0 0x0 0x0 0x0 0x0 0x0 0x0 0x0 0x0 0x0 0x0 0x0 0x0 0x0 0x0 0x0 0x0 0x0 0x0 0x0 0x0 0x0 0x0 0x0 0x0 0x0 0x0 0x0 0x0 0x9 0x2 0x0 0x0 oops 2 7 sun/security/util/ManifestEntryVerifier 22 sun/security/util/ManifestEntryVerifier methods 0
ciMethodData java/security/MessageDigest update ([BII)V 1 541 orig 80 0 0 0 0 0 0 0 0 0 0 0 0 57 2 0 0 0 0 0 0 0 0 0 0 0 0 0 0 0 0 0 0 0 0 0 0 0 0 0 0 0 0 0 0 0 0 0 0 0 0 0 0 0 0 0 0 0 0 0 0 0 0 0 0 0 0 0 0 0 0 0 0 0 0 0 0 0 0 0 0 data 31 0x10007 0x21d 0x30 0x0 0xa0002 0x0 0x130007 0x21d 0x30 0x0 0x1c0002 0x0 0x240005 0x0 0x0 0x23959e35c30 0x21d 0x0 0x0 0x0 0x0 0x0 0x0 0x0 0x0 0x9 0x4 0x0 0x0 0x0 0x0 oops 1 15 java/security/MessageDigest$Delegate$CloneableDelegate methods 0
ciMethodData java/util/jar/JarVerifier$VerifierStream read ([BII)I 1 533 orig 80 0 0 0 0 0 0 0 0 0 0 0 0 57 2 0 0 0 0 0 0 0 0 0 0 0 0 0 0 0 0 0 0 0 0 0 0 0 0 0 0 0 0 0 0 0 0 0 0 0 0 0 0 0 0 0 0 0 0 0 0 0 0 0 0 0 0 0 0 0 0 0 0 0 0 0 0 0 0 0 0 data 57 0x10005 0x215 0x0 0x0 0x0 0x0 0x0 0xa0007 0x0 0x40 0x215 0x140007 0x215 0x20 0x0 0x230007 0x0 0xe8 0x215 0x2d0005 0x0 0x0 0x2394f8857c0 0x215 0x0 0x0 0x3f0005 0x0 0x0 0x2394fa97858 0x215 0x0 0x0 0x540007 0x127 0x58 0xee 0x630005 0x0 0x0 0x2394fa97858 0xee 0x0 0x0 0x0 0x0 0x0 0x0 0x0 0x0 0x0 0x9 0x4 0x0 0x0 0x0 0x0 oops 3 22 java/util/zip/ZipFile$ZipFileInflaterInputStream 29 java/util/jar/JarVerifier 40 java/util/jar/JarVerifier methods 0
ciMethodData java/util/jar/JarVerifier$VerifierStream ensureOpen ()V 1 533 orig 80 0 0 0 0 0 0 0 0 0 0 0 0 57 2 0 0 0 0 0 0 0 0 0 0 0 0 0 0 0 0 0 0 0 0 0 0 0 0 0 0 0 0 0 0 0 0 0 0 0 0 0 0 0 0 0 0 0 0 0 0 0 0 0 0 0 0 0 0 0 0 0 0 0 0 0 0 0 0 0 0 data 15 0x40007 0x215 0x30 0x0 0xd0002 0x0 0x0 0x0 0x0 0x0 0x0 0x0 0x9 0x1 0x0 oops 0 methods 0
ciMethodData java/util/jar/JarVerifier beginEntry (Ljava/util/jar/JarEntry;Lsun/security/util/ManifestEntryVerifier;)V 1 107 orig 80 0 0 0 0 0 0 0 0 0 0 0 0 57 2 0 0 0 0 0 0 0 0 0 0 0 0 0 0 0 0 0 0 0 0 0 0 0 0 0 0 0 0 0 0 0 0 0 0 0 0 0 0 0 0 0 0 0 0 0 0 0 0 0 0 0 0 0 0 0 0 0 0 0 0 0 0 0 0 0 0 data 255 0x10007 0x6b 0x20 0x0 0x80007 0x6b 0x148 0x0 0x120002 0x0 0x170005 0x0 0x0 0x0 0x0 0x0 0x0 0x1b0005 0x0 0x0 0x0 0x0 0x0 0x0 0x1e0005 0x0 0x0 0x0 0x0 0x0 0x0 0x210005 0x0 0x0 0x0 0x0 0x0 0x0 0x240005 0x0 0x0 0x0 0x0 0x0 0x0 0x280005 0x0 0x0 0x239598a1360 0x6b 0x0 0x0 0x300007 0x6b 0x268 0x0 0x340002 0x0 0x370007 0x0 0x238 0x0 0x3b0005 0x0 0x0 0x0 0x0 0x0 0x0 0x3e0007 0x0 0x58 0x0 0x440005 0x0 0x0 0x0 0x0 0x0 0x0 0x4c0005 0x0 0x0 0x0 0x0 0x0 0x0 0x550005 0x0 0x0 0x0 0x0 0x0 0x0 0x580007 0x0 0x78 0x0 0x5f0005 0x0 0x0 0x0 0x0 0x0 0x0 0x620007 0x0 0x20 0x0 0x680002 0x0 0x6b0007 0x0 0x90 0x0 0x770005 0x0 0x0 0x0 0x0 0x0 0x0 0x7d0005 0x0 0x0 0x0 0x0 0x0 0x0 0x850007 0x6b 0x58 0x0 0x890005 0x0 0x0 0x0 0x0 0x0 0x0 0x8d0005 0x0 0x0 0x239598a1360 0x6b 0x0 0x0 0x900007 0x6b 0x58 0x0 0x960005 0x0 0x0 0x0 0x0 0x0 0x0 0x9d0005 0x6b 0x0 0x0 0x0 0x0 0x0 0xa00007 0x6b 0x58 0x0 0xa50005 0x0 0x0 0x0 0x0 0x0 0x0 0xac0005 0x6b 0x0 0x0 0x0 0x0 0x0 0xaf0007 0x6b 0x58 0x0 0xb40005 0x0 0x0 0x0 0x0 0x0 0x0 0xbb0005 0x6b 0x0 0x0 0x0 0x0 0x0 0xbe0007 0x0 0x108 0x6b 0xc60005 0x0 0x0 0x2394a0a5828 0x6b 0x0 0x0 0xc90007 0x6b 0x78 0x0 0xd10005 0x0 0x0 0x0 0x0 0x0 0x0 0xd40007 0x0 0x58 0x0 0xda0005 0x0 0x0 0x23959322fb0 0x6b 0x0 0x0 0xe10005 0x0 0x0 0x0 0x0 0x0 0x0 0x0 0x0 0x0 0x0 0x0 0x0 0x0 0x0 0x0 0x9 0x3 0x0 0x0 0x0 oops 4 48 java/util/jar/JarFile$JarFileEntry 143 java/util/jar/JarFile$JarFileEntry 208 java/util/Hashtable 230 sun/security/util/ManifestEntryVerifier methods 0
ciMethodData sun/security/util/ManifestEntryVerifier <init> (Ljava/util/jar/Manifest;Ljava/lang/String;)V 1 103 orig 80 0 0 0 0 0 0 0 0 0 0 0 0 57 2 0 0 0 0 0 0 0 0 0 0 0 0 0 0 0 0 0 0 0 0 0 0 0 0 0 0 0 0 0 0 0 0 0 0 0 0 0 0 0 0 0 0 0 0 0 0 0 0 0 0 0 0 0 0 0 0 0 0 0 0 0 0 0 0 0 0 data 19 0x10002 0x67 0x1a0002 0x67 0x250002 0x67 0x300002 0x67 0x0 0x0 0x0 0x0 0x0 0x0 0x9 0x3 0x7e 0x0 0x0 oops 0 methods 0
ciMethodData java/util/jar/JarVerifier$VerifierStream close ()V 1 97 orig 80 0 0 0 0 0 0 0 0 0 0 0 0 57 2 0 0 0 0 0 0 0 0 0 0 0 0 0 0 0 0 0 0 0 0 0 0 0 0 0 0 0 0 0 0 0 0 0 0 0 0 0 0 0 0 0 0 0 0 0 0 0 0 0 0 0 0 0 0 0 0 0 0 0 0 0 0 0 0 0 0 data 20 0x40007 0x0 0x58 0x61 0xb0005 0x0 0x0 0x2394f8857c0 0x61 0x0 0x0 0x0 0x0 0x0 0x0 0x0 0x0 0x9 0x1 0x0 oops 1 7 java/util/zip/ZipFile$ZipFileInflaterInputStream methods 0
ciMethodData java/util/jar/JarVerifier update (ILsun/security/util/ManifestEntryVerifier;)V 1 0 orig 80 0 0 0 0 0 0 0 0 0 0 0 0 57 2 0 0 0 0 0 0 0 0 0 0 0 0 0 0 0 0 0 0 0 0 0 0 0 0 0 0 0 0 0 0 0 0 0 0 0 0 0 0 0 0 0 0 0 0 0 0 0 0 0 0 0 0 0 0 0 0 0 0 0 0 0 0 0 0 0 0 data 46 0x20007 0x0 0xe0 0x0 0x90007 0x0 0x70 0x0 0x110005 0x0 0x0 0x0 0x0 0x0 0x0 0x140003 0x0 0xa0 0x1a0005 0x0 0x0 0x0 0x0 0x0 0x0 0x1d0003 0x0 0x50 0x220005 0x0 0x0 0x0 0x0 0x0 0x0 0x0 0x0 0x0 0x0 0x0 0x0 0x9 0x3 0xffffffffffffffff 0x0 0xffffffffffffffff oops 0 methods 0
compile jdk/internal/loader/Resource getBytes ()[B -1 4 inline 101 0 -1 0 jdk/internal/loader/Resource getBytes ()[B 1 1 0 jdk/internal/loader/Resource cachedInputStream ()Ljava/io/InputStream; 2 9 0 jdk/internal/loader/URLClassPath$JarLoader$2 getInputStream ()Ljava/io/InputStream; 3 11 0 java/util/jar/JarFile getInputStream (Ljava/util/zip/ZipEntry;)Ljava/io/InputStream; 4 4 0 java/util/Objects requireNonNull (Ljava/lang/Object;Ljava/lang/String;)Ljava/lang/Object; 4 9 0 java/util/jar/JarFile maybeInstantiateVerifier ()V 5 20 0 java/util/zip/ZipFile$1 getManifestName (Ljava/util/jar/JarFile;Z)Ljava/lang/String; 4 84 0 java/util/jar/JarVerifier$VerifierStream <init> (Ljava/util/jar/Manifest;Ljava/util/jar/JarEntry;Ljava/io/InputStream;Ljava/util/jar/JarVerifier;)V 5 1 0 java/io/InputStream <init> ()V 6 1 0 java/lang/Object <init> ()V 5 6 0 java/util/Objects requireNonNull (Ljava/lang/Object;)Ljava/lang/Object; 5 32 0 sun/security/util/ManifestEntryVerifier <init> (Ljava/util/jar/Manifest;Ljava/lang/String;)V 6 1 0 java/lang/Object <init> ()V 6 26 0 java/util/HashMap <init> (I)V 7 4 0 java/util/HashMap <init> (IF)V 8 1 0 java/util/AbstractMap <init> ()V 9 1 0 java/lang/Object <init> ()V 8 51 0 java/lang/Float isNaN (F)Z 8 91 0 java/util/HashMap tableSizeFor (I)I 6 37 0 java/util/ArrayList <init> ()V 7 1 0 java/util/AbstractList <init> ()V 8 1 0 java/util/AbstractCollection <init> ()V 9 1 0 java/lang/Object <init> ()V 6 48 0 java/util/ArrayList <init> ()V 7 1 0 java/util/AbstractList <init> ()V 8 1 0 java/util/AbstractCollection <init> ()V 9 1 0 java/lang/Object <init> ()V 5 52 0 java/util/zip/ZipEntry getSize ()J 1 5 0 java/lang/Thread interrupted ()Z 2 3 0 java/lang/Thread getAndClearInterrupt ()Z 1 10 0 jdk/internal/loader/URLClassPath$JarLoader$2 getContentLength ()I 2 4 0 java/util/zip/ZipEntry getSize ()J 1 94 0 java/util/Arrays copyOf ([BI)[B 1 117 0 java/util/zip/InflaterInputStream read ([BII)I 2 1 0 java/util/zip/InflaterInputStream ensureOpen ()V 2 20 0 java/util/Objects checkFromIndexSize (III)I 3 4 0 jdk/internal/util/Preconditions checkFromIndexSize (IIILjava/util/function/BiFunction;)I 2 34 0 java/util/zip/Inflater finished ()Z 2 44 0 java/util/zip/Inflater needsDictionary ()Z 2 61 0 java/util/zip/Inflater needsInput ()Z 3 36 0 java/nio/Buffer hasRemaining ()Z 2 71 0 java/util/zip/Inflater hasPendingOutput ()Z 2 78 0 java/util/zip/ZipFile$ZipFileInflaterInputStream fill ()V 3 32 0 java/util/zip/ZipFile$ZipFileInputStream read ([BII)I 4 12 0 java/util/zip/ZipFile ensureOpenOrZipException ()V 4 16 0 java/util/zip/ZipFile$ZipFileInputStream initDataOffset ()J 5 41 0 java/util/zip/ZipFile$Source readFullyAt ([BIIJ)I 6 14 0 java/io/RandomAccessFile seek (J)V 7 16 0 jdk/internal/misc/Blocker begin ()J 8 0 0 jdk/internal/misc/VM isBooted ()Z 8 6 0 jdk/internal/misc/Blocker currentCarrierThread ()Ljava/lang/Thread; 9 3 0 java/lang/System$2 currentCarrierThread ()Ljava/lang/Thread; 7 26 0 jdk/internal/misc/Blocker end (J)V 6 43 0 java/io/RandomAccessFile readFully ([BII)V 7 13 0 java/io/RandomAccessFile read ([BII)I 8 4 0 java/io/RandomAccessFile readBytes ([BII)I 9 0 0 jdk/internal/misc/Blocker begin ()J 10 0 0 jdk/internal/misc/VM isBooted ()Z 10 6 0 jdk/internal/misc/Blocker currentCarrierThread ()Ljava/lang/Thread; 11 3 0 java/lang/System$2 currentCarrierThread ()Ljava/lang/Thread; 9 16 0 jdk/internal/misc/Blocker end (J)V 5 62 0 java/util/zip/ZipUtils LOCSIG ([B)J 6 2 0 java/util/zip/ZipUtils LG ([BI)J 7 2 0 java/util/zip/ZipUtils SH ([BI)I 7 9 0 java/util/zip/ZipUtils SH ([BI)I 5 90 0 java/util/zip/ZipUtils LOCNAM ([B)I 6 3 0 java/util/zip/ZipUtils SH ([BI)I 5 95 0 java/util/zip/ZipUtils LOCEXT ([B)I 6 3 0 java/util/zip/ZipUtils SH ([BI)I 4 76 0 java/util/zip/ZipFile$Source readAt ([BIIJ)I 5 14 0 java/io/RandomAccessFile seek (J)V 6 16 0 jdk/internal/misc/Blocker begin ()J 7 0 0 jdk/internal/misc/VM isBooted ()Z 7 6 0 jdk/internal/misc/Blocker currentCarrierThread ()Ljava/lang/Thread; 8 3 0 java/lang/System$2 currentCarrierThread ()Ljava/lang/Thread; 6 26 0 jdk/internal/misc/Blocker end (J)V 5 24 0 java/io/RandomAccessFile read ([BII)I 6 4 0 java/io/RandomAccessFile readBytes ([BII)I 7 0 0 jdk/internal/misc/Blocker begin ()J 8 0 0 jdk/internal/misc/VM isBooted ()Z 8 6 0 jdk/internal/misc/Blocker currentCarrierThread ()Ljava/lang/Thread; 9 3 0 java/lang/System$2 currentCarrierThread ()Ljava/lang/Thread; 7 16 0 jdk/internal/misc/Blocker end (J)V 4 130 0 java/util/zip/ZipFile$ZipFileInputStream close ()V 5 42 0 java/util/Collections$SetFromMap remove (Ljava/lang/Object;)Z 6 5 0 java/util/WeakHashMap remove (Ljava/lang/Object;)Ljava/lang/Object; 7 1 0 java/util/WeakHashMap maskNull (Ljava/lang/Object;)Ljava/lang/Object; 7 7 0 java/util/WeakHashMap hash (Ljava/lang/Object;)I 7 12 0 java/util/WeakHashMap getTable ()[Ljava/util/WeakHashMap$Entry; 8 1 0 java/util/WeakHashMap expungeStaleEntries ()V 9 4 0 java/lang/ref/ReferenceQueue poll ()Ljava/lang/ref/Reference; 10 1 0 java/lang/ref/ReferenceQueue headIsNull ()Z 7 21 0 java/util/WeakHashMap indexFor (II)I 7 62 0 java/util/WeakHashMap matchesKey (Ljava/util/WeakHashMap$Entry;Ljava/lang/Object;)Z 8 2 0 java/lang/ref/Reference refersTo (Ljava/lang/Object;)Z 9 2 0 java/lang/ref/Reference refersToImpl (Ljava/lang/Object;)Z 6 5 0 java/util/IdentityHashMap remove (Ljava/lang/Object;)Ljava/lang/Object; 3 76 0 java/util/zip/Inflater setInput ([BII)V 4 7 0 jdk/internal/util/Preconditions checkFromIndexSize (IIILjava/util/function/BiFunction;)I 1 117 0 java/util/jar/JarVerifier$VerifierStream read ([BII)I 1 183 0 java/util/jar/JarVerifier$VerifierStream close ()V
